{
  "classes": [
    {
      "name": "Adaptor2d_HCurve2d", 
      "abstract": true, 
      "constructors": [], 
      "artificial": "1", 
      "bases": [
        {
          "access": "public", 
          "name": "MMgt_TShared"
        }
      ], 
      "location": [
        "/usr/local/include/oce/Adaptor2d_HCurve2d.hxx", 
        83
      ], 
      "members": [
        {
          "returnType": "Adaptor2d_Curve2d const &", 
          "arguments": [], 
          "name": "Curve2d", 
          "parent": "Adaptor2d_HCurve2d", 
          "cls": "memfun", 
          "extern": "1", 
          "const": "1", 
          "throws": true, 
          "virtuality": "pure virtual"
        }, 
        {
          "returnType": "Standard_Real", 
          "arguments": [], 
          "name": "FirstParameter", 
          "parent": "Adaptor2d_HCurve2d", 
          "cls": "memfun", 
          "const": "1", 
          "throws": true
        }, 
        {
          "returnType": "Standard_Real", 
          "arguments": [], 
          "name": "LastParameter", 
          "parent": "Adaptor2d_HCurve2d", 
          "cls": "memfun", 
          "const": "1", 
          "throws": true
        }, 
        {
          "returnType": "GeomAbs_Shape", 
          "arguments": [], 
          "name": "Continuity", 
          "parent": "Adaptor2d_HCurve2d", 
          "cls": "memfun", 
          "const": "1", 
          "throws": true
        }, 
        {
          "returnType": "Standard_Integer", 
          "arguments": [
            {
              "decl": "const GeomAbs_Shape", 
              "type": "GeomAbs_Shape", 
              "name": "S"
            }
          ], 
          "name": "NbIntervals", 
          "parent": "Adaptor2d_HCurve2d", 
          "cls": "memfun", 
          "const": "1", 
          "throws": true
        }, 
        {
          "returnType": "void", 
          "arguments": [
            {
              "decl": "TColStd_Array1OfReal &", 
              "type": "TColStd_Array1OfReal", 
              "name": "T"
            }, 
            {
              "decl": "const GeomAbs_Shape", 
              "type": "GeomAbs_Shape", 
              "name": "S"
            }
          ], 
          "name": "Intervals", 
          "parent": "Adaptor2d_HCurve2d", 
          "cls": "memfun", 
          "const": "1", 
          "throws": true
        }, 
        {
          "returnType": "Handle_Adaptor2d_HCurve2d", 
          "arguments": [
            {
              "decl": "const Standard_Real", 
              "type": "Standard_Real", 
              "name": "First"
            }, 
            {
              "decl": "const Standard_Real", 
              "type": "Standard_Real", 
              "name": "Last"
            }, 
            {
              "decl": "const Standard_Real", 
              "type": "Standard_Real", 
              "name": "Tol"
            }
          ], 
          "name": "Trim", 
          "parent": "Adaptor2d_HCurve2d", 
          "cls": "memfun", 
          "const": "1", 
          "throws": true
        }, 
        {
          "returnType": "Standard_Boolean", 
          "arguments": [], 
          "name": "IsClosed", 
          "parent": "Adaptor2d_HCurve2d", 
          "cls": "memfun", 
          "const": "1", 
          "throws": true
        }, 
        {
          "returnType": "Standard_Boolean", 
          "arguments": [], 
          "name": "IsPeriodic", 
          "parent": "Adaptor2d_HCurve2d", 
          "cls": "memfun", 
          "const": "1", 
          "throws": true
        }, 
        {
          "returnType": "Standard_Real", 
          "arguments": [], 
          "name": "Period", 
          "parent": "Adaptor2d_HCurve2d", 
          "cls": "memfun", 
          "const": "1", 
          "throws": true
        }, 
        {
          "returnType": "gp_Pnt2d", 
          "arguments": [
            {
              "decl": "const Standard_Real", 
              "type": "Standard_Real", 
              "name": "U"
            }
          ], 
          "name": "Value", 
          "parent": "Adaptor2d_HCurve2d", 
          "cls": "memfun", 
          "const": "1", 
          "throws": true
        }, 
        {
          "returnType": "void", 
          "arguments": [
            {
              "decl": "const Standard_Real", 
              "type": "Standard_Real", 
              "name": "U"
            }, 
            {
              "decl": "gp_Pnt2d &", 
              "type": "gp_Pnt2d", 
              "name": "P"
            }
          ], 
          "name": "D0", 
          "parent": "Adaptor2d_HCurve2d", 
          "cls": "memfun", 
          "const": "1", 
          "throws": true
        }, 
        {
          "returnType": "void", 
          "arguments": [
            {
              "decl": "const Standard_Real", 
              "type": "Standard_Real", 
              "name": "U"
            }, 
            {
              "decl": "gp_Pnt2d &", 
              "type": "gp_Pnt2d", 
              "name": "P"
            }, 
            {
              "decl": "gp_Vec2d &", 
              "type": "gp_Vec2d", 
              "name": "V"
            }
          ], 
          "name": "D1", 
          "parent": "Adaptor2d_HCurve2d", 
          "cls": "memfun", 
          "const": "1", 
          "throws": true
        }, 
        {
          "returnType": "void", 
          "arguments": [
            {
              "decl": "const Standard_Real", 
              "type": "Standard_Real", 
              "name": "U"
            }, 
            {
              "decl": "gp_Pnt2d &", 
              "type": "gp_Pnt2d", 
              "name": "P"
            }, 
            {
              "decl": "gp_Vec2d &", 
              "type": "gp_Vec2d", 
              "name": "V1"
            }, 
            {
              "decl": "gp_Vec2d &", 
              "type": "gp_Vec2d", 
              "name": "V2"
            }
          ], 
          "name": "D2", 
          "parent": "Adaptor2d_HCurve2d", 
          "cls": "memfun", 
          "const": "1", 
          "throws": true
        }, 
        {
          "returnType": "void", 
          "arguments": [
            {
              "decl": "const Standard_Real", 
              "type": "Standard_Real", 
              "name": "U"
            }, 
            {
              "decl": "gp_Pnt2d &", 
              "type": "gp_Pnt2d", 
              "name": "P"
            }, 
            {
              "decl": "gp_Vec2d &", 
              "type": "gp_Vec2d", 
              "name": "V1"
            }, 
            {
              "decl": "gp_Vec2d &", 
              "type": "gp_Vec2d", 
              "name": "V2"
            }, 
            {
              "decl": "gp_Vec2d &", 
              "type": "gp_Vec2d", 
              "name": "V3"
            }
          ], 
          "name": "D3", 
          "parent": "Adaptor2d_HCurve2d", 
          "cls": "memfun", 
          "const": "1", 
          "throws": true
        }, 
        {
          "returnType": "gp_Vec2d", 
          "arguments": [
            {
              "decl": "const Standard_Real", 
              "type": "Standard_Real", 
              "name": "U"
            }, 
            {
              "decl": "const Standard_Integer", 
              "type": "Standard_Integer", 
              "name": "N"
            }
          ], 
          "name": "DN", 
          "parent": "Adaptor2d_HCurve2d", 
          "cls": "memfun", 
          "const": "1", 
          "throws": true
        }, 
        {
          "returnType": "Standard_Real", 
          "arguments": [
            {
              "decl": "const Standard_Real", 
              "type": "Standard_Real", 
              "name": "R3d"
            }
          ], 
          "name": "Resolution", 
          "parent": "Adaptor2d_HCurve2d", 
          "cls": "memfun", 
          "const": "1", 
          "throws": true
        }, 
        {
          "returnType": "GeomAbs_CurveType", 
          "arguments": [], 
          "name": "GetType", 
          "parent": "Adaptor2d_HCurve2d", 
          "cls": "memfun", 
          "const": "1", 
          "throws": true
        }, 
        {
          "returnType": "gp_Lin2d", 
          "arguments": [], 
          "name": "Line", 
          "parent": "Adaptor2d_HCurve2d", 
          "cls": "memfun", 
          "const": "1", 
          "throws": true
        }, 
        {
          "returnType": "gp_Circ2d", 
          "arguments": [], 
          "name": "Circle", 
          "parent": "Adaptor2d_HCurve2d", 
          "cls": "memfun", 
          "const": "1", 
          "throws": true
        }, 
        {
          "returnType": "gp_Elips2d", 
          "arguments": [], 
          "name": "Ellipse", 
          "parent": "Adaptor2d_HCurve2d", 
          "cls": "memfun", 
          "const": "1", 
          "throws": true
        }, 
        {
          "returnType": "gp_Hypr2d", 
          "arguments": [], 
          "name": "Hyperbola", 
          "parent": "Adaptor2d_HCurve2d", 
          "cls": "memfun", 
          "const": "1", 
          "throws": true
        }, 
        {
          "returnType": "gp_Parab2d", 
          "arguments": [], 
          "name": "Parabola", 
          "parent": "Adaptor2d_HCurve2d", 
          "cls": "memfun", 
          "const": "1", 
          "throws": true
        }, 
        {
          "returnType": "Standard_Integer", 
          "arguments": [], 
          "name": "Degree", 
          "parent": "Adaptor2d_HCurve2d", 
          "cls": "memfun", 
          "const": "1", 
          "throws": true
        }, 
        {
          "returnType": "Standard_Boolean", 
          "arguments": [], 
          "name": "IsRational", 
          "parent": "Adaptor2d_HCurve2d", 
          "cls": "memfun", 
          "const": "1", 
          "throws": true
        }, 
        {
          "returnType": "Standard_Integer", 
          "arguments": [], 
          "name": "NbPoles", 
          "parent": "Adaptor2d_HCurve2d", 
          "cls": "memfun", 
          "const": "1", 
          "throws": true
        }, 
        {
          "returnType": "Standard_Integer", 
          "arguments": [], 
          "name": "NbKnots", 
          "parent": "Adaptor2d_HCurve2d", 
          "cls": "memfun", 
          "const": "1", 
          "throws": true
        }, 
        {
          "returnType": "Handle_Geom2d_BezierCurve", 
          "arguments": [], 
          "name": "Bezier", 
          "parent": "Adaptor2d_HCurve2d", 
          "cls": "memfun", 
          "const": "1", 
          "throws": true
        }, 
        {
          "returnType": "Handle_Geom2d_BSplineCurve", 
          "arguments": [], 
          "name": "BSpline", 
          "parent": "Adaptor2d_HCurve2d", 
          "cls": "memfun", 
          "const": "1", 
          "throws": true, 
          "virtuality": "virtual"
        }, 
        {
          "returnType": "Handle_Standard_Type const &", 
          "arguments": [], 
          "name": "DynamicType", 
          "parent": "Adaptor2d_HCurve2d", 
          "cls": "memfun", 
          "extern": "1", 
          "const": "1", 
          "throws": true, 
          "virtuality": "virtual"
        }
      ], 
      "cls": "class"
    }, 
    {
      "name": "Handle_Adaptor2d_HCurve2d", 
      "abstract": false, 
      "constructors": [
        {
          "returnType": "", 
          "arguments": [], 
          "name": "Handle_Adaptor2d_HCurve2d", 
          "parent": "Handle_Adaptor2d_HCurve2d", 
          "cls": "constructor", 
          "throws": true
        }, 
        {
          "returnType": "", 
          "arguments": [
            {
              "decl": "const Handle_Adaptor2d_HCurve2d &", 
              "type": "Handle_Adaptor2d_HCurve2d", 
              "name": "aHandle"
            }
          ], 
          "name": "Handle_Adaptor2d_HCurve2d", 
          "parent": "Handle_Adaptor2d_HCurve2d", 
          "cls": "constructor", 
          "throws": true, 
          "copyConstructor": true
        }, 
        {
          "returnType": "", 
          "arguments": [
            {
              "decl": "const Adaptor2d_HCurve2d *", 
              "type": "Adaptor2d_HCurve2d", 
              "name": "anItem"
            }
          ], 
          "name": "Handle_Adaptor2d_HCurve2d", 
          "parent": "Handle_Adaptor2d_HCurve2d", 
          "cls": "constructor", 
          "throws": true
        }
      ], 
      "artificial": "1", 
      "bases": [
        {
          "access": "public", 
          "name": "Handle_MMgt_TShared"
        }
      ], 
      "location": [
        "/usr/local/include/oce/Handle_Adaptor2d_HCurve2d.hxx", 
        25
      ], 
      "members": [
        {
          "returnType": "Handle_Adaptor2d_HCurve2d", 
          "arguments": [
            {
              "decl": "const Handle_Standard_Transient &", 
              "type": "Handle_Standard_Transient", 
              "name": "AnObject"
            }
          ], 
          "name": "DownCast", 
          "parent": "Handle_Adaptor2d_HCurve2d", 
          "cls": "memfun", 
          "static": "1", 
          "extern": "1", 
          "throws": true
        }
      ], 
      "cls": "class"
    }, 
    {
      "name": "Adaptor2d_Line2d", 
      "abstract": false, 
      "constructors": [
        {
          "returnType": "", 
          "arguments": [
            {
              "decl": "const Adaptor2d_Line2d &", 
              "type": "Adaptor2d_Line2d", 
              "name": "arg0"
            }
          ], 
          "name": "Adaptor2d_Line2d", 
          "parent": "Adaptor2d_Line2d", 
          "cls": "constructor", 
          "artificial": "1", 
          "copyConstructor": true
        }, 
        {
          "returnType": "", 
          "arguments": [], 
          "name": "Adaptor2d_Line2d", 
          "parent": "Adaptor2d_Line2d", 
          "cls": "constructor", 
          "extern": "1", 
          "throws": true
        }, 
        {
          "returnType": "", 
          "arguments": [
            {
              "decl": "const gp_Pnt2d &", 
              "type": "gp_Pnt2d", 
              "name": "P"
            }, 
            {
              "decl": "const gp_Dir2d &", 
              "type": "gp_Dir2d", 
              "name": "D"
            }, 
            {
              "decl": "const Standard_Real", 
              "type": "Standard_Real", 
              "name": "UFirst"
            }, 
            {
              "decl": "const Standard_Real", 
              "type": "Standard_Real", 
              "name": "ULast"
            }
          ], 
          "name": "Adaptor2d_Line2d", 
          "parent": "Adaptor2d_Line2d", 
          "cls": "constructor", 
          "extern": "1", 
          "throws": true
        }
      ], 
      "artificial": "1", 
      "bases": [
        {
          "access": "public", 
          "name": "Adaptor2d_Curve2d"
        }
      ], 
      "location": [
        "/usr/local/include/oce/Adaptor2d_Line2d.hxx", 
        67
      ], 
      "members": [
        {
          "returnType": "void", 
          "arguments": [
            {
              "decl": "const gp_Lin2d &", 
              "type": "gp_Lin2d", 
              "name": "L"
            }
          ], 
          "name": "Load", 
          "parent": "Adaptor2d_Line2d", 
          "cls": "memfun", 
          "extern": "1", 
          "throws": true
        }, 
        {
          "returnType": "void", 
          "arguments": [
            {
              "decl": "const gp_Lin2d &", 
              "type": "gp_Lin2d", 
              "name": "L"
            }, 
            {
              "decl": "const Standard_Real", 
              "type": "Standard_Real", 
              "name": "UFirst"
            }, 
            {
              "decl": "const Standard_Real", 
              "type": "Standard_Real", 
              "name": "ULast"
            }
          ], 
          "name": "Load", 
          "parent": "Adaptor2d_Line2d", 
          "cls": "memfun", 
          "extern": "1", 
          "throws": true
        }, 
        {
          "returnType": "Standard_Real", 
          "arguments": [], 
          "name": "FirstParameter", 
          "parent": "Adaptor2d_Line2d", 
          "cls": "memfun", 
          "extern": "1", 
          "const": "1", 
          "throws": true, 
          "virtuality": "virtual"
        }, 
        {
          "returnType": "Standard_Real", 
          "arguments": [], 
          "name": "LastParameter", 
          "parent": "Adaptor2d_Line2d", 
          "cls": "memfun", 
          "extern": "1", 
          "const": "1", 
          "throws": true, 
          "virtuality": "virtual"
        }, 
        {
          "returnType": "GeomAbs_Shape", 
          "arguments": [], 
          "name": "Continuity", 
          "parent": "Adaptor2d_Line2d", 
          "cls": "memfun", 
          "extern": "1", 
          "const": "1", 
          "throws": true, 
          "virtuality": "virtual"
        }, 
        {
          "returnType": "Standard_Integer", 
          "arguments": [
            {
              "decl": "const GeomAbs_Shape", 
              "type": "GeomAbs_Shape", 
              "name": "S"
            }
          ], 
          "name": "NbIntervals", 
          "parent": "Adaptor2d_Line2d", 
          "cls": "memfun", 
          "extern": "1", 
          "const": "1", 
          "throws": true, 
          "virtuality": "virtual"
        }, 
        {
          "returnType": "void", 
          "arguments": [
            {
              "decl": "TColStd_Array1OfReal &", 
              "type": "TColStd_Array1OfReal", 
              "name": "T"
            }, 
            {
              "decl": "const GeomAbs_Shape", 
              "type": "GeomAbs_Shape", 
              "name": "S"
            }
          ], 
          "name": "Intervals", 
          "parent": "Adaptor2d_Line2d", 
          "cls": "memfun", 
          "extern": "1", 
          "const": "1", 
          "throws": true, 
          "virtuality": "virtual"
        }, 
        {
          "returnType": "Handle_Adaptor2d_HCurve2d", 
          "arguments": [
            {
              "decl": "const Standard_Real", 
              "type": "Standard_Real", 
              "name": "First"
            }, 
            {
              "decl": "const Standard_Real", 
              "type": "Standard_Real", 
              "name": "Last"
            }, 
            {
              "decl": "const Standard_Real", 
              "type": "Standard_Real", 
              "name": "Tol"
            }
          ], 
          "name": "Trim", 
          "parent": "Adaptor2d_Line2d", 
          "cls": "memfun", 
          "extern": "1", 
          "const": "1", 
          "throws": true, 
          "virtuality": "virtual"
        }, 
        {
          "returnType": "Standard_Boolean", 
          "arguments": [], 
          "name": "IsClosed", 
          "parent": "Adaptor2d_Line2d", 
          "cls": "memfun", 
          "extern": "1", 
          "const": "1", 
          "throws": true, 
          "virtuality": "virtual"
        }, 
        {
          "returnType": "Standard_Boolean", 
          "arguments": [], 
          "name": "IsPeriodic", 
          "parent": "Adaptor2d_Line2d", 
          "cls": "memfun", 
          "extern": "1", 
          "const": "1", 
          "throws": true, 
          "virtuality": "virtual"
        }, 
        {
          "returnType": "Standard_Real", 
          "arguments": [], 
          "name": "Period", 
          "parent": "Adaptor2d_Line2d", 
          "cls": "memfun", 
          "extern": "1", 
          "const": "1", 
          "throws": true, 
          "virtuality": "virtual"
        }, 
        {
          "returnType": "gp_Pnt2d", 
          "arguments": [
            {
              "decl": "const Standard_Real", 
              "type": "Standard_Real", 
              "name": "X"
            }
          ], 
          "name": "Value", 
          "parent": "Adaptor2d_Line2d", 
          "cls": "memfun", 
          "extern": "1", 
          "const": "1", 
          "throws": true, 
          "virtuality": "virtual"
        }, 
        {
          "returnType": "void", 
          "arguments": [
            {
              "decl": "const Standard_Real", 
              "type": "Standard_Real", 
              "name": "X"
            }, 
            {
              "decl": "gp_Pnt2d &", 
              "type": "gp_Pnt2d", 
              "name": "P"
            }
          ], 
          "name": "D0", 
          "parent": "Adaptor2d_Line2d", 
          "cls": "memfun", 
          "extern": "1", 
          "const": "1", 
          "throws": true, 
          "virtuality": "virtual"
        }, 
        {
          "returnType": "void", 
          "arguments": [
            {
              "decl": "const Standard_Real", 
              "type": "Standard_Real", 
              "name": "X"
            }, 
            {
              "decl": "gp_Pnt2d &", 
              "type": "gp_Pnt2d", 
              "name": "P"
            }, 
            {
              "decl": "gp_Vec2d &", 
              "type": "gp_Vec2d", 
              "name": "V"
            }
          ], 
          "name": "D1", 
          "parent": "Adaptor2d_Line2d", 
          "cls": "memfun", 
          "extern": "1", 
          "const": "1", 
          "throws": true, 
          "virtuality": "virtual"
        }, 
        {
          "returnType": "void", 
          "arguments": [
            {
              "decl": "const Standard_Real", 
              "type": "Standard_Real", 
              "name": "X"
            }, 
            {
              "decl": "gp_Pnt2d &", 
              "type": "gp_Pnt2d", 
              "name": "P"
            }, 
            {
              "decl": "gp_Vec2d &", 
              "type": "gp_Vec2d", 
              "name": "V1"
            }, 
            {
              "decl": "gp_Vec2d &", 
              "type": "gp_Vec2d", 
              "name": "V2"
            }
          ], 
          "name": "D2", 
          "parent": "Adaptor2d_Line2d", 
          "cls": "memfun", 
          "extern": "1", 
          "const": "1", 
          "throws": true, 
          "virtuality": "virtual"
        }, 
        {
          "returnType": "void", 
          "arguments": [
            {
              "decl": "const Standard_Real", 
              "type": "Standard_Real", 
              "name": "X"
            }, 
            {
              "decl": "gp_Pnt2d &", 
              "type": "gp_Pnt2d", 
              "name": "P"
            }, 
            {
              "decl": "gp_Vec2d &", 
              "type": "gp_Vec2d", 
              "name": "V1"
            }, 
            {
              "decl": "gp_Vec2d &", 
              "type": "gp_Vec2d", 
              "name": "V2"
            }, 
            {
              "decl": "gp_Vec2d &", 
              "type": "gp_Vec2d", 
              "name": "V3"
            }
          ], 
          "name": "D3", 
          "parent": "Adaptor2d_Line2d", 
          "cls": "memfun", 
          "extern": "1", 
          "const": "1", 
          "throws": true, 
          "virtuality": "virtual"
        }, 
        {
          "returnType": "gp_Vec2d", 
          "arguments": [
            {
              "decl": "const Standard_Real", 
              "type": "Standard_Real", 
              "name": "U"
            }, 
            {
              "decl": "const Standard_Integer", 
              "type": "Standard_Integer", 
              "name": "N"
            }
          ], 
          "name": "DN", 
          "parent": "Adaptor2d_Line2d", 
          "cls": "memfun", 
          "extern": "1", 
          "const": "1", 
          "throws": true, 
          "virtuality": "virtual"
        }, 
        {
          "returnType": "Standard_Real", 
          "arguments": [
            {
              "decl": "const Standard_Real", 
              "type": "Standard_Real", 
              "name": "R3d"
            }
          ], 
          "name": "Resolution", 
          "parent": "Adaptor2d_Line2d", 
          "cls": "memfun", 
          "extern": "1", 
          "const": "1", 
          "throws": true, 
          "virtuality": "virtual"
        }, 
        {
          "returnType": "GeomAbs_CurveType", 
          "arguments": [], 
          "name": "GetType", 
          "parent": "Adaptor2d_Line2d", 
          "cls": "memfun", 
          "extern": "1", 
          "const": "1", 
          "throws": true, 
          "virtuality": "virtual"
        }, 
        {
          "returnType": "gp_Lin2d", 
          "arguments": [], 
          "name": "Line", 
          "parent": "Adaptor2d_Line2d", 
          "cls": "memfun", 
          "extern": "1", 
          "const": "1", 
          "throws": true, 
          "virtuality": "virtual"
        }, 
        {
          "returnType": "gp_Circ2d", 
          "arguments": [], 
          "name": "Circle", 
          "parent": "Adaptor2d_Line2d", 
          "cls": "memfun", 
          "extern": "1", 
          "const": "1", 
          "throws": true, 
          "virtuality": "virtual"
        }, 
        {
          "returnType": "gp_Elips2d", 
          "arguments": [], 
          "name": "Ellipse", 
          "parent": "Adaptor2d_Line2d", 
          "cls": "memfun", 
          "extern": "1", 
          "const": "1", 
          "throws": true, 
          "virtuality": "virtual"
        }, 
        {
          "returnType": "gp_Hypr2d", 
          "arguments": [], 
          "name": "Hyperbola", 
          "parent": "Adaptor2d_Line2d", 
          "cls": "memfun", 
          "extern": "1", 
          "const": "1", 
          "throws": true, 
          "virtuality": "virtual"
        }, 
        {
          "returnType": "gp_Parab2d", 
          "arguments": [], 
          "name": "Parabola", 
          "parent": "Adaptor2d_Line2d", 
          "cls": "memfun", 
          "extern": "1", 
          "const": "1", 
          "throws": true, 
          "virtuality": "virtual"
        }, 
        {
          "returnType": "Standard_Integer", 
          "arguments": [], 
          "name": "Degree", 
          "parent": "Adaptor2d_Line2d", 
          "cls": "memfun", 
          "extern": "1", 
          "const": "1", 
          "throws": true, 
          "virtuality": "virtual"
        }, 
        {
          "returnType": "Standard_Boolean", 
          "arguments": [], 
          "name": "IsRational", 
          "parent": "Adaptor2d_Line2d", 
          "cls": "memfun", 
          "extern": "1", 
          "const": "1", 
          "throws": true, 
          "virtuality": "virtual"
        }, 
        {
          "returnType": "Standard_Integer", 
          "arguments": [], 
          "name": "NbPoles", 
          "parent": "Adaptor2d_Line2d", 
          "cls": "memfun", 
          "extern": "1", 
          "const": "1", 
          "throws": true, 
          "virtuality": "virtual"
        }, 
        {
          "returnType": "Standard_Integer", 
          "arguments": [], 
          "name": "NbKnots", 
          "parent": "Adaptor2d_Line2d", 
          "cls": "memfun", 
          "extern": "1", 
          "const": "1", 
          "throws": true, 
          "virtuality": "virtual"
        }, 
        {
          "returnType": "Handle_Geom2d_BezierCurve", 
          "arguments": [], 
          "name": "Bezier", 
          "parent": "Adaptor2d_Line2d", 
          "cls": "memfun", 
          "extern": "1", 
          "const": "1", 
          "throws": true, 
          "virtuality": "virtual"
        }, 
        {
          "returnType": "Handle_Geom2d_BSplineCurve", 
          "arguments": [], 
          "name": "BSpline", 
          "parent": "Adaptor2d_Line2d", 
          "cls": "memfun", 
          "extern": "1", 
          "const": "1", 
          "throws": true, 
          "virtuality": "virtual"
        }
      ], 
      "cls": "class"
    }, 
    {
      "name": "Adaptor2d_HLine2d", 
      "abstract": false, 
      "constructors": [
        {
          "returnType": "", 
          "arguments": [
            {
              "decl": "const Adaptor2d_HLine2d &", 
              "type": "Adaptor2d_HLine2d", 
              "name": "arg0"
            }
          ], 
          "name": "Adaptor2d_HLine2d", 
          "parent": "Adaptor2d_HLine2d", 
          "cls": "constructor", 
          "artificial": "1", 
          "throws": true, 
          "copyConstructor": true
        }, 
        {
          "returnType": "", 
          "arguments": [], 
          "name": "Adaptor2d_HLine2d", 
          "parent": "Adaptor2d_HLine2d", 
          "cls": "constructor", 
          "extern": "1", 
          "throws": true
        }, 
        {
          "returnType": "", 
          "arguments": [
            {
              "decl": "const Adaptor2d_Line2d &", 
              "type": "Adaptor2d_Line2d", 
              "name": "C"
            }
          ], 
          "name": "Adaptor2d_HLine2d", 
          "parent": "Adaptor2d_HLine2d", 
          "cls": "constructor", 
          "extern": "1", 
          "throws": true
        }
      ], 
      "artificial": "1", 
      "bases": [
        {
          "access": "public", 
          "name": "Adaptor2d_HCurve2d"
        }
      ], 
      "location": [
        "/usr/local/include/oce/Adaptor2d_HLine2d.hxx", 
        33
      ], 
      "members": [
        {
          "returnType": "void", 
          "arguments": [
            {
              "decl": "const Adaptor2d_Line2d &", 
              "type": "Adaptor2d_Line2d", 
              "name": "C"
            }
          ], 
          "name": "Set", 
          "parent": "Adaptor2d_HLine2d", 
          "cls": "memfun", 
          "extern": "1", 
          "throws": true
        }, 
        {
          "returnType": "Adaptor2d_Curve2d const &", 
          "arguments": [], 
          "name": "Curve2d", 
          "parent": "Adaptor2d_HLine2d", 
          "cls": "memfun", 
          "extern": "1", 
          "const": "1", 
          "throws": true, 
          "virtuality": "virtual"
        }, 
        {
          "returnType": "Adaptor2d_Line2d &", 
          "arguments": [], 
          "name": "ChangeCurve2d", 
          "parent": "Adaptor2d_HLine2d", 
          "cls": "memfun", 
          "throws": true
        }, 
        {
          "returnType": "Handle_Standard_Type const &", 
          "arguments": [], 
          "name": "DynamicType", 
          "parent": "Adaptor2d_HLine2d", 
          "cls": "memfun", 
          "extern": "1", 
          "const": "1", 
          "throws": true, 
          "virtuality": "virtual"
        }
      ], 
      "cls": "class"
    }, 
    {
      "name": "Handle_Adaptor2d_HLine2d", 
      "abstract": false, 
      "constructors": [
        {
          "returnType": "", 
          "arguments": [], 
          "name": "Handle_Adaptor2d_HLine2d", 
          "parent": "Handle_Adaptor2d_HLine2d", 
          "cls": "constructor", 
          "throws": true
        }, 
        {
          "returnType": "", 
          "arguments": [
            {
              "decl": "const Handle_Adaptor2d_HLine2d &", 
              "type": "Handle_Adaptor2d_HLine2d", 
              "name": "aHandle"
            }
          ], 
          "name": "Handle_Adaptor2d_HLine2d", 
          "parent": "Handle_Adaptor2d_HLine2d", 
          "cls": "constructor", 
          "throws": true, 
          "copyConstructor": true
        }, 
        {
          "returnType": "", 
          "arguments": [
            {
              "decl": "const Adaptor2d_HLine2d *", 
              "type": "Adaptor2d_HLine2d", 
              "name": "anItem"
            }
          ], 
          "name": "Handle_Adaptor2d_HLine2d", 
          "parent": "Handle_Adaptor2d_HLine2d", 
          "cls": "constructor", 
          "throws": true
        }
      ], 
      "artificial": "1", 
      "bases": [
        {
          "access": "public", 
          "name": "Handle_Adaptor2d_HCurve2d"
        }
      ], 
      "location": [
        "/usr/local/include/oce/Handle_Adaptor2d_HLine2d.hxx", 
        25
      ], 
      "members": [
        {
          "returnType": "Handle_Adaptor2d_HLine2d", 
          "arguments": [
            {
              "decl": "const Handle_Standard_Transient &", 
              "type": "Handle_Standard_Transient", 
              "name": "AnObject"
            }
          ], 
          "name": "DownCast", 
          "parent": "Handle_Adaptor2d_HLine2d", 
          "cls": "memfun", 
          "static": "1", 
          "extern": "1", 
          "throws": true
        }
      ], 
      "cls": "class"
    }, 
    {
      "name": "Adaptor2d_Curve2d", 
      "abstract": false, 
      "constructors": [
        {
          "returnType": "", 
          "arguments": [
            {
              "decl": "const Adaptor2d_Curve2d &", 
              "type": "Adaptor2d_Curve2d", 
              "name": "arg0"
            }
          ], 
          "name": "Adaptor2d_Curve2d", 
          "parent": "Adaptor2d_Curve2d", 
          "cls": "constructor", 
          "artificial": "1", 
          "copyConstructor": true
        }, 
        {
          "returnType": "", 
          "arguments": [], 
          "name": "Adaptor2d_Curve2d", 
          "parent": "Adaptor2d_Curve2d", 
          "cls": "constructor", 
          "artificial": "1"
        }
      ], 
      "artificial": "1", 
      "bases": [], 
      "location": [
        "/usr/local/include/oce/Adaptor2d_Curve2d.hxx", 
        66
      ], 
      "members": [
        {
          "returnType": "void", 
          "arguments": [], 
          "name": "Delete", 
          "parent": "Adaptor2d_Curve2d", 
          "cls": "memfun", 
          "extern": "1", 
          "throws": true, 
          "virtuality": "virtual"
        }, 
        {
          "returnType": "Standard_Real", 
          "arguments": [], 
          "name": "FirstParameter", 
          "parent": "Adaptor2d_Curve2d", 
          "cls": "memfun", 
          "extern": "1", 
          "const": "1", 
          "throws": true, 
          "virtuality": "virtual"
        }, 
        {
          "returnType": "Standard_Real", 
          "arguments": [], 
          "name": "LastParameter", 
          "parent": "Adaptor2d_Curve2d", 
          "cls": "memfun", 
          "extern": "1", 
          "const": "1", 
          "throws": true, 
          "virtuality": "virtual"
        }, 
        {
          "returnType": "GeomAbs_Shape", 
          "arguments": [], 
          "name": "Continuity", 
          "parent": "Adaptor2d_Curve2d", 
          "cls": "memfun", 
          "extern": "1", 
          "const": "1", 
          "throws": true, 
          "virtuality": "virtual"
        }, 
        {
          "returnType": "Standard_Integer", 
          "arguments": [
            {
              "decl": "const GeomAbs_Shape", 
              "type": "GeomAbs_Shape", 
              "name": "S"
            }
          ], 
          "name": "NbIntervals", 
          "parent": "Adaptor2d_Curve2d", 
          "cls": "memfun", 
          "extern": "1", 
          "const": "1", 
          "throws": true, 
          "virtuality": "virtual"
        }, 
        {
          "returnType": "void", 
          "arguments": [
            {
              "decl": "TColStd_Array1OfReal &", 
              "type": "TColStd_Array1OfReal", 
              "name": "T"
            }, 
            {
              "decl": "const GeomAbs_Shape", 
              "type": "GeomAbs_Shape", 
              "name": "S"
            }
          ], 
          "name": "Intervals", 
          "parent": "Adaptor2d_Curve2d", 
          "cls": "memfun", 
          "extern": "1", 
          "const": "1", 
          "throws": true, 
          "virtuality": "virtual"
        }, 
        {
          "returnType": "Handle_Adaptor2d_HCurve2d", 
          "arguments": [
            {
              "decl": "const Standard_Real", 
              "type": "Standard_Real", 
              "name": "First"
            }, 
            {
              "decl": "const Standard_Real", 
              "type": "Standard_Real", 
              "name": "Last"
            }, 
            {
              "decl": "const Standard_Real", 
              "type": "Standard_Real", 
              "name": "Tol"
            }
          ], 
          "name": "Trim", 
          "parent": "Adaptor2d_Curve2d", 
          "cls": "memfun", 
          "extern": "1", 
          "const": "1", 
          "throws": true, 
          "virtuality": "virtual"
        }, 
        {
          "returnType": "Standard_Boolean", 
          "arguments": [], 
          "name": "IsClosed", 
          "parent": "Adaptor2d_Curve2d", 
          "cls": "memfun", 
          "extern": "1", 
          "const": "1", 
          "throws": true, 
          "virtuality": "virtual"
        }, 
        {
          "returnType": "Standard_Boolean", 
          "arguments": [], 
          "name": "IsPeriodic", 
          "parent": "Adaptor2d_Curve2d", 
          "cls": "memfun", 
          "extern": "1", 
          "const": "1", 
          "throws": true, 
          "virtuality": "virtual"
        }, 
        {
          "returnType": "Standard_Real", 
          "arguments": [], 
          "name": "Period", 
          "parent": "Adaptor2d_Curve2d", 
          "cls": "memfun", 
          "extern": "1", 
          "const": "1", 
          "throws": true, 
          "virtuality": "virtual"
        }, 
        {
          "returnType": "gp_Pnt2d", 
          "arguments": [
            {
              "decl": "const Standard_Real", 
              "type": "Standard_Real", 
              "name": "U"
            }
          ], 
          "name": "Value", 
          "parent": "Adaptor2d_Curve2d", 
          "cls": "memfun", 
          "extern": "1", 
          "const": "1", 
          "throws": true, 
          "virtuality": "virtual"
        }, 
        {
          "returnType": "void", 
          "arguments": [
            {
              "decl": "const Standard_Real", 
              "type": "Standard_Real", 
              "name": "U"
            }, 
            {
              "decl": "gp_Pnt2d &", 
              "type": "gp_Pnt2d", 
              "name": "P"
            }
          ], 
          "name": "D0", 
          "parent": "Adaptor2d_Curve2d", 
          "cls": "memfun", 
          "extern": "1", 
          "const": "1", 
          "throws": true, 
          "virtuality": "virtual"
        }, 
        {
          "returnType": "void", 
          "arguments": [
            {
              "decl": "const Standard_Real", 
              "type": "Standard_Real", 
              "name": "U"
            }, 
            {
              "decl": "gp_Pnt2d &", 
              "type": "gp_Pnt2d", 
              "name": "P"
            }, 
            {
              "decl": "gp_Vec2d &", 
              "type": "gp_Vec2d", 
              "name": "V"
            }
          ], 
          "name": "D1", 
          "parent": "Adaptor2d_Curve2d", 
          "cls": "memfun", 
          "extern": "1", 
          "const": "1", 
          "throws": true, 
          "virtuality": "virtual"
        }, 
        {
          "returnType": "void", 
          "arguments": [
            {
              "decl": "const Standard_Real", 
              "type": "Standard_Real", 
              "name": "U"
            }, 
            {
              "decl": "gp_Pnt2d &", 
              "type": "gp_Pnt2d", 
              "name": "P"
            }, 
            {
              "decl": "gp_Vec2d &", 
              "type": "gp_Vec2d", 
              "name": "V1"
            }, 
            {
              "decl": "gp_Vec2d &", 
              "type": "gp_Vec2d", 
              "name": "V2"
            }
          ], 
          "name": "D2", 
          "parent": "Adaptor2d_Curve2d", 
          "cls": "memfun", 
          "extern": "1", 
          "const": "1", 
          "throws": true, 
          "virtuality": "virtual"
        }, 
        {
          "returnType": "void", 
          "arguments": [
            {
              "decl": "const Standard_Real", 
              "type": "Standard_Real", 
              "name": "U"
            }, 
            {
              "decl": "gp_Pnt2d &", 
              "type": "gp_Pnt2d", 
              "name": "P"
            }, 
            {
              "decl": "gp_Vec2d &", 
              "type": "gp_Vec2d", 
              "name": "V1"
            }, 
            {
              "decl": "gp_Vec2d &", 
              "type": "gp_Vec2d", 
              "name": "V2"
            }, 
            {
              "decl": "gp_Vec2d &", 
              "type": "gp_Vec2d", 
              "name": "V3"
            }
          ], 
          "name": "D3", 
          "parent": "Adaptor2d_Curve2d", 
          "cls": "memfun", 
          "extern": "1", 
          "const": "1", 
          "throws": true, 
          "virtuality": "virtual"
        }, 
        {
          "returnType": "gp_Vec2d", 
          "arguments": [
            {
              "decl": "const Standard_Real", 
              "type": "Standard_Real", 
              "name": "U"
            }, 
            {
              "decl": "const Standard_Integer", 
              "type": "Standard_Integer", 
              "name": "N"
            }
          ], 
          "name": "DN", 
          "parent": "Adaptor2d_Curve2d", 
          "cls": "memfun", 
          "extern": "1", 
          "const": "1", 
          "throws": true, 
          "virtuality": "virtual"
        }, 
        {
          "returnType": "Standard_Real", 
          "arguments": [
            {
              "decl": "const Standard_Real", 
              "type": "Standard_Real", 
              "name": "R3d"
            }
          ], 
          "name": "Resolution", 
          "parent": "Adaptor2d_Curve2d", 
          "cls": "memfun", 
          "extern": "1", 
          "const": "1", 
          "throws": true, 
          "virtuality": "virtual"
        }, 
        {
          "returnType": "GeomAbs_CurveType", 
          "arguments": [], 
          "name": "GetType", 
          "parent": "Adaptor2d_Curve2d", 
          "cls": "memfun", 
          "extern": "1", 
          "const": "1", 
          "throws": true, 
          "virtuality": "virtual"
        }, 
        {
          "returnType": "gp_Lin2d", 
          "arguments": [], 
          "name": "Line", 
          "parent": "Adaptor2d_Curve2d", 
          "cls": "memfun", 
          "extern": "1", 
          "const": "1", 
          "throws": true, 
          "virtuality": "virtual"
        }, 
        {
          "returnType": "gp_Circ2d", 
          "arguments": [], 
          "name": "Circle", 
          "parent": "Adaptor2d_Curve2d", 
          "cls": "memfun", 
          "extern": "1", 
          "const": "1", 
          "throws": true, 
          "virtuality": "virtual"
        }, 
        {
          "returnType": "gp_Elips2d", 
          "arguments": [], 
          "name": "Ellipse", 
          "parent": "Adaptor2d_Curve2d", 
          "cls": "memfun", 
          "extern": "1", 
          "const": "1", 
          "throws": true, 
          "virtuality": "virtual"
        }, 
        {
          "returnType": "gp_Hypr2d", 
          "arguments": [], 
          "name": "Hyperbola", 
          "parent": "Adaptor2d_Curve2d", 
          "cls": "memfun", 
          "extern": "1", 
          "const": "1", 
          "throws": true, 
          "virtuality": "virtual"
        }, 
        {
          "returnType": "gp_Parab2d", 
          "arguments": [], 
          "name": "Parabola", 
          "parent": "Adaptor2d_Curve2d", 
          "cls": "memfun", 
          "extern": "1", 
          "const": "1", 
          "throws": true, 
          "virtuality": "virtual"
        }, 
        {
          "returnType": "Standard_Integer", 
          "arguments": [], 
          "name": "Degree", 
          "parent": "Adaptor2d_Curve2d", 
          "cls": "memfun", 
          "extern": "1", 
          "const": "1", 
          "throws": true, 
          "virtuality": "virtual"
        }, 
        {
          "returnType": "Standard_Boolean", 
          "arguments": [], 
          "name": "IsRational", 
          "parent": "Adaptor2d_Curve2d", 
          "cls": "memfun", 
          "extern": "1", 
          "const": "1", 
          "throws": true, 
          "virtuality": "virtual"
        }, 
        {
          "returnType": "Standard_Integer", 
          "arguments": [], 
          "name": "NbPoles", 
          "parent": "Adaptor2d_Curve2d", 
          "cls": "memfun", 
          "extern": "1", 
          "const": "1", 
          "throws": true, 
          "virtuality": "virtual"
        }, 
        {
          "returnType": "Standard_Integer", 
          "arguments": [], 
          "name": "NbKnots", 
          "parent": "Adaptor2d_Curve2d", 
          "cls": "memfun", 
          "extern": "1", 
          "const": "1", 
          "throws": true, 
          "virtuality": "virtual"
        }, 
        {
          "returnType": "Standard_Integer", 
          "arguments": [], 
          "name": "NbSamples", 
          "parent": "Adaptor2d_Curve2d", 
          "cls": "memfun", 
          "extern": "1", 
          "const": "1", 
          "throws": true, 
          "virtuality": "virtual"
        }, 
        {
          "returnType": "Handle_Geom2d_BezierCurve", 
          "arguments": [], 
          "name": "Bezier", 
          "parent": "Adaptor2d_Curve2d", 
          "cls": "memfun", 
          "extern": "1", 
          "const": "1", 
          "throws": true, 
          "virtuality": "virtual"
        }, 
        {
          "returnType": "Handle_Geom2d_BSplineCurve", 
          "arguments": [], 
          "name": "BSpline", 
          "parent": "Adaptor2d_Curve2d", 
          "cls": "memfun", 
          "extern": "1", 
          "const": "1", 
          "throws": true, 
          "virtuality": "virtual"
        }
      ], 
      "cls": "class"
    }
  ], 
  "headers": [
    "Adaptor2d_HCurve2d.hxx", 
    "Adaptor2d_HLine2d.hxx", 
    "Adaptor2d_Line2d.hxx", 
    "Adaptor2d_Curve2dPtr.hxx", 
    "Adaptor2d_Curve2d.hxx"
  ], 
  "enums": [], 
  "typedefs": [
    {
      "type": "Adaptor2d_Curve2d *", 
      "name": "Adaptor2d_Curve2dPtr", 
      "cls": "typedef"
    }
  ], 
  "name": "Adaptor2d"
}