{
  "classes": [
    {
      "name": "AdvApprox_ApproxAFunction", 
      "abstract": false, 
      "constructors": [
        {
          "returnType": "", 
          "arguments": [
            {
              "decl": "const AdvApprox_ApproxAFunction &", 
              "type": "AdvApprox_ApproxAFunction", 
              "name": "arg0"
            }
          ], 
          "name": "AdvApprox_ApproxAFunction", 
          "parent": "AdvApprox_ApproxAFunction", 
          "cls": "constructor", 
          "artificial": "1", 
          "throws": true, 
          "copyConstructor": true
        }, 
        {
          "returnType": "", 
          "arguments": [
            {
              "decl": "const Standard_Integer", 
              "type": "Standard_Integer", 
              "name": "Num1DSS"
            }, 
            {
              "decl": "const Standard_Integer", 
              "type": "Standard_Integer", 
              "name": "Num2DSS"
            }, 
            {
              "decl": "const Standard_Integer", 
              "type": "Standard_Integer", 
              "name": "Num3DSS"
            }, 
            {
              "decl": "const Handle_TColStd_HArray1OfReal &", 
              "type": "Handle_TColStd_HArray1OfReal", 
              "name": "OneDTol"
            }, 
            {
              "decl": "const Handle_TColStd_HArray1OfReal &", 
              "type": "Handle_TColStd_HArray1OfReal", 
              "name": "TwoDTol"
            }, 
            {
              "decl": "const Handle_TColStd_HArray1OfReal &", 
              "type": "Handle_TColStd_HArray1OfReal", 
              "name": "ThreeDTol"
            }, 
            {
              "decl": "const Standard_Real", 
              "type": "Standard_Real", 
              "name": "First"
            }, 
            {
              "decl": "const Standard_Real", 
              "type": "Standard_Real", 
              "name": "Last"
            }, 
            {
              "decl": "const GeomAbs_Shape", 
              "type": "GeomAbs_Shape", 
              "name": "Continuity"
            }, 
            {
              "decl": "const Standard_Integer", 
              "type": "Standard_Integer", 
              "name": "MaxDeg"
            }, 
            {
              "decl": "const Standard_Integer", 
              "type": "Standard_Integer", 
              "name": "MaxSeg"
            }, 
            {
              "decl": "const AdvApprox_EvaluatorFunction &", 
              "type": "AdvApprox_EvaluatorFunction", 
              "name": "Func"
            }
          ], 
          "name": "AdvApprox_ApproxAFunction", 
          "parent": "AdvApprox_ApproxAFunction", 
          "cls": "constructor", 
          "extern": "1", 
          "throws": true
        }, 
        {
          "returnType": "", 
          "arguments": [
            {
              "decl": "const Standard_Integer", 
              "type": "Standard_Integer", 
              "name": "Num1DSS"
            }, 
            {
              "decl": "const Standard_Integer", 
              "type": "Standard_Integer", 
              "name": "Num2DSS"
            }, 
            {
              "decl": "const Standard_Integer", 
              "type": "Standard_Integer", 
              "name": "Num3DSS"
            }, 
            {
              "decl": "const Handle_TColStd_HArray1OfReal &", 
              "type": "Handle_TColStd_HArray1OfReal", 
              "name": "OneDTol"
            }, 
            {
              "decl": "const Handle_TColStd_HArray1OfReal &", 
              "type": "Handle_TColStd_HArray1OfReal", 
              "name": "TwoDTol"
            }, 
            {
              "decl": "const Handle_TColStd_HArray1OfReal &", 
              "type": "Handle_TColStd_HArray1OfReal", 
              "name": "ThreeDTol"
            }, 
            {
              "decl": "const Standard_Real", 
              "type": "Standard_Real", 
              "name": "First"
            }, 
            {
              "decl": "const Standard_Real", 
              "type": "Standard_Real", 
              "name": "Last"
            }, 
            {
              "decl": "const GeomAbs_Shape", 
              "type": "GeomAbs_Shape", 
              "name": "Continuity"
            }, 
            {
              "decl": "const Standard_Integer", 
              "type": "Standard_Integer", 
              "name": "MaxDeg"
            }, 
            {
              "decl": "const Standard_Integer", 
              "type": "Standard_Integer", 
              "name": "MaxSeg"
            }, 
            {
              "decl": "const AdvApprox_EvaluatorFunction &", 
              "type": "AdvApprox_EvaluatorFunction", 
              "name": "Func"
            }, 
            {
              "decl": "const AdvApprox_Cutting &", 
              "type": "AdvApprox_Cutting", 
              "name": "CutTool"
            }
          ], 
          "name": "AdvApprox_ApproxAFunction", 
          "parent": "AdvApprox_ApproxAFunction", 
          "cls": "constructor", 
          "extern": "1", 
          "throws": true
        }
      ], 
      "artificial": "1", 
      "bases": [], 
      "location": [
        "/usr/local/include/oce/AdvApprox_ApproxAFunction.hxx", 
        70
      ], 
      "members": [
        {
          "returnType": "void", 
          "arguments": [
            {
              "decl": "const Standard_Integer", 
              "type": "Standard_Integer", 
              "name": "TotalDimension"
            }, 
            {
              "decl": "const Standard_Integer", 
              "type": "Standard_Integer", 
              "name": "TotalNumSS"
            }, 
            {
              "decl": "const TColStd_Array1OfInteger &", 
              "type": "TColStd_Array1OfInteger", 
              "name": "LocalDimension"
            }, 
            {
              "decl": "const Standard_Real", 
              "type": "Standard_Real", 
              "name": "First"
            }, 
            {
              "decl": "const Standard_Real", 
              "type": "Standard_Real", 
              "name": "Last"
            }, 
            {
              "decl": "AdvApprox_EvaluatorFunction &", 
              "type": "AdvApprox_EvaluatorFunction", 
              "name": "Evaluator"
            }, 
            {
              "decl": "const AdvApprox_Cutting &", 
              "type": "AdvApprox_Cutting", 
              "name": "CutTool"
            }, 
            {
              "decl": "const Standard_Integer", 
              "type": "Standard_Integer", 
              "name": "ContinuityOrder"
            }, 
            {
              "decl": "const Standard_Integer", 
              "type": "Standard_Integer", 
              "name": "NumMaxCoeffs"
            }, 
            {
              "decl": "const Standard_Integer", 
              "type": "Standard_Integer", 
              "name": "MaxSegments"
            }, 
            {
              "decl": "const TColStd_Array1OfReal &", 
              "type": "TColStd_Array1OfReal", 
              "name": "TolerancesArray"
            }, 
            {
              "decl": "const Standard_Integer", 
              "type": "Standard_Integer", 
              "name": "code_precis"
            }, 
            {
              "decl": "Standard_Integer &", 
              "type": "Standard_Integer", 
              "name": "NumCurves"
            }, 
            {
              "decl": "TColStd_Array1OfInteger &", 
              "type": "TColStd_Array1OfInteger", 
              "name": "NumCoeffPerCurveArray"
            }, 
            {
              "decl": "TColStd_Array1OfReal &", 
              "type": "TColStd_Array1OfReal", 
              "name": "LocalCoefficientArray"
            }, 
            {
              "decl": "TColStd_Array1OfReal &", 
              "type": "TColStd_Array1OfReal", 
              "name": "IntervalsArray"
            }, 
            {
              "decl": "TColStd_Array1OfReal &", 
              "type": "TColStd_Array1OfReal", 
              "name": "ErrorMaxArray"
            }, 
            {
              "decl": "TColStd_Array1OfReal &", 
              "type": "TColStd_Array1OfReal", 
              "name": "AverageErrorArray"
            }, 
            {
              "decl": "Standard_Integer &", 
              "type": "Standard_Integer", 
              "name": "ErrorCode"
            }
          ], 
          "name": "Approximation", 
          "parent": "AdvApprox_ApproxAFunction", 
          "cls": "memfun", 
          "static": "1", 
          "extern": "1", 
          "throws": true
        }, 
        {
          "returnType": "Standard_Boolean", 
          "arguments": [], 
          "name": "IsDone", 
          "parent": "AdvApprox_ApproxAFunction", 
          "cls": "memfun", 
          "const": "1", 
          "throws": true
        }, 
        {
          "returnType": "Standard_Boolean", 
          "arguments": [], 
          "name": "HasResult", 
          "parent": "AdvApprox_ApproxAFunction", 
          "cls": "memfun", 
          "const": "1", 
          "throws": true
        }, 
        {
          "returnType": "Handle_TColStd_HArray2OfReal", 
          "arguments": [], 
          "name": "Poles1d", 
          "parent": "AdvApprox_ApproxAFunction", 
          "cls": "memfun", 
          "const": "1", 
          "throws": true
        }, 
        {
          "returnType": "Handle_TColgp_HArray2OfPnt2d", 
          "arguments": [], 
          "name": "Poles2d", 
          "parent": "AdvApprox_ApproxAFunction", 
          "cls": "memfun", 
          "const": "1", 
          "throws": true
        }, 
        {
          "returnType": "Handle_TColgp_HArray2OfPnt", 
          "arguments": [], 
          "name": "Poles", 
          "parent": "AdvApprox_ApproxAFunction", 
          "cls": "memfun", 
          "const": "1", 
          "throws": true
        }, 
        {
          "returnType": "Standard_Integer", 
          "arguments": [], 
          "name": "NbPoles", 
          "parent": "AdvApprox_ApproxAFunction", 
          "cls": "memfun", 
          "extern": "1", 
          "const": "1", 
          "throws": true
        }, 
        {
          "returnType": "void", 
          "arguments": [
            {
              "decl": "const Standard_Integer", 
              "type": "Standard_Integer", 
              "name": "Index"
            }, 
            {
              "decl": "TColStd_Array1OfReal &", 
              "type": "TColStd_Array1OfReal", 
              "name": "P"
            }
          ], 
          "name": "Poles1d", 
          "parent": "AdvApprox_ApproxAFunction", 
          "cls": "memfun", 
          "extern": "1", 
          "const": "1", 
          "throws": true
        }, 
        {
          "returnType": "void", 
          "arguments": [
            {
              "decl": "const Standard_Integer", 
              "type": "Standard_Integer", 
              "name": "Index"
            }, 
            {
              "decl": "TColgp_Array1OfPnt2d &", 
              "type": "TColgp_Array1OfPnt2d", 
              "name": "P"
            }
          ], 
          "name": "Poles2d", 
          "parent": "AdvApprox_ApproxAFunction", 
          "cls": "memfun", 
          "extern": "1", 
          "const": "1", 
          "throws": true
        }, 
        {
          "returnType": "void", 
          "arguments": [
            {
              "decl": "const Standard_Integer", 
              "type": "Standard_Integer", 
              "name": "Index"
            }, 
            {
              "decl": "TColgp_Array1OfPnt &", 
              "type": "TColgp_Array1OfPnt", 
              "name": "P"
            }
          ], 
          "name": "Poles", 
          "parent": "AdvApprox_ApproxAFunction", 
          "cls": "memfun", 
          "extern": "1", 
          "const": "1", 
          "throws": true
        }, 
        {
          "returnType": "Standard_Integer", 
          "arguments": [], 
          "name": "Degree", 
          "parent": "AdvApprox_ApproxAFunction", 
          "cls": "memfun", 
          "const": "1", 
          "throws": true
        }, 
        {
          "returnType": "Standard_Integer", 
          "arguments": [], 
          "name": "NbKnots", 
          "parent": "AdvApprox_ApproxAFunction", 
          "cls": "memfun", 
          "const": "1", 
          "throws": true
        }, 
        {
          "returnType": "Standard_Integer", 
          "arguments": [
            {
              "decl": "const Standard_Integer", 
              "type": "Standard_Integer", 
              "name": "Dimension"
            }
          ], 
          "name": "NumSubSpaces", 
          "parent": "AdvApprox_ApproxAFunction", 
          "cls": "memfun", 
          "const": "1", 
          "throws": true
        }, 
        {
          "returnType": "Handle_TColStd_HArray1OfReal", 
          "arguments": [], 
          "name": "Knots", 
          "parent": "AdvApprox_ApproxAFunction", 
          "cls": "memfun", 
          "const": "1", 
          "throws": true
        }, 
        {
          "returnType": "Handle_TColStd_HArray1OfInteger", 
          "arguments": [], 
          "name": "Multiplicities", 
          "parent": "AdvApprox_ApproxAFunction", 
          "cls": "memfun", 
          "const": "1", 
          "throws": true
        }, 
        {
          "returnType": "Handle_TColStd_HArray1OfReal", 
          "arguments": [
            {
              "decl": "const Standard_Integer", 
              "type": "Standard_Integer", 
              "name": "Dimension"
            }
          ], 
          "name": "MaxError", 
          "parent": "AdvApprox_ApproxAFunction", 
          "cls": "memfun", 
          "extern": "1", 
          "const": "1", 
          "throws": true
        }, 
        {
          "returnType": "Handle_TColStd_HArray1OfReal", 
          "arguments": [
            {
              "decl": "const Standard_Integer", 
              "type": "Standard_Integer", 
              "name": "Dimension"
            }
          ], 
          "name": "AverageError", 
          "parent": "AdvApprox_ApproxAFunction", 
          "cls": "memfun", 
          "extern": "1", 
          "const": "1", 
          "throws": true
        }, 
        {
          "returnType": "Standard_Real", 
          "arguments": [
            {
              "decl": "const Standard_Integer", 
              "type": "Standard_Integer", 
              "name": "Dimension"
            }, 
            {
              "decl": "const Standard_Integer", 
              "type": "Standard_Integer", 
              "name": "Index"
            }
          ], 
          "name": "MaxError", 
          "parent": "AdvApprox_ApproxAFunction", 
          "cls": "memfun", 
          "extern": "1", 
          "const": "1", 
          "throws": true
        }, 
        {
          "returnType": "Standard_Real", 
          "arguments": [
            {
              "decl": "const Standard_Integer", 
              "type": "Standard_Integer", 
              "name": "Dimension"
            }, 
            {
              "decl": "const Standard_Integer", 
              "type": "Standard_Integer", 
              "name": "Index"
            }
          ], 
          "name": "AverageError", 
          "parent": "AdvApprox_ApproxAFunction", 
          "cls": "memfun", 
          "extern": "1", 
          "const": "1", 
          "throws": true
        }, 
        {
          "returnType": "void", 
          "arguments": [
            {
              "decl": "Standard_OStream &", 
              "type": "Standard_OStream", 
              "name": "o"
            }
          ], 
          "name": "Dump", 
          "parent": "AdvApprox_ApproxAFunction", 
          "cls": "memfun", 
          "extern": "1", 
          "const": "1", 
          "throws": true
        }
      ], 
      "cls": "class"
    }, 
    {
      "name": "AdvApprox_Cutting", 
      "abstract": true, 
      "constructors": [], 
      "artificial": "1", 
      "bases": [], 
      "location": [
        "/usr/local/include/oce/AdvApprox_Cutting.hxx", 
        28
      ], 
      "members": [
        {
          "returnType": "void", 
          "arguments": [], 
          "name": "Delete", 
          "parent": "AdvApprox_Cutting", 
          "cls": "memfun", 
          "extern": "1", 
          "throws": true, 
          "virtuality": "virtual"
        }, 
        {
          "returnType": "Standard_Boolean", 
          "arguments": [
            {
              "decl": "const Standard_Real", 
              "type": "Standard_Real", 
              "name": "a"
            }, 
            {
              "decl": "const Standard_Real", 
              "type": "Standard_Real", 
              "name": "b"
            }, 
            {
              "decl": "Standard_Real &", 
              "type": "Standard_Real", 
              "name": "cuttingvalue"
            }
          ], 
          "name": "Value", 
          "parent": "AdvApprox_Cutting", 
          "cls": "memfun", 
          "extern": "1", 
          "const": "1", 
          "throws": true, 
          "virtuality": "pure virtual"
        }
      ], 
      "cls": "class"
    }, 
    {
      "name": "AdvApprox_PrefAndRec", 
      "abstract": false, 
      "constructors": [
        {
          "returnType": "", 
          "arguments": [
            {
              "decl": "const TColStd_Array1OfReal &", 
              "type": "TColStd_Array1OfReal", 
              "name": "RecomendedCut"
            }, 
            {
              "decl": "const TColStd_Array1OfReal &", 
              "type": "TColStd_Array1OfReal", 
              "name": "PrefferedCut"
            }, 
            {
              "decl": "const Standard_Real", 
              "type": "Standard_Real", 
              "name": "Weight", 
              "default": "5"
            }
          ], 
          "name": "AdvApprox_PrefAndRec", 
          "parent": "AdvApprox_PrefAndRec", 
          "cls": "constructor", 
          "extern": "1", 
          "throws": true
        }
      ], 
      "artificial": "1", 
      "bases": [
        {
          "access": "public", 
          "name": "AdvApprox_Cutting"
        }
      ], 
      "location": [
        "/usr/local/include/oce/AdvApprox_PrefAndRec.hxx", 
        38
      ], 
      "members": [
        {
          "returnType": "Standard_Boolean", 
          "arguments": [
            {
              "decl": "const Standard_Real", 
              "type": "Standard_Real", 
              "name": "a"
            }, 
            {
              "decl": "const Standard_Real", 
              "type": "Standard_Real", 
              "name": "b"
            }, 
            {
              "decl": "Standard_Real &", 
              "type": "Standard_Real", 
              "name": "cuttingvalue"
            }
          ], 
          "name": "Value", 
          "parent": "AdvApprox_PrefAndRec", 
          "cls": "memfun", 
          "extern": "1", 
          "const": "1", 
          "throws": true, 
          "virtuality": "virtual"
        }
      ], 
      "cls": "class"
    }, 
    {
      "name": "AdvApprox_PrefCutting", 
      "abstract": false, 
      "constructors": [
        {
          "returnType": "", 
          "arguments": [
            {
              "decl": "const TColStd_Array1OfReal &", 
              "type": "TColStd_Array1OfReal", 
              "name": "CutPnts"
            }
          ], 
          "name": "AdvApprox_PrefCutting", 
          "parent": "AdvApprox_PrefCutting", 
          "cls": "constructor", 
          "extern": "1", 
          "throws": true
        }
      ], 
      "artificial": "1", 
      "bases": [
        {
          "access": "public", 
          "name": "AdvApprox_Cutting"
        }
      ], 
      "location": [
        "/usr/local/include/oce/AdvApprox_PrefCutting.hxx", 
        37
      ], 
      "members": [
        {
          "returnType": "Standard_Boolean", 
          "arguments": [
            {
              "decl": "const Standard_Real", 
              "type": "Standard_Real", 
              "name": "a"
            }, 
            {
              "decl": "const Standard_Real", 
              "type": "Standard_Real", 
              "name": "b"
            }, 
            {
              "decl": "Standard_Real &", 
              "type": "Standard_Real", 
              "name": "cuttingvalue"
            }
          ], 
          "name": "Value", 
          "parent": "AdvApprox_PrefCutting", 
          "cls": "memfun", 
          "extern": "1", 
          "const": "1", 
          "throws": true, 
          "virtuality": "virtual"
        }
      ], 
      "cls": "class"
    }, 
    {
      "name": "AdvApprox_DichoCutting", 
      "abstract": false, 
      "constructors": [
        {
          "returnType": "", 
          "arguments": [
            {
              "decl": "const AdvApprox_DichoCutting &", 
              "type": "AdvApprox_DichoCutting", 
              "name": "arg0"
            }
          ], 
          "name": "AdvApprox_DichoCutting", 
          "parent": "AdvApprox_DichoCutting", 
          "cls": "constructor", 
          "artificial": "1", 
          "copyConstructor": true
        }, 
        {
          "returnType": "", 
          "arguments": [], 
          "name": "AdvApprox_DichoCutting", 
          "parent": "AdvApprox_DichoCutting", 
          "cls": "constructor", 
          "extern": "1", 
          "throws": true
        }
      ], 
      "artificial": "1", 
      "bases": [
        {
          "access": "public", 
          "name": "AdvApprox_Cutting"
        }
      ], 
      "location": [
        "/usr/local/include/oce/AdvApprox_DichoCutting.hxx", 
        32
      ], 
      "members": [
        {
          "returnType": "Standard_Boolean", 
          "arguments": [
            {
              "decl": "const Standard_Real", 
              "type": "Standard_Real", 
              "name": "a"
            }, 
            {
              "decl": "const Standard_Real", 
              "type": "Standard_Real", 
              "name": "b"
            }, 
            {
              "decl": "Standard_Real &", 
              "type": "Standard_Real", 
              "name": "cuttingvalue"
            }
          ], 
          "name": "Value", 
          "parent": "AdvApprox_DichoCutting", 
          "cls": "memfun", 
          "extern": "1", 
          "const": "1", 
          "throws": true, 
          "virtuality": "virtual"
        }
      ], 
      "cls": "class"
    }, 
    {
      "name": "AdvApprox_SimpleApprox", 
      "abstract": false, 
      "constructors": [
        {
          "returnType": "", 
          "arguments": [
            {
              "decl": "const AdvApprox_SimpleApprox &", 
              "type": "AdvApprox_SimpleApprox", 
              "name": "arg0"
            }
          ], 
          "name": "AdvApprox_SimpleApprox", 
          "parent": "AdvApprox_SimpleApprox", 
          "cls": "constructor", 
          "artificial": "1", 
          "throws": true, 
          "copyConstructor": true
        }, 
        {
          "returnType": "", 
          "arguments": [
            {
              "decl": "const Standard_Integer", 
              "type": "Standard_Integer", 
              "name": "TotalDimension"
            }, 
            {
              "decl": "const Standard_Integer", 
              "type": "Standard_Integer", 
              "name": "TotalNumSS"
            }, 
            {
              "decl": "const GeomAbs_Shape", 
              "type": "GeomAbs_Shape", 
              "name": "Continuity"
            }, 
            {
              "decl": "const Standard_Integer", 
              "type": "Standard_Integer", 
              "name": "WorkDegree"
            }, 
            {
              "decl": "const Standard_Integer", 
              "type": "Standard_Integer", 
              "name": "NbGaussPoints"
            }, 
            {
              "decl": "const Handle_PLib_JacobiPolynomial &", 
              "type": "Handle_PLib_JacobiPolynomial", 
              "name": "JacobiBase"
            }, 
            {
              "decl": "const AdvApprox_EvaluatorFunction &", 
              "type": "AdvApprox_EvaluatorFunction", 
              "name": "Func"
            }
          ], 
          "name": "AdvApprox_SimpleApprox", 
          "parent": "AdvApprox_SimpleApprox", 
          "cls": "constructor", 
          "extern": "1", 
          "throws": true
        }
      ], 
      "artificial": "1", 
      "bases": [], 
      "location": [
        "/usr/local/include/oce/AdvApprox_SimpleApprox.hxx", 
        63
      ], 
      "members": [
        {
          "returnType": "void", 
          "arguments": [
            {
              "decl": "const TColStd_Array1OfInteger &", 
              "type": "TColStd_Array1OfInteger", 
              "name": "LocalDimension"
            }, 
            {
              "decl": "const TColStd_Array1OfReal &", 
              "type": "TColStd_Array1OfReal", 
              "name": "LocalTolerancesArray"
            }, 
            {
              "decl": "const Standard_Real", 
              "type": "Standard_Real", 
              "name": "First"
            }, 
            {
              "decl": "const Standard_Real", 
              "type": "Standard_Real", 
              "name": "Last"
            }, 
            {
              "decl": "const Standard_Integer", 
              "type": "Standard_Integer", 
              "name": "MaxDegree"
            }
          ], 
          "name": "Perform", 
          "parent": "AdvApprox_SimpleApprox", 
          "cls": "memfun", 
          "extern": "1", 
          "throws": true
        }, 
        {
          "returnType": "Standard_Boolean", 
          "arguments": [], 
          "name": "IsDone", 
          "parent": "AdvApprox_SimpleApprox", 
          "cls": "memfun", 
          "extern": "1", 
          "const": "1", 
          "throws": true
        }, 
        {
          "returnType": "Standard_Integer", 
          "arguments": [], 
          "name": "Degree", 
          "parent": "AdvApprox_SimpleApprox", 
          "cls": "memfun", 
          "extern": "1", 
          "const": "1", 
          "throws": true
        }, 
        {
          "returnType": "Handle_TColStd_HArray1OfReal", 
          "arguments": [], 
          "name": "Coefficients", 
          "parent": "AdvApprox_SimpleApprox", 
          "cls": "memfun", 
          "extern": "1", 
          "const": "1", 
          "throws": true
        }, 
        {
          "returnType": "Handle_TColStd_HArray2OfReal", 
          "arguments": [], 
          "name": "FirstConstr", 
          "parent": "AdvApprox_SimpleApprox", 
          "cls": "memfun", 
          "extern": "1", 
          "const": "1", 
          "throws": true
        }, 
        {
          "returnType": "Handle_TColStd_HArray2OfReal", 
          "arguments": [], 
          "name": "LastConstr", 
          "parent": "AdvApprox_SimpleApprox", 
          "cls": "memfun", 
          "extern": "1", 
          "const": "1", 
          "throws": true
        }, 
        {
          "returnType": "Handle_TColStd_HArray1OfReal", 
          "arguments": [], 
          "name": "SomTab", 
          "parent": "AdvApprox_SimpleApprox", 
          "cls": "memfun", 
          "extern": "1", 
          "const": "1", 
          "throws": true
        }, 
        {
          "returnType": "Handle_TColStd_HArray1OfReal", 
          "arguments": [], 
          "name": "DifTab", 
          "parent": "AdvApprox_SimpleApprox", 
          "cls": "memfun", 
          "extern": "1", 
          "const": "1", 
          "throws": true
        }, 
        {
          "returnType": "Standard_Real", 
          "arguments": [
            {
              "decl": "const Standard_Integer", 
              "type": "Standard_Integer", 
              "name": "Index"
            }
          ], 
          "name": "MaxError", 
          "parent": "AdvApprox_SimpleApprox", 
          "cls": "memfun", 
          "extern": "1", 
          "const": "1", 
          "throws": true
        }, 
        {
          "returnType": "Standard_Real", 
          "arguments": [
            {
              "decl": "const Standard_Integer", 
              "type": "Standard_Integer", 
              "name": "Index"
            }
          ], 
          "name": "AverageError", 
          "parent": "AdvApprox_SimpleApprox", 
          "cls": "memfun", 
          "extern": "1", 
          "const": "1", 
          "throws": true
        }, 
        {
          "returnType": "void", 
          "arguments": [
            {
              "decl": "Standard_OStream &", 
              "type": "Standard_OStream", 
              "name": "o"
            }
          ], 
          "name": "Dump", 
          "parent": "AdvApprox_SimpleApprox", 
          "cls": "memfun", 
          "extern": "1", 
          "const": "1", 
          "throws": true
        }
      ], 
      "cls": "class"
    }
  ], 
  "headers": [
    "AdvApprox_SimpleApprox.hxx", 
    "AdvApprox_DichoCutting.hxx", 
    "AdvApprox_ApproxAFunction.hxx", 
    "AdvApprox_PrefAndRec.hxx", 
    "AdvApprox_PrefCutting.hxx", 
    "AdvApprox_Cutting.hxx"
  ], 
  "enums": [], 
  "typedefs": [], 
  "name": "AdvApprox"
}