{
  "classes": [
    {
      "name": "AppBlend_Approx", 
      "abstract": true, 
      "constructors": [], 
      "artificial": "1", 
      "bases": [], 
      "location": [
        "/usr/local/include/oce/AppBlend_Approx.hxx", 
        39
      ], 
      "members": [
        {
          "returnType": "void", 
          "arguments": [], 
          "name": "Delete", 
          "parent": "AppBlend_Approx", 
          "cls": "memfun", 
          "extern": "1", 
          "throws": true, 
          "virtuality": "virtual"
        }, 
        {
          "returnType": "Standard_Boolean", 
          "arguments": [], 
          "name": "IsDone", 
          "parent": "AppBlend_Approx", 
          "cls": "memfun", 
          "extern": "1", 
          "const": "1", 
          "throws": true, 
          "virtuality": "pure virtual"
        }, 
        {
          "returnType": "void", 
          "arguments": [
            {
              "decl": "Standard_Integer &", 
              "type": "Standard_Integer", 
              "name": "UDegree"
            }, 
            {
              "decl": "Standard_Integer &", 
              "type": "Standard_Integer", 
              "name": "VDegree"
            }, 
            {
              "decl": "Standard_Integer &", 
              "type": "Standard_Integer", 
              "name": "NbUPoles"
            }, 
            {
              "decl": "Standard_Integer &", 
              "type": "Standard_Integer", 
              "name": "NbVPoles"
            }, 
            {
              "decl": "Standard_Integer &", 
              "type": "Standard_Integer", 
              "name": "NbUKnots"
            }, 
            {
              "decl": "Standard_Integer &", 
              "type": "Standard_Integer", 
              "name": "NbVKnots"
            }
          ], 
          "name": "SurfShape", 
          "parent": "AppBlend_Approx", 
          "cls": "memfun", 
          "extern": "1", 
          "const": "1", 
          "throws": true, 
          "virtuality": "pure virtual"
        }, 
        {
          "returnType": "void", 
          "arguments": [
            {
              "decl": "TColgp_Array2OfPnt &", 
              "type": "TColgp_Array2OfPnt", 
              "name": "TPoles"
            }, 
            {
              "decl": "TColStd_Array2OfReal &", 
              "type": "TColStd_Array2OfReal", 
              "name": "TWeights"
            }, 
            {
              "decl": "TColStd_Array1OfReal &", 
              "type": "TColStd_Array1OfReal", 
              "name": "TUKnots"
            }, 
            {
              "decl": "TColStd_Array1OfReal &", 
              "type": "TColStd_Array1OfReal", 
              "name": "TVKnots"
            }, 
            {
              "decl": "TColStd_Array1OfInteger &", 
              "type": "TColStd_Array1OfInteger", 
              "name": "TUMults"
            }, 
            {
              "decl": "TColStd_Array1OfInteger &", 
              "type": "TColStd_Array1OfInteger", 
              "name": "TVMults"
            }
          ], 
          "name": "Surface", 
          "parent": "AppBlend_Approx", 
          "cls": "memfun", 
          "extern": "1", 
          "const": "1", 
          "throws": true, 
          "virtuality": "pure virtual"
        }, 
        {
          "returnType": "Standard_Integer", 
          "arguments": [], 
          "name": "UDegree", 
          "parent": "AppBlend_Approx", 
          "cls": "memfun", 
          "extern": "1", 
          "const": "1", 
          "throws": true, 
          "virtuality": "pure virtual"
        }, 
        {
          "returnType": "Standard_Integer", 
          "arguments": [], 
          "name": "VDegree", 
          "parent": "AppBlend_Approx", 
          "cls": "memfun", 
          "extern": "1", 
          "const": "1", 
          "throws": true, 
          "virtuality": "pure virtual"
        }, 
        {
          "returnType": "TColgp_Array2OfPnt const &", 
          "arguments": [], 
          "name": "SurfPoles", 
          "parent": "AppBlend_Approx", 
          "cls": "memfun", 
          "extern": "1", 
          "const": "1", 
          "throws": true, 
          "virtuality": "pure virtual"
        }, 
        {
          "returnType": "TColStd_Array2OfReal const &", 
          "arguments": [], 
          "name": "SurfWeights", 
          "parent": "AppBlend_Approx", 
          "cls": "memfun", 
          "extern": "1", 
          "const": "1", 
          "throws": true, 
          "virtuality": "pure virtual"
        }, 
        {
          "returnType": "TColStd_Array1OfReal const &", 
          "arguments": [], 
          "name": "SurfUKnots", 
          "parent": "AppBlend_Approx", 
          "cls": "memfun", 
          "extern": "1", 
          "const": "1", 
          "throws": true, 
          "virtuality": "pure virtual"
        }, 
        {
          "returnType": "TColStd_Array1OfReal const &", 
          "arguments": [], 
          "name": "SurfVKnots", 
          "parent": "AppBlend_Approx", 
          "cls": "memfun", 
          "extern": "1", 
          "const": "1", 
          "throws": true, 
          "virtuality": "pure virtual"
        }, 
        {
          "returnType": "TColStd_Array1OfInteger const &", 
          "arguments": [], 
          "name": "SurfUMults", 
          "parent": "AppBlend_Approx", 
          "cls": "memfun", 
          "extern": "1", 
          "const": "1", 
          "throws": true, 
          "virtuality": "pure virtual"
        }, 
        {
          "returnType": "TColStd_Array1OfInteger const &", 
          "arguments": [], 
          "name": "SurfVMults", 
          "parent": "AppBlend_Approx", 
          "cls": "memfun", 
          "extern": "1", 
          "const": "1", 
          "throws": true, 
          "virtuality": "pure virtual"
        }, 
        {
          "returnType": "Standard_Integer", 
          "arguments": [], 
          "name": "NbCurves2d", 
          "parent": "AppBlend_Approx", 
          "cls": "memfun", 
          "extern": "1", 
          "const": "1", 
          "throws": true, 
          "virtuality": "pure virtual"
        }, 
        {
          "returnType": "void", 
          "arguments": [
            {
              "decl": "Standard_Integer &", 
              "type": "Standard_Integer", 
              "name": "Degree"
            }, 
            {
              "decl": "Standard_Integer &", 
              "type": "Standard_Integer", 
              "name": "NbPoles"
            }, 
            {
              "decl": "Standard_Integer &", 
              "type": "Standard_Integer", 
              "name": "NbKnots"
            }
          ], 
          "name": "Curves2dShape", 
          "parent": "AppBlend_Approx", 
          "cls": "memfun", 
          "extern": "1", 
          "const": "1", 
          "throws": true, 
          "virtuality": "pure virtual"
        }, 
        {
          "returnType": "void", 
          "arguments": [
            {
              "decl": "const Standard_Integer", 
              "type": "Standard_Integer", 
              "name": "Index"
            }, 
            {
              "decl": "TColgp_Array1OfPnt2d &", 
              "type": "TColgp_Array1OfPnt2d", 
              "name": "TPoles"
            }, 
            {
              "decl": "TColStd_Array1OfReal &", 
              "type": "TColStd_Array1OfReal", 
              "name": "TKnots"
            }, 
            {
              "decl": "TColStd_Array1OfInteger &", 
              "type": "TColStd_Array1OfInteger", 
              "name": "TMults"
            }
          ], 
          "name": "Curve2d", 
          "parent": "AppBlend_Approx", 
          "cls": "memfun", 
          "extern": "1", 
          "const": "1", 
          "throws": true, 
          "virtuality": "pure virtual"
        }, 
        {
          "returnType": "Standard_Integer", 
          "arguments": [], 
          "name": "Curves2dDegree", 
          "parent": "AppBlend_Approx", 
          "cls": "memfun", 
          "extern": "1", 
          "const": "1", 
          "throws": true, 
          "virtuality": "pure virtual"
        }, 
        {
          "returnType": "TColgp_Array1OfPnt2d const &", 
          "arguments": [
            {
              "decl": "const Standard_Integer", 
              "type": "Standard_Integer", 
              "name": "Index"
            }
          ], 
          "name": "Curve2dPoles", 
          "parent": "AppBlend_Approx", 
          "cls": "memfun", 
          "extern": "1", 
          "const": "1", 
          "throws": true, 
          "virtuality": "pure virtual"
        }, 
        {
          "returnType": "TColStd_Array1OfReal const &", 
          "arguments": [], 
          "name": "Curves2dKnots", 
          "parent": "AppBlend_Approx", 
          "cls": "memfun", 
          "extern": "1", 
          "const": "1", 
          "throws": true, 
          "virtuality": "pure virtual"
        }, 
        {
          "returnType": "TColStd_Array1OfInteger const &", 
          "arguments": [], 
          "name": "Curves2dMults", 
          "parent": "AppBlend_Approx", 
          "cls": "memfun", 
          "extern": "1", 
          "const": "1", 
          "throws": true, 
          "virtuality": "pure virtual"
        }, 
        {
          "returnType": "void", 
          "arguments": [
            {
              "decl": "Standard_Real &", 
              "type": "Standard_Real", 
              "name": "Tol3d"
            }, 
            {
              "decl": "Standard_Real &", 
              "type": "Standard_Real", 
              "name": "Tol2d"
            }
          ], 
          "name": "TolReached", 
          "parent": "AppBlend_Approx", 
          "cls": "memfun", 
          "extern": "1", 
          "const": "1", 
          "throws": true, 
          "virtuality": "pure virtual"
        }, 
        {
          "returnType": "Standard_Real", 
          "arguments": [
            {
              "decl": "const Standard_Integer", 
              "type": "Standard_Integer", 
              "name": "Index"
            }
          ], 
          "name": "TolCurveOnSurf", 
          "parent": "AppBlend_Approx", 
          "cls": "memfun", 
          "extern": "1", 
          "const": "1", 
          "throws": true, 
          "virtuality": "pure virtual"
        }
      ], 
      "cls": "class"
    }
  ], 
  "headers": [
    "AppBlend_Approx.hxx"
  ], 
  "enums": [], 
  "typedefs": [], 
  "name": "AppBlend"
}