{
  "classes": [
    {
      "name": "ApproxInt_SvSurfaces", 
      "abstract": true, 
      "constructors": [], 
      "artificial": "1", 
      "bases": [], 
      "location": [
        "/usr/local/include/oce/ApproxInt_SvSurfaces.hxx", 
        31
      ], 
      "members": [
        {
          "returnType": "void", 
          "arguments": [], 
          "name": "Delete", 
          "parent": "ApproxInt_SvSurfaces", 
          "cls": "memfun", 
          "extern": "1", 
          "throws": true, 
          "virtuality": "virtual"
        }, 
        {
          "returnType": "Standard_Boolean", 
          "arguments": [
            {
              "decl": "Standard_Real &", 
              "type": "Standard_Real", 
              "name": "u1"
            }, 
            {
              "decl": "Standard_Real &", 
              "type": "Standard_Real", 
              "name": "v1"
            }, 
            {
              "decl": "Standard_Real &", 
              "type": "Standard_Real", 
              "name": "u2"
            }, 
            {
              "decl": "Standard_Real &", 
              "type": "Standard_Real", 
              "name": "v2"
            }, 
            {
              "decl": "gp_Pnt &", 
              "type": "gp_Pnt", 
              "name": "Pt"
            }, 
            {
              "decl": "gp_Vec &", 
              "type": "gp_Vec", 
              "name": "Tg"
            }, 
            {
              "decl": "gp_Vec2d &", 
              "type": "gp_Vec2d", 
              "name": "Tguv1"
            }, 
            {
              "decl": "gp_Vec2d &", 
              "type": "gp_Vec2d", 
              "name": "Tguv2"
            }
          ], 
          "name": "Compute", 
          "parent": "ApproxInt_SvSurfaces", 
          "cls": "memfun", 
          "extern": "1", 
          "throws": true, 
          "virtuality": "pure virtual"
        }, 
        {
          "returnType": "void", 
          "arguments": [
            {
              "decl": "const Standard_Real", 
              "type": "Standard_Real", 
              "name": "u1"
            }, 
            {
              "decl": "const Standard_Real", 
              "type": "Standard_Real", 
              "name": "v1"
            }, 
            {
              "decl": "const Standard_Real", 
              "type": "Standard_Real", 
              "name": "u2"
            }, 
            {
              "decl": "const Standard_Real", 
              "type": "Standard_Real", 
              "name": "v2"
            }, 
            {
              "decl": "gp_Pnt &", 
              "type": "gp_Pnt", 
              "name": "P"
            }
          ], 
          "name": "Pnt", 
          "parent": "ApproxInt_SvSurfaces", 
          "cls": "memfun", 
          "extern": "1", 
          "throws": true, 
          "virtuality": "pure virtual"
        }, 
        {
          "returnType": "Standard_Boolean", 
          "arguments": [
            {
              "decl": "const Standard_Real", 
              "type": "Standard_Real", 
              "name": "u1"
            }, 
            {
              "decl": "const Standard_Real", 
              "type": "Standard_Real", 
              "name": "v1"
            }, 
            {
              "decl": "const Standard_Real", 
              "type": "Standard_Real", 
              "name": "u2"
            }, 
            {
              "decl": "const Standard_Real", 
              "type": "Standard_Real", 
              "name": "v2"
            }, 
            {
              "decl": "gp_Vec &", 
              "type": "gp_Vec", 
              "name": "Tg"
            }
          ], 
          "name": "Tangency", 
          "parent": "ApproxInt_SvSurfaces", 
          "cls": "memfun", 
          "extern": "1", 
          "throws": true, 
          "virtuality": "pure virtual"
        }, 
        {
          "returnType": "Standard_Boolean", 
          "arguments": [
            {
              "decl": "const Standard_Real", 
              "type": "Standard_Real", 
              "name": "u1"
            }, 
            {
              "decl": "const Standard_Real", 
              "type": "Standard_Real", 
              "name": "v1"
            }, 
            {
              "decl": "const Standard_Real", 
              "type": "Standard_Real", 
              "name": "u2"
            }, 
            {
              "decl": "const Standard_Real", 
              "type": "Standard_Real", 
              "name": "v2"
            }, 
            {
              "decl": "gp_Vec2d &", 
              "type": "gp_Vec2d", 
              "name": "Tg"
            }
          ], 
          "name": "TangencyOnSurf1", 
          "parent": "ApproxInt_SvSurfaces", 
          "cls": "memfun", 
          "extern": "1", 
          "throws": true, 
          "virtuality": "pure virtual"
        }, 
        {
          "returnType": "Standard_Boolean", 
          "arguments": [
            {
              "decl": "const Standard_Real", 
              "type": "Standard_Real", 
              "name": "u1"
            }, 
            {
              "decl": "const Standard_Real", 
              "type": "Standard_Real", 
              "name": "v1"
            }, 
            {
              "decl": "const Standard_Real", 
              "type": "Standard_Real", 
              "name": "u2"
            }, 
            {
              "decl": "const Standard_Real", 
              "type": "Standard_Real", 
              "name": "v2"
            }, 
            {
              "decl": "gp_Vec2d &", 
              "type": "gp_Vec2d", 
              "name": "Tg"
            }
          ], 
          "name": "TangencyOnSurf2", 
          "parent": "ApproxInt_SvSurfaces", 
          "cls": "memfun", 
          "extern": "1", 
          "throws": true, 
          "virtuality": "pure virtual"
        }
      ], 
      "cls": "class"
    }
  ], 
  "headers": [
    "ApproxInt_SvSurfaces.hxx"
  ], 
  "enums": [], 
  "typedefs": [], 
  "name": "ApproxInt"
}