{
  "classes": [
    {
      "name": "Bisector_BisecPC", 
      "abstract": false, 
      "constructors": [
        {
          "returnType": "", 
          "arguments": [], 
          "name": "Bisector_BisecPC", 
          "parent": "Bisector_BisecPC", 
          "cls": "constructor", 
          "extern": "1", 
          "throws": true
        }, 
        {
          "returnType": "", 
          "arguments": [
            {
              "decl": "const Handle_Geom2d_Curve &", 
              "type": "Handle_Geom2d_Curve", 
              "name": "Cu"
            }, 
            {
              "decl": "const gp_Pnt2d &", 
              "type": "gp_Pnt2d", 
              "name": "P"
            }, 
            {
              "decl": "const Standard_Real", 
              "type": "Standard_Real", 
              "name": "Side"
            }, 
            {
              "decl": "const Standard_Real", 
              "type": "Standard_Real", 
              "name": "DistMax", 
              "default": "500"
            }
          ], 
          "name": "Bisector_BisecPC", 
          "parent": "Bisector_BisecPC", 
          "cls": "constructor", 
          "extern": "1", 
          "throws": true
        }, 
        {
          "returnType": "", 
          "arguments": [
            {
              "decl": "const Handle_Geom2d_Curve &", 
              "type": "Handle_Geom2d_Curve", 
              "name": "Cu"
            }, 
            {
              "decl": "const gp_Pnt2d &", 
              "type": "gp_Pnt2d", 
              "name": "P"
            }, 
            {
              "decl": "const Standard_Real", 
              "type": "Standard_Real", 
              "name": "Side"
            }, 
            {
              "decl": "const Standard_Real", 
              "type": "Standard_Real", 
              "name": "UMin"
            }, 
            {
              "decl": "const Standard_Real", 
              "type": "Standard_Real", 
              "name": "UMax"
            }
          ], 
          "name": "Bisector_BisecPC", 
          "parent": "Bisector_BisecPC", 
          "cls": "constructor", 
          "extern": "1", 
          "throws": true
        }
      ], 
      "artificial": "1", 
      "bases": [
        {
          "access": "public", 
          "name": "Bisector_Curve"
        }
      ], 
      "location": [
        "/usr/local/include/oce/Bisector_BisecPC.hxx", 
        60
      ], 
      "members": [
        {
          "returnType": "void", 
          "arguments": [
            {
              "decl": "const Handle_Geom2d_Curve &", 
              "type": "Handle_Geom2d_Curve", 
              "name": "Cu"
            }, 
            {
              "decl": "const gp_Pnt2d &", 
              "type": "gp_Pnt2d", 
              "name": "P"
            }, 
            {
              "decl": "const Standard_Real", 
              "type": "Standard_Real", 
              "name": "Side"
            }, 
            {
              "decl": "const Standard_Real", 
              "type": "Standard_Real", 
              "name": "DistMax", 
              "default": "500"
            }
          ], 
          "name": "Perform", 
          "parent": "Bisector_BisecPC", 
          "cls": "memfun", 
          "extern": "1", 
          "throws": true
        }, 
        {
          "returnType": "Standard_Boolean", 
          "arguments": [], 
          "name": "IsExtendAtStart", 
          "parent": "Bisector_BisecPC", 
          "cls": "memfun", 
          "extern": "1", 
          "const": "1", 
          "throws": true, 
          "virtuality": "virtual"
        }, 
        {
          "returnType": "Standard_Boolean", 
          "arguments": [], 
          "name": "IsExtendAtEnd", 
          "parent": "Bisector_BisecPC", 
          "cls": "memfun", 
          "extern": "1", 
          "const": "1", 
          "throws": true, 
          "virtuality": "virtual"
        }, 
        {
          "returnType": "void", 
          "arguments": [], 
          "name": "Reverse", 
          "parent": "Bisector_BisecPC", 
          "cls": "memfun", 
          "extern": "1", 
          "throws": true, 
          "virtuality": "virtual"
        }, 
        {
          "returnType": "Standard_Real", 
          "arguments": [
            {
              "decl": "const Standard_Real", 
              "type": "Standard_Real", 
              "name": "U"
            }
          ], 
          "name": "ReversedParameter", 
          "parent": "Bisector_BisecPC", 
          "cls": "memfun", 
          "extern": "1", 
          "const": "1", 
          "throws": true, 
          "virtuality": "virtual"
        }, 
        {
          "returnType": "Handle_Geom2d_Geometry", 
          "arguments": [], 
          "name": "Copy", 
          "parent": "Bisector_BisecPC", 
          "cls": "memfun", 
          "extern": "1", 
          "const": "1", 
          "throws": true, 
          "virtuality": "virtual"
        }, 
        {
          "returnType": "void", 
          "arguments": [
            {
              "decl": "const gp_Trsf2d &", 
              "type": "gp_Trsf2d", 
              "name": "T"
            }
          ], 
          "name": "Transform", 
          "parent": "Bisector_BisecPC", 
          "cls": "memfun", 
          "extern": "1", 
          "throws": true, 
          "virtuality": "virtual"
        }, 
        {
          "returnType": "Standard_Boolean", 
          "arguments": [
            {
              "decl": "const Standard_Integer", 
              "type": "Standard_Integer", 
              "name": "N"
            }
          ], 
          "name": "IsCN", 
          "parent": "Bisector_BisecPC", 
          "cls": "memfun", 
          "extern": "1", 
          "const": "1", 
          "throws": true, 
          "virtuality": "virtual"
        }, 
        {
          "returnType": "Standard_Real", 
          "arguments": [], 
          "name": "FirstParameter", 
          "parent": "Bisector_BisecPC", 
          "cls": "memfun", 
          "extern": "1", 
          "const": "1", 
          "throws": true, 
          "virtuality": "virtual"
        }, 
        {
          "returnType": "Standard_Real", 
          "arguments": [], 
          "name": "LastParameter", 
          "parent": "Bisector_BisecPC", 
          "cls": "memfun", 
          "extern": "1", 
          "const": "1", 
          "throws": true, 
          "virtuality": "virtual"
        }, 
        {
          "returnType": "GeomAbs_Shape", 
          "arguments": [], 
          "name": "Continuity", 
          "parent": "Bisector_BisecPC", 
          "cls": "memfun", 
          "extern": "1", 
          "const": "1", 
          "throws": true, 
          "virtuality": "virtual"
        }, 
        {
          "returnType": "Standard_Integer", 
          "arguments": [], 
          "name": "NbIntervals", 
          "parent": "Bisector_BisecPC", 
          "cls": "memfun", 
          "extern": "1", 
          "const": "1", 
          "throws": true, 
          "virtuality": "virtual"
        }, 
        {
          "returnType": "Standard_Real", 
          "arguments": [
            {
              "decl": "const Standard_Integer", 
              "type": "Standard_Integer", 
              "name": "Index"
            }
          ], 
          "name": "IntervalFirst", 
          "parent": "Bisector_BisecPC", 
          "cls": "memfun", 
          "extern": "1", 
          "const": "1", 
          "throws": true, 
          "virtuality": "virtual"
        }, 
        {
          "returnType": "Standard_Real", 
          "arguments": [
            {
              "decl": "const Standard_Integer", 
              "type": "Standard_Integer", 
              "name": "Index"
            }
          ], 
          "name": "IntervalLast", 
          "parent": "Bisector_BisecPC", 
          "cls": "memfun", 
          "extern": "1", 
          "const": "1", 
          "throws": true, 
          "virtuality": "virtual"
        }, 
        {
          "returnType": "GeomAbs_Shape", 
          "arguments": [], 
          "name": "IntervalContinuity", 
          "parent": "Bisector_BisecPC", 
          "cls": "memfun", 
          "extern": "1", 
          "const": "1", 
          "throws": true
        }, 
        {
          "returnType": "Standard_Boolean", 
          "arguments": [], 
          "name": "IsClosed", 
          "parent": "Bisector_BisecPC", 
          "cls": "memfun", 
          "extern": "1", 
          "const": "1", 
          "throws": true, 
          "virtuality": "virtual"
        }, 
        {
          "returnType": "Standard_Boolean", 
          "arguments": [], 
          "name": "IsPeriodic", 
          "parent": "Bisector_BisecPC", 
          "cls": "memfun", 
          "extern": "1", 
          "const": "1", 
          "throws": true, 
          "virtuality": "virtual"
        }, 
        {
          "returnType": "Standard_Real", 
          "arguments": [
            {
              "decl": "const Standard_Real", 
              "type": "Standard_Real", 
              "name": "U"
            }
          ], 
          "name": "Distance", 
          "parent": "Bisector_BisecPC", 
          "cls": "memfun", 
          "extern": "1", 
          "const": "1", 
          "throws": true
        }, 
        {
          "returnType": "void", 
          "arguments": [
            {
              "decl": "const Standard_Real", 
              "type": "Standard_Real", 
              "name": "U"
            }, 
            {
              "decl": "gp_Pnt2d &", 
              "type": "gp_Pnt2d", 
              "name": "P"
            }
          ], 
          "name": "D0", 
          "parent": "Bisector_BisecPC", 
          "cls": "memfun", 
          "extern": "1", 
          "const": "1", 
          "throws": true, 
          "virtuality": "virtual"
        }, 
        {
          "returnType": "void", 
          "arguments": [
            {
              "decl": "const Standard_Real", 
              "type": "Standard_Real", 
              "name": "U"
            }, 
            {
              "decl": "gp_Pnt2d &", 
              "type": "gp_Pnt2d", 
              "name": "P"
            }, 
            {
              "decl": "gp_Vec2d &", 
              "type": "gp_Vec2d", 
              "name": "V"
            }
          ], 
          "name": "D1", 
          "parent": "Bisector_BisecPC", 
          "cls": "memfun", 
          "extern": "1", 
          "const": "1", 
          "throws": true, 
          "virtuality": "virtual"
        }, 
        {
          "returnType": "void", 
          "arguments": [
            {
              "decl": "const Standard_Real", 
              "type": "Standard_Real", 
              "name": "U"
            }, 
            {
              "decl": "gp_Pnt2d &", 
              "type": "gp_Pnt2d", 
              "name": "P"
            }, 
            {
              "decl": "gp_Vec2d &", 
              "type": "gp_Vec2d", 
              "name": "V1"
            }, 
            {
              "decl": "gp_Vec2d &", 
              "type": "gp_Vec2d", 
              "name": "V2"
            }
          ], 
          "name": "D2", 
          "parent": "Bisector_BisecPC", 
          "cls": "memfun", 
          "extern": "1", 
          "const": "1", 
          "throws": true, 
          "virtuality": "virtual"
        }, 
        {
          "returnType": "void", 
          "arguments": [
            {
              "decl": "const Standard_Real", 
              "type": "Standard_Real", 
              "name": "U"
            }, 
            {
              "decl": "gp_Pnt2d &", 
              "type": "gp_Pnt2d", 
              "name": "P"
            }, 
            {
              "decl": "gp_Vec2d &", 
              "type": "gp_Vec2d", 
              "name": "V1"
            }, 
            {
              "decl": "gp_Vec2d &", 
              "type": "gp_Vec2d", 
              "name": "V2"
            }, 
            {
              "decl": "gp_Vec2d &", 
              "type": "gp_Vec2d", 
              "name": "V3"
            }
          ], 
          "name": "D3", 
          "parent": "Bisector_BisecPC", 
          "cls": "memfun", 
          "extern": "1", 
          "const": "1", 
          "throws": true, 
          "virtuality": "virtual"
        }, 
        {
          "returnType": "gp_Vec2d", 
          "arguments": [
            {
              "decl": "const Standard_Real", 
              "type": "Standard_Real", 
              "name": "U"
            }, 
            {
              "decl": "const Standard_Integer", 
              "type": "Standard_Integer", 
              "name": "N"
            }
          ], 
          "name": "DN", 
          "parent": "Bisector_BisecPC", 
          "cls": "memfun", 
          "extern": "1", 
          "const": "1", 
          "throws": true, 
          "virtuality": "virtual"
        }, 
        {
          "returnType": "void", 
          "arguments": [
            {
              "decl": "const Standard_Integer", 
              "type": "Standard_Integer", 
              "name": "Deep", 
              "default": "0"
            }, 
            {
              "decl": "const Standard_Integer", 
              "type": "Standard_Integer", 
              "name": "Offset", 
              "default": "0"
            }
          ], 
          "name": "Dump", 
          "parent": "Bisector_BisecPC", 
          "cls": "memfun", 
          "extern": "1", 
          "const": "1", 
          "throws": true
        }, 
        {
          "returnType": "Standard_Real", 
          "arguments": [
            {
              "decl": "const Standard_Real", 
              "type": "Standard_Real", 
              "name": "U"
            }
          ], 
          "name": "LinkBisCurve", 
          "parent": "Bisector_BisecPC", 
          "cls": "memfun", 
          "extern": "1", 
          "const": "1", 
          "throws": true
        }, 
        {
          "returnType": "Standard_Real", 
          "arguments": [
            {
              "decl": "const Standard_Real", 
              "type": "Standard_Real", 
              "name": "U"
            }
          ], 
          "name": "LinkCurveBis", 
          "parent": "Bisector_BisecPC", 
          "cls": "memfun", 
          "extern": "1", 
          "const": "1", 
          "throws": true
        }, 
        {
          "returnType": "Standard_Real", 
          "arguments": [
            {
              "decl": "const gp_Pnt2d &", 
              "type": "gp_Pnt2d", 
              "name": "P"
            }
          ], 
          "name": "Parameter", 
          "parent": "Bisector_BisecPC", 
          "cls": "memfun", 
          "extern": "1", 
          "const": "1", 
          "throws": true, 
          "virtuality": "virtual"
        }, 
        {
          "returnType": "Standard_Boolean", 
          "arguments": [], 
          "name": "IsEmpty", 
          "parent": "Bisector_BisecPC", 
          "cls": "memfun", 
          "extern": "1", 
          "const": "1", 
          "throws": true
        }, 
        {
          "returnType": "Handle_Standard_Type const &", 
          "arguments": [], 
          "name": "DynamicType", 
          "parent": "Bisector_BisecPC", 
          "cls": "memfun", 
          "extern": "1", 
          "const": "1", 
          "throws": true, 
          "virtuality": "virtual"
        }
      ], 
      "cls": "class"
    }, 
    {
      "name": "Handle_Bisector_Curve", 
      "abstract": false, 
      "constructors": [
        {
          "returnType": "", 
          "arguments": [], 
          "name": "Handle_Bisector_Curve", 
          "parent": "Handle_Bisector_Curve", 
          "cls": "constructor", 
          "throws": true
        }, 
        {
          "returnType": "", 
          "arguments": [
            {
              "decl": "const Handle_Bisector_Curve &", 
              "type": "Handle_Bisector_Curve", 
              "name": "aHandle"
            }
          ], 
          "name": "Handle_Bisector_Curve", 
          "parent": "Handle_Bisector_Curve", 
          "cls": "constructor", 
          "throws": true, 
          "copyConstructor": true
        }, 
        {
          "returnType": "", 
          "arguments": [
            {
              "decl": "const Bisector_Curve *", 
              "type": "Bisector_Curve", 
              "name": "anItem"
            }
          ], 
          "name": "Handle_Bisector_Curve", 
          "parent": "Handle_Bisector_Curve", 
          "cls": "constructor", 
          "throws": true
        }
      ], 
      "artificial": "1", 
      "bases": [
        {
          "access": "public", 
          "name": "Handle_Geom2d_Curve"
        }
      ], 
      "location": [
        "/usr/local/include/oce/Handle_Bisector_Curve.hxx", 
        25
      ], 
      "members": [
        {
          "returnType": "Handle_Bisector_Curve", 
          "arguments": [
            {
              "decl": "const Handle_Standard_Transient &", 
              "type": "Handle_Standard_Transient", 
              "name": "AnObject"
            }
          ], 
          "name": "DownCast", 
          "parent": "Handle_Bisector_Curve", 
          "cls": "memfun", 
          "static": "1", 
          "extern": "1", 
          "throws": true
        }
      ], 
      "cls": "class"
    }, 
    {
      "name": "Bisector_BisecCC", 
      "abstract": false, 
      "constructors": [
        {
          "returnType": "", 
          "arguments": [], 
          "name": "Bisector_BisecCC", 
          "parent": "Bisector_BisecCC", 
          "cls": "constructor", 
          "extern": "1", 
          "throws": true
        }, 
        {
          "returnType": "", 
          "arguments": [
            {
              "decl": "const Handle_Geom2d_Curve &", 
              "type": "Handle_Geom2d_Curve", 
              "name": "Cu1"
            }, 
            {
              "decl": "const Handle_Geom2d_Curve &", 
              "type": "Handle_Geom2d_Curve", 
              "name": "Cu2"
            }, 
            {
              "decl": "const Standard_Real", 
              "type": "Standard_Real", 
              "name": "Side1"
            }, 
            {
              "decl": "const Standard_Real", 
              "type": "Standard_Real", 
              "name": "Side2"
            }, 
            {
              "decl": "const gp_Pnt2d &", 
              "type": "gp_Pnt2d", 
              "name": "Origin"
            }, 
            {
              "decl": "const Standard_Real", 
              "type": "Standard_Real", 
              "name": "DistMax", 
              "default": "500"
            }
          ], 
          "name": "Bisector_BisecCC", 
          "parent": "Bisector_BisecCC", 
          "cls": "constructor", 
          "extern": "1", 
          "throws": true
        }
      ], 
      "artificial": "1", 
      "bases": [
        {
          "access": "public", 
          "name": "Bisector_Curve"
        }
      ], 
      "location": [
        "/usr/local/include/oce/Bisector_BisecCC.hxx", 
        62
      ], 
      "members": [
        {
          "returnType": "void", 
          "arguments": [
            {
              "decl": "const Handle_Geom2d_Curve &", 
              "type": "Handle_Geom2d_Curve", 
              "name": "Cu1"
            }, 
            {
              "decl": "const Handle_Geom2d_Curve &", 
              "type": "Handle_Geom2d_Curve", 
              "name": "Cu2"
            }, 
            {
              "decl": "const Standard_Real", 
              "type": "Standard_Real", 
              "name": "Side1"
            }, 
            {
              "decl": "const Standard_Real", 
              "type": "Standard_Real", 
              "name": "Side2"
            }, 
            {
              "decl": "const gp_Pnt2d &", 
              "type": "gp_Pnt2d", 
              "name": "Origin"
            }, 
            {
              "decl": "const Standard_Real", 
              "type": "Standard_Real", 
              "name": "DistMax", 
              "default": "500"
            }
          ], 
          "name": "Perform", 
          "parent": "Bisector_BisecCC", 
          "cls": "memfun", 
          "extern": "1", 
          "throws": true
        }, 
        {
          "returnType": "Standard_Boolean", 
          "arguments": [], 
          "name": "IsExtendAtStart", 
          "parent": "Bisector_BisecCC", 
          "cls": "memfun", 
          "extern": "1", 
          "const": "1", 
          "throws": true, 
          "virtuality": "virtual"
        }, 
        {
          "returnType": "Standard_Boolean", 
          "arguments": [], 
          "name": "IsExtendAtEnd", 
          "parent": "Bisector_BisecCC", 
          "cls": "memfun", 
          "extern": "1", 
          "const": "1", 
          "throws": true, 
          "virtuality": "virtual"
        }, 
        {
          "returnType": "void", 
          "arguments": [], 
          "name": "Reverse", 
          "parent": "Bisector_BisecCC", 
          "cls": "memfun", 
          "extern": "1", 
          "throws": true, 
          "virtuality": "virtual"
        }, 
        {
          "returnType": "Standard_Real", 
          "arguments": [
            {
              "decl": "const Standard_Real", 
              "type": "Standard_Real", 
              "name": "U"
            }
          ], 
          "name": "ReversedParameter", 
          "parent": "Bisector_BisecCC", 
          "cls": "memfun", 
          "extern": "1", 
          "const": "1", 
          "throws": true, 
          "virtuality": "virtual"
        }, 
        {
          "returnType": "Standard_Boolean", 
          "arguments": [
            {
              "decl": "const Standard_Integer", 
              "type": "Standard_Integer", 
              "name": "N"
            }
          ], 
          "name": "IsCN", 
          "parent": "Bisector_BisecCC", 
          "cls": "memfun", 
          "extern": "1", 
          "const": "1", 
          "throws": true, 
          "virtuality": "virtual"
        }, 
        {
          "returnType": "Handle_Bisector_BisecCC", 
          "arguments": [], 
          "name": "ChangeGuide", 
          "parent": "Bisector_BisecCC", 
          "cls": "memfun", 
          "extern": "1", 
          "const": "1", 
          "throws": true
        }, 
        {
          "returnType": "Handle_Geom2d_Geometry", 
          "arguments": [], 
          "name": "Copy", 
          "parent": "Bisector_BisecCC", 
          "cls": "memfun", 
          "extern": "1", 
          "const": "1", 
          "throws": true, 
          "virtuality": "virtual"
        }, 
        {
          "returnType": "void", 
          "arguments": [
            {
              "decl": "const gp_Trsf2d &", 
              "type": "gp_Trsf2d", 
              "name": "T"
            }
          ], 
          "name": "Transform", 
          "parent": "Bisector_BisecCC", 
          "cls": "memfun", 
          "extern": "1", 
          "throws": true, 
          "virtuality": "virtual"
        }, 
        {
          "returnType": "Standard_Real", 
          "arguments": [], 
          "name": "FirstParameter", 
          "parent": "Bisector_BisecCC", 
          "cls": "memfun", 
          "extern": "1", 
          "const": "1", 
          "throws": true, 
          "virtuality": "virtual"
        }, 
        {
          "returnType": "Standard_Real", 
          "arguments": [], 
          "name": "LastParameter", 
          "parent": "Bisector_BisecCC", 
          "cls": "memfun", 
          "extern": "1", 
          "const": "1", 
          "throws": true, 
          "virtuality": "virtual"
        }, 
        {
          "returnType": "GeomAbs_Shape", 
          "arguments": [], 
          "name": "Continuity", 
          "parent": "Bisector_BisecCC", 
          "cls": "memfun", 
          "extern": "1", 
          "const": "1", 
          "throws": true, 
          "virtuality": "virtual"
        }, 
        {
          "returnType": "Standard_Integer", 
          "arguments": [], 
          "name": "NbIntervals", 
          "parent": "Bisector_BisecCC", 
          "cls": "memfun", 
          "extern": "1", 
          "const": "1", 
          "throws": true, 
          "virtuality": "virtual"
        }, 
        {
          "returnType": "Standard_Real", 
          "arguments": [
            {
              "decl": "const Standard_Integer", 
              "type": "Standard_Integer", 
              "name": "Index"
            }
          ], 
          "name": "IntervalFirst", 
          "parent": "Bisector_BisecCC", 
          "cls": "memfun", 
          "extern": "1", 
          "const": "1", 
          "throws": true, 
          "virtuality": "virtual"
        }, 
        {
          "returnType": "Standard_Real", 
          "arguments": [
            {
              "decl": "const Standard_Integer", 
              "type": "Standard_Integer", 
              "name": "Index"
            }
          ], 
          "name": "IntervalLast", 
          "parent": "Bisector_BisecCC", 
          "cls": "memfun", 
          "extern": "1", 
          "const": "1", 
          "throws": true, 
          "virtuality": "virtual"
        }, 
        {
          "returnType": "GeomAbs_Shape", 
          "arguments": [], 
          "name": "IntervalContinuity", 
          "parent": "Bisector_BisecCC", 
          "cls": "memfun", 
          "extern": "1", 
          "const": "1", 
          "throws": true
        }, 
        {
          "returnType": "Standard_Boolean", 
          "arguments": [], 
          "name": "IsClosed", 
          "parent": "Bisector_BisecCC", 
          "cls": "memfun", 
          "extern": "1", 
          "const": "1", 
          "throws": true, 
          "virtuality": "virtual"
        }, 
        {
          "returnType": "Standard_Boolean", 
          "arguments": [], 
          "name": "IsPeriodic", 
          "parent": "Bisector_BisecCC", 
          "cls": "memfun", 
          "extern": "1", 
          "const": "1", 
          "throws": true, 
          "virtuality": "virtual"
        }, 
        {
          "returnType": "gp_Pnt2d", 
          "arguments": [
            {
              "decl": "const Standard_Real", 
              "type": "Standard_Real", 
              "name": "U"
            }, 
            {
              "decl": "Standard_Real &", 
              "type": "Standard_Real", 
              "name": "U1"
            }, 
            {
              "decl": "Standard_Real &", 
              "type": "Standard_Real", 
              "name": "U2"
            }, 
            {
              "decl": "Standard_Real &", 
              "type": "Standard_Real", 
              "name": "Distance"
            }
          ], 
          "name": "ValueAndDist", 
          "parent": "Bisector_BisecCC", 
          "cls": "memfun", 
          "extern": "1", 
          "const": "1", 
          "throws": true
        }, 
        {
          "returnType": "gp_Pnt2d", 
          "arguments": [
            {
              "decl": "const Standard_Real", 
              "type": "Standard_Real", 
              "name": "U"
            }, 
            {
              "decl": "Standard_Real &", 
              "type": "Standard_Real", 
              "name": "U1"
            }, 
            {
              "decl": "Standard_Real &", 
              "type": "Standard_Real", 
              "name": "U2"
            }, 
            {
              "decl": "Standard_Real &", 
              "type": "Standard_Real", 
              "name": "Distance"
            }
          ], 
          "name": "ValueByInt", 
          "parent": "Bisector_BisecCC", 
          "cls": "memfun", 
          "extern": "1", 
          "const": "1", 
          "throws": true
        }, 
        {
          "returnType": "void", 
          "arguments": [
            {
              "decl": "const Standard_Real", 
              "type": "Standard_Real", 
              "name": "U"
            }, 
            {
              "decl": "gp_Pnt2d &", 
              "type": "gp_Pnt2d", 
              "name": "P"
            }
          ], 
          "name": "D0", 
          "parent": "Bisector_BisecCC", 
          "cls": "memfun", 
          "extern": "1", 
          "const": "1", 
          "throws": true, 
          "virtuality": "virtual"
        }, 
        {
          "returnType": "void", 
          "arguments": [
            {
              "decl": "const Standard_Real", 
              "type": "Standard_Real", 
              "name": "U"
            }, 
            {
              "decl": "gp_Pnt2d &", 
              "type": "gp_Pnt2d", 
              "name": "P"
            }, 
            {
              "decl": "gp_Vec2d &", 
              "type": "gp_Vec2d", 
              "name": "V"
            }
          ], 
          "name": "D1", 
          "parent": "Bisector_BisecCC", 
          "cls": "memfun", 
          "extern": "1", 
          "const": "1", 
          "throws": true, 
          "virtuality": "virtual"
        }, 
        {
          "returnType": "void", 
          "arguments": [
            {
              "decl": "const Standard_Real", 
              "type": "Standard_Real", 
              "name": "U"
            }, 
            {
              "decl": "gp_Pnt2d &", 
              "type": "gp_Pnt2d", 
              "name": "P"
            }, 
            {
              "decl": "gp_Vec2d &", 
              "type": "gp_Vec2d", 
              "name": "V1"
            }, 
            {
              "decl": "gp_Vec2d &", 
              "type": "gp_Vec2d", 
              "name": "V2"
            }
          ], 
          "name": "D2", 
          "parent": "Bisector_BisecCC", 
          "cls": "memfun", 
          "extern": "1", 
          "const": "1", 
          "throws": true, 
          "virtuality": "virtual"
        }, 
        {
          "returnType": "void", 
          "arguments": [
            {
              "decl": "const Standard_Real", 
              "type": "Standard_Real", 
              "name": "U"
            }, 
            {
              "decl": "gp_Pnt2d &", 
              "type": "gp_Pnt2d", 
              "name": "P"
            }, 
            {
              "decl": "gp_Vec2d &", 
              "type": "gp_Vec2d", 
              "name": "V1"
            }, 
            {
              "decl": "gp_Vec2d &", 
              "type": "gp_Vec2d", 
              "name": "V2"
            }, 
            {
              "decl": "gp_Vec2d &", 
              "type": "gp_Vec2d", 
              "name": "V3"
            }
          ], 
          "name": "D3", 
          "parent": "Bisector_BisecCC", 
          "cls": "memfun", 
          "extern": "1", 
          "const": "1", 
          "throws": true, 
          "virtuality": "virtual"
        }, 
        {
          "returnType": "gp_Vec2d", 
          "arguments": [
            {
              "decl": "const Standard_Real", 
              "type": "Standard_Real", 
              "name": "U"
            }, 
            {
              "decl": "const Standard_Integer", 
              "type": "Standard_Integer", 
              "name": "N"
            }
          ], 
          "name": "DN", 
          "parent": "Bisector_BisecCC", 
          "cls": "memfun", 
          "extern": "1", 
          "const": "1", 
          "throws": true, 
          "virtuality": "virtual"
        }, 
        {
          "returnType": "Standard_Boolean", 
          "arguments": [], 
          "name": "IsEmpty", 
          "parent": "Bisector_BisecCC", 
          "cls": "memfun", 
          "extern": "1", 
          "const": "1", 
          "throws": true
        }, 
        {
          "returnType": "Standard_Real", 
          "arguments": [
            {
              "decl": "const Standard_Real", 
              "type": "Standard_Real", 
              "name": "U"
            }
          ], 
          "name": "LinkBisCurve", 
          "parent": "Bisector_BisecCC", 
          "cls": "memfun", 
          "extern": "1", 
          "const": "1", 
          "throws": true
        }, 
        {
          "returnType": "Standard_Real", 
          "arguments": [
            {
              "decl": "const Standard_Real", 
              "type": "Standard_Real", 
              "name": "U"
            }
          ], 
          "name": "LinkCurveBis", 
          "parent": "Bisector_BisecCC", 
          "cls": "memfun", 
          "extern": "1", 
          "const": "1", 
          "throws": true
        }, 
        {
          "returnType": "Standard_Real", 
          "arguments": [
            {
              "decl": "const gp_Pnt2d &", 
              "type": "gp_Pnt2d", 
              "name": "P"
            }
          ], 
          "name": "Parameter", 
          "parent": "Bisector_BisecCC", 
          "cls": "memfun", 
          "extern": "1", 
          "const": "1", 
          "throws": true, 
          "virtuality": "virtual"
        }, 
        {
          "returnType": "Handle_Geom2d_Curve", 
          "arguments": [
            {
              "decl": "const Standard_Integer", 
              "type": "Standard_Integer", 
              "name": "IndCurve"
            }
          ], 
          "name": "Curve", 
          "parent": "Bisector_BisecCC", 
          "cls": "memfun", 
          "extern": "1", 
          "const": "1", 
          "throws": true
        }, 
        {
          "returnType": "Bisector_PolyBis const &", 
          "arguments": [], 
          "name": "Polygon", 
          "parent": "Bisector_BisecCC", 
          "cls": "memfun", 
          "extern": "1", 
          "const": "1", 
          "throws": true
        }, 
        {
          "returnType": "void", 
          "arguments": [
            {
              "decl": "const Standard_Integer", 
              "type": "Standard_Integer", 
              "name": "Deep", 
              "default": "0"
            }, 
            {
              "decl": "const Standard_Integer", 
              "type": "Standard_Integer", 
              "name": "Offset", 
              "default": "0"
            }
          ], 
          "name": "Dump", 
          "parent": "Bisector_BisecCC", 
          "cls": "memfun", 
          "extern": "1", 
          "const": "1", 
          "throws": true
        }, 
        {
          "returnType": "Handle_Standard_Type const &", 
          "arguments": [], 
          "name": "DynamicType", 
          "parent": "Bisector_BisecCC", 
          "cls": "memfun", 
          "extern": "1", 
          "const": "1", 
          "throws": true, 
          "virtuality": "virtual"
        }
      ], 
      "cls": "class"
    }, 
    {
      "name": "Bisector_Curve", 
      "abstract": true, 
      "constructors": [], 
      "artificial": "1", 
      "bases": [
        {
          "access": "public", 
          "name": "Geom2d_Curve"
        }
      ], 
      "location": [
        "/usr/local/include/oce/Bisector_Curve.hxx", 
        35
      ], 
      "members": [
        {
          "returnType": "Standard_Real", 
          "arguments": [
            {
              "decl": "const gp_Pnt2d &", 
              "type": "gp_Pnt2d", 
              "name": "P"
            }
          ], 
          "name": "Parameter", 
          "parent": "Bisector_Curve", 
          "cls": "memfun", 
          "extern": "1", 
          "const": "1", 
          "throws": true, 
          "virtuality": "pure virtual"
        }, 
        {
          "returnType": "Standard_Boolean", 
          "arguments": [], 
          "name": "IsExtendAtStart", 
          "parent": "Bisector_Curve", 
          "cls": "memfun", 
          "extern": "1", 
          "const": "1", 
          "throws": true, 
          "virtuality": "pure virtual"
        }, 
        {
          "returnType": "Standard_Boolean", 
          "arguments": [], 
          "name": "IsExtendAtEnd", 
          "parent": "Bisector_Curve", 
          "cls": "memfun", 
          "extern": "1", 
          "const": "1", 
          "throws": true, 
          "virtuality": "pure virtual"
        }, 
        {
          "returnType": "Standard_Integer", 
          "arguments": [], 
          "name": "NbIntervals", 
          "parent": "Bisector_Curve", 
          "cls": "memfun", 
          "extern": "1", 
          "const": "1", 
          "throws": true, 
          "virtuality": "pure virtual"
        }, 
        {
          "returnType": "Standard_Real", 
          "arguments": [
            {
              "decl": "const Standard_Integer", 
              "type": "Standard_Integer", 
              "name": "Index"
            }
          ], 
          "name": "IntervalFirst", 
          "parent": "Bisector_Curve", 
          "cls": "memfun", 
          "extern": "1", 
          "const": "1", 
          "throws": true, 
          "virtuality": "pure virtual"
        }, 
        {
          "returnType": "Standard_Real", 
          "arguments": [
            {
              "decl": "const Standard_Integer", 
              "type": "Standard_Integer", 
              "name": "Index"
            }
          ], 
          "name": "IntervalLast", 
          "parent": "Bisector_Curve", 
          "cls": "memfun", 
          "extern": "1", 
          "const": "1", 
          "throws": true, 
          "virtuality": "pure virtual"
        }, 
        {
          "returnType": "Handle_Standard_Type const &", 
          "arguments": [], 
          "name": "DynamicType", 
          "parent": "Bisector_Curve", 
          "cls": "memfun", 
          "extern": "1", 
          "const": "1", 
          "throws": true, 
          "virtuality": "virtual"
        }
      ], 
      "cls": "class"
    }, 
    {
      "name": "Bisector_BisecAna", 
      "abstract": false, 
      "constructors": [
        {
          "returnType": "", 
          "arguments": [
            {
              "decl": "const Bisector_BisecAna &", 
              "type": "Bisector_BisecAna", 
              "name": "arg0"
            }
          ], 
          "name": "Bisector_BisecAna", 
          "parent": "Bisector_BisecAna", 
          "cls": "constructor", 
          "artificial": "1", 
          "throws": true, 
          "copyConstructor": true
        }, 
        {
          "returnType": "", 
          "arguments": [], 
          "name": "Bisector_BisecAna", 
          "parent": "Bisector_BisecAna", 
          "cls": "constructor", 
          "extern": "1", 
          "throws": true
        }
      ], 
      "artificial": "1", 
      "bases": [
        {
          "access": "public", 
          "name": "Bisector_Curve"
        }
      ], 
      "location": [
        "/usr/local/include/oce/Bisector_BisecAna.hxx", 
        62
      ], 
      "members": [
        {
          "returnType": "void", 
          "arguments": [
            {
              "decl": "const Handle_Geom2d_Curve &", 
              "type": "Handle_Geom2d_Curve", 
              "name": "Cu1"
            }, 
            {
              "decl": "const Handle_Geom2d_Curve &", 
              "type": "Handle_Geom2d_Curve", 
              "name": "Cu2"
            }, 
            {
              "decl": "const gp_Pnt2d &", 
              "type": "gp_Pnt2d", 
              "name": "P"
            }, 
            {
              "decl": "const gp_Vec2d &", 
              "type": "gp_Vec2d", 
              "name": "V1"
            }, 
            {
              "decl": "const gp_Vec2d &", 
              "type": "gp_Vec2d", 
              "name": "V2"
            }, 
            {
              "decl": "const Standard_Real", 
              "type": "Standard_Real", 
              "name": "Sense"
            }, 
            {
              "decl": "const Standard_Real", 
              "type": "Standard_Real", 
              "name": "Tolerance"
            }, 
            {
              "decl": "const Standard_Boolean", 
              "type": "Standard_Boolean", 
              "name": "oncurve", 
              "default": "true"
            }
          ], 
          "name": "Perform", 
          "parent": "Bisector_BisecAna", 
          "cls": "memfun", 
          "extern": "1", 
          "throws": true
        }, 
        {
          "returnType": "void", 
          "arguments": [
            {
              "decl": "const Handle_Geom2d_Curve &", 
              "type": "Handle_Geom2d_Curve", 
              "name": "Cu"
            }, 
            {
              "decl": "const Handle_Geom2d_Point &", 
              "type": "Handle_Geom2d_Point", 
              "name": "Pnt"
            }, 
            {
              "decl": "const gp_Pnt2d &", 
              "type": "gp_Pnt2d", 
              "name": "P"
            }, 
            {
              "decl": "const gp_Vec2d &", 
              "type": "gp_Vec2d", 
              "name": "V1"
            }, 
            {
              "decl": "const gp_Vec2d &", 
              "type": "gp_Vec2d", 
              "name": "V2"
            }, 
            {
              "decl": "const Standard_Real", 
              "type": "Standard_Real", 
              "name": "Sense"
            }, 
            {
              "decl": "const Standard_Real", 
              "type": "Standard_Real", 
              "name": "Tolerance"
            }, 
            {
              "decl": "const Standard_Boolean", 
              "type": "Standard_Boolean", 
              "name": "oncurve", 
              "default": "true"
            }
          ], 
          "name": "Perform", 
          "parent": "Bisector_BisecAna", 
          "cls": "memfun", 
          "extern": "1", 
          "throws": true
        }, 
        {
          "returnType": "void", 
          "arguments": [
            {
              "decl": "const Handle_Geom2d_Point &", 
              "type": "Handle_Geom2d_Point", 
              "name": "Pnt"
            }, 
            {
              "decl": "const Handle_Geom2d_Curve &", 
              "type": "Handle_Geom2d_Curve", 
              "name": "Cu"
            }, 
            {
              "decl": "const gp_Pnt2d &", 
              "type": "gp_Pnt2d", 
              "name": "P"
            }, 
            {
              "decl": "const gp_Vec2d &", 
              "type": "gp_Vec2d", 
              "name": "V1"
            }, 
            {
              "decl": "const gp_Vec2d &", 
              "type": "gp_Vec2d", 
              "name": "V2"
            }, 
            {
              "decl": "const Standard_Real", 
              "type": "Standard_Real", 
              "name": "Sense"
            }, 
            {
              "decl": "const Standard_Real", 
              "type": "Standard_Real", 
              "name": "Tolerance"
            }, 
            {
              "decl": "const Standard_Boolean", 
              "type": "Standard_Boolean", 
              "name": "oncurve", 
              "default": "true"
            }
          ], 
          "name": "Perform", 
          "parent": "Bisector_BisecAna", 
          "cls": "memfun", 
          "extern": "1", 
          "throws": true
        }, 
        {
          "returnType": "void", 
          "arguments": [
            {
              "decl": "const Handle_Geom2d_Point &", 
              "type": "Handle_Geom2d_Point", 
              "name": "Pnt1"
            }, 
            {
              "decl": "const Handle_Geom2d_Point &", 
              "type": "Handle_Geom2d_Point", 
              "name": "Pnt2"
            }, 
            {
              "decl": "const gp_Pnt2d &", 
              "type": "gp_Pnt2d", 
              "name": "P"
            }, 
            {
              "decl": "const gp_Vec2d &", 
              "type": "gp_Vec2d", 
              "name": "V1"
            }, 
            {
              "decl": "const gp_Vec2d &", 
              "type": "gp_Vec2d", 
              "name": "V2"
            }, 
            {
              "decl": "const Standard_Real", 
              "type": "Standard_Real", 
              "name": "Sense"
            }, 
            {
              "decl": "const Standard_Real", 
              "type": "Standard_Real", 
              "name": "Tolerance", 
              "default": "0.0"
            }, 
            {
              "decl": "const Standard_Boolean", 
              "type": "Standard_Boolean", 
              "name": "oncurve", 
              "default": "true"
            }
          ], 
          "name": "Perform", 
          "parent": "Bisector_BisecAna", 
          "cls": "memfun", 
          "extern": "1", 
          "throws": true
        }, 
        {
          "returnType": "void", 
          "arguments": [
            {
              "decl": "const Handle_Geom2d_TrimmedCurve &", 
              "type": "Handle_Geom2d_TrimmedCurve", 
              "name": "bisector"
            }
          ], 
          "name": "Init", 
          "parent": "Bisector_BisecAna", 
          "cls": "memfun", 
          "extern": "1", 
          "throws": true
        }, 
        {
          "returnType": "Standard_Boolean", 
          "arguments": [], 
          "name": "IsExtendAtStart", 
          "parent": "Bisector_BisecAna", 
          "cls": "memfun", 
          "extern": "1", 
          "const": "1", 
          "throws": true, 
          "virtuality": "virtual"
        }, 
        {
          "returnType": "Standard_Boolean", 
          "arguments": [], 
          "name": "IsExtendAtEnd", 
          "parent": "Bisector_BisecAna", 
          "cls": "memfun", 
          "extern": "1", 
          "const": "1", 
          "throws": true, 
          "virtuality": "virtual"
        }, 
        {
          "returnType": "void", 
          "arguments": [
            {
              "decl": "const Handle_Geom2d_Curve &", 
              "type": "Handle_Geom2d_Curve", 
              "name": "Cu"
            }
          ], 
          "name": "SetTrim", 
          "parent": "Bisector_BisecAna", 
          "cls": "memfun", 
          "extern": "1", 
          "throws": true
        }, 
        {
          "returnType": "void", 
          "arguments": [
            {
              "decl": "const Standard_Real", 
              "type": "Standard_Real", 
              "name": "uf"
            }, 
            {
              "decl": "const Standard_Real", 
              "type": "Standard_Real", 
              "name": "ul"
            }
          ], 
          "name": "SetTrim", 
          "parent": "Bisector_BisecAna", 
          "cls": "memfun", 
          "extern": "1", 
          "throws": true
        }, 
        {
          "returnType": "void", 
          "arguments": [], 
          "name": "Reverse", 
          "parent": "Bisector_BisecAna", 
          "cls": "memfun", 
          "extern": "1", 
          "throws": true, 
          "virtuality": "virtual"
        }, 
        {
          "returnType": "Standard_Real", 
          "arguments": [
            {
              "decl": "const Standard_Real", 
              "type": "Standard_Real", 
              "name": "U"
            }
          ], 
          "name": "ReversedParameter", 
          "parent": "Bisector_BisecAna", 
          "cls": "memfun", 
          "extern": "1", 
          "const": "1", 
          "throws": true, 
          "virtuality": "virtual"
        }, 
        {
          "returnType": "Standard_Boolean", 
          "arguments": [
            {
              "decl": "const Standard_Integer", 
              "type": "Standard_Integer", 
              "name": "N"
            }
          ], 
          "name": "IsCN", 
          "parent": "Bisector_BisecAna", 
          "cls": "memfun", 
          "extern": "1", 
          "const": "1", 
          "throws": true, 
          "virtuality": "virtual"
        }, 
        {
          "returnType": "Handle_Geom2d_Geometry", 
          "arguments": [], 
          "name": "Copy", 
          "parent": "Bisector_BisecAna", 
          "cls": "memfun", 
          "extern": "1", 
          "const": "1", 
          "throws": true, 
          "virtuality": "virtual"
        }, 
        {
          "returnType": "void", 
          "arguments": [
            {
              "decl": "const gp_Trsf2d &", 
              "type": "gp_Trsf2d", 
              "name": "T"
            }
          ], 
          "name": "Transform", 
          "parent": "Bisector_BisecAna", 
          "cls": "memfun", 
          "extern": "1", 
          "throws": true, 
          "virtuality": "virtual"
        }, 
        {
          "returnType": "Standard_Real", 
          "arguments": [], 
          "name": "FirstParameter", 
          "parent": "Bisector_BisecAna", 
          "cls": "memfun", 
          "extern": "1", 
          "const": "1", 
          "throws": true, 
          "virtuality": "virtual"
        }, 
        {
          "returnType": "Standard_Real", 
          "arguments": [], 
          "name": "LastParameter", 
          "parent": "Bisector_BisecAna", 
          "cls": "memfun", 
          "extern": "1", 
          "const": "1", 
          "throws": true, 
          "virtuality": "virtual"
        }, 
        {
          "returnType": "Standard_Boolean", 
          "arguments": [], 
          "name": "IsClosed", 
          "parent": "Bisector_BisecAna", 
          "cls": "memfun", 
          "extern": "1", 
          "const": "1", 
          "throws": true, 
          "virtuality": "virtual"
        }, 
        {
          "returnType": "Standard_Boolean", 
          "arguments": [], 
          "name": "IsPeriodic", 
          "parent": "Bisector_BisecAna", 
          "cls": "memfun", 
          "extern": "1", 
          "const": "1", 
          "throws": true, 
          "virtuality": "virtual"
        }, 
        {
          "returnType": "GeomAbs_Shape", 
          "arguments": [], 
          "name": "Continuity", 
          "parent": "Bisector_BisecAna", 
          "cls": "memfun", 
          "extern": "1", 
          "const": "1", 
          "throws": true, 
          "virtuality": "virtual"
        }, 
        {
          "returnType": "void", 
          "arguments": [
            {
              "decl": "const Standard_Real", 
              "type": "Standard_Real", 
              "name": "U"
            }, 
            {
              "decl": "gp_Pnt2d &", 
              "type": "gp_Pnt2d", 
              "name": "P"
            }
          ], 
          "name": "D0", 
          "parent": "Bisector_BisecAna", 
          "cls": "memfun", 
          "extern": "1", 
          "const": "1", 
          "throws": true, 
          "virtuality": "virtual"
        }, 
        {
          "returnType": "void", 
          "arguments": [
            {
              "decl": "const Standard_Real", 
              "type": "Standard_Real", 
              "name": "U"
            }, 
            {
              "decl": "gp_Pnt2d &", 
              "type": "gp_Pnt2d", 
              "name": "P"
            }, 
            {
              "decl": "gp_Vec2d &", 
              "type": "gp_Vec2d", 
              "name": "V1"
            }
          ], 
          "name": "D1", 
          "parent": "Bisector_BisecAna", 
          "cls": "memfun", 
          "extern": "1", 
          "const": "1", 
          "throws": true, 
          "virtuality": "virtual"
        }, 
        {
          "returnType": "void", 
          "arguments": [
            {
              "decl": "const Standard_Real", 
              "type": "Standard_Real", 
              "name": "U"
            }, 
            {
              "decl": "gp_Pnt2d &", 
              "type": "gp_Pnt2d", 
              "name": "P"
            }, 
            {
              "decl": "gp_Vec2d &", 
              "type": "gp_Vec2d", 
              "name": "V1"
            }, 
            {
              "decl": "gp_Vec2d &", 
              "type": "gp_Vec2d", 
              "name": "V2"
            }
          ], 
          "name": "D2", 
          "parent": "Bisector_BisecAna", 
          "cls": "memfun", 
          "extern": "1", 
          "const": "1", 
          "throws": true, 
          "virtuality": "virtual"
        }, 
        {
          "returnType": "void", 
          "arguments": [
            {
              "decl": "const Standard_Real", 
              "type": "Standard_Real", 
              "name": "U"
            }, 
            {
              "decl": "gp_Pnt2d &", 
              "type": "gp_Pnt2d", 
              "name": "P"
            }, 
            {
              "decl": "gp_Vec2d &", 
              "type": "gp_Vec2d", 
              "name": "V1"
            }, 
            {
              "decl": "gp_Vec2d &", 
              "type": "gp_Vec2d", 
              "name": "V2"
            }, 
            {
              "decl": "gp_Vec2d &", 
              "type": "gp_Vec2d", 
              "name": "V3"
            }
          ], 
          "name": "D3", 
          "parent": "Bisector_BisecAna", 
          "cls": "memfun", 
          "extern": "1", 
          "const": "1", 
          "throws": true, 
          "virtuality": "virtual"
        }, 
        {
          "returnType": "gp_Vec2d", 
          "arguments": [
            {
              "decl": "const Standard_Real", 
              "type": "Standard_Real", 
              "name": "U"
            }, 
            {
              "decl": "const Standard_Integer", 
              "type": "Standard_Integer", 
              "name": "N"
            }
          ], 
          "name": "DN", 
          "parent": "Bisector_BisecAna", 
          "cls": "memfun", 
          "extern": "1", 
          "const": "1", 
          "throws": true, 
          "virtuality": "virtual"
        }, 
        {
          "returnType": "Handle_Geom2d_Curve", 
          "arguments": [], 
          "name": "Geom2dCurve", 
          "parent": "Bisector_BisecAna", 
          "cls": "memfun", 
          "extern": "1", 
          "const": "1", 
          "throws": true
        }, 
        {
          "returnType": "Standard_Real", 
          "arguments": [
            {
              "decl": "const gp_Pnt2d &", 
              "type": "gp_Pnt2d", 
              "name": "P"
            }
          ], 
          "name": "Parameter", 
          "parent": "Bisector_BisecAna", 
          "cls": "memfun", 
          "extern": "1", 
          "const": "1", 
          "throws": true, 
          "virtuality": "virtual"
        }, 
        {
          "returnType": "Standard_Real", 
          "arguments": [], 
          "name": "ParameterOfStartPoint", 
          "parent": "Bisector_BisecAna", 
          "cls": "memfun", 
          "extern": "1", 
          "const": "1", 
          "throws": true
        }, 
        {
          "returnType": "Standard_Real", 
          "arguments": [], 
          "name": "ParameterOfEndPoint", 
          "parent": "Bisector_BisecAna", 
          "cls": "memfun", 
          "extern": "1", 
          "const": "1", 
          "throws": true
        }, 
        {
          "returnType": "Standard_Integer", 
          "arguments": [], 
          "name": "NbIntervals", 
          "parent": "Bisector_BisecAna", 
          "cls": "memfun", 
          "extern": "1", 
          "const": "1", 
          "throws": true, 
          "virtuality": "virtual"
        }, 
        {
          "returnType": "Standard_Real", 
          "arguments": [
            {
              "decl": "const Standard_Integer", 
              "type": "Standard_Integer", 
              "name": "Index"
            }
          ], 
          "name": "IntervalFirst", 
          "parent": "Bisector_BisecAna", 
          "cls": "memfun", 
          "extern": "1", 
          "const": "1", 
          "throws": true, 
          "virtuality": "virtual"
        }, 
        {
          "returnType": "Standard_Real", 
          "arguments": [
            {
              "decl": "const Standard_Integer", 
              "type": "Standard_Integer", 
              "name": "Index"
            }
          ], 
          "name": "IntervalLast", 
          "parent": "Bisector_BisecAna", 
          "cls": "memfun", 
          "extern": "1", 
          "const": "1", 
          "throws": true, 
          "virtuality": "virtual"
        }, 
        {
          "returnType": "void", 
          "arguments": [
            {
              "decl": "const Standard_Integer", 
              "type": "Standard_Integer", 
              "name": "Deep", 
              "default": "0"
            }, 
            {
              "decl": "const Standard_Integer", 
              "type": "Standard_Integer", 
              "name": "Offset", 
              "default": "0"
            }
          ], 
          "name": "Dump", 
          "parent": "Bisector_BisecAna", 
          "cls": "memfun", 
          "extern": "1", 
          "const": "1", 
          "throws": true
        }, 
        {
          "returnType": "Handle_Standard_Type const &", 
          "arguments": [], 
          "name": "DynamicType", 
          "parent": "Bisector_BisecAna", 
          "cls": "memfun", 
          "extern": "1", 
          "const": "1", 
          "throws": true, 
          "virtuality": "virtual"
        }
      ], 
      "cls": "class"
    }, 
    {
      "name": "Bisector_PointOnBis", 
      "abstract": false, 
      "constructors": [
        {
          "returnType": "", 
          "arguments": [
            {
              "decl": "const Bisector_PointOnBis &", 
              "type": "Bisector_PointOnBis", 
              "name": "arg0"
            }
          ], 
          "name": "Bisector_PointOnBis", 
          "parent": "Bisector_PointOnBis", 
          "cls": "constructor", 
          "artificial": "1", 
          "copyConstructor": true
        }, 
        {
          "returnType": "", 
          "arguments": [], 
          "name": "Bisector_PointOnBis", 
          "parent": "Bisector_PointOnBis", 
          "cls": "constructor", 
          "extern": "1", 
          "throws": true
        }, 
        {
          "returnType": "", 
          "arguments": [
            {
              "decl": "const Standard_Real", 
              "type": "Standard_Real", 
              "name": "Param1"
            }, 
            {
              "decl": "const Standard_Real", 
              "type": "Standard_Real", 
              "name": "Param2"
            }, 
            {
              "decl": "const Standard_Real", 
              "type": "Standard_Real", 
              "name": "ParamBis"
            }, 
            {
              "decl": "const Standard_Real", 
              "type": "Standard_Real", 
              "name": "Distance"
            }, 
            {
              "decl": "const gp_Pnt2d &", 
              "type": "gp_Pnt2d", 
              "name": "Point"
            }
          ], 
          "name": "Bisector_PointOnBis", 
          "parent": "Bisector_PointOnBis", 
          "cls": "constructor", 
          "extern": "1", 
          "throws": true
        }
      ], 
      "artificial": "1", 
      "bases": [], 
      "location": [
        "/usr/local/include/oce/Bisector_PointOnBis.hxx", 
        32
      ], 
      "members": [
        {
          "returnType": "void", 
          "arguments": [
            {
              "decl": "const Standard_Real", 
              "type": "Standard_Real", 
              "name": "Param"
            }
          ], 
          "name": "ParamOnC1", 
          "parent": "Bisector_PointOnBis", 
          "cls": "memfun", 
          "extern": "1", 
          "throws": true
        }, 
        {
          "returnType": "void", 
          "arguments": [
            {
              "decl": "const Standard_Real", 
              "type": "Standard_Real", 
              "name": "Param"
            }
          ], 
          "name": "ParamOnC2", 
          "parent": "Bisector_PointOnBis", 
          "cls": "memfun", 
          "extern": "1", 
          "throws": true
        }, 
        {
          "returnType": "void", 
          "arguments": [
            {
              "decl": "const Standard_Real", 
              "type": "Standard_Real", 
              "name": "Param"
            }
          ], 
          "name": "ParamOnBis", 
          "parent": "Bisector_PointOnBis", 
          "cls": "memfun", 
          "extern": "1", 
          "throws": true
        }, 
        {
          "returnType": "void", 
          "arguments": [
            {
              "decl": "const Standard_Real", 
              "type": "Standard_Real", 
              "name": "Distance"
            }
          ], 
          "name": "Distance", 
          "parent": "Bisector_PointOnBis", 
          "cls": "memfun", 
          "extern": "1", 
          "throws": true
        }, 
        {
          "returnType": "void", 
          "arguments": [
            {
              "decl": "const Standard_Boolean", 
              "type": "Standard_Boolean", 
              "name": "Infinite"
            }
          ], 
          "name": "IsInfinite", 
          "parent": "Bisector_PointOnBis", 
          "cls": "memfun", 
          "extern": "1", 
          "throws": true
        }, 
        {
          "returnType": "void", 
          "arguments": [
            {
              "decl": "const gp_Pnt2d &", 
              "type": "gp_Pnt2d", 
              "name": "P"
            }
          ], 
          "name": "Point", 
          "parent": "Bisector_PointOnBis", 
          "cls": "memfun", 
          "extern": "1", 
          "throws": true
        }, 
        {
          "returnType": "Standard_Real", 
          "arguments": [], 
          "name": "ParamOnC1", 
          "parent": "Bisector_PointOnBis", 
          "cls": "memfun", 
          "extern": "1", 
          "const": "1", 
          "throws": true
        }, 
        {
          "returnType": "Standard_Real", 
          "arguments": [], 
          "name": "ParamOnC2", 
          "parent": "Bisector_PointOnBis", 
          "cls": "memfun", 
          "extern": "1", 
          "const": "1", 
          "throws": true
        }, 
        {
          "returnType": "Standard_Real", 
          "arguments": [], 
          "name": "ParamOnBis", 
          "parent": "Bisector_PointOnBis", 
          "cls": "memfun", 
          "extern": "1", 
          "const": "1", 
          "throws": true
        }, 
        {
          "returnType": "Standard_Real", 
          "arguments": [], 
          "name": "Distance", 
          "parent": "Bisector_PointOnBis", 
          "cls": "memfun", 
          "extern": "1", 
          "const": "1", 
          "throws": true
        }, 
        {
          "returnType": "gp_Pnt2d", 
          "arguments": [], 
          "name": "Point", 
          "parent": "Bisector_PointOnBis", 
          "cls": "memfun", 
          "extern": "1", 
          "const": "1", 
          "throws": true
        }, 
        {
          "returnType": "Standard_Boolean", 
          "arguments": [], 
          "name": "IsInfinite", 
          "parent": "Bisector_PointOnBis", 
          "cls": "memfun", 
          "extern": "1", 
          "const": "1", 
          "throws": true
        }, 
        {
          "returnType": "void", 
          "arguments": [], 
          "name": "Dump", 
          "parent": "Bisector_PointOnBis", 
          "cls": "memfun", 
          "extern": "1", 
          "const": "1", 
          "throws": true
        }
      ], 
      "cls": "class"
    }, 
    {
      "name": "Handle_Bisector_BisecAna", 
      "abstract": false, 
      "constructors": [
        {
          "returnType": "", 
          "arguments": [], 
          "name": "Handle_Bisector_BisecAna", 
          "parent": "Handle_Bisector_BisecAna", 
          "cls": "constructor", 
          "throws": true
        }, 
        {
          "returnType": "", 
          "arguments": [
            {
              "decl": "const Handle_Bisector_BisecAna &", 
              "type": "Handle_Bisector_BisecAna", 
              "name": "aHandle"
            }
          ], 
          "name": "Handle_Bisector_BisecAna", 
          "parent": "Handle_Bisector_BisecAna", 
          "cls": "constructor", 
          "throws": true, 
          "copyConstructor": true
        }, 
        {
          "returnType": "", 
          "arguments": [
            {
              "decl": "const Bisector_BisecAna *", 
              "type": "Bisector_BisecAna", 
              "name": "anItem"
            }
          ], 
          "name": "Handle_Bisector_BisecAna", 
          "parent": "Handle_Bisector_BisecAna", 
          "cls": "constructor", 
          "throws": true
        }
      ], 
      "artificial": "1", 
      "bases": [
        {
          "access": "public", 
          "name": "Handle_Bisector_Curve"
        }
      ], 
      "location": [
        "/usr/local/include/oce/Handle_Bisector_BisecAna.hxx", 
        25
      ], 
      "members": [
        {
          "returnType": "Handle_Bisector_BisecAna", 
          "arguments": [
            {
              "decl": "const Handle_Standard_Transient &", 
              "type": "Handle_Standard_Transient", 
              "name": "AnObject"
            }
          ], 
          "name": "DownCast", 
          "parent": "Handle_Bisector_BisecAna", 
          "cls": "memfun", 
          "static": "1", 
          "extern": "1", 
          "throws": true
        }
      ], 
      "cls": "class"
    }, 
    {
      "name": "Bisector_FunctionInter", 
      "abstract": false, 
      "constructors": [
        {
          "returnType": "", 
          "arguments": [
            {
              "decl": "const Bisector_FunctionInter &", 
              "type": "Bisector_FunctionInter", 
              "name": "arg0"
            }
          ], 
          "name": "Bisector_FunctionInter", 
          "parent": "Bisector_FunctionInter", 
          "cls": "constructor", 
          "artificial": "1", 
          "throws": true, 
          "copyConstructor": true
        }, 
        {
          "returnType": "", 
          "arguments": [], 
          "name": "Bisector_FunctionInter", 
          "parent": "Bisector_FunctionInter", 
          "cls": "constructor", 
          "extern": "1", 
          "throws": true
        }, 
        {
          "returnType": "", 
          "arguments": [
            {
              "decl": "const Handle_Geom2d_Curve &", 
              "type": "Handle_Geom2d_Curve", 
              "name": "C"
            }, 
            {
              "decl": "const Handle_Bisector_Curve &", 
              "type": "Handle_Bisector_Curve", 
              "name": "Bis1"
            }, 
            {
              "decl": "const Handle_Bisector_Curve &", 
              "type": "Handle_Bisector_Curve", 
              "name": "Bis2"
            }
          ], 
          "name": "Bisector_FunctionInter", 
          "parent": "Bisector_FunctionInter", 
          "cls": "constructor", 
          "extern": "1", 
          "throws": true
        }
      ], 
      "artificial": "1", 
      "bases": [
        {
          "access": "public", 
          "name": "math_FunctionWithDerivative"
        }
      ], 
      "location": [
        "/usr/local/include/oce/Bisector_FunctionInter.hxx", 
        40
      ], 
      "members": [
        {
          "returnType": "void", 
          "arguments": [
            {
              "decl": "const Handle_Geom2d_Curve &", 
              "type": "Handle_Geom2d_Curve", 
              "name": "C"
            }, 
            {
              "decl": "const Handle_Bisector_Curve &", 
              "type": "Handle_Bisector_Curve", 
              "name": "Bis1"
            }, 
            {
              "decl": "const Handle_Bisector_Curve &", 
              "type": "Handle_Bisector_Curve", 
              "name": "Bis2"
            }
          ], 
          "name": "Perform", 
          "parent": "Bisector_FunctionInter", 
          "cls": "memfun", 
          "extern": "1", 
          "throws": true
        }, 
        {
          "returnType": "Standard_Boolean", 
          "arguments": [
            {
              "decl": "const Standard_Real", 
              "type": "Standard_Real", 
              "name": "X"
            }, 
            {
              "decl": "Standard_Real &", 
              "type": "Standard_Real", 
              "name": "F"
            }
          ], 
          "name": "Value", 
          "parent": "Bisector_FunctionInter", 
          "cls": "memfun", 
          "extern": "1", 
          "throws": true, 
          "virtuality": "virtual"
        }, 
        {
          "returnType": "Standard_Boolean", 
          "arguments": [
            {
              "decl": "const Standard_Real", 
              "type": "Standard_Real", 
              "name": "X"
            }, 
            {
              "decl": "Standard_Real &", 
              "type": "Standard_Real", 
              "name": "D"
            }
          ], 
          "name": "Derivative", 
          "parent": "Bisector_FunctionInter", 
          "cls": "memfun", 
          "extern": "1", 
          "throws": true, 
          "virtuality": "virtual"
        }, 
        {
          "returnType": "Standard_Boolean", 
          "arguments": [
            {
              "decl": "const Standard_Real", 
              "type": "Standard_Real", 
              "name": "X"
            }, 
            {
              "decl": "Standard_Real &", 
              "type": "Standard_Real", 
              "name": "F"
            }, 
            {
              "decl": "Standard_Real &", 
              "type": "Standard_Real", 
              "name": "D"
            }
          ], 
          "name": "Values", 
          "parent": "Bisector_FunctionInter", 
          "cls": "memfun", 
          "extern": "1", 
          "throws": true, 
          "virtuality": "virtual"
        }
      ], 
      "cls": "class"
    }, 
    {
      "name": "Handle_Bisector_BisecCC", 
      "abstract": false, 
      "constructors": [
        {
          "returnType": "", 
          "arguments": [], 
          "name": "Handle_Bisector_BisecCC", 
          "parent": "Handle_Bisector_BisecCC", 
          "cls": "constructor", 
          "throws": true
        }, 
        {
          "returnType": "", 
          "arguments": [
            {
              "decl": "const Handle_Bisector_BisecCC &", 
              "type": "Handle_Bisector_BisecCC", 
              "name": "aHandle"
            }
          ], 
          "name": "Handle_Bisector_BisecCC", 
          "parent": "Handle_Bisector_BisecCC", 
          "cls": "constructor", 
          "throws": true, 
          "copyConstructor": true
        }, 
        {
          "returnType": "", 
          "arguments": [
            {
              "decl": "const Bisector_BisecCC *", 
              "type": "Bisector_BisecCC", 
              "name": "anItem"
            }
          ], 
          "name": "Handle_Bisector_BisecCC", 
          "parent": "Handle_Bisector_BisecCC", 
          "cls": "constructor", 
          "throws": true
        }
      ], 
      "artificial": "1", 
      "bases": [
        {
          "access": "public", 
          "name": "Handle_Bisector_Curve"
        }
      ], 
      "location": [
        "/usr/local/include/oce/Handle_Bisector_BisecCC.hxx", 
        25
      ], 
      "members": [
        {
          "returnType": "Handle_Bisector_BisecCC", 
          "arguments": [
            {
              "decl": "const Handle_Standard_Transient &", 
              "type": "Handle_Standard_Transient", 
              "name": "AnObject"
            }
          ], 
          "name": "DownCast", 
          "parent": "Handle_Bisector_BisecCC", 
          "cls": "memfun", 
          "static": "1", 
          "extern": "1", 
          "throws": true
        }
      ], 
      "cls": "class"
    }, 
    {
      "name": "Handle_Bisector_BisecPC", 
      "abstract": false, 
      "constructors": [
        {
          "returnType": "", 
          "arguments": [], 
          "name": "Handle_Bisector_BisecPC", 
          "parent": "Handle_Bisector_BisecPC", 
          "cls": "constructor", 
          "throws": true
        }, 
        {
          "returnType": "", 
          "arguments": [
            {
              "decl": "const Handle_Bisector_BisecPC &", 
              "type": "Handle_Bisector_BisecPC", 
              "name": "aHandle"
            }
          ], 
          "name": "Handle_Bisector_BisecPC", 
          "parent": "Handle_Bisector_BisecPC", 
          "cls": "constructor", 
          "throws": true, 
          "copyConstructor": true
        }, 
        {
          "returnType": "", 
          "arguments": [
            {
              "decl": "const Bisector_BisecPC *", 
              "type": "Bisector_BisecPC", 
              "name": "anItem"
            }
          ], 
          "name": "Handle_Bisector_BisecPC", 
          "parent": "Handle_Bisector_BisecPC", 
          "cls": "constructor", 
          "throws": true
        }
      ], 
      "artificial": "1", 
      "bases": [
        {
          "access": "public", 
          "name": "Handle_Bisector_Curve"
        }
      ], 
      "location": [
        "/usr/local/include/oce/Handle_Bisector_BisecPC.hxx", 
        25
      ], 
      "members": [
        {
          "returnType": "Handle_Bisector_BisecPC", 
          "arguments": [
            {
              "decl": "const Handle_Standard_Transient &", 
              "type": "Handle_Standard_Transient", 
              "name": "AnObject"
            }
          ], 
          "name": "DownCast", 
          "parent": "Handle_Bisector_BisecPC", 
          "cls": "memfun", 
          "static": "1", 
          "extern": "1", 
          "throws": true
        }
      ], 
      "cls": "class"
    }, 
    {
      "name": "Bisector_Inter", 
      "abstract": false, 
      "constructors": [
        {
          "returnType": "", 
          "arguments": [
            {
              "decl": "const Bisector_Inter &", 
              "type": "Bisector_Inter", 
              "name": "arg0"
            }
          ], 
          "name": "Bisector_Inter", 
          "parent": "Bisector_Inter", 
          "cls": "constructor", 
          "artificial": "1", 
          "throws": true, 
          "copyConstructor": true
        }, 
        {
          "returnType": "", 
          "arguments": [], 
          "name": "Bisector_Inter", 
          "parent": "Bisector_Inter", 
          "cls": "constructor", 
          "extern": "1", 
          "throws": true
        }, 
        {
          "returnType": "", 
          "arguments": [
            {
              "decl": "const Bisector_Bisec &", 
              "type": "Bisector_Bisec", 
              "name": "C1"
            }, 
            {
              "decl": "const IntRes2d_Domain &", 
              "type": "IntRes2d_Domain", 
              "name": "D1"
            }, 
            {
              "decl": "const Bisector_Bisec &", 
              "type": "Bisector_Bisec", 
              "name": "C2"
            }, 
            {
              "decl": "const IntRes2d_Domain &", 
              "type": "IntRes2d_Domain", 
              "name": "D2"
            }, 
            {
              "decl": "const Standard_Real", 
              "type": "Standard_Real", 
              "name": "TolConf"
            }, 
            {
              "decl": "const Standard_Real", 
              "type": "Standard_Real", 
              "name": "Tol"
            }, 
            {
              "decl": "const Standard_Boolean", 
              "type": "Standard_Boolean", 
              "name": "ComunElement"
            }
          ], 
          "name": "Bisector_Inter", 
          "parent": "Bisector_Inter", 
          "cls": "constructor", 
          "extern": "1", 
          "throws": true
        }
      ], 
      "artificial": "1", 
      "bases": [
        {
          "access": "public", 
          "name": "IntRes2d_Intersection"
        }
      ], 
      "location": [
        "/usr/local/include/oce/Bisector_Inter.hxx", 
        46
      ], 
      "members": [
        {
          "returnType": "void", 
          "arguments": [
            {
              "decl": "const Bisector_Bisec &", 
              "type": "Bisector_Bisec", 
              "name": "C1"
            }, 
            {
              "decl": "const IntRes2d_Domain &", 
              "type": "IntRes2d_Domain", 
              "name": "D1"
            }, 
            {
              "decl": "const Bisector_Bisec &", 
              "type": "Bisector_Bisec", 
              "name": "C2"
            }, 
            {
              "decl": "const IntRes2d_Domain &", 
              "type": "IntRes2d_Domain", 
              "name": "D2"
            }, 
            {
              "decl": "const Standard_Real", 
              "type": "Standard_Real", 
              "name": "TolConf"
            }, 
            {
              "decl": "const Standard_Real", 
              "type": "Standard_Real", 
              "name": "Tol"
            }, 
            {
              "decl": "const Standard_Boolean", 
              "type": "Standard_Boolean", 
              "name": "ComunElement"
            }
          ], 
          "name": "Perform", 
          "parent": "Bisector_Inter", 
          "cls": "memfun", 
          "extern": "1", 
          "throws": true
        }
      ], 
      "cls": "class"
    }, 
    {
      "name": "Bisector_PolyBis", 
      "abstract": false, 
      "constructors": [
        {
          "returnType": "", 
          "arguments": [
            {
              "decl": "const Bisector_PolyBis &", 
              "type": "Bisector_PolyBis", 
              "name": "arg0"
            }
          ], 
          "name": "Bisector_PolyBis", 
          "parent": "Bisector_PolyBis", 
          "cls": "constructor", 
          "artificial": "1", 
          "copyConstructor": true
        }, 
        {
          "returnType": "", 
          "arguments": [], 
          "name": "Bisector_PolyBis", 
          "parent": "Bisector_PolyBis", 
          "cls": "constructor", 
          "extern": "1", 
          "throws": true
        }
      ], 
      "artificial": "1", 
      "bases": [], 
      "location": [
        "/usr/local/include/oce/Bisector_PolyBis.hxx", 
        36
      ], 
      "members": [
        {
          "returnType": "void", 
          "arguments": [
            {
              "decl": "const Bisector_PointOnBis &", 
              "type": "Bisector_PointOnBis", 
              "name": "Point"
            }
          ], 
          "name": "Append", 
          "parent": "Bisector_PolyBis", 
          "cls": "memfun", 
          "extern": "1", 
          "throws": true
        }, 
        {
          "returnType": "Standard_Integer", 
          "arguments": [], 
          "name": "Length", 
          "parent": "Bisector_PolyBis", 
          "cls": "memfun", 
          "extern": "1", 
          "const": "1", 
          "throws": true
        }, 
        {
          "returnType": "Standard_Boolean", 
          "arguments": [], 
          "name": "IsEmpty", 
          "parent": "Bisector_PolyBis", 
          "cls": "memfun", 
          "extern": "1", 
          "const": "1", 
          "throws": true
        }, 
        {
          "returnType": "Bisector_PointOnBis const &", 
          "arguments": [
            {
              "decl": "const Standard_Integer", 
              "type": "Standard_Integer", 
              "name": "Index"
            }
          ], 
          "name": "Value", 
          "parent": "Bisector_PolyBis", 
          "cls": "memfun", 
          "extern": "1", 
          "const": "1", 
          "throws": true
        }, 
        {
          "returnType": "Bisector_PointOnBis const &", 
          "arguments": [], 
          "name": "First", 
          "parent": "Bisector_PolyBis", 
          "cls": "memfun", 
          "extern": "1", 
          "const": "1", 
          "throws": true
        }, 
        {
          "returnType": "Bisector_PointOnBis const &", 
          "arguments": [], 
          "name": "Last", 
          "parent": "Bisector_PolyBis", 
          "cls": "memfun", 
          "extern": "1", 
          "const": "1", 
          "throws": true
        }, 
        {
          "returnType": "Standard_Integer", 
          "arguments": [
            {
              "decl": "const Standard_Real", 
              "type": "Standard_Real", 
              "name": "U"
            }
          ], 
          "name": "Interval", 
          "parent": "Bisector_PolyBis", 
          "cls": "memfun", 
          "extern": "1", 
          "const": "1", 
          "throws": true
        }, 
        {
          "returnType": "void", 
          "arguments": [
            {
              "decl": "const gp_Trsf2d &", 
              "type": "gp_Trsf2d", 
              "name": "T"
            }
          ], 
          "name": "Transform", 
          "parent": "Bisector_PolyBis", 
          "cls": "memfun", 
          "extern": "1", 
          "throws": true
        }
      ], 
      "cls": "class"
    }, 
    {
      "name": "Bisector_FunctionH", 
      "abstract": false, 
      "constructors": [
        {
          "returnType": "", 
          "arguments": [
            {
              "decl": "const Bisector_FunctionH &", 
              "type": "Bisector_FunctionH", 
              "name": "arg0"
            }
          ], 
          "name": "Bisector_FunctionH", 
          "parent": "Bisector_FunctionH", 
          "cls": "constructor", 
          "artificial": "1", 
          "throws": true, 
          "copyConstructor": true
        }, 
        {
          "returnType": "", 
          "arguments": [
            {
              "decl": "const Handle_Geom2d_Curve &", 
              "type": "Handle_Geom2d_Curve", 
              "name": "C2"
            }, 
            {
              "decl": "const gp_Pnt2d &", 
              "type": "gp_Pnt2d", 
              "name": "P1"
            }, 
            {
              "decl": "const gp_Vec2d &", 
              "type": "gp_Vec2d", 
              "name": "T1"
            }
          ], 
          "name": "Bisector_FunctionH", 
          "parent": "Bisector_FunctionH", 
          "cls": "constructor", 
          "extern": "1", 
          "throws": true
        }
      ], 
      "artificial": "1", 
      "bases": [
        {
          "access": "public", 
          "name": "math_FunctionWithDerivative"
        }
      ], 
      "location": [
        "/usr/local/include/oce/Bisector_FunctionH.hxx", 
        45
      ], 
      "members": [
        {
          "returnType": "Standard_Boolean", 
          "arguments": [
            {
              "decl": "const Standard_Real", 
              "type": "Standard_Real", 
              "name": "X"
            }, 
            {
              "decl": "Standard_Real &", 
              "type": "Standard_Real", 
              "name": "F"
            }
          ], 
          "name": "Value", 
          "parent": "Bisector_FunctionH", 
          "cls": "memfun", 
          "extern": "1", 
          "throws": true, 
          "virtuality": "virtual"
        }, 
        {
          "returnType": "Standard_Boolean", 
          "arguments": [
            {
              "decl": "const Standard_Real", 
              "type": "Standard_Real", 
              "name": "X"
            }, 
            {
              "decl": "Standard_Real &", 
              "type": "Standard_Real", 
              "name": "D"
            }
          ], 
          "name": "Derivative", 
          "parent": "Bisector_FunctionH", 
          "cls": "memfun", 
          "extern": "1", 
          "throws": true, 
          "virtuality": "virtual"
        }, 
        {
          "returnType": "Standard_Boolean", 
          "arguments": [
            {
              "decl": "const Standard_Real", 
              "type": "Standard_Real", 
              "name": "X"
            }, 
            {
              "decl": "Standard_Real &", 
              "type": "Standard_Real", 
              "name": "F"
            }, 
            {
              "decl": "Standard_Real &", 
              "type": "Standard_Real", 
              "name": "D"
            }
          ], 
          "name": "Values", 
          "parent": "Bisector_FunctionH", 
          "cls": "memfun", 
          "extern": "1", 
          "throws": true, 
          "virtuality": "virtual"
        }
      ], 
      "cls": "class"
    }, 
    {
      "name": "Bisector_Bisec", 
      "abstract": false, 
      "constructors": [
        {
          "returnType": "", 
          "arguments": [
            {
              "decl": "const Bisector_Bisec &", 
              "type": "Bisector_Bisec", 
              "name": "arg0"
            }
          ], 
          "name": "Bisector_Bisec", 
          "parent": "Bisector_Bisec", 
          "cls": "constructor", 
          "artificial": "1", 
          "throws": true, 
          "copyConstructor": true
        }, 
        {
          "returnType": "", 
          "arguments": [], 
          "name": "Bisector_Bisec", 
          "parent": "Bisector_Bisec", 
          "cls": "constructor", 
          "extern": "1", 
          "throws": true
        }
      ], 
      "artificial": "1", 
      "bases": [], 
      "location": [
        "/usr/local/include/oce/Bisector_Bisec.hxx", 
        61
      ], 
      "members": [
        {
          "returnType": "void", 
          "arguments": [
            {
              "decl": "const Handle_Geom2d_Curve &", 
              "type": "Handle_Geom2d_Curve", 
              "name": "Cu1"
            }, 
            {
              "decl": "const Handle_Geom2d_Curve &", 
              "type": "Handle_Geom2d_Curve", 
              "name": "Cu2"
            }, 
            {
              "decl": "const gp_Pnt2d &", 
              "type": "gp_Pnt2d", 
              "name": "P"
            }, 
            {
              "decl": "const gp_Vec2d &", 
              "type": "gp_Vec2d", 
              "name": "V1"
            }, 
            {
              "decl": "const gp_Vec2d &", 
              "type": "gp_Vec2d", 
              "name": "V2"
            }, 
            {
              "decl": "const Standard_Real", 
              "type": "Standard_Real", 
              "name": "Sense"
            }, 
            {
              "decl": "const Standard_Real", 
              "type": "Standard_Real", 
              "name": "Tolerance"
            }, 
            {
              "decl": "const Standard_Boolean", 
              "type": "Standard_Boolean", 
              "name": "oncurve", 
              "default": "true"
            }
          ], 
          "name": "Perform", 
          "parent": "Bisector_Bisec", 
          "cls": "memfun", 
          "extern": "1", 
          "throws": true
        }, 
        {
          "returnType": "void", 
          "arguments": [
            {
              "decl": "const Handle_Geom2d_Curve &", 
              "type": "Handle_Geom2d_Curve", 
              "name": "Cu"
            }, 
            {
              "decl": "const Handle_Geom2d_Point &", 
              "type": "Handle_Geom2d_Point", 
              "name": "Pnt"
            }, 
            {
              "decl": "const gp_Pnt2d &", 
              "type": "gp_Pnt2d", 
              "name": "P"
            }, 
            {
              "decl": "const gp_Vec2d &", 
              "type": "gp_Vec2d", 
              "name": "V1"
            }, 
            {
              "decl": "const gp_Vec2d &", 
              "type": "gp_Vec2d", 
              "name": "V2"
            }, 
            {
              "decl": "const Standard_Real", 
              "type": "Standard_Real", 
              "name": "Sense"
            }, 
            {
              "decl": "const Standard_Real", 
              "type": "Standard_Real", 
              "name": "Tolerance"
            }, 
            {
              "decl": "const Standard_Boolean", 
              "type": "Standard_Boolean", 
              "name": "oncurve", 
              "default": "true"
            }
          ], 
          "name": "Perform", 
          "parent": "Bisector_Bisec", 
          "cls": "memfun", 
          "extern": "1", 
          "throws": true
        }, 
        {
          "returnType": "void", 
          "arguments": [
            {
              "decl": "const Handle_Geom2d_Point &", 
              "type": "Handle_Geom2d_Point", 
              "name": "Pnt"
            }, 
            {
              "decl": "const Handle_Geom2d_Curve &", 
              "type": "Handle_Geom2d_Curve", 
              "name": "Cu"
            }, 
            {
              "decl": "const gp_Pnt2d &", 
              "type": "gp_Pnt2d", 
              "name": "P"
            }, 
            {
              "decl": "const gp_Vec2d &", 
              "type": "gp_Vec2d", 
              "name": "V1"
            }, 
            {
              "decl": "const gp_Vec2d &", 
              "type": "gp_Vec2d", 
              "name": "V2"
            }, 
            {
              "decl": "const Standard_Real", 
              "type": "Standard_Real", 
              "name": "Sense"
            }, 
            {
              "decl": "const Standard_Real", 
              "type": "Standard_Real", 
              "name": "Tolerance"
            }, 
            {
              "decl": "const Standard_Boolean", 
              "type": "Standard_Boolean", 
              "name": "oncurve", 
              "default": "true"
            }
          ], 
          "name": "Perform", 
          "parent": "Bisector_Bisec", 
          "cls": "memfun", 
          "extern": "1", 
          "throws": true
        }, 
        {
          "returnType": "void", 
          "arguments": [
            {
              "decl": "const Handle_Geom2d_Point &", 
              "type": "Handle_Geom2d_Point", 
              "name": "Pnt1"
            }, 
            {
              "decl": "const Handle_Geom2d_Point &", 
              "type": "Handle_Geom2d_Point", 
              "name": "Pnt2"
            }, 
            {
              "decl": "const gp_Pnt2d &", 
              "type": "gp_Pnt2d", 
              "name": "P"
            }, 
            {
              "decl": "const gp_Vec2d &", 
              "type": "gp_Vec2d", 
              "name": "V1"
            }, 
            {
              "decl": "const gp_Vec2d &", 
              "type": "gp_Vec2d", 
              "name": "V2"
            }, 
            {
              "decl": "const Standard_Real", 
              "type": "Standard_Real", 
              "name": "Sense"
            }, 
            {
              "decl": "const Standard_Real", 
              "type": "Standard_Real", 
              "name": "Tolerance", 
              "default": "0.0"
            }, 
            {
              "decl": "const Standard_Boolean", 
              "type": "Standard_Boolean", 
              "name": "oncurve", 
              "default": "true"
            }
          ], 
          "name": "Perform", 
          "parent": "Bisector_Bisec", 
          "cls": "memfun", 
          "extern": "1", 
          "throws": true
        }, 
        {
          "returnType": "Handle_Geom2d_TrimmedCurve const &", 
          "arguments": [], 
          "name": "Value", 
          "parent": "Bisector_Bisec", 
          "cls": "memfun", 
          "extern": "1", 
          "const": "1", 
          "throws": true
        }, 
        {
          "returnType": "Handle_Geom2d_TrimmedCurve const &", 
          "arguments": [], 
          "name": "ChangeValue", 
          "parent": "Bisector_Bisec", 
          "cls": "memfun", 
          "extern": "1", 
          "throws": true
        }
      ], 
      "cls": "class"
    }
  ], 
  "headers": [
    "Bisector_BisecPC.hxx", 
    "Bisector_PointOnBis.hxx", 
    "Bisector_BisecAna.hxx", 
    "Bisector_BisecCC.hxx", 
    "Bisector_Inter.hxx", 
    "Bisector_PolyBis.hxx", 
    "Bisector_FunctionH.hxx", 
    "Bisector_Bisec.hxx", 
    "Bisector_FunctionInter.hxx", 
    "Bisector_Curve.hxx"
  ], 
  "enums": [], 
  "typedefs": [], 
  "name": "Bisector"
}