{
  "classes": [
    {
      "name": "BRepClass3d_SClassifier", 
      "abstract": false, 
      "constructors": [
        {
          "returnType": "", 
          "arguments": [
            {
              "decl": "const BRepClass3d_SClassifier &", 
              "type": "BRepClass3d_SClassifier", 
              "name": "arg0"
            }
          ], 
          "name": "BRepClass3d_SClassifier", 
          "parent": "BRepClass3d_SClassifier", 
          "cls": "constructor", 
          "artificial": "1", 
          "throws": true, 
          "copyConstructor": true
        }, 
        {
          "returnType": "", 
          "arguments": [], 
          "name": "BRepClass3d_SClassifier", 
          "parent": "BRepClass3d_SClassifier", 
          "cls": "constructor", 
          "extern": "1", 
          "throws": true
        }, 
        {
          "returnType": "", 
          "arguments": [
            {
              "decl": "BRepClass3d_SolidExplorer &", 
              "type": "BRepClass3d_SolidExplorer", 
              "name": "S"
            }, 
            {
              "decl": "const gp_Pnt &", 
              "type": "gp_Pnt", 
              "name": "P"
            }, 
            {
              "decl": "const Standard_Real", 
              "type": "Standard_Real", 
              "name": "Tol"
            }
          ], 
          "name": "BRepClass3d_SClassifier", 
          "parent": "BRepClass3d_SClassifier", 
          "cls": "constructor", 
          "extern": "1", 
          "throws": true
        }
      ], 
      "artificial": "1", 
      "bases": [], 
      "location": [
        "/usr/local/include/oce/BRepClass3d_SClassifier.hxx", 
        41
      ], 
      "members": [
        {
          "returnType": "void", 
          "arguments": [
            {
              "decl": "BRepClass3d_SolidExplorer &", 
              "type": "BRepClass3d_SolidExplorer", 
              "name": "S"
            }, 
            {
              "decl": "const gp_Pnt &", 
              "type": "gp_Pnt", 
              "name": "P"
            }, 
            {
              "decl": "const Standard_Real", 
              "type": "Standard_Real", 
              "name": "Tol"
            }
          ], 
          "name": "Perform", 
          "parent": "BRepClass3d_SClassifier", 
          "cls": "memfun", 
          "extern": "1", 
          "throws": true
        }, 
        {
          "returnType": "void", 
          "arguments": [
            {
              "decl": "BRepClass3d_SolidExplorer &", 
              "type": "BRepClass3d_SolidExplorer", 
              "name": "S"
            }, 
            {
              "decl": "const Standard_Real", 
              "type": "Standard_Real", 
              "name": "Tol"
            }
          ], 
          "name": "PerformInfinitePoint", 
          "parent": "BRepClass3d_SClassifier", 
          "cls": "memfun", 
          "extern": "1", 
          "throws": true
        }, 
        {
          "returnType": "Standard_Boolean", 
          "arguments": [], 
          "name": "Rejected", 
          "parent": "BRepClass3d_SClassifier", 
          "cls": "memfun", 
          "extern": "1", 
          "const": "1", 
          "throws": true
        }, 
        {
          "returnType": "TopAbs_State", 
          "arguments": [], 
          "name": "State", 
          "parent": "BRepClass3d_SClassifier", 
          "cls": "memfun", 
          "extern": "1", 
          "const": "1", 
          "throws": true
        }, 
        {
          "returnType": "Standard_Boolean", 
          "arguments": [], 
          "name": "IsOnAFace", 
          "parent": "BRepClass3d_SClassifier", 
          "cls": "memfun", 
          "extern": "1", 
          "const": "1", 
          "throws": true
        }, 
        {
          "returnType": "TopoDS_Face", 
          "arguments": [], 
          "name": "Face", 
          "parent": "BRepClass3d_SClassifier", 
          "cls": "memfun", 
          "extern": "1", 
          "const": "1", 
          "throws": true
        }
      ], 
      "cls": "class"
    }, 
    {
      "name": "Handle_BRepClass3d_DataMapNodeOfMapOfInter", 
      "abstract": false, 
      "constructors": [
        {
          "returnType": "", 
          "arguments": [], 
          "name": "Handle_BRepClass3d_DataMapNodeOfMapOfInter", 
          "parent": "Handle_BRepClass3d_DataMapNodeOfMapOfInter", 
          "cls": "constructor", 
          "throws": true
        }, 
        {
          "returnType": "", 
          "arguments": [
            {
              "decl": "const Handle_BRepClass3d_DataMapNodeOfMapOfInter &", 
              "type": "Handle_BRepClass3d_DataMapNodeOfMapOfInter", 
              "name": "aHandle"
            }
          ], 
          "name": "Handle_BRepClass3d_DataMapNodeOfMapOfInter", 
          "parent": "Handle_BRepClass3d_DataMapNodeOfMapOfInter", 
          "cls": "constructor", 
          "throws": true, 
          "copyConstructor": true
        }, 
        {
          "returnType": "", 
          "arguments": [
            {
              "decl": "const BRepClass3d_DataMapNodeOfMapOfInter *", 
              "type": "BRepClass3d_DataMapNodeOfMapOfInter", 
              "name": "anItem"
            }
          ], 
          "name": "Handle_BRepClass3d_DataMapNodeOfMapOfInter", 
          "parent": "Handle_BRepClass3d_DataMapNodeOfMapOfInter", 
          "cls": "constructor", 
          "throws": true
        }
      ], 
      "artificial": "1", 
      "bases": [
        {
          "access": "public", 
          "name": "Handle_TCollection_MapNode"
        }
      ], 
      "location": [
        "/usr/local/include/oce/Handle_BRepClass3d_DataMapNodeOfMapOfInter.hxx", 
        25
      ], 
      "members": [
        {
          "returnType": "Handle_BRepClass3d_DataMapNodeOfMapOfInter", 
          "arguments": [
            {
              "decl": "const Handle_Standard_Transient &", 
              "type": "Handle_Standard_Transient", 
              "name": "AnObject"
            }
          ], 
          "name": "DownCast", 
          "parent": "Handle_BRepClass3d_DataMapNodeOfMapOfInter", 
          "cls": "memfun", 
          "static": "1", 
          "extern": "1", 
          "throws": true
        }
      ], 
      "cls": "class"
    }, 
    {
      "name": "BRepClass3d_SolidExplorer", 
      "abstract": false, 
      "constructors": [
        {
          "returnType": "", 
          "arguments": [], 
          "name": "BRepClass3d_SolidExplorer", 
          "parent": "BRepClass3d_SolidExplorer", 
          "cls": "constructor", 
          "extern": "1", 
          "throws": true
        }, 
        {
          "returnType": "", 
          "arguments": [
            {
              "decl": "const BRepClass3d_SolidExplorer &", 
              "type": "BRepClass3d_SolidExplorer", 
              "name": "Oth"
            }
          ], 
          "name": "BRepClass3d_SolidExplorer", 
          "parent": "BRepClass3d_SolidExplorer", 
          "cls": "constructor", 
          "extern": "1", 
          "throws": true, 
          "copyConstructor": true
        }, 
        {
          "returnType": "", 
          "arguments": [
            {
              "decl": "const TopoDS_Shape &", 
              "type": "TopoDS_Shape", 
              "name": "S"
            }
          ], 
          "name": "BRepClass3d_SolidExplorer", 
          "parent": "BRepClass3d_SolidExplorer", 
          "cls": "constructor", 
          "extern": "1", 
          "throws": true
        }
      ], 
      "artificial": "1", 
      "bases": [], 
      "location": [
        "/usr/local/include/oce/BRepClass3d_SolidExplorer.hxx", 
        59
      ], 
      "members": [
        {
          "returnType": "void", 
          "arguments": [], 
          "name": "Delete", 
          "parent": "BRepClass3d_SolidExplorer", 
          "cls": "memfun", 
          "extern": "1", 
          "throws": true, 
          "virtuality": "virtual"
        }, 
        {
          "returnType": "void", 
          "arguments": [
            {
              "decl": "const TopoDS_Shape &", 
              "type": "TopoDS_Shape", 
              "name": "S"
            }
          ], 
          "name": "InitShape", 
          "parent": "BRepClass3d_SolidExplorer", 
          "cls": "memfun", 
          "extern": "1", 
          "throws": true
        }, 
        {
          "returnType": "Standard_Boolean", 
          "arguments": [
            {
              "decl": "const gp_Pnt &", 
              "type": "gp_Pnt", 
              "name": "P"
            }
          ], 
          "name": "Reject", 
          "parent": "BRepClass3d_SolidExplorer", 
          "cls": "memfun", 
          "extern": "1", 
          "const": "1", 
          "throws": true, 
          "virtuality": "virtual"
        }, 
        {
          "returnType": "Standard_Boolean", 
          "arguments": [
            {
              "decl": "const TopoDS_Face &", 
              "type": "TopoDS_Face", 
              "name": "F"
            }, 
            {
              "decl": "gp_Pnt &", 
              "type": "gp_Pnt", 
              "name": "P"
            }, 
            {
              "decl": "Standard_Real &", 
              "type": "Standard_Real", 
              "name": "Param"
            }
          ], 
          "name": "FindAPointInTheFace", 
          "parent": "BRepClass3d_SolidExplorer", 
          "cls": "memfun", 
          "static": "1", 
          "extern": "1", 
          "throws": true
        }, 
        {
          "returnType": "Standard_Boolean", 
          "arguments": [
            {
              "decl": "const TopoDS_Face &", 
              "type": "TopoDS_Face", 
              "name": "F"
            }, 
            {
              "decl": "gp_Pnt &", 
              "type": "gp_Pnt", 
              "name": "P"
            }, 
            {
              "decl": "Standard_Real &", 
              "type": "Standard_Real", 
              "name": "u"
            }, 
            {
              "decl": "Standard_Real &", 
              "type": "Standard_Real", 
              "name": "v"
            }, 
            {
              "decl": "Standard_Real &", 
              "type": "Standard_Real", 
              "name": "Param"
            }
          ], 
          "name": "FindAPointInTheFace", 
          "parent": "BRepClass3d_SolidExplorer", 
          "cls": "memfun", 
          "static": "1", 
          "extern": "1", 
          "throws": true
        }, 
        {
          "returnType": "Standard_Boolean", 
          "arguments": [
            {
              "decl": "const TopoDS_Face &", 
              "type": "TopoDS_Face", 
              "name": "F"
            }, 
            {
              "decl": "gp_Pnt &", 
              "type": "gp_Pnt", 
              "name": "P"
            }, 
            {
              "decl": "Standard_Real &", 
              "type": "Standard_Real", 
              "name": "u"
            }, 
            {
              "decl": "Standard_Real &", 
              "type": "Standard_Real", 
              "name": "v"
            }, 
            {
              "decl": "Standard_Real &", 
              "type": "Standard_Real", 
              "name": "Param"
            }, 
            {
              "decl": "gp_Vec &", 
              "type": "gp_Vec", 
              "name": "theVecD1U"
            }, 
            {
              "decl": "gp_Vec &", 
              "type": "gp_Vec", 
              "name": "theVecD1V"
            }
          ], 
          "name": "FindAPointInTheFace", 
          "parent": "BRepClass3d_SolidExplorer", 
          "cls": "memfun", 
          "static": "1", 
          "extern": "1", 
          "throws": true
        }, 
        {
          "returnType": "Standard_Boolean", 
          "arguments": [
            {
              "decl": "const TopoDS_Face &", 
              "type": "TopoDS_Face", 
              "name": "F"
            }, 
            {
              "decl": "gp_Pnt &", 
              "type": "gp_Pnt", 
              "name": "P"
            }, 
            {
              "decl": "Standard_Real &", 
              "type": "Standard_Real", 
              "name": "u"
            }, 
            {
              "decl": "Standard_Real &", 
              "type": "Standard_Real", 
              "name": "v"
            }
          ], 
          "name": "FindAPointInTheFace", 
          "parent": "BRepClass3d_SolidExplorer", 
          "cls": "memfun", 
          "static": "1", 
          "extern": "1", 
          "throws": true
        }, 
        {
          "returnType": "Standard_Boolean", 
          "arguments": [
            {
              "decl": "const TopoDS_Face &", 
              "type": "TopoDS_Face", 
              "name": "F"
            }, 
            {
              "decl": "gp_Pnt &", 
              "type": "gp_Pnt", 
              "name": "P"
            }
          ], 
          "name": "FindAPointInTheFace", 
          "parent": "BRepClass3d_SolidExplorer", 
          "cls": "memfun", 
          "static": "1", 
          "extern": "1", 
          "throws": true
        }, 
        {
          "returnType": "Standard_Boolean", 
          "arguments": [
            {
              "decl": "const TopoDS_Face &", 
              "type": "TopoDS_Face", 
              "name": "F"
            }, 
            {
              "decl": "Standard_Real &", 
              "type": "Standard_Real", 
              "name": "u"
            }, 
            {
              "decl": "Standard_Real &", 
              "type": "Standard_Real", 
              "name": "v"
            }
          ], 
          "name": "FindAPointInTheFace", 
          "parent": "BRepClass3d_SolidExplorer", 
          "cls": "memfun", 
          "static": "1", 
          "extern": "1", 
          "throws": true
        }, 
        {
          "returnType": "Standard_Boolean", 
          "arguments": [
            {
              "decl": "const TopoDS_Face &", 
              "type": "TopoDS_Face", 
              "name": "F"
            }, 
            {
              "decl": "gp_Pnt &", 
              "type": "gp_Pnt", 
              "name": "P"
            }, 
            {
              "decl": "Standard_Real &", 
              "type": "Standard_Real", 
              "name": "u"
            }, 
            {
              "decl": "Standard_Real &", 
              "type": "Standard_Real", 
              "name": "v"
            }, 
            {
              "decl": "Standard_Real &", 
              "type": "Standard_Real", 
              "name": "Param"
            }, 
            {
              "decl": "Standard_Integer &", 
              "type": "Standard_Integer", 
              "name": "Index"
            }
          ], 
          "name": "PointInTheFace", 
          "parent": "BRepClass3d_SolidExplorer", 
          "cls": "memfun", 
          "extern": "1", 
          "const": "1", 
          "throws": true
        }, 
        {
          "returnType": "Standard_Boolean", 
          "arguments": [
            {
              "decl": "const TopoDS_Face &", 
              "type": "TopoDS_Face", 
              "name": "F"
            }, 
            {
              "decl": "gp_Pnt &", 
              "type": "gp_Pnt", 
              "name": "P"
            }, 
            {
              "decl": "Standard_Real &", 
              "type": "Standard_Real", 
              "name": "u"
            }, 
            {
              "decl": "Standard_Real &", 
              "type": "Standard_Real", 
              "name": "v"
            }, 
            {
              "decl": "Standard_Real &", 
              "type": "Standard_Real", 
              "name": "Param"
            }, 
            {
              "decl": "Standard_Integer &", 
              "type": "Standard_Integer", 
              "name": "Index"
            }, 
            {
              "decl": "const Handle_BRepAdaptor_HSurface &", 
              "type": "Handle_BRepAdaptor_HSurface", 
              "name": "surf"
            }, 
            {
              "decl": "const Standard_Real", 
              "type": "Standard_Real", 
              "name": "u1"
            }, 
            {
              "decl": "const Standard_Real", 
              "type": "Standard_Real", 
              "name": "v1"
            }, 
            {
              "decl": "const Standard_Real", 
              "type": "Standard_Real", 
              "name": "u2"
            }, 
            {
              "decl": "const Standard_Real", 
              "type": "Standard_Real", 
              "name": "v2"
            }
          ], 
          "name": "PointInTheFace", 
          "parent": "BRepClass3d_SolidExplorer", 
          "cls": "memfun", 
          "extern": "1", 
          "const": "1", 
          "throws": true
        }, 
        {
          "returnType": "Standard_Boolean", 
          "arguments": [
            {
              "decl": "const TopoDS_Face &", 
              "type": "TopoDS_Face", 
              "name": "F"
            }, 
            {
              "decl": "gp_Pnt &", 
              "type": "gp_Pnt", 
              "name": "P"
            }, 
            {
              "decl": "Standard_Real &", 
              "type": "Standard_Real", 
              "name": "u"
            }, 
            {
              "decl": "Standard_Real &", 
              "type": "Standard_Real", 
              "name": "v"
            }, 
            {
              "decl": "Standard_Real &", 
              "type": "Standard_Real", 
              "name": "Param"
            }, 
            {
              "decl": "Standard_Integer &", 
              "type": "Standard_Integer", 
              "name": "Index"
            }, 
            {
              "decl": "const Handle_BRepAdaptor_HSurface &", 
              "type": "Handle_BRepAdaptor_HSurface", 
              "name": "surf"
            }, 
            {
              "decl": "const Standard_Real", 
              "type": "Standard_Real", 
              "name": "u1"
            }, 
            {
              "decl": "const Standard_Real", 
              "type": "Standard_Real", 
              "name": "v1"
            }, 
            {
              "decl": "const Standard_Real", 
              "type": "Standard_Real", 
              "name": "u2"
            }, 
            {
              "decl": "const Standard_Real", 
              "type": "Standard_Real", 
              "name": "v2"
            }, 
            {
              "decl": "gp_Vec &", 
              "type": "gp_Vec", 
              "name": "theVecD1U"
            }, 
            {
              "decl": "gp_Vec &", 
              "type": "gp_Vec", 
              "name": "theVecD1V"
            }
          ], 
          "name": "PointInTheFace", 
          "parent": "BRepClass3d_SolidExplorer", 
          "cls": "memfun", 
          "extern": "1", 
          "const": "1", 
          "throws": true
        }, 
        {
          "returnType": "void", 
          "arguments": [], 
          "name": "InitShell", 
          "parent": "BRepClass3d_SolidExplorer", 
          "cls": "memfun", 
          "extern": "1", 
          "throws": true
        }, 
        {
          "returnType": "Standard_Boolean", 
          "arguments": [], 
          "name": "MoreShell", 
          "parent": "BRepClass3d_SolidExplorer", 
          "cls": "memfun", 
          "extern": "1", 
          "const": "1", 
          "throws": true
        }, 
        {
          "returnType": "void", 
          "arguments": [], 
          "name": "NextShell", 
          "parent": "BRepClass3d_SolidExplorer", 
          "cls": "memfun", 
          "extern": "1", 
          "throws": true
        }, 
        {
          "returnType": "TopoDS_Shell", 
          "arguments": [], 
          "name": "CurrentShell", 
          "parent": "BRepClass3d_SolidExplorer", 
          "cls": "memfun", 
          "extern": "1", 
          "const": "1", 
          "throws": true
        }, 
        {
          "returnType": "Standard_Boolean", 
          "arguments": [
            {
              "decl": "const gp_Lin &", 
              "type": "gp_Lin", 
              "name": "L"
            }
          ], 
          "name": "RejectShell", 
          "parent": "BRepClass3d_SolidExplorer", 
          "cls": "memfun", 
          "extern": "1", 
          "const": "1", 
          "throws": true, 
          "virtuality": "virtual"
        }, 
        {
          "returnType": "void", 
          "arguments": [], 
          "name": "InitFace", 
          "parent": "BRepClass3d_SolidExplorer", 
          "cls": "memfun", 
          "extern": "1", 
          "throws": true
        }, 
        {
          "returnType": "Standard_Boolean", 
          "arguments": [], 
          "name": "MoreFace", 
          "parent": "BRepClass3d_SolidExplorer", 
          "cls": "memfun", 
          "extern": "1", 
          "const": "1", 
          "throws": true
        }, 
        {
          "returnType": "void", 
          "arguments": [], 
          "name": "NextFace", 
          "parent": "BRepClass3d_SolidExplorer", 
          "cls": "memfun", 
          "extern": "1", 
          "throws": true
        }, 
        {
          "returnType": "TopoDS_Face", 
          "arguments": [], 
          "name": "CurrentFace", 
          "parent": "BRepClass3d_SolidExplorer", 
          "cls": "memfun", 
          "extern": "1", 
          "const": "1", 
          "throws": true
        }, 
        {
          "returnType": "Standard_Boolean", 
          "arguments": [
            {
              "decl": "const gp_Lin &", 
              "type": "gp_Lin", 
              "name": "L"
            }
          ], 
          "name": "RejectFace", 
          "parent": "BRepClass3d_SolidExplorer", 
          "cls": "memfun", 
          "extern": "1", 
          "const": "1", 
          "throws": true, 
          "virtuality": "virtual"
        }, 
        {
          "returnType": "Standard_Integer", 
          "arguments": [
            {
              "decl": "const gp_Pnt &", 
              "type": "gp_Pnt", 
              "name": "P"
            }, 
            {
              "decl": "gp_Lin &", 
              "type": "gp_Lin", 
              "name": "L"
            }, 
            {
              "decl": "Standard_Real &", 
              "type": "Standard_Real", 
              "name": "Par"
            }
          ], 
          "name": "Segment", 
          "parent": "BRepClass3d_SolidExplorer", 
          "cls": "memfun", 
          "extern": "1", 
          "throws": true
        }, 
        {
          "returnType": "Standard_Integer", 
          "arguments": [
            {
              "decl": "const gp_Pnt &", 
              "type": "gp_Pnt", 
              "name": "P"
            }, 
            {
              "decl": "gp_Lin &", 
              "type": "gp_Lin", 
              "name": "L"
            }, 
            {
              "decl": "Standard_Real &", 
              "type": "Standard_Real", 
              "name": "Par"
            }
          ], 
          "name": "OtherSegment", 
          "parent": "BRepClass3d_SolidExplorer", 
          "cls": "memfun", 
          "extern": "1", 
          "throws": true
        }, 
        {
          "returnType": "Standard_Integer", 
          "arguments": [], 
          "name": "GetFaceSegmentIndex", 
          "parent": "BRepClass3d_SolidExplorer", 
          "cls": "memfun", 
          "extern": "1", 
          "const": "1", 
          "throws": true
        }, 
        {
          "returnType": "void", 
          "arguments": [
            {
              "decl": "const gp_Pnt &", 
              "type": "gp_Pnt", 
              "name": "P"
            }, 
            {
              "decl": "const gp_Lin &", 
              "type": "gp_Lin", 
              "name": "L"
            }, 
            {
              "decl": "const Standard_Real", 
              "type": "Standard_Real", 
              "name": "Par"
            }, 
            {
              "decl": "const TopAbs_State", 
              "type": "TopAbs_State", 
              "name": "S"
            }
          ], 
          "name": "DumpSegment", 
          "parent": "BRepClass3d_SolidExplorer", 
          "cls": "memfun", 
          "extern": "1", 
          "const": "1", 
          "throws": true, 
          "virtuality": "virtual"
        }, 
        {
          "returnType": "Bnd_Box const &", 
          "arguments": [], 
          "name": "Box", 
          "parent": "BRepClass3d_SolidExplorer", 
          "cls": "memfun", 
          "extern": "1", 
          "const": "1", 
          "throws": true
        }, 
        {
          "returnType": "IntCurvesFace_Intersector &", 
          "arguments": [
            {
              "decl": "const TopoDS_Face &", 
              "type": "TopoDS_Face", 
              "name": "F"
            }
          ], 
          "name": "Intersector", 
          "parent": "BRepClass3d_SolidExplorer", 
          "cls": "memfun", 
          "extern": "1", 
          "const": "1", 
          "throws": true
        }, 
        {
          "returnType": "void", 
          "arguments": [], 
          "name": "Destroy", 
          "parent": "BRepClass3d_SolidExplorer", 
          "cls": "memfun", 
          "extern": "1", 
          "throws": true
        }
      ], 
      "cls": "class"
    }, 
    {
      "name": "BRepClass3d_MapOfInter", 
      "abstract": false, 
      "constructors": [
        {
          "returnType": "", 
          "arguments": [
            {
              "decl": "const Standard_Integer", 
              "type": "Standard_Integer", 
              "name": "NbBuckets", 
              "default": "1"
            }
          ], 
          "name": "BRepClass3d_MapOfInter", 
          "parent": "BRepClass3d_MapOfInter", 
          "cls": "constructor", 
          "extern": "1", 
          "throws": true
        }
      ], 
      "artificial": "1", 
      "bases": [
        {
          "access": "public", 
          "name": "TCollection_BasicMap"
        }
      ], 
      "location": [
        "/usr/local/include/oce/BRepClass3d_MapOfInter.hxx", 
        43
      ], 
      "members": [
        {
          "returnType": "BRepClass3d_MapOfInter &", 
          "arguments": [
            {
              "decl": "const BRepClass3d_MapOfInter &", 
              "type": "BRepClass3d_MapOfInter", 
              "name": "Other"
            }
          ], 
          "name": "Assign", 
          "parent": "BRepClass3d_MapOfInter", 
          "cls": "memfun", 
          "extern": "1", 
          "throws": true
        }, 
        {
          "returnType": "void", 
          "arguments": [
            {
              "decl": "const Standard_Integer", 
              "type": "Standard_Integer", 
              "name": "NbBuckets"
            }
          ], 
          "name": "ReSize", 
          "parent": "BRepClass3d_MapOfInter", 
          "cls": "memfun", 
          "extern": "1", 
          "throws": true
        }, 
        {
          "returnType": "void", 
          "arguments": [], 
          "name": "Clear", 
          "parent": "BRepClass3d_MapOfInter", 
          "cls": "memfun", 
          "extern": "1", 
          "throws": true
        }, 
        {
          "returnType": "Standard_Boolean", 
          "arguments": [
            {
              "decl": "const TopoDS_Shape &", 
              "type": "TopoDS_Shape", 
              "name": "K"
            }, 
            {
              "decl": "const Standard_Address &", 
              "type": "Standard_Address", 
              "name": "I"
            }
          ], 
          "name": "Bind", 
          "parent": "BRepClass3d_MapOfInter", 
          "cls": "memfun", 
          "extern": "1", 
          "throws": true
        }, 
        {
          "returnType": "Standard_Boolean", 
          "arguments": [
            {
              "decl": "const TopoDS_Shape &", 
              "type": "TopoDS_Shape", 
              "name": "K"
            }
          ], 
          "name": "IsBound", 
          "parent": "BRepClass3d_MapOfInter", 
          "cls": "memfun", 
          "extern": "1", 
          "const": "1", 
          "throws": true
        }, 
        {
          "returnType": "Standard_Boolean", 
          "arguments": [
            {
              "decl": "const TopoDS_Shape &", 
              "type": "TopoDS_Shape", 
              "name": "K"
            }
          ], 
          "name": "UnBind", 
          "parent": "BRepClass3d_MapOfInter", 
          "cls": "memfun", 
          "extern": "1", 
          "throws": true
        }, 
        {
          "returnType": "Standard_Address const &", 
          "arguments": [
            {
              "decl": "const TopoDS_Shape &", 
              "type": "TopoDS_Shape", 
              "name": "K"
            }
          ], 
          "name": "Find", 
          "parent": "BRepClass3d_MapOfInter", 
          "cls": "memfun", 
          "extern": "1", 
          "const": "1", 
          "throws": true
        }, 
        {
          "returnType": "Standard_Address &", 
          "arguments": [
            {
              "decl": "const TopoDS_Shape &", 
              "type": "TopoDS_Shape", 
              "name": "K"
            }
          ], 
          "name": "ChangeFind", 
          "parent": "BRepClass3d_MapOfInter", 
          "cls": "memfun", 
          "extern": "1", 
          "throws": true
        }, 
        {
          "returnType": "Standard_Address", 
          "arguments": [
            {
              "decl": "const TopoDS_Shape &", 
              "type": "TopoDS_Shape", 
              "name": "K"
            }
          ], 
          "name": "Find1", 
          "parent": "BRepClass3d_MapOfInter", 
          "cls": "memfun", 
          "extern": "1", 
          "const": "1", 
          "throws": true
        }, 
        {
          "returnType": "Standard_Address", 
          "arguments": [
            {
              "decl": "const TopoDS_Shape &", 
              "type": "TopoDS_Shape", 
              "name": "K"
            }
          ], 
          "name": "ChangeFind1", 
          "parent": "BRepClass3d_MapOfInter", 
          "cls": "memfun", 
          "extern": "1", 
          "throws": true
        }
      ], 
      "cls": "class"
    }, 
    {
      "name": "BRepClass3d_Intersector3d", 
      "abstract": false, 
      "constructors": [
        {
          "returnType": "", 
          "arguments": [
            {
              "decl": "const BRepClass3d_Intersector3d &", 
              "type": "BRepClass3d_Intersector3d", 
              "name": "arg0"
            }
          ], 
          "name": "BRepClass3d_Intersector3d", 
          "parent": "BRepClass3d_Intersector3d", 
          "cls": "constructor", 
          "artificial": "1", 
          "throws": true, 
          "copyConstructor": true
        }, 
        {
          "returnType": "", 
          "arguments": [], 
          "name": "BRepClass3d_Intersector3d", 
          "parent": "BRepClass3d_Intersector3d", 
          "cls": "constructor", 
          "extern": "1", 
          "throws": true
        }
      ], 
      "artificial": "1", 
      "bases": [], 
      "location": [
        "/usr/local/include/oce/BRepClass3d_Intersector3d.hxx", 
        43
      ], 
      "members": [
        {
          "returnType": "void", 
          "arguments": [
            {
              "decl": "const gp_Lin &", 
              "type": "gp_Lin", 
              "name": "L"
            }, 
            {
              "decl": "const Standard_Real", 
              "type": "Standard_Real", 
              "name": "Prm"
            }, 
            {
              "decl": "const Standard_Real", 
              "type": "Standard_Real", 
              "name": "Tol"
            }, 
            {
              "decl": "const TopoDS_Face &", 
              "type": "TopoDS_Face", 
              "name": "F"
            }
          ], 
          "name": "Perform", 
          "parent": "BRepClass3d_Intersector3d", 
          "cls": "memfun", 
          "extern": "1", 
          "throws": true
        }, 
        {
          "returnType": "Standard_Boolean", 
          "arguments": [], 
          "name": "IsDone", 
          "parent": "BRepClass3d_Intersector3d", 
          "cls": "memfun", 
          "const": "1", 
          "throws": true
        }, 
        {
          "returnType": "Standard_Boolean", 
          "arguments": [], 
          "name": "HasAPoint", 
          "parent": "BRepClass3d_Intersector3d", 
          "cls": "memfun", 
          "const": "1", 
          "throws": true
        }, 
        {
          "returnType": "Standard_Real", 
          "arguments": [], 
          "name": "UParameter", 
          "parent": "BRepClass3d_Intersector3d", 
          "cls": "memfun", 
          "const": "1", 
          "throws": true
        }, 
        {
          "returnType": "Standard_Real", 
          "arguments": [], 
          "name": "VParameter", 
          "parent": "BRepClass3d_Intersector3d", 
          "cls": "memfun", 
          "const": "1", 
          "throws": true
        }, 
        {
          "returnType": "Standard_Real", 
          "arguments": [], 
          "name": "WParameter", 
          "parent": "BRepClass3d_Intersector3d", 
          "cls": "memfun", 
          "const": "1", 
          "throws": true
        }, 
        {
          "returnType": "gp_Pnt const &", 
          "arguments": [], 
          "name": "Pnt", 
          "parent": "BRepClass3d_Intersector3d", 
          "cls": "memfun", 
          "const": "1", 
          "throws": true
        }, 
        {
          "returnType": "IntCurveSurface_TransitionOnCurve", 
          "arguments": [], 
          "name": "Transition", 
          "parent": "BRepClass3d_Intersector3d", 
          "cls": "memfun", 
          "const": "1", 
          "throws": true
        }, 
        {
          "returnType": "TopAbs_State", 
          "arguments": [], 
          "name": "State", 
          "parent": "BRepClass3d_Intersector3d", 
          "cls": "memfun", 
          "const": "1", 
          "throws": true
        }, 
        {
          "returnType": "TopoDS_Face const &", 
          "arguments": [], 
          "name": "Face", 
          "parent": "BRepClass3d_Intersector3d", 
          "cls": "memfun", 
          "const": "1", 
          "throws": true
        }
      ], 
      "cls": "class"
    }, 
    {
      "name": "BRepClass3d_DataMapIteratorOfMapOfInter", 
      "abstract": false, 
      "constructors": [
        {
          "returnType": "", 
          "arguments": [
            {
              "decl": "const BRepClass3d_DataMapIteratorOfMapOfInter &", 
              "type": "BRepClass3d_DataMapIteratorOfMapOfInter", 
              "name": "arg0"
            }
          ], 
          "name": "BRepClass3d_DataMapIteratorOfMapOfInter", 
          "parent": "BRepClass3d_DataMapIteratorOfMapOfInter", 
          "cls": "constructor", 
          "artificial": "1", 
          "copyConstructor": true
        }, 
        {
          "returnType": "", 
          "arguments": [], 
          "name": "BRepClass3d_DataMapIteratorOfMapOfInter", 
          "parent": "BRepClass3d_DataMapIteratorOfMapOfInter", 
          "cls": "constructor", 
          "extern": "1", 
          "throws": true
        }, 
        {
          "returnType": "", 
          "arguments": [
            {
              "decl": "const BRepClass3d_MapOfInter &", 
              "type": "BRepClass3d_MapOfInter", 
              "name": "aMap"
            }
          ], 
          "name": "BRepClass3d_DataMapIteratorOfMapOfInter", 
          "parent": "BRepClass3d_DataMapIteratorOfMapOfInter", 
          "cls": "constructor", 
          "extern": "1", 
          "throws": true
        }
      ], 
      "artificial": "1", 
      "bases": [
        {
          "access": "public", 
          "name": "TCollection_BasicMapIterator"
        }
      ], 
      "location": [
        "/usr/local/include/oce/BRepClass3d_DataMapIteratorOfMapOfInter.hxx", 
        36
      ], 
      "members": [
        {
          "returnType": "void", 
          "arguments": [
            {
              "decl": "const BRepClass3d_MapOfInter &", 
              "type": "BRepClass3d_MapOfInter", 
              "name": "aMap"
            }
          ], 
          "name": "Initialize", 
          "parent": "BRepClass3d_DataMapIteratorOfMapOfInter", 
          "cls": "memfun", 
          "extern": "1", 
          "throws": true
        }, 
        {
          "returnType": "TopoDS_Shape const &", 
          "arguments": [], 
          "name": "Key", 
          "parent": "BRepClass3d_DataMapIteratorOfMapOfInter", 
          "cls": "memfun", 
          "extern": "1", 
          "const": "1", 
          "throws": true
        }, 
        {
          "returnType": "Standard_Address const &", 
          "arguments": [], 
          "name": "Value", 
          "parent": "BRepClass3d_DataMapIteratorOfMapOfInter", 
          "cls": "memfun", 
          "extern": "1", 
          "const": "1", 
          "throws": true
        }
      ], 
      "cls": "class"
    }, 
    {
      "name": "BRepClass3d_DataMapNodeOfMapOfInter", 
      "abstract": false, 
      "constructors": [
        {
          "returnType": "", 
          "arguments": [
            {
              "decl": "const BRepClass3d_DataMapNodeOfMapOfInter &", 
              "type": "BRepClass3d_DataMapNodeOfMapOfInter", 
              "name": "arg0"
            }
          ], 
          "name": "BRepClass3d_DataMapNodeOfMapOfInter", 
          "parent": "BRepClass3d_DataMapNodeOfMapOfInter", 
          "cls": "constructor", 
          "artificial": "1", 
          "throws": true, 
          "copyConstructor": true
        }, 
        {
          "returnType": "", 
          "arguments": [
            {
              "decl": "const TopoDS_Shape &", 
              "type": "TopoDS_Shape", 
              "name": "K"
            }, 
            {
              "decl": "const Standard_Address &", 
              "type": "Standard_Address", 
              "name": "I"
            }, 
            {
              "decl": "const TCollection_MapNodePtr &", 
              "type": "TCollection_MapNodePtr", 
              "name": "n"
            }
          ], 
          "name": "BRepClass3d_DataMapNodeOfMapOfInter", 
          "parent": "BRepClass3d_DataMapNodeOfMapOfInter", 
          "cls": "constructor", 
          "throws": true
        }
      ], 
      "artificial": "1", 
      "bases": [
        {
          "access": "public", 
          "name": "TCollection_MapNode"
        }
      ], 
      "location": [
        "/usr/local/include/oce/BRepClass3d_DataMapNodeOfMapOfInter.hxx", 
        38
      ], 
      "members": [
        {
          "returnType": "TopoDS_Shape &", 
          "arguments": [], 
          "name": "Key", 
          "parent": "BRepClass3d_DataMapNodeOfMapOfInter", 
          "cls": "memfun", 
          "const": "1", 
          "throws": true
        }, 
        {
          "returnType": "Standard_Address &", 
          "arguments": [], 
          "name": "Value", 
          "parent": "BRepClass3d_DataMapNodeOfMapOfInter", 
          "cls": "memfun", 
          "const": "1", 
          "throws": true
        }, 
        {
          "returnType": "Handle_Standard_Type const &", 
          "arguments": [], 
          "name": "DynamicType", 
          "parent": "BRepClass3d_DataMapNodeOfMapOfInter", 
          "cls": "memfun", 
          "extern": "1", 
          "const": "1", 
          "throws": true, 
          "virtuality": "virtual"
        }
      ], 
      "cls": "class"
    }, 
    {
      "name": "BRepClass3d_SolidPassiveClassifier", 
      "abstract": false, 
      "constructors": [
        {
          "returnType": "", 
          "arguments": [
            {
              "decl": "const BRepClass3d_SolidPassiveClassifier &", 
              "type": "BRepClass3d_SolidPassiveClassifier", 
              "name": "arg0"
            }
          ], 
          "name": "BRepClass3d_SolidPassiveClassifier", 
          "parent": "BRepClass3d_SolidPassiveClassifier", 
          "cls": "constructor", 
          "artificial": "1", 
          "throws": true, 
          "copyConstructor": true
        }, 
        {
          "returnType": "", 
          "arguments": [], 
          "name": "BRepClass3d_SolidPassiveClassifier", 
          "parent": "BRepClass3d_SolidPassiveClassifier", 
          "cls": "constructor", 
          "extern": "1", 
          "throws": true
        }
      ], 
      "artificial": "1", 
      "bases": [], 
      "location": [
        "/usr/local/include/oce/BRepClass3d_SolidPassiveClassifier.hxx", 
        47
      ], 
      "members": [
        {
          "returnType": "void", 
          "arguments": [
            {
              "decl": "const gp_Lin &", 
              "type": "gp_Lin", 
              "name": "L"
            }, 
            {
              "decl": "const Standard_Real", 
              "type": "Standard_Real", 
              "name": "P"
            }, 
            {
              "decl": "const Standard_Real", 
              "type": "Standard_Real", 
              "name": "Tol"
            }
          ], 
          "name": "Reset", 
          "parent": "BRepClass3d_SolidPassiveClassifier", 
          "cls": "memfun", 
          "extern": "1", 
          "throws": true
        }, 
        {
          "returnType": "void", 
          "arguments": [
            {
              "decl": "const TopoDS_Face &", 
              "type": "TopoDS_Face", 
              "name": "F"
            }, 
            {
              "decl": "const TopAbs_Orientation", 
              "type": "TopAbs_Orientation", 
              "name": "Or"
            }
          ], 
          "name": "Compare", 
          "parent": "BRepClass3d_SolidPassiveClassifier", 
          "cls": "memfun", 
          "extern": "1", 
          "throws": true
        }, 
        {
          "returnType": "Standard_Real", 
          "arguments": [], 
          "name": "Parameter", 
          "parent": "BRepClass3d_SolidPassiveClassifier", 
          "cls": "memfun", 
          "const": "1", 
          "throws": true
        }, 
        {
          "returnType": "Standard_Boolean", 
          "arguments": [], 
          "name": "HasIntersection", 
          "parent": "BRepClass3d_SolidPassiveClassifier", 
          "cls": "memfun", 
          "const": "1", 
          "throws": true
        }, 
        {
          "returnType": "BRepClass3d_Intersector3d &", 
          "arguments": [], 
          "name": "Intersector", 
          "parent": "BRepClass3d_SolidPassiveClassifier", 
          "cls": "memfun", 
          "throws": true
        }, 
        {
          "returnType": "TopAbs_State", 
          "arguments": [], 
          "name": "State", 
          "parent": "BRepClass3d_SolidPassiveClassifier", 
          "cls": "memfun", 
          "const": "1", 
          "throws": true
        }
      ], 
      "cls": "class"
    }, 
    {
      "name": "BRepClass3d_SolidClassifier", 
      "abstract": false, 
      "constructors": [
        {
          "returnType": "", 
          "arguments": [
            {
              "decl": "const BRepClass3d_SolidClassifier &", 
              "type": "BRepClass3d_SolidClassifier", 
              "name": "arg0"
            }
          ], 
          "name": "BRepClass3d_SolidClassifier", 
          "parent": "BRepClass3d_SolidClassifier", 
          "cls": "constructor", 
          "artificial": "1", 
          "throws": true, 
          "copyConstructor": true
        }, 
        {
          "returnType": "", 
          "arguments": [], 
          "name": "BRepClass3d_SolidClassifier", 
          "parent": "BRepClass3d_SolidClassifier", 
          "cls": "constructor", 
          "extern": "1", 
          "throws": true
        }, 
        {
          "returnType": "", 
          "arguments": [
            {
              "decl": "const TopoDS_Shape &", 
              "type": "TopoDS_Shape", 
              "name": "S"
            }
          ], 
          "name": "BRepClass3d_SolidClassifier", 
          "parent": "BRepClass3d_SolidClassifier", 
          "cls": "constructor", 
          "extern": "1", 
          "throws": true
        }, 
        {
          "returnType": "", 
          "arguments": [
            {
              "decl": "const TopoDS_Shape &", 
              "type": "TopoDS_Shape", 
              "name": "S"
            }, 
            {
              "decl": "const gp_Pnt &", 
              "type": "gp_Pnt", 
              "name": "P"
            }, 
            {
              "decl": "const Standard_Real", 
              "type": "Standard_Real", 
              "name": "Tol"
            }
          ], 
          "name": "BRepClass3d_SolidClassifier", 
          "parent": "BRepClass3d_SolidClassifier", 
          "cls": "constructor", 
          "extern": "1", 
          "throws": true
        }
      ], 
      "artificial": "1", 
      "bases": [
        {
          "access": "public", 
          "name": "BRepClass3d_SClassifier"
        }
      ], 
      "location": [
        "/usr/local/include/oce/BRepClass3d_SolidClassifier.hxx", 
        37
      ], 
      "members": [
        {
          "returnType": "void", 
          "arguments": [
            {
              "decl": "const TopoDS_Shape &", 
              "type": "TopoDS_Shape", 
              "name": "S"
            }
          ], 
          "name": "Load", 
          "parent": "BRepClass3d_SolidClassifier", 
          "cls": "memfun", 
          "extern": "1", 
          "throws": true
        }, 
        {
          "returnType": "void", 
          "arguments": [
            {
              "decl": "const gp_Pnt &", 
              "type": "gp_Pnt", 
              "name": "P"
            }, 
            {
              "decl": "const Standard_Real", 
              "type": "Standard_Real", 
              "name": "Tol"
            }
          ], 
          "name": "Perform", 
          "parent": "BRepClass3d_SolidClassifier", 
          "cls": "memfun", 
          "extern": "1", 
          "throws": true
        }, 
        {
          "returnType": "void", 
          "arguments": [
            {
              "decl": "const Standard_Real", 
              "type": "Standard_Real", 
              "name": "Tol"
            }
          ], 
          "name": "PerformInfinitePoint", 
          "parent": "BRepClass3d_SolidClassifier", 
          "cls": "memfun", 
          "extern": "1", 
          "throws": true
        }, 
        {
          "returnType": "void", 
          "arguments": [], 
          "name": "Destroy", 
          "parent": "BRepClass3d_SolidClassifier", 
          "cls": "memfun", 
          "extern": "1", 
          "throws": true
        }
      ], 
      "cls": "class"
    }
  ], 
  "headers": [
    "BRepClass3d_Intersector3d.hxx", 
    "BRepClass3d_SolidExplorer.hxx", 
    "BRepClass3d_DataMapIteratorOfMapOfInter.hxx", 
    "BRepClass3d_DataMapNodeOfMapOfInter.hxx", 
    "BRepClass3d_SolidPassiveClassifier.hxx", 
    "BRepClass3d_SClassifier.hxx", 
    "BRepClass3d_SolidClassifier.hxx", 
    "BRepClass3d_MapOfInter.hxx"
  ], 
  "enums": [], 
  "typedefs": [], 
  "name": "BRepClass3d"
}