{
  "classes": [
    {
      "name": "BRepLProp_SurfaceTool", 
      "abstract": false, 
      "constructors": [
        {
          "returnType": "", 
          "arguments": [
            {
              "decl": "const BRepLProp_SurfaceTool &", 
              "type": "BRepLProp_SurfaceTool", 
              "name": "arg0"
            }
          ], 
          "name": "BRepLProp_SurfaceTool", 
          "parent": "BRepLProp_SurfaceTool", 
          "cls": "constructor", 
          "artificial": "1", 
          "copyConstructor": true
        }, 
        {
          "returnType": "", 
          "arguments": [], 
          "name": "BRepLProp_SurfaceTool", 
          "parent": "BRepLProp_SurfaceTool", 
          "cls": "constructor", 
          "artificial": "1"
        }
      ], 
      "artificial": "1", 
      "bases": [], 
      "location": [
        "/usr/local/include/oce/BRepLProp_SurfaceTool.hxx", 
        31
      ], 
      "members": [
        {
          "returnType": "void", 
          "arguments": [
            {
              "decl": "const BRepAdaptor_Surface &", 
              "type": "BRepAdaptor_Surface", 
              "name": "S"
            }, 
            {
              "decl": "const Standard_Real", 
              "type": "Standard_Real", 
              "name": "U"
            }, 
            {
              "decl": "const Standard_Real", 
              "type": "Standard_Real", 
              "name": "V"
            }, 
            {
              "decl": "gp_Pnt &", 
              "type": "gp_Pnt", 
              "name": "P"
            }
          ], 
          "name": "Value", 
          "parent": "BRepLProp_SurfaceTool", 
          "cls": "memfun", 
          "static": "1", 
          "extern": "1", 
          "throws": true
        }, 
        {
          "returnType": "void", 
          "arguments": [
            {
              "decl": "const BRepAdaptor_Surface &", 
              "type": "BRepAdaptor_Surface", 
              "name": "S"
            }, 
            {
              "decl": "const Standard_Real", 
              "type": "Standard_Real", 
              "name": "U"
            }, 
            {
              "decl": "const Standard_Real", 
              "type": "Standard_Real", 
              "name": "V"
            }, 
            {
              "decl": "gp_Pnt &", 
              "type": "gp_Pnt", 
              "name": "P"
            }, 
            {
              "decl": "gp_Vec &", 
              "type": "gp_Vec", 
              "name": "D1U"
            }, 
            {
              "decl": "gp_Vec &", 
              "type": "gp_Vec", 
              "name": "D1V"
            }
          ], 
          "name": "D1", 
          "parent": "BRepLProp_SurfaceTool", 
          "cls": "memfun", 
          "static": "1", 
          "extern": "1", 
          "throws": true
        }, 
        {
          "returnType": "void", 
          "arguments": [
            {
              "decl": "const BRepAdaptor_Surface &", 
              "type": "BRepAdaptor_Surface", 
              "name": "S"
            }, 
            {
              "decl": "const Standard_Real", 
              "type": "Standard_Real", 
              "name": "U"
            }, 
            {
              "decl": "const Standard_Real", 
              "type": "Standard_Real", 
              "name": "V"
            }, 
            {
              "decl": "gp_Pnt &", 
              "type": "gp_Pnt", 
              "name": "P"
            }, 
            {
              "decl": "gp_Vec &", 
              "type": "gp_Vec", 
              "name": "D1U"
            }, 
            {
              "decl": "gp_Vec &", 
              "type": "gp_Vec", 
              "name": "D1V"
            }, 
            {
              "decl": "gp_Vec &", 
              "type": "gp_Vec", 
              "name": "D2U"
            }, 
            {
              "decl": "gp_Vec &", 
              "type": "gp_Vec", 
              "name": "D2V"
            }, 
            {
              "decl": "gp_Vec &", 
              "type": "gp_Vec", 
              "name": "DUV"
            }
          ], 
          "name": "D2", 
          "parent": "BRepLProp_SurfaceTool", 
          "cls": "memfun", 
          "static": "1", 
          "extern": "1", 
          "throws": true
        }, 
        {
          "returnType": "gp_Vec", 
          "arguments": [
            {
              "decl": "const BRepAdaptor_Surface &", 
              "type": "BRepAdaptor_Surface", 
              "name": "S"
            }, 
            {
              "decl": "const Standard_Real", 
              "type": "Standard_Real", 
              "name": "U"
            }, 
            {
              "decl": "const Standard_Real", 
              "type": "Standard_Real", 
              "name": "V"
            }, 
            {
              "decl": "const Standard_Integer", 
              "type": "Standard_Integer", 
              "name": "IU"
            }, 
            {
              "decl": "const Standard_Integer", 
              "type": "Standard_Integer", 
              "name": "IV"
            }
          ], 
          "name": "DN", 
          "parent": "BRepLProp_SurfaceTool", 
          "cls": "memfun", 
          "static": "1", 
          "extern": "1", 
          "throws": true
        }, 
        {
          "returnType": "Standard_Integer", 
          "arguments": [
            {
              "decl": "const BRepAdaptor_Surface &", 
              "type": "BRepAdaptor_Surface", 
              "name": "S"
            }
          ], 
          "name": "Continuity", 
          "parent": "BRepLProp_SurfaceTool", 
          "cls": "memfun", 
          "static": "1", 
          "extern": "1", 
          "throws": true
        }, 
        {
          "returnType": "void", 
          "arguments": [
            {
              "decl": "const BRepAdaptor_Surface &", 
              "type": "BRepAdaptor_Surface", 
              "name": "S"
            }, 
            {
              "decl": "Standard_Real &", 
              "type": "Standard_Real", 
              "name": "U1"
            }, 
            {
              "decl": "Standard_Real &", 
              "type": "Standard_Real", 
              "name": "V1"
            }, 
            {
              "decl": "Standard_Real &", 
              "type": "Standard_Real", 
              "name": "U2"
            }, 
            {
              "decl": "Standard_Real &", 
              "type": "Standard_Real", 
              "name": "V2"
            }
          ], 
          "name": "Bounds", 
          "parent": "BRepLProp_SurfaceTool", 
          "cls": "memfun", 
          "static": "1", 
          "extern": "1", 
          "throws": true
        }
      ], 
      "cls": "class"
    }, 
    {
      "name": "BRepLProp_SLProps", 
      "abstract": false, 
      "constructors": [
        {
          "returnType": "", 
          "arguments": [
            {
              "decl": "const BRepLProp_SLProps &", 
              "type": "BRepLProp_SLProps", 
              "name": "arg0"
            }
          ], 
          "name": "BRepLProp_SLProps", 
          "parent": "BRepLProp_SLProps", 
          "cls": "constructor", 
          "artificial": "1", 
          "throws": true, 
          "copyConstructor": true
        }, 
        {
          "returnType": "", 
          "arguments": [
            {
              "decl": "const BRepAdaptor_Surface &", 
              "type": "BRepAdaptor_Surface", 
              "name": "S"
            }, 
            {
              "decl": "const Standard_Real", 
              "type": "Standard_Real", 
              "name": "U"
            }, 
            {
              "decl": "const Standard_Real", 
              "type": "Standard_Real", 
              "name": "V"
            }, 
            {
              "decl": "const Standard_Integer", 
              "type": "Standard_Integer", 
              "name": "N"
            }, 
            {
              "decl": "const Standard_Real", 
              "type": "Standard_Real", 
              "name": "Resolution"
            }
          ], 
          "name": "BRepLProp_SLProps", 
          "parent": "BRepLProp_SLProps", 
          "cls": "constructor", 
          "extern": "1", 
          "throws": true
        }, 
        {
          "returnType": "", 
          "arguments": [
            {
              "decl": "const BRepAdaptor_Surface &", 
              "type": "BRepAdaptor_Surface", 
              "name": "S"
            }, 
            {
              "decl": "const Standard_Integer", 
              "type": "Standard_Integer", 
              "name": "N"
            }, 
            {
              "decl": "const Standard_Real", 
              "type": "Standard_Real", 
              "name": "Resolution"
            }
          ], 
          "name": "BRepLProp_SLProps", 
          "parent": "BRepLProp_SLProps", 
          "cls": "constructor", 
          "extern": "1", 
          "throws": true
        }, 
        {
          "returnType": "", 
          "arguments": [
            {
              "decl": "const Standard_Integer", 
              "type": "Standard_Integer", 
              "name": "N"
            }, 
            {
              "decl": "const Standard_Real", 
              "type": "Standard_Real", 
              "name": "Resolution"
            }
          ], 
          "name": "BRepLProp_SLProps", 
          "parent": "BRepLProp_SLProps", 
          "cls": "constructor", 
          "extern": "1", 
          "throws": true
        }
      ], 
      "artificial": "1", 
      "bases": [], 
      "location": [
        "/usr/local/include/oce/BRepLProp_SLProps.hxx", 
        55
      ], 
      "members": [
        {
          "returnType": "void", 
          "arguments": [
            {
              "decl": "const BRepAdaptor_Surface &", 
              "type": "BRepAdaptor_Surface", 
              "name": "S"
            }
          ], 
          "name": "SetSurface", 
          "parent": "BRepLProp_SLProps", 
          "cls": "memfun", 
          "extern": "1", 
          "throws": true
        }, 
        {
          "returnType": "void", 
          "arguments": [
            {
              "decl": "const Standard_Real", 
              "type": "Standard_Real", 
              "name": "U"
            }, 
            {
              "decl": "const Standard_Real", 
              "type": "Standard_Real", 
              "name": "V"
            }
          ], 
          "name": "SetParameters", 
          "parent": "BRepLProp_SLProps", 
          "cls": "memfun", 
          "extern": "1", 
          "throws": true
        }, 
        {
          "returnType": "gp_Pnt const &", 
          "arguments": [], 
          "name": "Value", 
          "parent": "BRepLProp_SLProps", 
          "cls": "memfun", 
          "extern": "1", 
          "const": "1", 
          "throws": true
        }, 
        {
          "returnType": "gp_Vec const &", 
          "arguments": [], 
          "name": "D1U", 
          "parent": "BRepLProp_SLProps", 
          "cls": "memfun", 
          "extern": "1", 
          "throws": true
        }, 
        {
          "returnType": "gp_Vec const &", 
          "arguments": [], 
          "name": "D1V", 
          "parent": "BRepLProp_SLProps", 
          "cls": "memfun", 
          "extern": "1", 
          "throws": true
        }, 
        {
          "returnType": "gp_Vec const &", 
          "arguments": [], 
          "name": "D2U", 
          "parent": "BRepLProp_SLProps", 
          "cls": "memfun", 
          "extern": "1", 
          "throws": true
        }, 
        {
          "returnType": "gp_Vec const &", 
          "arguments": [], 
          "name": "D2V", 
          "parent": "BRepLProp_SLProps", 
          "cls": "memfun", 
          "extern": "1", 
          "throws": true
        }, 
        {
          "returnType": "gp_Vec const &", 
          "arguments": [], 
          "name": "DUV", 
          "parent": "BRepLProp_SLProps", 
          "cls": "memfun", 
          "extern": "1", 
          "throws": true
        }, 
        {
          "returnType": "Standard_Boolean", 
          "arguments": [], 
          "name": "IsTangentUDefined", 
          "parent": "BRepLProp_SLProps", 
          "cls": "memfun", 
          "extern": "1", 
          "throws": true
        }, 
        {
          "returnType": "void", 
          "arguments": [
            {
              "decl": "gp_Dir &", 
              "type": "gp_Dir", 
              "name": "D"
            }
          ], 
          "name": "TangentU", 
          "parent": "BRepLProp_SLProps", 
          "cls": "memfun", 
          "extern": "1", 
          "throws": true
        }, 
        {
          "returnType": "Standard_Boolean", 
          "arguments": [], 
          "name": "IsTangentVDefined", 
          "parent": "BRepLProp_SLProps", 
          "cls": "memfun", 
          "extern": "1", 
          "throws": true
        }, 
        {
          "returnType": "void", 
          "arguments": [
            {
              "decl": "gp_Dir &", 
              "type": "gp_Dir", 
              "name": "D"
            }
          ], 
          "name": "TangentV", 
          "parent": "BRepLProp_SLProps", 
          "cls": "memfun", 
          "extern": "1", 
          "throws": true
        }, 
        {
          "returnType": "Standard_Boolean", 
          "arguments": [], 
          "name": "IsNormalDefined", 
          "parent": "BRepLProp_SLProps", 
          "cls": "memfun", 
          "extern": "1", 
          "throws": true
        }, 
        {
          "returnType": "gp_Dir const &", 
          "arguments": [], 
          "name": "Normal", 
          "parent": "BRepLProp_SLProps", 
          "cls": "memfun", 
          "extern": "1", 
          "throws": true
        }, 
        {
          "returnType": "Standard_Boolean", 
          "arguments": [], 
          "name": "IsCurvatureDefined", 
          "parent": "BRepLProp_SLProps", 
          "cls": "memfun", 
          "extern": "1", 
          "throws": true
        }, 
        {
          "returnType": "Standard_Boolean", 
          "arguments": [], 
          "name": "IsUmbilic", 
          "parent": "BRepLProp_SLProps", 
          "cls": "memfun", 
          "extern": "1", 
          "throws": true
        }, 
        {
          "returnType": "Standard_Real", 
          "arguments": [], 
          "name": "MaxCurvature", 
          "parent": "BRepLProp_SLProps", 
          "cls": "memfun", 
          "extern": "1", 
          "throws": true
        }, 
        {
          "returnType": "Standard_Real", 
          "arguments": [], 
          "name": "MinCurvature", 
          "parent": "BRepLProp_SLProps", 
          "cls": "memfun", 
          "extern": "1", 
          "throws": true
        }, 
        {
          "returnType": "void", 
          "arguments": [
            {
              "decl": "gp_Dir &", 
              "type": "gp_Dir", 
              "name": "MaxD"
            }, 
            {
              "decl": "gp_Dir &", 
              "type": "gp_Dir", 
              "name": "MinD"
            }
          ], 
          "name": "CurvatureDirections", 
          "parent": "BRepLProp_SLProps", 
          "cls": "memfun", 
          "extern": "1", 
          "throws": true
        }, 
        {
          "returnType": "Standard_Real", 
          "arguments": [], 
          "name": "MeanCurvature", 
          "parent": "BRepLProp_SLProps", 
          "cls": "memfun", 
          "extern": "1", 
          "throws": true
        }, 
        {
          "returnType": "Standard_Real", 
          "arguments": [], 
          "name": "GaussianCurvature", 
          "parent": "BRepLProp_SLProps", 
          "cls": "memfun", 
          "extern": "1", 
          "throws": true
        }
      ], 
      "cls": "class"
    }, 
    {
      "name": "BRepLProp_CLProps", 
      "abstract": false, 
      "constructors": [
        {
          "returnType": "", 
          "arguments": [
            {
              "decl": "const BRepLProp_CLProps &", 
              "type": "BRepLProp_CLProps", 
              "name": "arg0"
            }
          ], 
          "name": "BRepLProp_CLProps", 
          "parent": "BRepLProp_CLProps", 
          "cls": "constructor", 
          "artificial": "1", 
          "throws": true, 
          "copyConstructor": true
        }, 
        {
          "returnType": "", 
          "arguments": [
            {
              "decl": "const BRepAdaptor_Curve &", 
              "type": "BRepAdaptor_Curve", 
              "name": "C"
            }, 
            {
              "decl": "const Standard_Integer", 
              "type": "Standard_Integer", 
              "name": "N"
            }, 
            {
              "decl": "const Standard_Real", 
              "type": "Standard_Real", 
              "name": "Resolution"
            }
          ], 
          "name": "BRepLProp_CLProps", 
          "parent": "BRepLProp_CLProps", 
          "cls": "constructor", 
          "extern": "1", 
          "throws": true
        }, 
        {
          "returnType": "", 
          "arguments": [
            {
              "decl": "const BRepAdaptor_Curve &", 
              "type": "BRepAdaptor_Curve", 
              "name": "C"
            }, 
            {
              "decl": "const Standard_Real", 
              "type": "Standard_Real", 
              "name": "U"
            }, 
            {
              "decl": "const Standard_Integer", 
              "type": "Standard_Integer", 
              "name": "N"
            }, 
            {
              "decl": "const Standard_Real", 
              "type": "Standard_Real", 
              "name": "Resolution"
            }
          ], 
          "name": "BRepLProp_CLProps", 
          "parent": "BRepLProp_CLProps", 
          "cls": "constructor", 
          "extern": "1", 
          "throws": true
        }, 
        {
          "returnType": "", 
          "arguments": [
            {
              "decl": "const Standard_Integer", 
              "type": "Standard_Integer", 
              "name": "N"
            }, 
            {
              "decl": "const Standard_Real", 
              "type": "Standard_Real", 
              "name": "Resolution"
            }
          ], 
          "name": "BRepLProp_CLProps", 
          "parent": "BRepLProp_CLProps", 
          "cls": "constructor", 
          "extern": "1", 
          "throws": true
        }
      ], 
      "artificial": "1", 
      "bases": [], 
      "location": [
        "/usr/local/include/oce/BRepLProp_CLProps.hxx", 
        55
      ], 
      "members": [
        {
          "returnType": "void", 
          "arguments": [
            {
              "decl": "const Standard_Real", 
              "type": "Standard_Real", 
              "name": "U"
            }
          ], 
          "name": "SetParameter", 
          "parent": "BRepLProp_CLProps", 
          "cls": "memfun", 
          "extern": "1", 
          "throws": true
        }, 
        {
          "returnType": "void", 
          "arguments": [
            {
              "decl": "const BRepAdaptor_Curve &", 
              "type": "BRepAdaptor_Curve", 
              "name": "C"
            }
          ], 
          "name": "SetCurve", 
          "parent": "BRepLProp_CLProps", 
          "cls": "memfun", 
          "extern": "1", 
          "throws": true
        }, 
        {
          "returnType": "gp_Pnt const &", 
          "arguments": [], 
          "name": "Value", 
          "parent": "BRepLProp_CLProps", 
          "cls": "memfun", 
          "extern": "1", 
          "const": "1", 
          "throws": true
        }, 
        {
          "returnType": "gp_Vec const &", 
          "arguments": [], 
          "name": "D1", 
          "parent": "BRepLProp_CLProps", 
          "cls": "memfun", 
          "extern": "1", 
          "throws": true
        }, 
        {
          "returnType": "gp_Vec const &", 
          "arguments": [], 
          "name": "D2", 
          "parent": "BRepLProp_CLProps", 
          "cls": "memfun", 
          "extern": "1", 
          "throws": true
        }, 
        {
          "returnType": "gp_Vec const &", 
          "arguments": [], 
          "name": "D3", 
          "parent": "BRepLProp_CLProps", 
          "cls": "memfun", 
          "extern": "1", 
          "throws": true
        }, 
        {
          "returnType": "Standard_Boolean", 
          "arguments": [], 
          "name": "IsTangentDefined", 
          "parent": "BRepLProp_CLProps", 
          "cls": "memfun", 
          "extern": "1", 
          "throws": true
        }, 
        {
          "returnType": "void", 
          "arguments": [
            {
              "decl": "gp_Dir &", 
              "type": "gp_Dir", 
              "name": "D"
            }
          ], 
          "name": "Tangent", 
          "parent": "BRepLProp_CLProps", 
          "cls": "memfun", 
          "extern": "1", 
          "throws": true
        }, 
        {
          "returnType": "Standard_Real", 
          "arguments": [], 
          "name": "Curvature", 
          "parent": "BRepLProp_CLProps", 
          "cls": "memfun", 
          "extern": "1", 
          "throws": true
        }, 
        {
          "returnType": "void", 
          "arguments": [
            {
              "decl": "gp_Dir &", 
              "type": "gp_Dir", 
              "name": "N"
            }
          ], 
          "name": "Normal", 
          "parent": "BRepLProp_CLProps", 
          "cls": "memfun", 
          "extern": "1", 
          "throws": true
        }, 
        {
          "returnType": "void", 
          "arguments": [
            {
              "decl": "gp_Pnt &", 
              "type": "gp_Pnt", 
              "name": "P"
            }
          ], 
          "name": "CentreOfCurvature", 
          "parent": "BRepLProp_CLProps", 
          "cls": "memfun", 
          "extern": "1", 
          "throws": true
        }
      ], 
      "cls": "class"
    }, 
    {
      "name": "BRepLProp_CurveTool", 
      "abstract": false, 
      "constructors": [
        {
          "returnType": "", 
          "arguments": [
            {
              "decl": "const BRepLProp_CurveTool &", 
              "type": "BRepLProp_CurveTool", 
              "name": "arg0"
            }
          ], 
          "name": "BRepLProp_CurveTool", 
          "parent": "BRepLProp_CurveTool", 
          "cls": "constructor", 
          "artificial": "1", 
          "copyConstructor": true
        }, 
        {
          "returnType": "", 
          "arguments": [], 
          "name": "BRepLProp_CurveTool", 
          "parent": "BRepLProp_CurveTool", 
          "cls": "constructor", 
          "artificial": "1"
        }
      ], 
      "artificial": "1", 
      "bases": [], 
      "location": [
        "/usr/local/include/oce/BRepLProp_CurveTool.hxx", 
        31
      ], 
      "members": [
        {
          "returnType": "void", 
          "arguments": [
            {
              "decl": "const BRepAdaptor_Curve &", 
              "type": "BRepAdaptor_Curve", 
              "name": "C"
            }, 
            {
              "decl": "const Standard_Real", 
              "type": "Standard_Real", 
              "name": "U"
            }, 
            {
              "decl": "gp_Pnt &", 
              "type": "gp_Pnt", 
              "name": "P"
            }
          ], 
          "name": "Value", 
          "parent": "BRepLProp_CurveTool", 
          "cls": "memfun", 
          "static": "1", 
          "extern": "1", 
          "throws": true
        }, 
        {
          "returnType": "void", 
          "arguments": [
            {
              "decl": "const BRepAdaptor_Curve &", 
              "type": "BRepAdaptor_Curve", 
              "name": "C"
            }, 
            {
              "decl": "const Standard_Real", 
              "type": "Standard_Real", 
              "name": "U"
            }, 
            {
              "decl": "gp_Pnt &", 
              "type": "gp_Pnt", 
              "name": "P"
            }, 
            {
              "decl": "gp_Vec &", 
              "type": "gp_Vec", 
              "name": "V1"
            }
          ], 
          "name": "D1", 
          "parent": "BRepLProp_CurveTool", 
          "cls": "memfun", 
          "static": "1", 
          "extern": "1", 
          "throws": true
        }, 
        {
          "returnType": "void", 
          "arguments": [
            {
              "decl": "const BRepAdaptor_Curve &", 
              "type": "BRepAdaptor_Curve", 
              "name": "C"
            }, 
            {
              "decl": "const Standard_Real", 
              "type": "Standard_Real", 
              "name": "U"
            }, 
            {
              "decl": "gp_Pnt &", 
              "type": "gp_Pnt", 
              "name": "P"
            }, 
            {
              "decl": "gp_Vec &", 
              "type": "gp_Vec", 
              "name": "V1"
            }, 
            {
              "decl": "gp_Vec &", 
              "type": "gp_Vec", 
              "name": "V2"
            }
          ], 
          "name": "D2", 
          "parent": "BRepLProp_CurveTool", 
          "cls": "memfun", 
          "static": "1", 
          "extern": "1", 
          "throws": true
        }, 
        {
          "returnType": "void", 
          "arguments": [
            {
              "decl": "const BRepAdaptor_Curve &", 
              "type": "BRepAdaptor_Curve", 
              "name": "C"
            }, 
            {
              "decl": "const Standard_Real", 
              "type": "Standard_Real", 
              "name": "U"
            }, 
            {
              "decl": "gp_Pnt &", 
              "type": "gp_Pnt", 
              "name": "P"
            }, 
            {
              "decl": "gp_Vec &", 
              "type": "gp_Vec", 
              "name": "V1"
            }, 
            {
              "decl": "gp_Vec &", 
              "type": "gp_Vec", 
              "name": "V2"
            }, 
            {
              "decl": "gp_Vec &", 
              "type": "gp_Vec", 
              "name": "V3"
            }
          ], 
          "name": "D3", 
          "parent": "BRepLProp_CurveTool", 
          "cls": "memfun", 
          "static": "1", 
          "extern": "1", 
          "throws": true
        }, 
        {
          "returnType": "Standard_Integer", 
          "arguments": [
            {
              "decl": "const BRepAdaptor_Curve &", 
              "type": "BRepAdaptor_Curve", 
              "name": "C"
            }
          ], 
          "name": "Continuity", 
          "parent": "BRepLProp_CurveTool", 
          "cls": "memfun", 
          "static": "1", 
          "extern": "1", 
          "throws": true
        }, 
        {
          "returnType": "Standard_Real", 
          "arguments": [
            {
              "decl": "const BRepAdaptor_Curve &", 
              "type": "BRepAdaptor_Curve", 
              "name": "C"
            }
          ], 
          "name": "FirstParameter", 
          "parent": "BRepLProp_CurveTool", 
          "cls": "memfun", 
          "static": "1", 
          "extern": "1", 
          "throws": true
        }, 
        {
          "returnType": "Standard_Real", 
          "arguments": [
            {
              "decl": "const BRepAdaptor_Curve &", 
              "type": "BRepAdaptor_Curve", 
              "name": "C"
            }
          ], 
          "name": "LastParameter", 
          "parent": "BRepLProp_CurveTool", 
          "cls": "memfun", 
          "static": "1", 
          "extern": "1", 
          "throws": true
        }
      ], 
      "cls": "class"
    }
  ], 
  "headers": [
    "BRepLProp_SurfaceTool.hxx", 
    "BRepLProp_SLProps.hxx", 
    "BRepLProp_CurveTool.hxx", 
    "BRepLProp_CLProps.hxx"
  ], 
  "enums": [], 
  "typedefs": [], 
  "name": "BRepLProp"
}