{
  "classes": [
    {
      "name": "BRepGProp_Sinert", 
      "abstract": false, 
      "constructors": [
        {
          "returnType": "", 
          "arguments": [
            {
              "decl": "const BRepGProp_Sinert &", 
              "type": "BRepGProp_Sinert", 
              "name": "arg0"
            }
          ], 
          "name": "BRepGProp_Sinert", 
          "parent": "BRepGProp_Sinert", 
          "cls": "constructor", 
          "artificial": "1", 
          "copyConstructor": true
        }, 
        {
          "returnType": "", 
          "arguments": [], 
          "name": "BRepGProp_Sinert", 
          "parent": "BRepGProp_Sinert", 
          "cls": "constructor", 
          "extern": "1", 
          "throws": true
        }, 
        {
          "returnType": "", 
          "arguments": [
            {
              "decl": "const BRepGProp_Face &", 
              "type": "BRepGProp_Face", 
              "name": "S"
            }, 
            {
              "decl": "const gp_Pnt &", 
              "type": "gp_Pnt", 
              "name": "SLocation"
            }
          ], 
          "name": "BRepGProp_Sinert", 
          "parent": "BRepGProp_Sinert", 
          "cls": "constructor", 
          "extern": "1", 
          "throws": true
        }, 
        {
          "returnType": "", 
          "arguments": [
            {
              "decl": "BRepGProp_Face &", 
              "type": "BRepGProp_Face", 
              "name": "S"
            }, 
            {
              "decl": "BRepGProp_Domain &", 
              "type": "BRepGProp_Domain", 
              "name": "D"
            }, 
            {
              "decl": "const gp_Pnt &", 
              "type": "gp_Pnt", 
              "name": "SLocation"
            }
          ], 
          "name": "BRepGProp_Sinert", 
          "parent": "BRepGProp_Sinert", 
          "cls": "constructor", 
          "extern": "1", 
          "throws": true
        }, 
        {
          "returnType": "", 
          "arguments": [
            {
              "decl": "BRepGProp_Face &", 
              "type": "BRepGProp_Face", 
              "name": "S"
            }, 
            {
              "decl": "const gp_Pnt &", 
              "type": "gp_Pnt", 
              "name": "SLocation"
            }, 
            {
              "decl": "const Standard_Real", 
              "type": "Standard_Real", 
              "name": "Eps"
            }
          ], 
          "name": "BRepGProp_Sinert", 
          "parent": "BRepGProp_Sinert", 
          "cls": "constructor", 
          "extern": "1", 
          "throws": true
        }, 
        {
          "returnType": "", 
          "arguments": [
            {
              "decl": "BRepGProp_Face &", 
              "type": "BRepGProp_Face", 
              "name": "S"
            }, 
            {
              "decl": "BRepGProp_Domain &", 
              "type": "BRepGProp_Domain", 
              "name": "D"
            }, 
            {
              "decl": "const gp_Pnt &", 
              "type": "gp_Pnt", 
              "name": "SLocation"
            }, 
            {
              "decl": "const Standard_Real", 
              "type": "Standard_Real", 
              "name": "Eps"
            }
          ], 
          "name": "BRepGProp_Sinert", 
          "parent": "BRepGProp_Sinert", 
          "cls": "constructor", 
          "extern": "1", 
          "throws": true
        }
      ], 
      "artificial": "1", 
      "bases": [
        {
          "access": "public", 
          "name": "GProp_GProps"
        }
      ], 
      "location": [
        "/usr/local/include/oce/BRepGProp_Sinert.hxx", 
        32
      ], 
      "members": [
        {
          "returnType": "void", 
          "arguments": [
            {
              "decl": "const gp_Pnt &", 
              "type": "gp_Pnt", 
              "name": "SLocation"
            }
          ], 
          "name": "SetLocation", 
          "parent": "BRepGProp_Sinert", 
          "cls": "memfun", 
          "extern": "1", 
          "throws": true
        }, 
        {
          "returnType": "void", 
          "arguments": [
            {
              "decl": "const BRepGProp_Face &", 
              "type": "BRepGProp_Face", 
              "name": "S"
            }
          ], 
          "name": "Perform", 
          "parent": "BRepGProp_Sinert", 
          "cls": "memfun", 
          "extern": "1", 
          "throws": true
        }, 
        {
          "returnType": "void", 
          "arguments": [
            {
              "decl": "BRepGProp_Face &", 
              "type": "BRepGProp_Face", 
              "name": "S"
            }, 
            {
              "decl": "BRepGProp_Domain &", 
              "type": "BRepGProp_Domain", 
              "name": "D"
            }
          ], 
          "name": "Perform", 
          "parent": "BRepGProp_Sinert", 
          "cls": "memfun", 
          "extern": "1", 
          "throws": true
        }, 
        {
          "returnType": "Standard_Real", 
          "arguments": [
            {
              "decl": "BRepGProp_Face &", 
              "type": "BRepGProp_Face", 
              "name": "S"
            }, 
            {
              "decl": "const Standard_Real", 
              "type": "Standard_Real", 
              "name": "Eps"
            }
          ], 
          "name": "Perform", 
          "parent": "BRepGProp_Sinert", 
          "cls": "memfun", 
          "extern": "1", 
          "throws": true
        }, 
        {
          "returnType": "Standard_Real", 
          "arguments": [
            {
              "decl": "BRepGProp_Face &", 
              "type": "BRepGProp_Face", 
              "name": "S"
            }, 
            {
              "decl": "BRepGProp_Domain &", 
              "type": "BRepGProp_Domain", 
              "name": "D"
            }, 
            {
              "decl": "const Standard_Real", 
              "type": "Standard_Real", 
              "name": "Eps"
            }
          ], 
          "name": "Perform", 
          "parent": "BRepGProp_Sinert", 
          "cls": "memfun", 
          "extern": "1", 
          "throws": true
        }, 
        {
          "returnType": "Standard_Real", 
          "arguments": [], 
          "name": "GetEpsilon", 
          "parent": "BRepGProp_Sinert", 
          "cls": "memfun", 
          "extern": "1", 
          "throws": true
        }
      ], 
      "cls": "class"
    }, 
    {
      "name": "BRepGProp_Domain", 
      "abstract": false, 
      "constructors": [
        {
          "returnType": "", 
          "arguments": [
            {
              "decl": "const BRepGProp_Domain &", 
              "type": "BRepGProp_Domain", 
              "name": "arg0"
            }
          ], 
          "name": "BRepGProp_Domain", 
          "parent": "BRepGProp_Domain", 
          "cls": "constructor", 
          "artificial": "1", 
          "throws": true, 
          "copyConstructor": true
        }, 
        {
          "returnType": "", 
          "arguments": [], 
          "name": "BRepGProp_Domain", 
          "parent": "BRepGProp_Domain", 
          "cls": "constructor", 
          "throws": true
        }, 
        {
          "returnType": "", 
          "arguments": [
            {
              "decl": "const TopoDS_Face &", 
              "type": "TopoDS_Face", 
              "name": "F"
            }
          ], 
          "name": "BRepGProp_Domain", 
          "parent": "BRepGProp_Domain", 
          "cls": "constructor", 
          "throws": true
        }
      ], 
      "artificial": "1", 
      "bases": [], 
      "location": [
        "/usr/local/include/oce/BRepGProp_Domain.hxx", 
        31
      ], 
      "members": [
        {
          "returnType": "void", 
          "arguments": [
            {
              "decl": "const TopoDS_Face &", 
              "type": "TopoDS_Face", 
              "name": "F"
            }
          ], 
          "name": "Init", 
          "parent": "BRepGProp_Domain", 
          "cls": "memfun", 
          "throws": true
        }, 
        {
          "returnType": "Standard_Boolean", 
          "arguments": [], 
          "name": "More", 
          "parent": "BRepGProp_Domain", 
          "cls": "memfun", 
          "throws": true
        }, 
        {
          "returnType": "void", 
          "arguments": [], 
          "name": "Init", 
          "parent": "BRepGProp_Domain", 
          "cls": "memfun", 
          "throws": true
        }, 
        {
          "returnType": "TopoDS_Edge const &", 
          "arguments": [], 
          "name": "Value", 
          "parent": "BRepGProp_Domain", 
          "cls": "memfun", 
          "throws": true
        }, 
        {
          "returnType": "void", 
          "arguments": [], 
          "name": "Next", 
          "parent": "BRepGProp_Domain", 
          "cls": "memfun", 
          "extern": "1", 
          "throws": true
        }
      ], 
      "cls": "class"
    }, 
    {
      "name": "BRepGProp_VinertGK", 
      "abstract": false, 
      "constructors": [
        {
          "returnType": "", 
          "arguments": [
            {
              "decl": "const BRepGProp_VinertGK &", 
              "type": "BRepGProp_VinertGK", 
              "name": "arg0"
            }
          ], 
          "name": "BRepGProp_VinertGK", 
          "parent": "BRepGProp_VinertGK", 
          "cls": "constructor", 
          "artificial": "1", 
          "copyConstructor": true
        }, 
        {
          "returnType": "", 
          "arguments": [], 
          "name": "BRepGProp_VinertGK", 
          "parent": "BRepGProp_VinertGK", 
          "cls": "constructor", 
          "throws": true
        }, 
        {
          "returnType": "", 
          "arguments": [
            {
              "decl": "BRepGProp_Face &", 
              "type": "BRepGProp_Face", 
              "name": "theSurface"
            }, 
            {
              "decl": "const gp_Pnt &", 
              "type": "gp_Pnt", 
              "name": "theLocation"
            }, 
            {
              "decl": "const Standard_Real", 
              "type": "Standard_Real", 
              "name": "theTolerance", 
              "default": "1.00000000000000002081668171172168513294309377670288085938e-3"
            }, 
            {
              "decl": "const Standard_Boolean", 
              "type": "Standard_Boolean", 
              "name": "theCGFlag", 
              "default": "false"
            }, 
            {
              "decl": "const Standard_Boolean", 
              "type": "Standard_Boolean", 
              "name": "theIFlag", 
              "default": "false"
            }
          ], 
          "name": "BRepGProp_VinertGK", 
          "parent": "BRepGProp_VinertGK", 
          "cls": "constructor", 
          "extern": "1", 
          "throws": true
        }, 
        {
          "returnType": "", 
          "arguments": [
            {
              "decl": "BRepGProp_Face &", 
              "type": "BRepGProp_Face", 
              "name": "theSurface"
            }, 
            {
              "decl": "const gp_Pnt &", 
              "type": "gp_Pnt", 
              "name": "thePoint"
            }, 
            {
              "decl": "const gp_Pnt &", 
              "type": "gp_Pnt", 
              "name": "theLocation"
            }, 
            {
              "decl": "const Standard_Real", 
              "type": "Standard_Real", 
              "name": "theTolerance", 
              "default": "1.00000000000000002081668171172168513294309377670288085938e-3"
            }, 
            {
              "decl": "const Standard_Boolean", 
              "type": "Standard_Boolean", 
              "name": "theCGFlag", 
              "default": "false"
            }, 
            {
              "decl": "const Standard_Boolean", 
              "type": "Standard_Boolean", 
              "name": "theIFlag", 
              "default": "false"
            }
          ], 
          "name": "BRepGProp_VinertGK", 
          "parent": "BRepGProp_VinertGK", 
          "cls": "constructor", 
          "extern": "1", 
          "throws": true
        }, 
        {
          "returnType": "", 
          "arguments": [
            {
              "decl": "BRepGProp_Face &", 
              "type": "BRepGProp_Face", 
              "name": "theSurface"
            }, 
            {
              "decl": "BRepGProp_Domain &", 
              "type": "BRepGProp_Domain", 
              "name": "theDomain"
            }, 
            {
              "decl": "const gp_Pnt &", 
              "type": "gp_Pnt", 
              "name": "theLocation"
            }, 
            {
              "decl": "const Standard_Real", 
              "type": "Standard_Real", 
              "name": "theTolerance", 
              "default": "1.00000000000000002081668171172168513294309377670288085938e-3"
            }, 
            {
              "decl": "const Standard_Boolean", 
              "type": "Standard_Boolean", 
              "name": "theCGFlag", 
              "default": "false"
            }, 
            {
              "decl": "const Standard_Boolean", 
              "type": "Standard_Boolean", 
              "name": "theIFlag", 
              "default": "false"
            }
          ], 
          "name": "BRepGProp_VinertGK", 
          "parent": "BRepGProp_VinertGK", 
          "cls": "constructor", 
          "extern": "1", 
          "throws": true
        }, 
        {
          "returnType": "", 
          "arguments": [
            {
              "decl": "BRepGProp_Face &", 
              "type": "BRepGProp_Face", 
              "name": "theSurface"
            }, 
            {
              "decl": "BRepGProp_Domain &", 
              "type": "BRepGProp_Domain", 
              "name": "theDomain"
            }, 
            {
              "decl": "const gp_Pnt &", 
              "type": "gp_Pnt", 
              "name": "thePoint"
            }, 
            {
              "decl": "const gp_Pnt &", 
              "type": "gp_Pnt", 
              "name": "theLocation"
            }, 
            {
              "decl": "const Standard_Real", 
              "type": "Standard_Real", 
              "name": "theTolerance", 
              "default": "1.00000000000000002081668171172168513294309377670288085938e-3"
            }, 
            {
              "decl": "const Standard_Boolean", 
              "type": "Standard_Boolean", 
              "name": "theCGFlag", 
              "default": "false"
            }, 
            {
              "decl": "const Standard_Boolean", 
              "type": "Standard_Boolean", 
              "name": "theIFlag", 
              "default": "false"
            }
          ], 
          "name": "BRepGProp_VinertGK", 
          "parent": "BRepGProp_VinertGK", 
          "cls": "constructor", 
          "extern": "1", 
          "throws": true
        }, 
        {
          "returnType": "", 
          "arguments": [
            {
              "decl": "BRepGProp_Face &", 
              "type": "BRepGProp_Face", 
              "name": "theSurface"
            }, 
            {
              "decl": "const gp_Pln &", 
              "type": "gp_Pln", 
              "name": "thePlane"
            }, 
            {
              "decl": "const gp_Pnt &", 
              "type": "gp_Pnt", 
              "name": "theLocation"
            }, 
            {
              "decl": "const Standard_Real", 
              "type": "Standard_Real", 
              "name": "theTolerance", 
              "default": "1.00000000000000002081668171172168513294309377670288085938e-3"
            }, 
            {
              "decl": "const Standard_Boolean", 
              "type": "Standard_Boolean", 
              "name": "theCGFlag", 
              "default": "false"
            }, 
            {
              "decl": "const Standard_Boolean", 
              "type": "Standard_Boolean", 
              "name": "theIFlag", 
              "default": "false"
            }
          ], 
          "name": "BRepGProp_VinertGK", 
          "parent": "BRepGProp_VinertGK", 
          "cls": "constructor", 
          "extern": "1", 
          "throws": true
        }, 
        {
          "returnType": "", 
          "arguments": [
            {
              "decl": "BRepGProp_Face &", 
              "type": "BRepGProp_Face", 
              "name": "theSurface"
            }, 
            {
              "decl": "BRepGProp_Domain &", 
              "type": "BRepGProp_Domain", 
              "name": "theDomain"
            }, 
            {
              "decl": "const gp_Pln &", 
              "type": "gp_Pln", 
              "name": "thePlane"
            }, 
            {
              "decl": "const gp_Pnt &", 
              "type": "gp_Pnt", 
              "name": "theLocation"
            }, 
            {
              "decl": "const Standard_Real", 
              "type": "Standard_Real", 
              "name": "theTolerance", 
              "default": "1.00000000000000002081668171172168513294309377670288085938e-3"
            }, 
            {
              "decl": "const Standard_Boolean", 
              "type": "Standard_Boolean", 
              "name": "theCGFlag", 
              "default": "false"
            }, 
            {
              "decl": "const Standard_Boolean", 
              "type": "Standard_Boolean", 
              "name": "theIFlag", 
              "default": "false"
            }
          ], 
          "name": "BRepGProp_VinertGK", 
          "parent": "BRepGProp_VinertGK", 
          "cls": "constructor", 
          "extern": "1", 
          "throws": true
        }
      ], 
      "artificial": "1", 
      "bases": [
        {
          "access": "public", 
          "name": "GProp_GProps"
        }
      ], 
      "location": [
        "/usr/local/include/oce/BRepGProp_VinertGK.hxx", 
        41
      ], 
      "members": [
        {
          "returnType": "void", 
          "arguments": [
            {
              "decl": "const gp_Pnt &", 
              "type": "gp_Pnt", 
              "name": "theVertex"
            }
          ], 
          "name": "SetLocation", 
          "parent": "BRepGProp_VinertGK", 
          "cls": "memfun", 
          "throws": true
        }, 
        {
          "returnType": "Standard_Real", 
          "arguments": [
            {
              "decl": "BRepGProp_Face &", 
              "type": "BRepGProp_Face", 
              "name": "theSurface"
            }, 
            {
              "decl": "const Standard_Real", 
              "type": "Standard_Real", 
              "name": "theTolerance", 
              "default": "1.00000000000000002081668171172168513294309377670288085938e-3"
            }, 
            {
              "decl": "const Standard_Boolean", 
              "type": "Standard_Boolean", 
              "name": "theCGFlag", 
              "default": "false"
            }, 
            {
              "decl": "const Standard_Boolean", 
              "type": "Standard_Boolean", 
              "name": "theIFlag", 
              "default": "false"
            }
          ], 
          "name": "Perform", 
          "parent": "BRepGProp_VinertGK", 
          "cls": "memfun", 
          "extern": "1", 
          "throws": true
        }, 
        {
          "returnType": "Standard_Real", 
          "arguments": [
            {
              "decl": "BRepGProp_Face &", 
              "type": "BRepGProp_Face", 
              "name": "theSurface"
            }, 
            {
              "decl": "const gp_Pnt &", 
              "type": "gp_Pnt", 
              "name": "thePoint"
            }, 
            {
              "decl": "const Standard_Real", 
              "type": "Standard_Real", 
              "name": "theTolerance", 
              "default": "1.00000000000000002081668171172168513294309377670288085938e-3"
            }, 
            {
              "decl": "const Standard_Boolean", 
              "type": "Standard_Boolean", 
              "name": "theCGFlag", 
              "default": "false"
            }, 
            {
              "decl": "const Standard_Boolean", 
              "type": "Standard_Boolean", 
              "name": "theIFlag", 
              "default": "false"
            }
          ], 
          "name": "Perform", 
          "parent": "BRepGProp_VinertGK", 
          "cls": "memfun", 
          "extern": "1", 
          "throws": true
        }, 
        {
          "returnType": "Standard_Real", 
          "arguments": [
            {
              "decl": "BRepGProp_Face &", 
              "type": "BRepGProp_Face", 
              "name": "theSurface"
            }, 
            {
              "decl": "BRepGProp_Domain &", 
              "type": "BRepGProp_Domain", 
              "name": "theDomain"
            }, 
            {
              "decl": "const Standard_Real", 
              "type": "Standard_Real", 
              "name": "theTolerance", 
              "default": "1.00000000000000002081668171172168513294309377670288085938e-3"
            }, 
            {
              "decl": "const Standard_Boolean", 
              "type": "Standard_Boolean", 
              "name": "theCGFlag", 
              "default": "false"
            }, 
            {
              "decl": "const Standard_Boolean", 
              "type": "Standard_Boolean", 
              "name": "theIFlag", 
              "default": "false"
            }
          ], 
          "name": "Perform", 
          "parent": "BRepGProp_VinertGK", 
          "cls": "memfun", 
          "extern": "1", 
          "throws": true
        }, 
        {
          "returnType": "Standard_Real", 
          "arguments": [
            {
              "decl": "BRepGProp_Face &", 
              "type": "BRepGProp_Face", 
              "name": "theSurface"
            }, 
            {
              "decl": "BRepGProp_Domain &", 
              "type": "BRepGProp_Domain", 
              "name": "theDomain"
            }, 
            {
              "decl": "const gp_Pnt &", 
              "type": "gp_Pnt", 
              "name": "thePoint"
            }, 
            {
              "decl": "const Standard_Real", 
              "type": "Standard_Real", 
              "name": "theTolerance", 
              "default": "1.00000000000000002081668171172168513294309377670288085938e-3"
            }, 
            {
              "decl": "const Standard_Boolean", 
              "type": "Standard_Boolean", 
              "name": "theCGFlag", 
              "default": "false"
            }, 
            {
              "decl": "const Standard_Boolean", 
              "type": "Standard_Boolean", 
              "name": "theIFlag", 
              "default": "false"
            }
          ], 
          "name": "Perform", 
          "parent": "BRepGProp_VinertGK", 
          "cls": "memfun", 
          "extern": "1", 
          "throws": true
        }, 
        {
          "returnType": "Standard_Real", 
          "arguments": [
            {
              "decl": "BRepGProp_Face &", 
              "type": "BRepGProp_Face", 
              "name": "theSurface"
            }, 
            {
              "decl": "const gp_Pln &", 
              "type": "gp_Pln", 
              "name": "thePlane"
            }, 
            {
              "decl": "const Standard_Real", 
              "type": "Standard_Real", 
              "name": "theTolerance", 
              "default": "1.00000000000000002081668171172168513294309377670288085938e-3"
            }, 
            {
              "decl": "const Standard_Boolean", 
              "type": "Standard_Boolean", 
              "name": "theCGFlag", 
              "default": "false"
            }, 
            {
              "decl": "const Standard_Boolean", 
              "type": "Standard_Boolean", 
              "name": "theIFlag", 
              "default": "false"
            }
          ], 
          "name": "Perform", 
          "parent": "BRepGProp_VinertGK", 
          "cls": "memfun", 
          "extern": "1", 
          "throws": true
        }, 
        {
          "returnType": "Standard_Real", 
          "arguments": [
            {
              "decl": "BRepGProp_Face &", 
              "type": "BRepGProp_Face", 
              "name": "theSurface"
            }, 
            {
              "decl": "BRepGProp_Domain &", 
              "type": "BRepGProp_Domain", 
              "name": "theDomain"
            }, 
            {
              "decl": "const gp_Pln &", 
              "type": "gp_Pln", 
              "name": "thePlane"
            }, 
            {
              "decl": "const Standard_Real", 
              "type": "Standard_Real", 
              "name": "theTolerance", 
              "default": "1.00000000000000002081668171172168513294309377670288085938e-3"
            }, 
            {
              "decl": "const Standard_Boolean", 
              "type": "Standard_Boolean", 
              "name": "theCGFlag", 
              "default": "false"
            }, 
            {
              "decl": "const Standard_Boolean", 
              "type": "Standard_Boolean", 
              "name": "theIFlag", 
              "default": "false"
            }
          ], 
          "name": "Perform", 
          "parent": "BRepGProp_VinertGK", 
          "cls": "memfun", 
          "extern": "1", 
          "throws": true
        }, 
        {
          "returnType": "Standard_Real", 
          "arguments": [], 
          "name": "GetErrorReached", 
          "parent": "BRepGProp_VinertGK", 
          "cls": "memfun", 
          "const": "1", 
          "throws": true
        }, 
        {
          "returnType": "Standard_Real", 
          "arguments": [], 
          "name": "GetAbsolutError", 
          "parent": "BRepGProp_VinertGK", 
          "cls": "memfun", 
          "extern": "1", 
          "const": "1", 
          "throws": true
        }
      ], 
      "cls": "class"
    }, 
    {
      "name": "BRepGProp_EdgeTool", 
      "abstract": false, 
      "constructors": [
        {
          "returnType": "", 
          "arguments": [
            {
              "decl": "const BRepGProp_EdgeTool &", 
              "type": "BRepGProp_EdgeTool", 
              "name": "arg0"
            }
          ], 
          "name": "BRepGProp_EdgeTool", 
          "parent": "BRepGProp_EdgeTool", 
          "cls": "constructor", 
          "artificial": "1", 
          "copyConstructor": true
        }, 
        {
          "returnType": "", 
          "arguments": [], 
          "name": "BRepGProp_EdgeTool", 
          "parent": "BRepGProp_EdgeTool", 
          "cls": "constructor", 
          "artificial": "1"
        }
      ], 
      "artificial": "1", 
      "bases": [], 
      "location": [
        "/usr/local/include/oce/BRepGProp_EdgeTool.hxx", 
        37
      ], 
      "members": [
        {
          "returnType": "Standard_Real", 
          "arguments": [
            {
              "decl": "const BRepAdaptor_Curve &", 
              "type": "BRepAdaptor_Curve", 
              "name": "C"
            }
          ], 
          "name": "FirstParameter", 
          "parent": "BRepGProp_EdgeTool", 
          "cls": "memfun", 
          "static": "1", 
          "extern": "1", 
          "throws": true
        }, 
        {
          "returnType": "Standard_Real", 
          "arguments": [
            {
              "decl": "const BRepAdaptor_Curve &", 
              "type": "BRepAdaptor_Curve", 
              "name": "C"
            }
          ], 
          "name": "LastParameter", 
          "parent": "BRepGProp_EdgeTool", 
          "cls": "memfun", 
          "static": "1", 
          "extern": "1", 
          "throws": true
        }, 
        {
          "returnType": "Standard_Integer", 
          "arguments": [
            {
              "decl": "const BRepAdaptor_Curve &", 
              "type": "BRepAdaptor_Curve", 
              "name": "C"
            }
          ], 
          "name": "IntegrationOrder", 
          "parent": "BRepGProp_EdgeTool", 
          "cls": "memfun", 
          "static": "1", 
          "extern": "1", 
          "throws": true
        }, 
        {
          "returnType": "gp_Pnt", 
          "arguments": [
            {
              "decl": "const BRepAdaptor_Curve &", 
              "type": "BRepAdaptor_Curve", 
              "name": "C"
            }, 
            {
              "decl": "const Standard_Real", 
              "type": "Standard_Real", 
              "name": "U"
            }
          ], 
          "name": "Value", 
          "parent": "BRepGProp_EdgeTool", 
          "cls": "memfun", 
          "static": "1", 
          "extern": "1", 
          "throws": true
        }, 
        {
          "returnType": "void", 
          "arguments": [
            {
              "decl": "const BRepAdaptor_Curve &", 
              "type": "BRepAdaptor_Curve", 
              "name": "C"
            }, 
            {
              "decl": "const Standard_Real", 
              "type": "Standard_Real", 
              "name": "U"
            }, 
            {
              "decl": "gp_Pnt &", 
              "type": "gp_Pnt", 
              "name": "P"
            }, 
            {
              "decl": "gp_Vec &", 
              "type": "gp_Vec", 
              "name": "V1"
            }
          ], 
          "name": "D1", 
          "parent": "BRepGProp_EdgeTool", 
          "cls": "memfun", 
          "static": "1", 
          "extern": "1", 
          "throws": true
        }, 
        {
          "returnType": "Standard_Integer", 
          "arguments": [
            {
              "decl": "const BRepAdaptor_Curve &", 
              "type": "BRepAdaptor_Curve", 
              "name": "C"
            }, 
            {
              "decl": "const GeomAbs_Shape", 
              "type": "GeomAbs_Shape", 
              "name": "S"
            }
          ], 
          "name": "NbIntervals", 
          "parent": "BRepGProp_EdgeTool", 
          "cls": "memfun", 
          "static": "1", 
          "extern": "1", 
          "throws": true
        }, 
        {
          "returnType": "void", 
          "arguments": [
            {
              "decl": "const BRepAdaptor_Curve &", 
              "type": "BRepAdaptor_Curve", 
              "name": "C"
            }, 
            {
              "decl": "TColStd_Array1OfReal &", 
              "type": "TColStd_Array1OfReal", 
              "name": "T"
            }, 
            {
              "decl": "const GeomAbs_Shape", 
              "type": "GeomAbs_Shape", 
              "name": "S"
            }
          ], 
          "name": "Intervals", 
          "parent": "BRepGProp_EdgeTool", 
          "cls": "memfun", 
          "static": "1", 
          "extern": "1", 
          "throws": true
        }
      ], 
      "cls": "class"
    }, 
    {
      "name": "BRepGProp_Vinert", 
      "abstract": false, 
      "constructors": [
        {
          "returnType": "", 
          "arguments": [
            {
              "decl": "const BRepGProp_Vinert &", 
              "type": "BRepGProp_Vinert", 
              "name": "arg0"
            }
          ], 
          "name": "BRepGProp_Vinert", 
          "parent": "BRepGProp_Vinert", 
          "cls": "constructor", 
          "artificial": "1", 
          "copyConstructor": true
        }, 
        {
          "returnType": "", 
          "arguments": [], 
          "name": "BRepGProp_Vinert", 
          "parent": "BRepGProp_Vinert", 
          "cls": "constructor", 
          "extern": "1", 
          "throws": true
        }, 
        {
          "returnType": "", 
          "arguments": [
            {
              "decl": "const BRepGProp_Face &", 
              "type": "BRepGProp_Face", 
              "name": "S"
            }, 
            {
              "decl": "const gp_Pnt &", 
              "type": "gp_Pnt", 
              "name": "VLocation"
            }
          ], 
          "name": "BRepGProp_Vinert", 
          "parent": "BRepGProp_Vinert", 
          "cls": "constructor", 
          "extern": "1", 
          "throws": true
        }, 
        {
          "returnType": "", 
          "arguments": [
            {
              "decl": "BRepGProp_Face &", 
              "type": "BRepGProp_Face", 
              "name": "S"
            }, 
            {
              "decl": "const gp_Pnt &", 
              "type": "gp_Pnt", 
              "name": "VLocation"
            }, 
            {
              "decl": "const Standard_Real", 
              "type": "Standard_Real", 
              "name": "Eps"
            }
          ], 
          "name": "BRepGProp_Vinert", 
          "parent": "BRepGProp_Vinert", 
          "cls": "constructor", 
          "extern": "1", 
          "throws": true
        }, 
        {
          "returnType": "", 
          "arguments": [
            {
              "decl": "const BRepGProp_Face &", 
              "type": "BRepGProp_Face", 
              "name": "S"
            }, 
            {
              "decl": "const gp_Pnt &", 
              "type": "gp_Pnt", 
              "name": "O"
            }, 
            {
              "decl": "const gp_Pnt &", 
              "type": "gp_Pnt", 
              "name": "VLocation"
            }
          ], 
          "name": "BRepGProp_Vinert", 
          "parent": "BRepGProp_Vinert", 
          "cls": "constructor", 
          "extern": "1", 
          "throws": true
        }, 
        {
          "returnType": "", 
          "arguments": [
            {
              "decl": "BRepGProp_Face &", 
              "type": "BRepGProp_Face", 
              "name": "S"
            }, 
            {
              "decl": "const gp_Pnt &", 
              "type": "gp_Pnt", 
              "name": "O"
            }, 
            {
              "decl": "const gp_Pnt &", 
              "type": "gp_Pnt", 
              "name": "VLocation"
            }, 
            {
              "decl": "const Standard_Real", 
              "type": "Standard_Real", 
              "name": "Eps"
            }
          ], 
          "name": "BRepGProp_Vinert", 
          "parent": "BRepGProp_Vinert", 
          "cls": "constructor", 
          "extern": "1", 
          "throws": true
        }, 
        {
          "returnType": "", 
          "arguments": [
            {
              "decl": "const BRepGProp_Face &", 
              "type": "BRepGProp_Face", 
              "name": "S"
            }, 
            {
              "decl": "const gp_Pln &", 
              "type": "gp_Pln", 
              "name": "Pl"
            }, 
            {
              "decl": "const gp_Pnt &", 
              "type": "gp_Pnt", 
              "name": "VLocation"
            }
          ], 
          "name": "BRepGProp_Vinert", 
          "parent": "BRepGProp_Vinert", 
          "cls": "constructor", 
          "extern": "1", 
          "throws": true
        }, 
        {
          "returnType": "", 
          "arguments": [
            {
              "decl": "BRepGProp_Face &", 
              "type": "BRepGProp_Face", 
              "name": "S"
            }, 
            {
              "decl": "const gp_Pln &", 
              "type": "gp_Pln", 
              "name": "Pl"
            }, 
            {
              "decl": "const gp_Pnt &", 
              "type": "gp_Pnt", 
              "name": "VLocation"
            }, 
            {
              "decl": "const Standard_Real", 
              "type": "Standard_Real", 
              "name": "Eps"
            }
          ], 
          "name": "BRepGProp_Vinert", 
          "parent": "BRepGProp_Vinert", 
          "cls": "constructor", 
          "extern": "1", 
          "throws": true
        }, 
        {
          "returnType": "", 
          "arguments": [
            {
              "decl": "BRepGProp_Face &", 
              "type": "BRepGProp_Face", 
              "name": "S"
            }, 
            {
              "decl": "BRepGProp_Domain &", 
              "type": "BRepGProp_Domain", 
              "name": "D"
            }, 
            {
              "decl": "const gp_Pnt &", 
              "type": "gp_Pnt", 
              "name": "VLocation"
            }
          ], 
          "name": "BRepGProp_Vinert", 
          "parent": "BRepGProp_Vinert", 
          "cls": "constructor", 
          "extern": "1", 
          "throws": true
        }, 
        {
          "returnType": "", 
          "arguments": [
            {
              "decl": "BRepGProp_Face &", 
              "type": "BRepGProp_Face", 
              "name": "S"
            }, 
            {
              "decl": "BRepGProp_Domain &", 
              "type": "BRepGProp_Domain", 
              "name": "D"
            }, 
            {
              "decl": "const gp_Pnt &", 
              "type": "gp_Pnt", 
              "name": "VLocation"
            }, 
            {
              "decl": "const Standard_Real", 
              "type": "Standard_Real", 
              "name": "Eps"
            }
          ], 
          "name": "BRepGProp_Vinert", 
          "parent": "BRepGProp_Vinert", 
          "cls": "constructor", 
          "extern": "1", 
          "throws": true
        }, 
        {
          "returnType": "", 
          "arguments": [
            {
              "decl": "BRepGProp_Face &", 
              "type": "BRepGProp_Face", 
              "name": "S"
            }, 
            {
              "decl": "BRepGProp_Domain &", 
              "type": "BRepGProp_Domain", 
              "name": "D"
            }, 
            {
              "decl": "const gp_Pnt &", 
              "type": "gp_Pnt", 
              "name": "O"
            }, 
            {
              "decl": "const gp_Pnt &", 
              "type": "gp_Pnt", 
              "name": "VLocation"
            }
          ], 
          "name": "BRepGProp_Vinert", 
          "parent": "BRepGProp_Vinert", 
          "cls": "constructor", 
          "extern": "1", 
          "throws": true
        }, 
        {
          "returnType": "", 
          "arguments": [
            {
              "decl": "BRepGProp_Face &", 
              "type": "BRepGProp_Face", 
              "name": "S"
            }, 
            {
              "decl": "BRepGProp_Domain &", 
              "type": "BRepGProp_Domain", 
              "name": "D"
            }, 
            {
              "decl": "const gp_Pnt &", 
              "type": "gp_Pnt", 
              "name": "O"
            }, 
            {
              "decl": "const gp_Pnt &", 
              "type": "gp_Pnt", 
              "name": "VLocation"
            }, 
            {
              "decl": "const Standard_Real", 
              "type": "Standard_Real", 
              "name": "Eps"
            }
          ], 
          "name": "BRepGProp_Vinert", 
          "parent": "BRepGProp_Vinert", 
          "cls": "constructor", 
          "extern": "1", 
          "throws": true
        }, 
        {
          "returnType": "", 
          "arguments": [
            {
              "decl": "BRepGProp_Face &", 
              "type": "BRepGProp_Face", 
              "name": "S"
            }, 
            {
              "decl": "BRepGProp_Domain &", 
              "type": "BRepGProp_Domain", 
              "name": "D"
            }, 
            {
              "decl": "const gp_Pln &", 
              "type": "gp_Pln", 
              "name": "Pl"
            }, 
            {
              "decl": "const gp_Pnt &", 
              "type": "gp_Pnt", 
              "name": "VLocation"
            }
          ], 
          "name": "BRepGProp_Vinert", 
          "parent": "BRepGProp_Vinert", 
          "cls": "constructor", 
          "extern": "1", 
          "throws": true
        }, 
        {
          "returnType": "", 
          "arguments": [
            {
              "decl": "BRepGProp_Face &", 
              "type": "BRepGProp_Face", 
              "name": "S"
            }, 
            {
              "decl": "BRepGProp_Domain &", 
              "type": "BRepGProp_Domain", 
              "name": "D"
            }, 
            {
              "decl": "const gp_Pln &", 
              "type": "gp_Pln", 
              "name": "Pl"
            }, 
            {
              "decl": "const gp_Pnt &", 
              "type": "gp_Pnt", 
              "name": "VLocation"
            }, 
            {
              "decl": "const Standard_Real", 
              "type": "Standard_Real", 
              "name": "Eps"
            }
          ], 
          "name": "BRepGProp_Vinert", 
          "parent": "BRepGProp_Vinert", 
          "cls": "constructor", 
          "extern": "1", 
          "throws": true
        }
      ], 
      "artificial": "1", 
      "bases": [
        {
          "access": "public", 
          "name": "GProp_GProps"
        }
      ], 
      "location": [
        "/usr/local/include/oce/BRepGProp_Vinert.hxx", 
        33
      ], 
      "members": [
        {
          "returnType": "void", 
          "arguments": [
            {
              "decl": "const gp_Pnt &", 
              "type": "gp_Pnt", 
              "name": "VLocation"
            }
          ], 
          "name": "SetLocation", 
          "parent": "BRepGProp_Vinert", 
          "cls": "memfun", 
          "extern": "1", 
          "throws": true
        }, 
        {
          "returnType": "void", 
          "arguments": [
            {
              "decl": "const BRepGProp_Face &", 
              "type": "BRepGProp_Face", 
              "name": "S"
            }
          ], 
          "name": "Perform", 
          "parent": "BRepGProp_Vinert", 
          "cls": "memfun", 
          "extern": "1", 
          "throws": true
        }, 
        {
          "returnType": "Standard_Real", 
          "arguments": [
            {
              "decl": "BRepGProp_Face &", 
              "type": "BRepGProp_Face", 
              "name": "S"
            }, 
            {
              "decl": "const Standard_Real", 
              "type": "Standard_Real", 
              "name": "Eps"
            }
          ], 
          "name": "Perform", 
          "parent": "BRepGProp_Vinert", 
          "cls": "memfun", 
          "extern": "1", 
          "throws": true
        }, 
        {
          "returnType": "void", 
          "arguments": [
            {
              "decl": "const BRepGProp_Face &", 
              "type": "BRepGProp_Face", 
              "name": "S"
            }, 
            {
              "decl": "const gp_Pnt &", 
              "type": "gp_Pnt", 
              "name": "O"
            }
          ], 
          "name": "Perform", 
          "parent": "BRepGProp_Vinert", 
          "cls": "memfun", 
          "extern": "1", 
          "throws": true
        }, 
        {
          "returnType": "Standard_Real", 
          "arguments": [
            {
              "decl": "BRepGProp_Face &", 
              "type": "BRepGProp_Face", 
              "name": "S"
            }, 
            {
              "decl": "const gp_Pnt &", 
              "type": "gp_Pnt", 
              "name": "O"
            }, 
            {
              "decl": "const Standard_Real", 
              "type": "Standard_Real", 
              "name": "Eps"
            }
          ], 
          "name": "Perform", 
          "parent": "BRepGProp_Vinert", 
          "cls": "memfun", 
          "extern": "1", 
          "throws": true
        }, 
        {
          "returnType": "void", 
          "arguments": [
            {
              "decl": "const BRepGProp_Face &", 
              "type": "BRepGProp_Face", 
              "name": "S"
            }, 
            {
              "decl": "const gp_Pln &", 
              "type": "gp_Pln", 
              "name": "Pl"
            }
          ], 
          "name": "Perform", 
          "parent": "BRepGProp_Vinert", 
          "cls": "memfun", 
          "extern": "1", 
          "throws": true
        }, 
        {
          "returnType": "Standard_Real", 
          "arguments": [
            {
              "decl": "BRepGProp_Face &", 
              "type": "BRepGProp_Face", 
              "name": "S"
            }, 
            {
              "decl": "const gp_Pln &", 
              "type": "gp_Pln", 
              "name": "Pl"
            }, 
            {
              "decl": "const Standard_Real", 
              "type": "Standard_Real", 
              "name": "Eps"
            }
          ], 
          "name": "Perform", 
          "parent": "BRepGProp_Vinert", 
          "cls": "memfun", 
          "extern": "1", 
          "throws": true
        }, 
        {
          "returnType": "void", 
          "arguments": [
            {
              "decl": "BRepGProp_Face &", 
              "type": "BRepGProp_Face", 
              "name": "S"
            }, 
            {
              "decl": "BRepGProp_Domain &", 
              "type": "BRepGProp_Domain", 
              "name": "D"
            }
          ], 
          "name": "Perform", 
          "parent": "BRepGProp_Vinert", 
          "cls": "memfun", 
          "extern": "1", 
          "throws": true
        }, 
        {
          "returnType": "Standard_Real", 
          "arguments": [
            {
              "decl": "BRepGProp_Face &", 
              "type": "BRepGProp_Face", 
              "name": "S"
            }, 
            {
              "decl": "BRepGProp_Domain &", 
              "type": "BRepGProp_Domain", 
              "name": "D"
            }, 
            {
              "decl": "const Standard_Real", 
              "type": "Standard_Real", 
              "name": "Eps"
            }
          ], 
          "name": "Perform", 
          "parent": "BRepGProp_Vinert", 
          "cls": "memfun", 
          "extern": "1", 
          "throws": true
        }, 
        {
          "returnType": "void", 
          "arguments": [
            {
              "decl": "BRepGProp_Face &", 
              "type": "BRepGProp_Face", 
              "name": "S"
            }, 
            {
              "decl": "BRepGProp_Domain &", 
              "type": "BRepGProp_Domain", 
              "name": "D"
            }, 
            {
              "decl": "const gp_Pnt &", 
              "type": "gp_Pnt", 
              "name": "O"
            }
          ], 
          "name": "Perform", 
          "parent": "BRepGProp_Vinert", 
          "cls": "memfun", 
          "extern": "1", 
          "throws": true
        }, 
        {
          "returnType": "Standard_Real", 
          "arguments": [
            {
              "decl": "BRepGProp_Face &", 
              "type": "BRepGProp_Face", 
              "name": "S"
            }, 
            {
              "decl": "BRepGProp_Domain &", 
              "type": "BRepGProp_Domain", 
              "name": "D"
            }, 
            {
              "decl": "const gp_Pnt &", 
              "type": "gp_Pnt", 
              "name": "O"
            }, 
            {
              "decl": "const Standard_Real", 
              "type": "Standard_Real", 
              "name": "Eps"
            }
          ], 
          "name": "Perform", 
          "parent": "BRepGProp_Vinert", 
          "cls": "memfun", 
          "extern": "1", 
          "throws": true
        }, 
        {
          "returnType": "void", 
          "arguments": [
            {
              "decl": "BRepGProp_Face &", 
              "type": "BRepGProp_Face", 
              "name": "S"
            }, 
            {
              "decl": "BRepGProp_Domain &", 
              "type": "BRepGProp_Domain", 
              "name": "D"
            }, 
            {
              "decl": "const gp_Pln &", 
              "type": "gp_Pln", 
              "name": "Pl"
            }
          ], 
          "name": "Perform", 
          "parent": "BRepGProp_Vinert", 
          "cls": "memfun", 
          "extern": "1", 
          "throws": true
        }, 
        {
          "returnType": "Standard_Real", 
          "arguments": [
            {
              "decl": "BRepGProp_Face &", 
              "type": "BRepGProp_Face", 
              "name": "S"
            }, 
            {
              "decl": "BRepGProp_Domain &", 
              "type": "BRepGProp_Domain", 
              "name": "D"
            }, 
            {
              "decl": "const gp_Pln &", 
              "type": "gp_Pln", 
              "name": "Pl"
            }, 
            {
              "decl": "const Standard_Real", 
              "type": "Standard_Real", 
              "name": "Eps"
            }
          ], 
          "name": "Perform", 
          "parent": "BRepGProp_Vinert", 
          "cls": "memfun", 
          "extern": "1", 
          "throws": true
        }, 
        {
          "returnType": "Standard_Real", 
          "arguments": [], 
          "name": "GetEpsilon", 
          "parent": "BRepGProp_Vinert", 
          "cls": "memfun", 
          "extern": "1", 
          "throws": true
        }
      ], 
      "cls": "class"
    }, 
    {
      "name": "BRepGProp_UFunctionOfVinertGK", 
      "abstract": false, 
      "constructors": [
        {
          "returnType": "", 
          "arguments": [
            {
              "decl": "const BRepGProp_UFunctionOfVinertGK &", 
              "type": "BRepGProp_UFunctionOfVinertGK", 
              "name": "arg0"
            }
          ], 
          "name": "BRepGProp_UFunctionOfVinertGK", 
          "parent": "BRepGProp_UFunctionOfVinertGK", 
          "cls": "constructor", 
          "artificial": "1", 
          "throws": true, 
          "copyConstructor": true
        }, 
        {
          "returnType": "", 
          "arguments": [
            {
              "decl": "const BRepGProp_Face &", 
              "type": "BRepGProp_Face", 
              "name": "theSurface"
            }, 
            {
              "decl": "const gp_Pnt &", 
              "type": "gp_Pnt", 
              "name": "theVertex"
            }, 
            {
              "decl": "const Standard_Boolean", 
              "type": "Standard_Boolean", 
              "name": "IsByPoint"
            }, 
            {
              "decl": "const Standard_Address", 
              "type": "Standard_Address", 
              "name": "theCoeffs"
            }
          ], 
          "name": "BRepGProp_UFunctionOfVinertGK", 
          "parent": "BRepGProp_UFunctionOfVinertGK", 
          "cls": "constructor", 
          "extern": "1", 
          "throws": true
        }
      ], 
      "artificial": "1", 
      "bases": [
        {
          "access": "public", 
          "name": "math_Function"
        }
      ], 
      "location": [
        "/usr/local/include/oce/BRepGProp_UFunctionOfVinertGK.hxx", 
        50
      ], 
      "members": [
        {
          "returnType": "void", 
          "arguments": [
            {
              "decl": "const GProp_ValueType", 
              "type": "GProp_ValueType", 
              "name": "theType"
            }
          ], 
          "name": "SetValueType", 
          "parent": "BRepGProp_UFunctionOfVinertGK", 
          "cls": "memfun", 
          "throws": true
        }, 
        {
          "returnType": "void", 
          "arguments": [
            {
              "decl": "const Standard_Real", 
              "type": "Standard_Real", 
              "name": "theVParam"
            }
          ], 
          "name": "SetVParam", 
          "parent": "BRepGProp_UFunctionOfVinertGK", 
          "cls": "memfun", 
          "throws": true
        }, 
        {
          "returnType": "Standard_Boolean", 
          "arguments": [
            {
              "decl": "const Standard_Real", 
              "type": "Standard_Real", 
              "name": "X"
            }, 
            {
              "decl": "Standard_Real &", 
              "type": "Standard_Real", 
              "name": "F"
            }
          ], 
          "name": "Value", 
          "parent": "BRepGProp_UFunctionOfVinertGK", 
          "cls": "memfun", 
          "extern": "1", 
          "throws": true, 
          "virtuality": "virtual"
        }
      ], 
      "cls": "class"
    }, 
    {
      "name": "BRepGProp_Cinert", 
      "abstract": false, 
      "constructors": [
        {
          "returnType": "", 
          "arguments": [
            {
              "decl": "const BRepGProp_Cinert &", 
              "type": "BRepGProp_Cinert", 
              "name": "arg0"
            }
          ], 
          "name": "BRepGProp_Cinert", 
          "parent": "BRepGProp_Cinert", 
          "cls": "constructor", 
          "artificial": "1", 
          "copyConstructor": true
        }, 
        {
          "returnType": "", 
          "arguments": [], 
          "name": "BRepGProp_Cinert", 
          "parent": "BRepGProp_Cinert", 
          "cls": "constructor", 
          "extern": "1", 
          "throws": true
        }, 
        {
          "returnType": "", 
          "arguments": [
            {
              "decl": "const BRepAdaptor_Curve &", 
              "type": "BRepAdaptor_Curve", 
              "name": "C"
            }, 
            {
              "decl": "const gp_Pnt &", 
              "type": "gp_Pnt", 
              "name": "CLocation"
            }
          ], 
          "name": "BRepGProp_Cinert", 
          "parent": "BRepGProp_Cinert", 
          "cls": "constructor", 
          "extern": "1", 
          "throws": true
        }
      ], 
      "artificial": "1", 
      "bases": [
        {
          "access": "public", 
          "name": "GProp_GProps"
        }
      ], 
      "location": [
        "/usr/local/include/oce/BRepGProp_Cinert.hxx", 
        28
      ], 
      "members": [
        {
          "returnType": "void", 
          "arguments": [
            {
              "decl": "const gp_Pnt &", 
              "type": "gp_Pnt", 
              "name": "CLocation"
            }
          ], 
          "name": "SetLocation", 
          "parent": "BRepGProp_Cinert", 
          "cls": "memfun", 
          "extern": "1", 
          "throws": true
        }, 
        {
          "returnType": "void", 
          "arguments": [
            {
              "decl": "const BRepAdaptor_Curve &", 
              "type": "BRepAdaptor_Curve", 
              "name": "C"
            }
          ], 
          "name": "Perform", 
          "parent": "BRepGProp_Cinert", 
          "cls": "memfun", 
          "extern": "1", 
          "throws": true
        }
      ], 
      "cls": "class"
    }, 
    {
      "name": "BRepGProp_Face", 
      "abstract": false, 
      "constructors": [
        {
          "returnType": "", 
          "arguments": [
            {
              "decl": "const BRepGProp_Face &", 
              "type": "BRepGProp_Face", 
              "name": "arg0"
            }
          ], 
          "name": "BRepGProp_Face", 
          "parent": "BRepGProp_Face", 
          "cls": "constructor", 
          "artificial": "1", 
          "throws": true, 
          "copyConstructor": true
        }, 
        {
          "returnType": "", 
          "arguments": [
            {
              "decl": "const Standard_Boolean", 
              "type": "Standard_Boolean", 
              "name": "IsUseSpan", 
              "default": "false"
            }
          ], 
          "name": "BRepGProp_Face", 
          "parent": "BRepGProp_Face", 
          "cls": "constructor", 
          "throws": true
        }, 
        {
          "returnType": "", 
          "arguments": [
            {
              "decl": "const TopoDS_Face &", 
              "type": "TopoDS_Face", 
              "name": "F"
            }, 
            {
              "decl": "const Standard_Boolean", 
              "type": "Standard_Boolean", 
              "name": "IsUseSpan", 
              "default": "false"
            }
          ], 
          "name": "BRepGProp_Face", 
          "parent": "BRepGProp_Face", 
          "cls": "constructor", 
          "throws": true
        }
      ], 
      "artificial": "1", 
      "bases": [], 
      "location": [
        "/usr/local/include/oce/BRepGProp_Face.hxx", 
        54
      ], 
      "members": [
        {
          "returnType": "void", 
          "arguments": [
            {
              "decl": "const TopoDS_Face &", 
              "type": "TopoDS_Face", 
              "name": "F"
            }
          ], 
          "name": "Load", 
          "parent": "BRepGProp_Face", 
          "cls": "memfun", 
          "extern": "1", 
          "throws": true
        }, 
        {
          "returnType": "Standard_Integer", 
          "arguments": [], 
          "name": "VIntegrationOrder", 
          "parent": "BRepGProp_Face", 
          "cls": "memfun", 
          "extern": "1", 
          "const": "1", 
          "throws": true
        }, 
        {
          "returnType": "Standard_Boolean", 
          "arguments": [], 
          "name": "NaturalRestriction", 
          "parent": "BRepGProp_Face", 
          "cls": "memfun", 
          "const": "1", 
          "throws": true
        }, 
        {
          "returnType": "gp_Pnt2d", 
          "arguments": [
            {
              "decl": "const Standard_Real", 
              "type": "Standard_Real", 
              "name": "U"
            }
          ], 
          "name": "Value2d", 
          "parent": "BRepGProp_Face", 
          "cls": "memfun", 
          "const": "1", 
          "throws": true
        }, 
        {
          "returnType": "Standard_Integer", 
          "arguments": [
            {
              "decl": "const Standard_Real", 
              "type": "Standard_Real", 
              "name": "Eps"
            }
          ], 
          "name": "SIntOrder", 
          "parent": "BRepGProp_Face", 
          "cls": "memfun", 
          "extern": "1", 
          "const": "1", 
          "throws": true
        }, 
        {
          "returnType": "Standard_Integer", 
          "arguments": [], 
          "name": "SVIntSubs", 
          "parent": "BRepGProp_Face", 
          "cls": "memfun", 
          "extern": "1", 
          "const": "1", 
          "throws": true
        }, 
        {
          "returnType": "Standard_Integer", 
          "arguments": [], 
          "name": "SUIntSubs", 
          "parent": "BRepGProp_Face", 
          "cls": "memfun", 
          "extern": "1", 
          "const": "1", 
          "throws": true
        }, 
        {
          "returnType": "void", 
          "arguments": [
            {
              "decl": "TColStd_Array1OfReal &", 
              "type": "TColStd_Array1OfReal", 
              "name": "Knots"
            }
          ], 
          "name": "UKnots", 
          "parent": "BRepGProp_Face", 
          "cls": "memfun", 
          "extern": "1", 
          "const": "1", 
          "throws": true
        }, 
        {
          "returnType": "void", 
          "arguments": [
            {
              "decl": "TColStd_Array1OfReal &", 
              "type": "TColStd_Array1OfReal", 
              "name": "Knots"
            }
          ], 
          "name": "VKnots", 
          "parent": "BRepGProp_Face", 
          "cls": "memfun", 
          "extern": "1", 
          "const": "1", 
          "throws": true
        }, 
        {
          "returnType": "Standard_Integer", 
          "arguments": [
            {
              "decl": "const Standard_Real", 
              "type": "Standard_Real", 
              "name": "Eps"
            }
          ], 
          "name": "LIntOrder", 
          "parent": "BRepGProp_Face", 
          "cls": "memfun", 
          "extern": "1", 
          "const": "1", 
          "throws": true
        }, 
        {
          "returnType": "Standard_Integer", 
          "arguments": [], 
          "name": "LIntSubs", 
          "parent": "BRepGProp_Face", 
          "cls": "memfun", 
          "extern": "1", 
          "const": "1", 
          "throws": true
        }, 
        {
          "returnType": "void", 
          "arguments": [
            {
              "decl": "TColStd_Array1OfReal &", 
              "type": "TColStd_Array1OfReal", 
              "name": "Knots"
            }
          ], 
          "name": "LKnots", 
          "parent": "BRepGProp_Face", 
          "cls": "memfun", 
          "extern": "1", 
          "const": "1", 
          "throws": true
        }, 
        {
          "returnType": "Standard_Integer", 
          "arguments": [], 
          "name": "UIntegrationOrder", 
          "parent": "BRepGProp_Face", 
          "cls": "memfun", 
          "extern": "1", 
          "const": "1", 
          "throws": true
        }, 
        {
          "returnType": "void", 
          "arguments": [
            {
              "decl": "Standard_Real &", 
              "type": "Standard_Real", 
              "name": "U1"
            }, 
            {
              "decl": "Standard_Real &", 
              "type": "Standard_Real", 
              "name": "U2"
            }, 
            {
              "decl": "Standard_Real &", 
              "type": "Standard_Real", 
              "name": "V1"
            }, 
            {
              "decl": "Standard_Real &", 
              "type": "Standard_Real", 
              "name": "V2"
            }
          ], 
          "name": "Bounds", 
          "parent": "BRepGProp_Face", 
          "cls": "memfun", 
          "extern": "1", 
          "const": "1", 
          "throws": true
        }, 
        {
          "returnType": "void", 
          "arguments": [
            {
              "decl": "const Standard_Real", 
              "type": "Standard_Real", 
              "name": "U"
            }, 
            {
              "decl": "const Standard_Real", 
              "type": "Standard_Real", 
              "name": "V"
            }, 
            {
              "decl": "gp_Pnt &", 
              "type": "gp_Pnt", 
              "name": "P"
            }, 
            {
              "decl": "gp_Vec &", 
              "type": "gp_Vec", 
              "name": "VNor"
            }
          ], 
          "name": "Normal", 
          "parent": "BRepGProp_Face", 
          "cls": "memfun", 
          "extern": "1", 
          "const": "1", 
          "throws": true
        }, 
        {
          "returnType": "void", 
          "arguments": [
            {
              "decl": "const TopoDS_Edge &", 
              "type": "TopoDS_Edge", 
              "name": "E"
            }
          ], 
          "name": "Load", 
          "parent": "BRepGProp_Face", 
          "cls": "memfun", 
          "extern": "1", 
          "throws": true
        }, 
        {
          "returnType": "Standard_Real", 
          "arguments": [], 
          "name": "FirstParameter", 
          "parent": "BRepGProp_Face", 
          "cls": "memfun", 
          "const": "1", 
          "throws": true
        }, 
        {
          "returnType": "Standard_Real", 
          "arguments": [], 
          "name": "LastParameter", 
          "parent": "BRepGProp_Face", 
          "cls": "memfun", 
          "const": "1", 
          "throws": true
        }, 
        {
          "returnType": "Standard_Integer", 
          "arguments": [], 
          "name": "IntegrationOrder", 
          "parent": "BRepGProp_Face", 
          "cls": "memfun", 
          "extern": "1", 
          "const": "1", 
          "throws": true
        }, 
        {
          "returnType": "void", 
          "arguments": [
            {
              "decl": "const Standard_Real", 
              "type": "Standard_Real", 
              "name": "U"
            }, 
            {
              "decl": "gp_Pnt2d &", 
              "type": "gp_Pnt2d", 
              "name": "P"
            }, 
            {
              "decl": "gp_Vec2d &", 
              "type": "gp_Vec2d", 
              "name": "V1"
            }
          ], 
          "name": "D12d", 
          "parent": "BRepGProp_Face", 
          "cls": "memfun", 
          "const": "1", 
          "throws": true
        }, 
        {
          "returnType": "void", 
          "arguments": [
            {
              "decl": "const Standard_Boolean", 
              "type": "Standard_Boolean", 
              "name": "IsFirstParam"
            }, 
            {
              "decl": "const GeomAbs_IsoType", 
              "type": "GeomAbs_IsoType", 
              "name": "theIsoType"
            }
          ], 
          "name": "Load", 
          "parent": "BRepGProp_Face", 
          "cls": "memfun", 
          "extern": "1", 
          "throws": true
        }, 
        {
          "returnType": "void", 
          "arguments": [
            {
              "decl": "const Standard_Real", 
              "type": "Standard_Real", 
              "name": "theUMin"
            }, 
            {
              "decl": "const Standard_Real", 
              "type": "Standard_Real", 
              "name": "theUMax"
            }, 
            {
              "decl": "Handle_TColStd_HArray1OfReal &", 
              "type": "Handle_TColStd_HArray1OfReal", 
              "name": "theUKnots"
            }
          ], 
          "name": "GetUKnots", 
          "parent": "BRepGProp_Face", 
          "cls": "memfun", 
          "extern": "1", 
          "const": "1", 
          "throws": true
        }, 
        {
          "returnType": "void", 
          "arguments": [
            {
              "decl": "const Standard_Real", 
              "type": "Standard_Real", 
              "name": "theTMin"
            }, 
            {
              "decl": "const Standard_Real", 
              "type": "Standard_Real", 
              "name": "theTMax"
            }, 
            {
              "decl": "Handle_TColStd_HArray1OfReal &", 
              "type": "Handle_TColStd_HArray1OfReal", 
              "name": "theTKnots"
            }
          ], 
          "name": "GetTKnots", 
          "parent": "BRepGProp_Face", 
          "cls": "memfun", 
          "extern": "1", 
          "const": "1", 
          "throws": true
        }
      ], 
      "cls": "class"
    }, 
    {
      "name": "BRepGProp_TFunctionOfVinertGK", 
      "abstract": false, 
      "constructors": [
        {
          "returnType": "", 
          "arguments": [
            {
              "decl": "const BRepGProp_TFunctionOfVinertGK &", 
              "type": "BRepGProp_TFunctionOfVinertGK", 
              "name": "arg0"
            }
          ], 
          "name": "BRepGProp_TFunctionOfVinertGK", 
          "parent": "BRepGProp_TFunctionOfVinertGK", 
          "cls": "constructor", 
          "artificial": "1", 
          "throws": true, 
          "copyConstructor": true
        }, 
        {
          "returnType": "", 
          "arguments": [
            {
              "decl": "const BRepGProp_Face &", 
              "type": "BRepGProp_Face", 
              "name": "theSurface"
            }, 
            {
              "decl": "const gp_Pnt &", 
              "type": "gp_Pnt", 
              "name": "theVertex"
            }, 
            {
              "decl": "const Standard_Boolean", 
              "type": "Standard_Boolean", 
              "name": "IsByPoint"
            }, 
            {
              "decl": "const Standard_Address", 
              "type": "Standard_Address", 
              "name": "theCoeffs"
            }, 
            {
              "decl": "const Standard_Real", 
              "type": "Standard_Real", 
              "name": "theUMin"
            }, 
            {
              "decl": "const Standard_Real", 
              "type": "Standard_Real", 
              "name": "theTolerance"
            }
          ], 
          "name": "BRepGProp_TFunctionOfVinertGK", 
          "parent": "BRepGProp_TFunctionOfVinertGK", 
          "cls": "constructor", 
          "extern": "1", 
          "throws": true
        }
      ], 
      "artificial": "1", 
      "bases": [
        {
          "access": "public", 
          "name": "math_Function"
        }
      ], 
      "location": [
        "/usr/local/include/oce/BRepGProp_TFunctionOfVinertGK.hxx", 
        52
      ], 
      "members": [
        {
          "returnType": "void", 
          "arguments": [], 
          "name": "Init", 
          "parent": "BRepGProp_TFunctionOfVinertGK", 
          "cls": "memfun", 
          "extern": "1", 
          "throws": true
        }, 
        {
          "returnType": "void", 
          "arguments": [
            {
              "decl": "const Standard_Integer", 
              "type": "Standard_Integer", 
              "name": "theNbPoints"
            }
          ], 
          "name": "SetNbKronrodPoints", 
          "parent": "BRepGProp_TFunctionOfVinertGK", 
          "cls": "memfun", 
          "throws": true
        }, 
        {
          "returnType": "void", 
          "arguments": [
            {
              "decl": "const GProp_ValueType", 
              "type": "GProp_ValueType", 
              "name": "theType"
            }
          ], 
          "name": "SetValueType", 
          "parent": "BRepGProp_TFunctionOfVinertGK", 
          "cls": "memfun", 
          "throws": true
        }, 
        {
          "returnType": "void", 
          "arguments": [
            {
              "decl": "const Standard_Real", 
              "type": "Standard_Real", 
              "name": "theTolerance"
            }
          ], 
          "name": "SetTolerance", 
          "parent": "BRepGProp_TFunctionOfVinertGK", 
          "cls": "memfun", 
          "throws": true
        }, 
        {
          "returnType": "Standard_Real", 
          "arguments": [], 
          "name": "ErrorReached", 
          "parent": "BRepGProp_TFunctionOfVinertGK", 
          "cls": "memfun", 
          "const": "1", 
          "throws": true
        }, 
        {
          "returnType": "Standard_Real", 
          "arguments": [], 
          "name": "AbsolutError", 
          "parent": "BRepGProp_TFunctionOfVinertGK", 
          "cls": "memfun", 
          "const": "1", 
          "throws": true
        }, 
        {
          "returnType": "Standard_Boolean", 
          "arguments": [
            {
              "decl": "const Standard_Real", 
              "type": "Standard_Real", 
              "name": "X"
            }, 
            {
              "decl": "Standard_Real &", 
              "type": "Standard_Real", 
              "name": "F"
            }
          ], 
          "name": "Value", 
          "parent": "BRepGProp_TFunctionOfVinertGK", 
          "cls": "memfun", 
          "extern": "1", 
          "throws": true, 
          "virtuality": "virtual"
        }, 
        {
          "returnType": "Standard_Integer", 
          "arguments": [], 
          "name": "GetStateNumber", 
          "parent": "BRepGProp_TFunctionOfVinertGK", 
          "cls": "memfun", 
          "extern": "1", 
          "throws": true, 
          "virtuality": "virtual"
        }
      ], 
      "cls": "class"
    }
  ], 
  "headers": [
    "BRepGProp_Sinert.hxx", 
    "BRepGProp_UFunctionOfVinertGK.hxx", 
    "BRepGProp_EdgeTool.hxx", 
    "BRepGProp_TFunctionOfVinertGK.hxx", 
    "BRepGProp_Cinert.hxx", 
    "BRepGProp_Vinert.hxx", 
    "BRepGProp_Domain.hxx", 
    "BRepGProp_Face.hxx", 
    "BRepGProp_VinertGK.hxx"
  ], 
  "enums": [], 
  "typedefs": [], 
  "name": "BRepGProp"
}