{
  "classes": [
    {
      "name": "Handle_BRepTools_ReShape", 
      "abstract": false, 
      "constructors": [
        {
          "returnType": "", 
          "arguments": [], 
          "name": "Handle_BRepTools_ReShape", 
          "parent": "Handle_BRepTools_ReShape", 
          "cls": "constructor", 
          "throws": true
        }, 
        {
          "returnType": "", 
          "arguments": [
            {
              "decl": "const Handle_BRepTools_ReShape &", 
              "type": "Handle_BRepTools_ReShape", 
              "name": "aHandle"
            }
          ], 
          "name": "Handle_BRepTools_ReShape", 
          "parent": "Handle_BRepTools_ReShape", 
          "cls": "constructor", 
          "throws": true, 
          "copyConstructor": true
        }, 
        {
          "returnType": "", 
          "arguments": [
            {
              "decl": "const BRepTools_ReShape *", 
              "type": "BRepTools_ReShape", 
              "name": "anItem"
            }
          ], 
          "name": "Handle_BRepTools_ReShape", 
          "parent": "Handle_BRepTools_ReShape", 
          "cls": "constructor", 
          "throws": true
        }
      ], 
      "artificial": "1", 
      "bases": [
        {
          "access": "public", 
          "name": "Handle_MMgt_TShared"
        }
      ], 
      "location": [
        "/usr/local/include/oce/Handle_BRepTools_ReShape.hxx", 
        25
      ], 
      "members": [
        {
          "returnType": "Handle_BRepTools_ReShape", 
          "arguments": [
            {
              "decl": "const Handle_Standard_Transient &", 
              "type": "Handle_Standard_Transient", 
              "name": "AnObject"
            }
          ], 
          "name": "DownCast", 
          "parent": "Handle_BRepTools_ReShape", 
          "cls": "memfun", 
          "static": "1", 
          "extern": "1", 
          "throws": true
        }
      ], 
      "cls": "class"
    }, 
    {
      "name": "Handle_BRepTools_NurbsConvertModification", 
      "abstract": false, 
      "constructors": [
        {
          "returnType": "", 
          "arguments": [], 
          "name": "Handle_BRepTools_NurbsConvertModification", 
          "parent": "Handle_BRepTools_NurbsConvertModification", 
          "cls": "constructor", 
          "throws": true
        }, 
        {
          "returnType": "", 
          "arguments": [
            {
              "decl": "const Handle_BRepTools_NurbsConvertModification &", 
              "type": "Handle_BRepTools_NurbsConvertModification", 
              "name": "aHandle"
            }
          ], 
          "name": "Handle_BRepTools_NurbsConvertModification", 
          "parent": "Handle_BRepTools_NurbsConvertModification", 
          "cls": "constructor", 
          "throws": true, 
          "copyConstructor": true
        }, 
        {
          "returnType": "", 
          "arguments": [
            {
              "decl": "const BRepTools_NurbsConvertModification *", 
              "type": "BRepTools_NurbsConvertModification", 
              "name": "anItem"
            }
          ], 
          "name": "Handle_BRepTools_NurbsConvertModification", 
          "parent": "Handle_BRepTools_NurbsConvertModification", 
          "cls": "constructor", 
          "throws": true
        }
      ], 
      "artificial": "1", 
      "bases": [
        {
          "access": "public", 
          "name": "Handle_BRepTools_Modification"
        }
      ], 
      "location": [
        "/usr/local/include/oce/Handle_BRepTools_NurbsConvertModification.hxx", 
        25
      ], 
      "members": [
        {
          "returnType": "Handle_BRepTools_NurbsConvertModification", 
          "arguments": [
            {
              "decl": "const Handle_Standard_Transient &", 
              "type": "Handle_Standard_Transient", 
              "name": "AnObject"
            }
          ], 
          "name": "DownCast", 
          "parent": "Handle_BRepTools_NurbsConvertModification", 
          "cls": "memfun", 
          "static": "1", 
          "extern": "1", 
          "throws": true
        }
      ], 
      "cls": "class"
    }, 
    {
      "name": "BRepTools_Modifier", 
      "abstract": false, 
      "constructors": [
        {
          "returnType": "", 
          "arguments": [], 
          "name": "BRepTools_Modifier", 
          "parent": "BRepTools_Modifier", 
          "cls": "constructor", 
          "extern": "1", 
          "throws": true
        }, 
        {
          "returnType": "", 
          "arguments": [
            {
              "decl": "const TopoDS_Shape &", 
              "type": "TopoDS_Shape", 
              "name": "S"
            }
          ], 
          "name": "BRepTools_Modifier", 
          "parent": "BRepTools_Modifier", 
          "cls": "constructor", 
          "extern": "1", 
          "throws": true
        }, 
        {
          "returnType": "", 
          "arguments": [
            {
              "decl": "const TopoDS_Shape &", 
              "type": "TopoDS_Shape", 
              "name": "S"
            }, 
            {
              "decl": "const Handle_BRepTools_Modification &", 
              "type": "Handle_BRepTools_Modification", 
              "name": "M"
            }
          ], 
          "name": "BRepTools_Modifier", 
          "parent": "BRepTools_Modifier", 
          "cls": "constructor", 
          "extern": "1", 
          "throws": true
        }
      ], 
      "artificial": "1", 
      "bases": [], 
      "location": [
        "/usr/local/include/oce/BRepTools_Modifier.hxx", 
        38
      ], 
      "members": [
        {
          "returnType": "void", 
          "arguments": [
            {
              "decl": "const TopoDS_Shape &", 
              "type": "TopoDS_Shape", 
              "name": "S"
            }
          ], 
          "name": "Init", 
          "parent": "BRepTools_Modifier", 
          "cls": "memfun", 
          "extern": "1", 
          "throws": true
        }, 
        {
          "returnType": "void", 
          "arguments": [
            {
              "decl": "const Handle_BRepTools_Modification &", 
              "type": "Handle_BRepTools_Modification", 
              "name": "M"
            }
          ], 
          "name": "Perform", 
          "parent": "BRepTools_Modifier", 
          "cls": "memfun", 
          "extern": "1", 
          "throws": true
        }, 
        {
          "returnType": "Standard_Boolean", 
          "arguments": [], 
          "name": "IsDone", 
          "parent": "BRepTools_Modifier", 
          "cls": "memfun", 
          "const": "1", 
          "throws": true
        }, 
        {
          "returnType": "TopoDS_Shape const &", 
          "arguments": [
            {
              "decl": "const TopoDS_Shape &", 
              "type": "TopoDS_Shape", 
              "name": "S"
            }
          ], 
          "name": "ModifiedShape", 
          "parent": "BRepTools_Modifier", 
          "cls": "memfun", 
          "const": "1", 
          "throws": true
        }
      ], 
      "cls": "class"
    }, 
    {
      "name": "Handle_BRepTools_GTrsfModification", 
      "abstract": false, 
      "constructors": [
        {
          "returnType": "", 
          "arguments": [], 
          "name": "Handle_BRepTools_GTrsfModification", 
          "parent": "Handle_BRepTools_GTrsfModification", 
          "cls": "constructor", 
          "throws": true
        }, 
        {
          "returnType": "", 
          "arguments": [
            {
              "decl": "const Handle_BRepTools_GTrsfModification &", 
              "type": "Handle_BRepTools_GTrsfModification", 
              "name": "aHandle"
            }
          ], 
          "name": "Handle_BRepTools_GTrsfModification", 
          "parent": "Handle_BRepTools_GTrsfModification", 
          "cls": "constructor", 
          "throws": true, 
          "copyConstructor": true
        }, 
        {
          "returnType": "", 
          "arguments": [
            {
              "decl": "const BRepTools_GTrsfModification *", 
              "type": "BRepTools_GTrsfModification", 
              "name": "anItem"
            }
          ], 
          "name": "Handle_BRepTools_GTrsfModification", 
          "parent": "Handle_BRepTools_GTrsfModification", 
          "cls": "constructor", 
          "throws": true
        }
      ], 
      "artificial": "1", 
      "bases": [
        {
          "access": "public", 
          "name": "Handle_BRepTools_Modification"
        }
      ], 
      "location": [
        "/usr/local/include/oce/Handle_BRepTools_GTrsfModification.hxx", 
        25
      ], 
      "members": [
        {
          "returnType": "Handle_BRepTools_GTrsfModification", 
          "arguments": [
            {
              "decl": "const Handle_Standard_Transient &", 
              "type": "Handle_Standard_Transient", 
              "name": "AnObject"
            }
          ], 
          "name": "DownCast", 
          "parent": "Handle_BRepTools_GTrsfModification", 
          "cls": "memfun", 
          "static": "1", 
          "extern": "1", 
          "throws": true
        }
      ], 
      "cls": "class"
    }, 
    {
      "name": "BRepTools_ShapeSet", 
      "abstract": false, 
      "constructors": [
        {
          "returnType": "", 
          "arguments": [
            {
              "decl": "const Standard_Boolean", 
              "type": "Standard_Boolean", 
              "name": "isWithTriangles", 
              "default": "true"
            }
          ], 
          "name": "BRepTools_ShapeSet", 
          "parent": "BRepTools_ShapeSet", 
          "cls": "constructor", 
          "extern": "1", 
          "throws": true
        }, 
        {
          "returnType": "", 
          "arguments": [
            {
              "decl": "const BRep_Builder &", 
              "type": "BRep_Builder", 
              "name": "B"
            }, 
            {
              "decl": "const Standard_Boolean", 
              "type": "Standard_Boolean", 
              "name": "isWithTriangles", 
              "default": "true"
            }
          ], 
          "name": "BRepTools_ShapeSet", 
          "parent": "BRepTools_ShapeSet", 
          "cls": "constructor", 
          "extern": "1", 
          "throws": true
        }
      ], 
      "artificial": "1", 
      "bases": [
        {
          "access": "public", 
          "name": "TopTools_ShapeSet"
        }
      ], 
      "location": [
        "/usr/local/include/oce/BRepTools_ShapeSet.hxx", 
        57
      ], 
      "members": [
        {
          "returnType": "void", 
          "arguments": [], 
          "name": "Clear", 
          "parent": "BRepTools_ShapeSet", 
          "cls": "memfun", 
          "extern": "1", 
          "throws": true, 
          "virtuality": "virtual"
        }, 
        {
          "returnType": "void", 
          "arguments": [
            {
              "decl": "const TopoDS_Shape &", 
              "type": "TopoDS_Shape", 
              "name": "S"
            }
          ], 
          "name": "AddGeometry", 
          "parent": "BRepTools_ShapeSet", 
          "cls": "memfun", 
          "extern": "1", 
          "throws": true, 
          "virtuality": "virtual"
        }, 
        {
          "returnType": "void", 
          "arguments": [
            {
              "decl": "Standard_OStream &", 
              "type": "Standard_OStream", 
              "name": "OS"
            }
          ], 
          "name": "DumpGeometry", 
          "parent": "BRepTools_ShapeSet", 
          "cls": "memfun", 
          "extern": "1", 
          "const": "1", 
          "throws": true, 
          "virtuality": "virtual"
        }, 
        {
          "returnType": "void", 
          "arguments": [
            {
              "decl": "Standard_OStream &", 
              "type": "Standard_OStream", 
              "name": "OS"
            }
          ], 
          "name": "WriteGeometry", 
          "parent": "BRepTools_ShapeSet", 
          "cls": "memfun", 
          "extern": "1", 
          "throws": true, 
          "virtuality": "virtual"
        }, 
        {
          "returnType": "void", 
          "arguments": [
            {
              "decl": "std::istream &", 
              "type": "std::istream", 
              "name": "IS"
            }
          ], 
          "name": "ReadGeometry", 
          "parent": "BRepTools_ShapeSet", 
          "cls": "memfun", 
          "extern": "1", 
          "throws": true, 
          "virtuality": "virtual"
        }, 
        {
          "returnType": "void", 
          "arguments": [
            {
              "decl": "const TopoDS_Shape &", 
              "type": "TopoDS_Shape", 
              "name": "S"
            }, 
            {
              "decl": "Standard_OStream &", 
              "type": "Standard_OStream", 
              "name": "OS"
            }
          ], 
          "name": "DumpGeometry", 
          "parent": "BRepTools_ShapeSet", 
          "cls": "memfun", 
          "extern": "1", 
          "const": "1", 
          "throws": true, 
          "virtuality": "virtual"
        }, 
        {
          "returnType": "void", 
          "arguments": [
            {
              "decl": "const TopoDS_Shape &", 
              "type": "TopoDS_Shape", 
              "name": "S"
            }, 
            {
              "decl": "Standard_OStream &", 
              "type": "Standard_OStream", 
              "name": "OS"
            }
          ], 
          "name": "WriteGeometry", 
          "parent": "BRepTools_ShapeSet", 
          "cls": "memfun", 
          "extern": "1", 
          "const": "1", 
          "throws": true, 
          "virtuality": "virtual"
        }, 
        {
          "returnType": "void", 
          "arguments": [
            {
              "decl": "const TopAbs_ShapeEnum", 
              "type": "TopAbs_ShapeEnum", 
              "name": "T"
            }, 
            {
              "decl": "std::istream &", 
              "type": "std::istream", 
              "name": "IS"
            }, 
            {
              "decl": "TopoDS_Shape &", 
              "type": "TopoDS_Shape", 
              "name": "S"
            }
          ], 
          "name": "ReadGeometry", 
          "parent": "BRepTools_ShapeSet", 
          "cls": "memfun", 
          "extern": "1", 
          "throws": true, 
          "virtuality": "virtual"
        }, 
        {
          "returnType": "void", 
          "arguments": [
            {
              "decl": "TopoDS_Shape &", 
              "type": "TopoDS_Shape", 
              "name": "S1"
            }, 
            {
              "decl": "const TopoDS_Shape &", 
              "type": "TopoDS_Shape", 
              "name": "S2"
            }
          ], 
          "name": "AddShapes", 
          "parent": "BRepTools_ShapeSet", 
          "cls": "memfun", 
          "extern": "1", 
          "throws": true, 
          "virtuality": "virtual"
        }, 
        {
          "returnType": "void", 
          "arguments": [
            {
              "decl": "const TopAbs_ShapeEnum", 
              "type": "TopAbs_ShapeEnum", 
              "name": "T"
            }, 
            {
              "decl": "TopoDS_Shape &", 
              "type": "TopoDS_Shape", 
              "name": "S"
            }
          ], 
          "name": "Check", 
          "parent": "BRepTools_ShapeSet", 
          "cls": "memfun", 
          "extern": "1", 
          "throws": true, 
          "virtuality": "virtual"
        }, 
        {
          "returnType": "void", 
          "arguments": [
            {
              "decl": "std::istream &", 
              "type": "std::istream", 
              "name": "IS"
            }
          ], 
          "name": "ReadPolygon3D", 
          "parent": "BRepTools_ShapeSet", 
          "cls": "memfun", 
          "extern": "1", 
          "throws": true
        }, 
        {
          "returnType": "void", 
          "arguments": [
            {
              "decl": "Standard_OStream &", 
              "type": "Standard_OStream", 
              "name": "OS"
            }, 
            {
              "decl": "const Standard_Boolean", 
              "type": "Standard_Boolean", 
              "name": "Compact", 
              "default": "true"
            }
          ], 
          "name": "WritePolygon3D", 
          "parent": "BRepTools_ShapeSet", 
          "cls": "memfun", 
          "extern": "1", 
          "const": "1", 
          "throws": true
        }, 
        {
          "returnType": "void", 
          "arguments": [
            {
              "decl": "Standard_OStream &", 
              "type": "Standard_OStream", 
              "name": "OS"
            }
          ], 
          "name": "DumpPolygon3D", 
          "parent": "BRepTools_ShapeSet", 
          "cls": "memfun", 
          "extern": "1", 
          "const": "1", 
          "throws": true
        }, 
        {
          "returnType": "void", 
          "arguments": [
            {
              "decl": "std::istream &", 
              "type": "std::istream", 
              "name": "IS"
            }
          ], 
          "name": "ReadTriangulation", 
          "parent": "BRepTools_ShapeSet", 
          "cls": "memfun", 
          "extern": "1", 
          "throws": true
        }, 
        {
          "returnType": "void", 
          "arguments": [
            {
              "decl": "Standard_OStream &", 
              "type": "Standard_OStream", 
              "name": "OS"
            }, 
            {
              "decl": "const Standard_Boolean", 
              "type": "Standard_Boolean", 
              "name": "Compact", 
              "default": "true"
            }
          ], 
          "name": "WriteTriangulation", 
          "parent": "BRepTools_ShapeSet", 
          "cls": "memfun", 
          "extern": "1", 
          "const": "1", 
          "throws": true
        }, 
        {
          "returnType": "void", 
          "arguments": [
            {
              "decl": "Standard_OStream &", 
              "type": "Standard_OStream", 
              "name": "OS"
            }
          ], 
          "name": "DumpTriangulation", 
          "parent": "BRepTools_ShapeSet", 
          "cls": "memfun", 
          "extern": "1", 
          "const": "1", 
          "throws": true
        }, 
        {
          "returnType": "void", 
          "arguments": [
            {
              "decl": "std::istream &", 
              "type": "std::istream", 
              "name": "IS"
            }
          ], 
          "name": "ReadPolygonOnTriangulation", 
          "parent": "BRepTools_ShapeSet", 
          "cls": "memfun", 
          "extern": "1", 
          "throws": true
        }, 
        {
          "returnType": "void", 
          "arguments": [
            {
              "decl": "Standard_OStream &", 
              "type": "Standard_OStream", 
              "name": "OS"
            }, 
            {
              "decl": "const Standard_Boolean", 
              "type": "Standard_Boolean", 
              "name": "Compact", 
              "default": "true"
            }
          ], 
          "name": "WritePolygonOnTriangulation", 
          "parent": "BRepTools_ShapeSet", 
          "cls": "memfun", 
          "extern": "1", 
          "const": "1", 
          "throws": true
        }, 
        {
          "returnType": "void", 
          "arguments": [
            {
              "decl": "Standard_OStream &", 
              "type": "Standard_OStream", 
              "name": "OS"
            }
          ], 
          "name": "DumpPolygonOnTriangulation", 
          "parent": "BRepTools_ShapeSet", 
          "cls": "memfun", 
          "extern": "1", 
          "const": "1", 
          "throws": true
        }
      ], 
      "cls": "class"
    }, 
    {
      "name": "Handle_BRepTools_TrsfModification", 
      "abstract": false, 
      "constructors": [
        {
          "returnType": "", 
          "arguments": [], 
          "name": "Handle_BRepTools_TrsfModification", 
          "parent": "Handle_BRepTools_TrsfModification", 
          "cls": "constructor", 
          "throws": true
        }, 
        {
          "returnType": "", 
          "arguments": [
            {
              "decl": "const Handle_BRepTools_TrsfModification &", 
              "type": "Handle_BRepTools_TrsfModification", 
              "name": "aHandle"
            }
          ], 
          "name": "Handle_BRepTools_TrsfModification", 
          "parent": "Handle_BRepTools_TrsfModification", 
          "cls": "constructor", 
          "throws": true, 
          "copyConstructor": true
        }, 
        {
          "returnType": "", 
          "arguments": [
            {
              "decl": "const BRepTools_TrsfModification *", 
              "type": "BRepTools_TrsfModification", 
              "name": "anItem"
            }
          ], 
          "name": "Handle_BRepTools_TrsfModification", 
          "parent": "Handle_BRepTools_TrsfModification", 
          "cls": "constructor", 
          "throws": true
        }
      ], 
      "artificial": "1", 
      "bases": [
        {
          "access": "public", 
          "name": "Handle_BRepTools_Modification"
        }
      ], 
      "location": [
        "/usr/local/include/oce/Handle_BRepTools_TrsfModification.hxx", 
        25
      ], 
      "members": [
        {
          "returnType": "Handle_BRepTools_TrsfModification", 
          "arguments": [
            {
              "decl": "const Handle_Standard_Transient &", 
              "type": "Handle_Standard_Transient", 
              "name": "AnObject"
            }
          ], 
          "name": "DownCast", 
          "parent": "Handle_BRepTools_TrsfModification", 
          "cls": "memfun", 
          "static": "1", 
          "extern": "1", 
          "throws": true
        }
      ], 
      "cls": "class"
    }, 
    {
      "name": "BRepTools_GTrsfModification", 
      "abstract": false, 
      "constructors": [
        {
          "returnType": "", 
          "arguments": [
            {
              "decl": "const BRepTools_GTrsfModification &", 
              "type": "BRepTools_GTrsfModification", 
              "name": "arg0"
            }
          ], 
          "name": "BRepTools_GTrsfModification", 
          "parent": "BRepTools_GTrsfModification", 
          "cls": "constructor", 
          "artificial": "1", 
          "throws": true, 
          "copyConstructor": true
        }, 
        {
          "returnType": "", 
          "arguments": [
            {
              "decl": "const gp_GTrsf &", 
              "type": "gp_GTrsf", 
              "name": "T"
            }
          ], 
          "name": "BRepTools_GTrsfModification", 
          "parent": "BRepTools_GTrsfModification", 
          "cls": "constructor", 
          "extern": "1", 
          "throws": true
        }
      ], 
      "artificial": "1", 
      "bases": [
        {
          "access": "public", 
          "name": "BRepTools_Modification"
        }
      ], 
      "location": [
        "/usr/local/include/oce/BRepTools_GTrsfModification.hxx", 
        57
      ], 
      "members": [
        {
          "returnType": "gp_GTrsf &", 
          "arguments": [], 
          "name": "GTrsf", 
          "parent": "BRepTools_GTrsfModification", 
          "cls": "memfun", 
          "extern": "1", 
          "throws": true
        }, 
        {
          "returnType": "Standard_Boolean", 
          "arguments": [
            {
              "decl": "const TopoDS_Face &", 
              "type": "TopoDS_Face", 
              "name": "F"
            }, 
            {
              "decl": "Handle_Geom_Surface &", 
              "type": "Handle_Geom_Surface", 
              "name": "S"
            }, 
            {
              "decl": "TopLoc_Location &", 
              "type": "TopLoc_Location", 
              "name": "L"
            }, 
            {
              "decl": "Standard_Real &", 
              "type": "Standard_Real", 
              "name": "Tol"
            }, 
            {
              "decl": "Standard_Boolean &", 
              "type": "Standard_Boolean", 
              "name": "RevWires"
            }, 
            {
              "decl": "Standard_Boolean &", 
              "type": "Standard_Boolean", 
              "name": "RevFace"
            }
          ], 
          "name": "NewSurface", 
          "parent": "BRepTools_GTrsfModification", 
          "cls": "memfun", 
          "extern": "1", 
          "throws": true, 
          "virtuality": "virtual"
        }, 
        {
          "returnType": "Standard_Boolean", 
          "arguments": [
            {
              "decl": "const TopoDS_Edge &", 
              "type": "TopoDS_Edge", 
              "name": "E"
            }, 
            {
              "decl": "Handle_Geom_Curve &", 
              "type": "Handle_Geom_Curve", 
              "name": "C"
            }, 
            {
              "decl": "TopLoc_Location &", 
              "type": "TopLoc_Location", 
              "name": "L"
            }, 
            {
              "decl": "Standard_Real &", 
              "type": "Standard_Real", 
              "name": "Tol"
            }
          ], 
          "name": "NewCurve", 
          "parent": "BRepTools_GTrsfModification", 
          "cls": "memfun", 
          "extern": "1", 
          "throws": true, 
          "virtuality": "virtual"
        }, 
        {
          "returnType": "Standard_Boolean", 
          "arguments": [
            {
              "decl": "const TopoDS_Vertex &", 
              "type": "TopoDS_Vertex", 
              "name": "V"
            }, 
            {
              "decl": "gp_Pnt &", 
              "type": "gp_Pnt", 
              "name": "P"
            }, 
            {
              "decl": "Standard_Real &", 
              "type": "Standard_Real", 
              "name": "Tol"
            }
          ], 
          "name": "NewPoint", 
          "parent": "BRepTools_GTrsfModification", 
          "cls": "memfun", 
          "extern": "1", 
          "throws": true, 
          "virtuality": "virtual"
        }, 
        {
          "returnType": "Standard_Boolean", 
          "arguments": [
            {
              "decl": "const TopoDS_Edge &", 
              "type": "TopoDS_Edge", 
              "name": "E"
            }, 
            {
              "decl": "const TopoDS_Face &", 
              "type": "TopoDS_Face", 
              "name": "F"
            }, 
            {
              "decl": "const TopoDS_Edge &", 
              "type": "TopoDS_Edge", 
              "name": "NewE"
            }, 
            {
              "decl": "const TopoDS_Face &", 
              "type": "TopoDS_Face", 
              "name": "NewF"
            }, 
            {
              "decl": "Handle_Geom2d_Curve &", 
              "type": "Handle_Geom2d_Curve", 
              "name": "C"
            }, 
            {
              "decl": "Standard_Real &", 
              "type": "Standard_Real", 
              "name": "Tol"
            }
          ], 
          "name": "NewCurve2d", 
          "parent": "BRepTools_GTrsfModification", 
          "cls": "memfun", 
          "extern": "1", 
          "throws": true, 
          "virtuality": "virtual"
        }, 
        {
          "returnType": "Standard_Boolean", 
          "arguments": [
            {
              "decl": "const TopoDS_Vertex &", 
              "type": "TopoDS_Vertex", 
              "name": "V"
            }, 
            {
              "decl": "const TopoDS_Edge &", 
              "type": "TopoDS_Edge", 
              "name": "E"
            }, 
            {
              "decl": "Standard_Real &", 
              "type": "Standard_Real", 
              "name": "P"
            }, 
            {
              "decl": "Standard_Real &", 
              "type": "Standard_Real", 
              "name": "Tol"
            }
          ], 
          "name": "NewParameter", 
          "parent": "BRepTools_GTrsfModification", 
          "cls": "memfun", 
          "extern": "1", 
          "throws": true, 
          "virtuality": "virtual"
        }, 
        {
          "returnType": "GeomAbs_Shape", 
          "arguments": [
            {
              "decl": "const TopoDS_Edge &", 
              "type": "TopoDS_Edge", 
              "name": "E"
            }, 
            {
              "decl": "const TopoDS_Face &", 
              "type": "TopoDS_Face", 
              "name": "F1"
            }, 
            {
              "decl": "const TopoDS_Face &", 
              "type": "TopoDS_Face", 
              "name": "F2"
            }, 
            {
              "decl": "const TopoDS_Edge &", 
              "type": "TopoDS_Edge", 
              "name": "NewE"
            }, 
            {
              "decl": "const TopoDS_Face &", 
              "type": "TopoDS_Face", 
              "name": "NewF1"
            }, 
            {
              "decl": "const TopoDS_Face &", 
              "type": "TopoDS_Face", 
              "name": "NewF2"
            }
          ], 
          "name": "Continuity", 
          "parent": "BRepTools_GTrsfModification", 
          "cls": "memfun", 
          "extern": "1", 
          "throws": true, 
          "virtuality": "virtual"
        }, 
        {
          "returnType": "Handle_Standard_Type const &", 
          "arguments": [], 
          "name": "DynamicType", 
          "parent": "BRepTools_GTrsfModification", 
          "cls": "memfun", 
          "extern": "1", 
          "const": "1", 
          "throws": true, 
          "virtuality": "virtual"
        }
      ], 
      "cls": "class"
    }, 
    {
      "name": "Handle_BRepTools_Modification", 
      "abstract": false, 
      "constructors": [
        {
          "returnType": "", 
          "arguments": [], 
          "name": "Handle_BRepTools_Modification", 
          "parent": "Handle_BRepTools_Modification", 
          "cls": "constructor", 
          "throws": true
        }, 
        {
          "returnType": "", 
          "arguments": [
            {
              "decl": "const Handle_BRepTools_Modification &", 
              "type": "Handle_BRepTools_Modification", 
              "name": "aHandle"
            }
          ], 
          "name": "Handle_BRepTools_Modification", 
          "parent": "Handle_BRepTools_Modification", 
          "cls": "constructor", 
          "throws": true, 
          "copyConstructor": true
        }, 
        {
          "returnType": "", 
          "arguments": [
            {
              "decl": "const BRepTools_Modification *", 
              "type": "BRepTools_Modification", 
              "name": "anItem"
            }
          ], 
          "name": "Handle_BRepTools_Modification", 
          "parent": "Handle_BRepTools_Modification", 
          "cls": "constructor", 
          "throws": true
        }
      ], 
      "artificial": "1", 
      "bases": [
        {
          "access": "public", 
          "name": "Handle_MMgt_TShared"
        }
      ], 
      "location": [
        "/usr/local/include/oce/Handle_BRepTools_Modification.hxx", 
        25
      ], 
      "members": [
        {
          "returnType": "Handle_BRepTools_Modification", 
          "arguments": [
            {
              "decl": "const Handle_Standard_Transient &", 
              "type": "Handle_Standard_Transient", 
              "name": "AnObject"
            }
          ], 
          "name": "DownCast", 
          "parent": "Handle_BRepTools_Modification", 
          "cls": "memfun", 
          "static": "1", 
          "extern": "1", 
          "throws": true
        }
      ], 
      "cls": "class"
    }, 
    {
      "name": "BRepTools_Modification", 
      "abstract": true, 
      "constructors": [], 
      "artificial": "1", 
      "bases": [
        {
          "access": "public", 
          "name": "MMgt_TShared"
        }
      ], 
      "location": [
        "/usr/local/include/oce/BRepTools_Modification.hxx", 
        52
      ], 
      "members": [
        {
          "returnType": "Standard_Boolean", 
          "arguments": [
            {
              "decl": "const TopoDS_Face &", 
              "type": "TopoDS_Face", 
              "name": "F"
            }, 
            {
              "decl": "Handle_Geom_Surface &", 
              "type": "Handle_Geom_Surface", 
              "name": "S"
            }, 
            {
              "decl": "TopLoc_Location &", 
              "type": "TopLoc_Location", 
              "name": "L"
            }, 
            {
              "decl": "Standard_Real &", 
              "type": "Standard_Real", 
              "name": "Tol"
            }, 
            {
              "decl": "Standard_Boolean &", 
              "type": "Standard_Boolean", 
              "name": "RevWires"
            }, 
            {
              "decl": "Standard_Boolean &", 
              "type": "Standard_Boolean", 
              "name": "RevFace"
            }
          ], 
          "name": "NewSurface", 
          "parent": "BRepTools_Modification", 
          "cls": "memfun", 
          "extern": "1", 
          "throws": true, 
          "virtuality": "pure virtual"
        }, 
        {
          "returnType": "Standard_Boolean", 
          "arguments": [
            {
              "decl": "const TopoDS_Edge &", 
              "type": "TopoDS_Edge", 
              "name": "E"
            }, 
            {
              "decl": "Handle_Geom_Curve &", 
              "type": "Handle_Geom_Curve", 
              "name": "C"
            }, 
            {
              "decl": "TopLoc_Location &", 
              "type": "TopLoc_Location", 
              "name": "L"
            }, 
            {
              "decl": "Standard_Real &", 
              "type": "Standard_Real", 
              "name": "Tol"
            }
          ], 
          "name": "NewCurve", 
          "parent": "BRepTools_Modification", 
          "cls": "memfun", 
          "extern": "1", 
          "throws": true, 
          "virtuality": "pure virtual"
        }, 
        {
          "returnType": "Standard_Boolean", 
          "arguments": [
            {
              "decl": "const TopoDS_Vertex &", 
              "type": "TopoDS_Vertex", 
              "name": "V"
            }, 
            {
              "decl": "gp_Pnt &", 
              "type": "gp_Pnt", 
              "name": "P"
            }, 
            {
              "decl": "Standard_Real &", 
              "type": "Standard_Real", 
              "name": "Tol"
            }
          ], 
          "name": "NewPoint", 
          "parent": "BRepTools_Modification", 
          "cls": "memfun", 
          "extern": "1", 
          "throws": true, 
          "virtuality": "pure virtual"
        }, 
        {
          "returnType": "Standard_Boolean", 
          "arguments": [
            {
              "decl": "const TopoDS_Edge &", 
              "type": "TopoDS_Edge", 
              "name": "E"
            }, 
            {
              "decl": "const TopoDS_Face &", 
              "type": "TopoDS_Face", 
              "name": "F"
            }, 
            {
              "decl": "const TopoDS_Edge &", 
              "type": "TopoDS_Edge", 
              "name": "NewE"
            }, 
            {
              "decl": "const TopoDS_Face &", 
              "type": "TopoDS_Face", 
              "name": "NewF"
            }, 
            {
              "decl": "Handle_Geom2d_Curve &", 
              "type": "Handle_Geom2d_Curve", 
              "name": "C"
            }, 
            {
              "decl": "Standard_Real &", 
              "type": "Standard_Real", 
              "name": "Tol"
            }
          ], 
          "name": "NewCurve2d", 
          "parent": "BRepTools_Modification", 
          "cls": "memfun", 
          "extern": "1", 
          "throws": true, 
          "virtuality": "pure virtual"
        }, 
        {
          "returnType": "Standard_Boolean", 
          "arguments": [
            {
              "decl": "const TopoDS_Vertex &", 
              "type": "TopoDS_Vertex", 
              "name": "V"
            }, 
            {
              "decl": "const TopoDS_Edge &", 
              "type": "TopoDS_Edge", 
              "name": "E"
            }, 
            {
              "decl": "Standard_Real &", 
              "type": "Standard_Real", 
              "name": "P"
            }, 
            {
              "decl": "Standard_Real &", 
              "type": "Standard_Real", 
              "name": "Tol"
            }
          ], 
          "name": "NewParameter", 
          "parent": "BRepTools_Modification", 
          "cls": "memfun", 
          "extern": "1", 
          "throws": true, 
          "virtuality": "pure virtual"
        }, 
        {
          "returnType": "GeomAbs_Shape", 
          "arguments": [
            {
              "decl": "const TopoDS_Edge &", 
              "type": "TopoDS_Edge", 
              "name": "E"
            }, 
            {
              "decl": "const TopoDS_Face &", 
              "type": "TopoDS_Face", 
              "name": "F1"
            }, 
            {
              "decl": "const TopoDS_Face &", 
              "type": "TopoDS_Face", 
              "name": "F2"
            }, 
            {
              "decl": "const TopoDS_Edge &", 
              "type": "TopoDS_Edge", 
              "name": "NewE"
            }, 
            {
              "decl": "const TopoDS_Face &", 
              "type": "TopoDS_Face", 
              "name": "NewF1"
            }, 
            {
              "decl": "const TopoDS_Face &", 
              "type": "TopoDS_Face", 
              "name": "NewF2"
            }
          ], 
          "name": "Continuity", 
          "parent": "BRepTools_Modification", 
          "cls": "memfun", 
          "extern": "1", 
          "throws": true, 
          "virtuality": "pure virtual"
        }, 
        {
          "returnType": "Handle_Standard_Type const &", 
          "arguments": [], 
          "name": "DynamicType", 
          "parent": "BRepTools_Modification", 
          "cls": "memfun", 
          "extern": "1", 
          "const": "1", 
          "throws": true, 
          "virtuality": "virtual"
        }
      ], 
      "cls": "class"
    }, 
    {
      "name": "BRepTools_TrsfModification", 
      "abstract": false, 
      "constructors": [
        {
          "returnType": "", 
          "arguments": [
            {
              "decl": "const BRepTools_TrsfModification &", 
              "type": "BRepTools_TrsfModification", 
              "name": "arg0"
            }
          ], 
          "name": "BRepTools_TrsfModification", 
          "parent": "BRepTools_TrsfModification", 
          "cls": "constructor", 
          "artificial": "1", 
          "throws": true, 
          "copyConstructor": true
        }, 
        {
          "returnType": "", 
          "arguments": [
            {
              "decl": "const gp_Trsf &", 
              "type": "gp_Trsf", 
              "name": "T"
            }
          ], 
          "name": "BRepTools_TrsfModification", 
          "parent": "BRepTools_TrsfModification", 
          "cls": "constructor", 
          "extern": "1", 
          "throws": true
        }
      ], 
      "artificial": "1", 
      "bases": [
        {
          "access": "public", 
          "name": "BRepTools_Modification"
        }
      ], 
      "location": [
        "/usr/local/include/oce/BRepTools_TrsfModification.hxx", 
        57
      ], 
      "members": [
        {
          "returnType": "gp_Trsf &", 
          "arguments": [], 
          "name": "Trsf", 
          "parent": "BRepTools_TrsfModification", 
          "cls": "memfun", 
          "extern": "1", 
          "throws": true
        }, 
        {
          "returnType": "Standard_Boolean", 
          "arguments": [
            {
              "decl": "const TopoDS_Face &", 
              "type": "TopoDS_Face", 
              "name": "F"
            }, 
            {
              "decl": "Handle_Geom_Surface &", 
              "type": "Handle_Geom_Surface", 
              "name": "S"
            }, 
            {
              "decl": "TopLoc_Location &", 
              "type": "TopLoc_Location", 
              "name": "L"
            }, 
            {
              "decl": "Standard_Real &", 
              "type": "Standard_Real", 
              "name": "Tol"
            }, 
            {
              "decl": "Standard_Boolean &", 
              "type": "Standard_Boolean", 
              "name": "RevWires"
            }, 
            {
              "decl": "Standard_Boolean &", 
              "type": "Standard_Boolean", 
              "name": "RevFace"
            }
          ], 
          "name": "NewSurface", 
          "parent": "BRepTools_TrsfModification", 
          "cls": "memfun", 
          "extern": "1", 
          "throws": true, 
          "virtuality": "virtual"
        }, 
        {
          "returnType": "Standard_Boolean", 
          "arguments": [
            {
              "decl": "const TopoDS_Edge &", 
              "type": "TopoDS_Edge", 
              "name": "E"
            }, 
            {
              "decl": "Handle_Geom_Curve &", 
              "type": "Handle_Geom_Curve", 
              "name": "C"
            }, 
            {
              "decl": "TopLoc_Location &", 
              "type": "TopLoc_Location", 
              "name": "L"
            }, 
            {
              "decl": "Standard_Real &", 
              "type": "Standard_Real", 
              "name": "Tol"
            }
          ], 
          "name": "NewCurve", 
          "parent": "BRepTools_TrsfModification", 
          "cls": "memfun", 
          "extern": "1", 
          "throws": true, 
          "virtuality": "virtual"
        }, 
        {
          "returnType": "Standard_Boolean", 
          "arguments": [
            {
              "decl": "const TopoDS_Vertex &", 
              "type": "TopoDS_Vertex", 
              "name": "V"
            }, 
            {
              "decl": "gp_Pnt &", 
              "type": "gp_Pnt", 
              "name": "P"
            }, 
            {
              "decl": "Standard_Real &", 
              "type": "Standard_Real", 
              "name": "Tol"
            }
          ], 
          "name": "NewPoint", 
          "parent": "BRepTools_TrsfModification", 
          "cls": "memfun", 
          "extern": "1", 
          "throws": true, 
          "virtuality": "virtual"
        }, 
        {
          "returnType": "Standard_Boolean", 
          "arguments": [
            {
              "decl": "const TopoDS_Edge &", 
              "type": "TopoDS_Edge", 
              "name": "E"
            }, 
            {
              "decl": "const TopoDS_Face &", 
              "type": "TopoDS_Face", 
              "name": "F"
            }, 
            {
              "decl": "const TopoDS_Edge &", 
              "type": "TopoDS_Edge", 
              "name": "NewE"
            }, 
            {
              "decl": "const TopoDS_Face &", 
              "type": "TopoDS_Face", 
              "name": "NewF"
            }, 
            {
              "decl": "Handle_Geom2d_Curve &", 
              "type": "Handle_Geom2d_Curve", 
              "name": "C"
            }, 
            {
              "decl": "Standard_Real &", 
              "type": "Standard_Real", 
              "name": "Tol"
            }
          ], 
          "name": "NewCurve2d", 
          "parent": "BRepTools_TrsfModification", 
          "cls": "memfun", 
          "extern": "1", 
          "throws": true, 
          "virtuality": "virtual"
        }, 
        {
          "returnType": "Standard_Boolean", 
          "arguments": [
            {
              "decl": "const TopoDS_Vertex &", 
              "type": "TopoDS_Vertex", 
              "name": "V"
            }, 
            {
              "decl": "const TopoDS_Edge &", 
              "type": "TopoDS_Edge", 
              "name": "E"
            }, 
            {
              "decl": "Standard_Real &", 
              "type": "Standard_Real", 
              "name": "P"
            }, 
            {
              "decl": "Standard_Real &", 
              "type": "Standard_Real", 
              "name": "Tol"
            }
          ], 
          "name": "NewParameter", 
          "parent": "BRepTools_TrsfModification", 
          "cls": "memfun", 
          "extern": "1", 
          "throws": true, 
          "virtuality": "virtual"
        }, 
        {
          "returnType": "GeomAbs_Shape", 
          "arguments": [
            {
              "decl": "const TopoDS_Edge &", 
              "type": "TopoDS_Edge", 
              "name": "E"
            }, 
            {
              "decl": "const TopoDS_Face &", 
              "type": "TopoDS_Face", 
              "name": "F1"
            }, 
            {
              "decl": "const TopoDS_Face &", 
              "type": "TopoDS_Face", 
              "name": "F2"
            }, 
            {
              "decl": "const TopoDS_Edge &", 
              "type": "TopoDS_Edge", 
              "name": "NewE"
            }, 
            {
              "decl": "const TopoDS_Face &", 
              "type": "TopoDS_Face", 
              "name": "NewF1"
            }, 
            {
              "decl": "const TopoDS_Face &", 
              "type": "TopoDS_Face", 
              "name": "NewF2"
            }
          ], 
          "name": "Continuity", 
          "parent": "BRepTools_TrsfModification", 
          "cls": "memfun", 
          "extern": "1", 
          "throws": true, 
          "virtuality": "virtual"
        }, 
        {
          "returnType": "Handle_Standard_Type const &", 
          "arguments": [], 
          "name": "DynamicType", 
          "parent": "BRepTools_TrsfModification", 
          "cls": "memfun", 
          "extern": "1", 
          "const": "1", 
          "throws": true, 
          "virtuality": "virtual"
        }
      ], 
      "cls": "class"
    }, 
    {
      "name": "BRepTools_MapOfVertexPnt2d", 
      "abstract": false, 
      "constructors": [
        {
          "returnType": "", 
          "arguments": [
            {
              "decl": "const Standard_Integer", 
              "type": "Standard_Integer", 
              "name": "NbBuckets", 
              "default": "1"
            }
          ], 
          "name": "BRepTools_MapOfVertexPnt2d", 
          "parent": "BRepTools_MapOfVertexPnt2d", 
          "cls": "constructor", 
          "extern": "1", 
          "throws": true
        }
      ], 
      "artificial": "1", 
      "bases": [
        {
          "access": "public", 
          "name": "TCollection_BasicMap"
        }
      ], 
      "location": [
        "/usr/local/include/oce/BRepTools_MapOfVertexPnt2d.hxx", 
        44
      ], 
      "members": [
        {
          "returnType": "BRepTools_MapOfVertexPnt2d &", 
          "arguments": [
            {
              "decl": "const BRepTools_MapOfVertexPnt2d &", 
              "type": "BRepTools_MapOfVertexPnt2d", 
              "name": "Other"
            }
          ], 
          "name": "Assign", 
          "parent": "BRepTools_MapOfVertexPnt2d", 
          "cls": "memfun", 
          "extern": "1", 
          "throws": true
        }, 
        {
          "returnType": "void", 
          "arguments": [
            {
              "decl": "const Standard_Integer", 
              "type": "Standard_Integer", 
              "name": "NbBuckets"
            }
          ], 
          "name": "ReSize", 
          "parent": "BRepTools_MapOfVertexPnt2d", 
          "cls": "memfun", 
          "extern": "1", 
          "throws": true
        }, 
        {
          "returnType": "void", 
          "arguments": [], 
          "name": "Clear", 
          "parent": "BRepTools_MapOfVertexPnt2d", 
          "cls": "memfun", 
          "extern": "1", 
          "throws": true
        }, 
        {
          "returnType": "Standard_Boolean", 
          "arguments": [
            {
              "decl": "const TopoDS_Shape &", 
              "type": "TopoDS_Shape", 
              "name": "K"
            }, 
            {
              "decl": "const TColgp_SequenceOfPnt2d &", 
              "type": "TColgp_SequenceOfPnt2d", 
              "name": "I"
            }
          ], 
          "name": "Bind", 
          "parent": "BRepTools_MapOfVertexPnt2d", 
          "cls": "memfun", 
          "extern": "1", 
          "throws": true
        }, 
        {
          "returnType": "Standard_Boolean", 
          "arguments": [
            {
              "decl": "const TopoDS_Shape &", 
              "type": "TopoDS_Shape", 
              "name": "K"
            }
          ], 
          "name": "IsBound", 
          "parent": "BRepTools_MapOfVertexPnt2d", 
          "cls": "memfun", 
          "extern": "1", 
          "const": "1", 
          "throws": true
        }, 
        {
          "returnType": "Standard_Boolean", 
          "arguments": [
            {
              "decl": "const TopoDS_Shape &", 
              "type": "TopoDS_Shape", 
              "name": "K"
            }
          ], 
          "name": "UnBind", 
          "parent": "BRepTools_MapOfVertexPnt2d", 
          "cls": "memfun", 
          "extern": "1", 
          "throws": true
        }, 
        {
          "returnType": "TColgp_SequenceOfPnt2d const &", 
          "arguments": [
            {
              "decl": "const TopoDS_Shape &", 
              "type": "TopoDS_Shape", 
              "name": "K"
            }
          ], 
          "name": "Find", 
          "parent": "BRepTools_MapOfVertexPnt2d", 
          "cls": "memfun", 
          "extern": "1", 
          "const": "1", 
          "throws": true
        }, 
        {
          "returnType": "TColgp_SequenceOfPnt2d &", 
          "arguments": [
            {
              "decl": "const TopoDS_Shape &", 
              "type": "TopoDS_Shape", 
              "name": "K"
            }
          ], 
          "name": "ChangeFind", 
          "parent": "BRepTools_MapOfVertexPnt2d", 
          "cls": "memfun", 
          "extern": "1", 
          "throws": true
        }, 
        {
          "returnType": "Standard_Address", 
          "arguments": [
            {
              "decl": "const TopoDS_Shape &", 
              "type": "TopoDS_Shape", 
              "name": "K"
            }
          ], 
          "name": "Find1", 
          "parent": "BRepTools_MapOfVertexPnt2d", 
          "cls": "memfun", 
          "extern": "1", 
          "const": "1", 
          "throws": true
        }, 
        {
          "returnType": "Standard_Address", 
          "arguments": [
            {
              "decl": "const TopoDS_Shape &", 
              "type": "TopoDS_Shape", 
              "name": "K"
            }
          ], 
          "name": "ChangeFind1", 
          "parent": "BRepTools_MapOfVertexPnt2d", 
          "cls": "memfun", 
          "extern": "1", 
          "throws": true
        }
      ], 
      "cls": "class"
    }, 
    {
      "name": "BRepTools_WireExplorer", 
      "abstract": false, 
      "constructors": [
        {
          "returnType": "", 
          "arguments": [], 
          "name": "BRepTools_WireExplorer", 
          "parent": "BRepTools_WireExplorer", 
          "cls": "constructor", 
          "extern": "1", 
          "throws": true
        }, 
        {
          "returnType": "", 
          "arguments": [
            {
              "decl": "const TopoDS_Wire &", 
              "type": "TopoDS_Wire", 
              "name": "W"
            }
          ], 
          "name": "BRepTools_WireExplorer", 
          "parent": "BRepTools_WireExplorer", 
          "cls": "constructor", 
          "extern": "1", 
          "throws": true
        }, 
        {
          "returnType": "", 
          "arguments": [
            {
              "decl": "const TopoDS_Wire &", 
              "type": "TopoDS_Wire", 
              "name": "W"
            }, 
            {
              "decl": "const TopoDS_Face &", 
              "type": "TopoDS_Face", 
              "name": "F"
            }
          ], 
          "name": "BRepTools_WireExplorer", 
          "parent": "BRepTools_WireExplorer", 
          "cls": "constructor", 
          "extern": "1", 
          "throws": true
        }
      ], 
      "artificial": "1", 
      "bases": [], 
      "location": [
        "/usr/local/include/oce/BRepTools_WireExplorer.hxx", 
        61
      ], 
      "members": [
        {
          "returnType": "void", 
          "arguments": [
            {
              "decl": "const TopoDS_Wire &", 
              "type": "TopoDS_Wire", 
              "name": "W"
            }
          ], 
          "name": "Init", 
          "parent": "BRepTools_WireExplorer", 
          "cls": "memfun", 
          "extern": "1", 
          "throws": true
        }, 
        {
          "returnType": "void", 
          "arguments": [
            {
              "decl": "const TopoDS_Wire &", 
              "type": "TopoDS_Wire", 
              "name": "W"
            }, 
            {
              "decl": "const TopoDS_Face &", 
              "type": "TopoDS_Face", 
              "name": "F"
            }
          ], 
          "name": "Init", 
          "parent": "BRepTools_WireExplorer", 
          "cls": "memfun", 
          "extern": "1", 
          "throws": true
        }, 
        {
          "returnType": "Standard_Boolean", 
          "arguments": [], 
          "name": "More", 
          "parent": "BRepTools_WireExplorer", 
          "cls": "memfun", 
          "extern": "1", 
          "const": "1", 
          "throws": true
        }, 
        {
          "returnType": "void", 
          "arguments": [], 
          "name": "Next", 
          "parent": "BRepTools_WireExplorer", 
          "cls": "memfun", 
          "extern": "1", 
          "throws": true
        }, 
        {
          "returnType": "TopoDS_Edge const &", 
          "arguments": [], 
          "name": "Current", 
          "parent": "BRepTools_WireExplorer", 
          "cls": "memfun", 
          "extern": "1", 
          "const": "1", 
          "throws": true
        }, 
        {
          "returnType": "TopAbs_Orientation", 
          "arguments": [], 
          "name": "Orientation", 
          "parent": "BRepTools_WireExplorer", 
          "cls": "memfun", 
          "extern": "1", 
          "const": "1", 
          "throws": true
        }, 
        {
          "returnType": "TopoDS_Vertex const &", 
          "arguments": [], 
          "name": "CurrentVertex", 
          "parent": "BRepTools_WireExplorer", 
          "cls": "memfun", 
          "extern": "1", 
          "const": "1", 
          "throws": true
        }, 
        {
          "returnType": "void", 
          "arguments": [], 
          "name": "Clear", 
          "parent": "BRepTools_WireExplorer", 
          "cls": "memfun", 
          "extern": "1", 
          "throws": true
        }
      ], 
      "cls": "class"
    }, 
    {
      "name": "BRepTools_ReShape", 
      "abstract": false, 
      "constructors": [
        {
          "returnType": "", 
          "arguments": [], 
          "name": "BRepTools_ReShape", 
          "parent": "BRepTools_ReShape", 
          "cls": "constructor", 
          "extern": "1", 
          "throws": true
        }
      ], 
      "artificial": "1", 
      "bases": [
        {
          "access": "public", 
          "name": "MMgt_TShared"
        }
      ], 
      "location": [
        "/usr/local/include/oce/BRepTools_ReShape.hxx", 
        49
      ], 
      "members": [
        {
          "returnType": "void", 
          "arguments": [], 
          "name": "Clear", 
          "parent": "BRepTools_ReShape", 
          "cls": "memfun", 
          "extern": "1", 
          "throws": true
        }, 
        {
          "returnType": "void", 
          "arguments": [
            {
              "decl": "const TopoDS_Shape &", 
              "type": "TopoDS_Shape", 
              "name": "shape"
            }, 
            {
              "decl": "const Standard_Boolean", 
              "type": "Standard_Boolean", 
              "name": "oriented", 
              "default": "false"
            }
          ], 
          "name": "Remove", 
          "parent": "BRepTools_ReShape", 
          "cls": "memfun", 
          "extern": "1", 
          "throws": true
        }, 
        {
          "returnType": "void", 
          "arguments": [
            {
              "decl": "const TopoDS_Shape &", 
              "type": "TopoDS_Shape", 
              "name": "shape"
            }, 
            {
              "decl": "const TopoDS_Shape &", 
              "type": "TopoDS_Shape", 
              "name": "newshape"
            }, 
            {
              "decl": "const Standard_Boolean", 
              "type": "Standard_Boolean", 
              "name": "oriented", 
              "default": "false"
            }
          ], 
          "name": "Replace", 
          "parent": "BRepTools_ReShape", 
          "cls": "memfun", 
          "extern": "1", 
          "throws": true
        }, 
        {
          "returnType": "Standard_Boolean", 
          "arguments": [
            {
              "decl": "const TopoDS_Shape &", 
              "type": "TopoDS_Shape", 
              "name": "shape"
            }
          ], 
          "name": "IsRecorded", 
          "parent": "BRepTools_ReShape", 
          "cls": "memfun", 
          "extern": "1", 
          "const": "1", 
          "throws": true
        }, 
        {
          "returnType": "TopoDS_Shape", 
          "arguments": [
            {
              "decl": "const TopoDS_Shape &", 
              "type": "TopoDS_Shape", 
              "name": "shape"
            }
          ], 
          "name": "Value", 
          "parent": "BRepTools_ReShape", 
          "cls": "memfun", 
          "extern": "1", 
          "const": "1", 
          "throws": true
        }, 
        {
          "returnType": "Standard_Integer", 
          "arguments": [
            {
              "decl": "const TopoDS_Shape &", 
              "type": "TopoDS_Shape", 
              "name": "shape"
            }, 
            {
              "decl": "TopoDS_Shape &", 
              "type": "TopoDS_Shape", 
              "name": "newsh"
            }, 
            {
              "decl": "const Standard_Boolean", 
              "type": "Standard_Boolean", 
              "name": "last", 
              "default": "false"
            }
          ], 
          "name": "Status", 
          "parent": "BRepTools_ReShape", 
          "cls": "memfun", 
          "extern": "1", 
          "throws": true, 
          "virtuality": "virtual"
        }, 
        {
          "returnType": "TopoDS_Shape", 
          "arguments": [
            {
              "decl": "const TopoDS_Shape &", 
              "type": "TopoDS_Shape", 
              "name": "shape"
            }, 
            {
              "decl": "const TopAbs_ShapeEnum", 
              "type": "TopAbs_ShapeEnum", 
              "name": "until"
            }, 
            {
              "decl": "const Standard_Integer", 
              "type": "Standard_Integer", 
              "name": "buildmode"
            }
          ], 
          "name": "Apply", 
          "parent": "BRepTools_ReShape", 
          "cls": "memfun", 
          "extern": "1", 
          "throws": true, 
          "virtuality": "virtual"
        }, 
        {
          "returnType": "TopoDS_Shape", 
          "arguments": [
            {
              "decl": "const TopoDS_Shape &", 
              "type": "TopoDS_Shape", 
              "name": "shape"
            }, 
            {
              "decl": "const TopAbs_ShapeEnum", 
              "type": "TopAbs_ShapeEnum", 
              "name": "until", 
              "default": "::TopAbs_SHAPE"
            }
          ], 
          "name": "Apply", 
          "parent": "BRepTools_ReShape", 
          "cls": "memfun", 
          "extern": "1", 
          "throws": true, 
          "virtuality": "virtual"
        }, 
        {
          "returnType": "Standard_Boolean &", 
          "arguments": [], 
          "name": "ModeConsiderLocation", 
          "parent": "BRepTools_ReShape", 
          "cls": "memfun", 
          "extern": "1", 
          "throws": true
        }, 
        {
          "returnType": "Standard_Boolean &", 
          "arguments": [], 
          "name": "ModeConsiderOrientation", 
          "parent": "BRepTools_ReShape", 
          "cls": "memfun", 
          "extern": "1", 
          "throws": true
        }, 
        {
          "returnType": "Handle_Standard_Type const &", 
          "arguments": [], 
          "name": "DynamicType", 
          "parent": "BRepTools_ReShape", 
          "cls": "memfun", 
          "extern": "1", 
          "const": "1", 
          "throws": true, 
          "virtuality": "virtual"
        }
      ], 
      "cls": "class"
    }, 
    {
      "name": "BRepTools_DataMapIteratorOfMapOfVertexPnt2d", 
      "abstract": false, 
      "constructors": [
        {
          "returnType": "", 
          "arguments": [
            {
              "decl": "const BRepTools_DataMapIteratorOfMapOfVertexPnt2d &", 
              "type": "BRepTools_DataMapIteratorOfMapOfVertexPnt2d", 
              "name": "arg0"
            }
          ], 
          "name": "BRepTools_DataMapIteratorOfMapOfVertexPnt2d", 
          "parent": "BRepTools_DataMapIteratorOfMapOfVertexPnt2d", 
          "cls": "constructor", 
          "artificial": "1", 
          "copyConstructor": true
        }, 
        {
          "returnType": "", 
          "arguments": [], 
          "name": "BRepTools_DataMapIteratorOfMapOfVertexPnt2d", 
          "parent": "BRepTools_DataMapIteratorOfMapOfVertexPnt2d", 
          "cls": "constructor", 
          "extern": "1", 
          "throws": true
        }, 
        {
          "returnType": "", 
          "arguments": [
            {
              "decl": "const BRepTools_MapOfVertexPnt2d &", 
              "type": "BRepTools_MapOfVertexPnt2d", 
              "name": "aMap"
            }
          ], 
          "name": "BRepTools_DataMapIteratorOfMapOfVertexPnt2d", 
          "parent": "BRepTools_DataMapIteratorOfMapOfVertexPnt2d", 
          "cls": "constructor", 
          "extern": "1", 
          "throws": true
        }
      ], 
      "artificial": "1", 
      "bases": [
        {
          "access": "public", 
          "name": "TCollection_BasicMapIterator"
        }
      ], 
      "location": [
        "/usr/local/include/oce/BRepTools_DataMapIteratorOfMapOfVertexPnt2d.hxx", 
        34
      ], 
      "members": [
        {
          "returnType": "void", 
          "arguments": [
            {
              "decl": "const BRepTools_MapOfVertexPnt2d &", 
              "type": "BRepTools_MapOfVertexPnt2d", 
              "name": "aMap"
            }
          ], 
          "name": "Initialize", 
          "parent": "BRepTools_DataMapIteratorOfMapOfVertexPnt2d", 
          "cls": "memfun", 
          "extern": "1", 
          "throws": true
        }, 
        {
          "returnType": "TopoDS_Shape const &", 
          "arguments": [], 
          "name": "Key", 
          "parent": "BRepTools_DataMapIteratorOfMapOfVertexPnt2d", 
          "cls": "memfun", 
          "extern": "1", 
          "const": "1", 
          "throws": true
        }, 
        {
          "returnType": "TColgp_SequenceOfPnt2d const &", 
          "arguments": [], 
          "name": "Value", 
          "parent": "BRepTools_DataMapIteratorOfMapOfVertexPnt2d", 
          "cls": "memfun", 
          "extern": "1", 
          "const": "1", 
          "throws": true
        }
      ], 
      "cls": "class"
    }, 
    {
      "name": "BRepTools_Quilt", 
      "abstract": false, 
      "constructors": [
        {
          "returnType": "", 
          "arguments": [], 
          "name": "BRepTools_Quilt", 
          "parent": "BRepTools_Quilt", 
          "cls": "constructor", 
          "extern": "1", 
          "throws": true
        }
      ], 
      "artificial": "1", 
      "bases": [], 
      "location": [
        "/usr/local/include/oce/BRepTools_Quilt.hxx", 
        50
      ], 
      "members": [
        {
          "returnType": "void", 
          "arguments": [
            {
              "decl": "const TopoDS_Edge &", 
              "type": "TopoDS_Edge", 
              "name": "Eold"
            }, 
            {
              "decl": "const TopoDS_Edge &", 
              "type": "TopoDS_Edge", 
              "name": "Enew"
            }
          ], 
          "name": "Bind", 
          "parent": "BRepTools_Quilt", 
          "cls": "memfun", 
          "extern": "1", 
          "throws": true
        }, 
        {
          "returnType": "void", 
          "arguments": [
            {
              "decl": "const TopoDS_Vertex &", 
              "type": "TopoDS_Vertex", 
              "name": "Vold"
            }, 
            {
              "decl": "const TopoDS_Vertex &", 
              "type": "TopoDS_Vertex", 
              "name": "Vnew"
            }
          ], 
          "name": "Bind", 
          "parent": "BRepTools_Quilt", 
          "cls": "memfun", 
          "extern": "1", 
          "throws": true
        }, 
        {
          "returnType": "void", 
          "arguments": [
            {
              "decl": "const TopoDS_Shape &", 
              "type": "TopoDS_Shape", 
              "name": "S"
            }
          ], 
          "name": "Add", 
          "parent": "BRepTools_Quilt", 
          "cls": "memfun", 
          "extern": "1", 
          "throws": true
        }, 
        {
          "returnType": "Standard_Boolean", 
          "arguments": [
            {
              "decl": "const TopoDS_Shape &", 
              "type": "TopoDS_Shape", 
              "name": "S"
            }
          ], 
          "name": "IsCopied", 
          "parent": "BRepTools_Quilt", 
          "cls": "memfun", 
          "extern": "1", 
          "const": "1", 
          "throws": true
        }, 
        {
          "returnType": "TopoDS_Shape const &", 
          "arguments": [
            {
              "decl": "const TopoDS_Shape &", 
              "type": "TopoDS_Shape", 
              "name": "S"
            }
          ], 
          "name": "Copy", 
          "parent": "BRepTools_Quilt", 
          "cls": "memfun", 
          "extern": "1", 
          "const": "1", 
          "throws": true
        }, 
        {
          "returnType": "TopoDS_Shape", 
          "arguments": [], 
          "name": "Shells", 
          "parent": "BRepTools_Quilt", 
          "cls": "memfun", 
          "extern": "1", 
          "const": "1", 
          "throws": true
        }
      ], 
      "cls": "class"
    }, 
    {
      "name": "BRepTools_Substitution", 
      "abstract": false, 
      "constructors": [
        {
          "returnType": "", 
          "arguments": [], 
          "name": "BRepTools_Substitution", 
          "parent": "BRepTools_Substitution", 
          "cls": "constructor", 
          "extern": "1", 
          "throws": true
        }
      ], 
      "artificial": "1", 
      "bases": [], 
      "location": [
        "/usr/local/include/oce/BRepTools_Substitution.hxx", 
        42
      ], 
      "members": [
        {
          "returnType": "void", 
          "arguments": [], 
          "name": "Clear", 
          "parent": "BRepTools_Substitution", 
          "cls": "memfun", 
          "extern": "1", 
          "throws": true
        }, 
        {
          "returnType": "void", 
          "arguments": [
            {
              "decl": "const TopoDS_Shape &", 
              "type": "TopoDS_Shape", 
              "name": "OldShape"
            }, 
            {
              "decl": "const TopTools_ListOfShape &", 
              "type": "TopTools_ListOfShape", 
              "name": "NewShapes"
            }
          ], 
          "name": "Substitute", 
          "parent": "BRepTools_Substitution", 
          "cls": "memfun", 
          "extern": "1", 
          "throws": true
        }, 
        {
          "returnType": "void", 
          "arguments": [
            {
              "decl": "const TopoDS_Shape &", 
              "type": "TopoDS_Shape", 
              "name": "S"
            }
          ], 
          "name": "Build", 
          "parent": "BRepTools_Substitution", 
          "cls": "memfun", 
          "extern": "1", 
          "throws": true
        }, 
        {
          "returnType": "Standard_Boolean", 
          "arguments": [
            {
              "decl": "const TopoDS_Shape &", 
              "type": "TopoDS_Shape", 
              "name": "S"
            }
          ], 
          "name": "IsCopied", 
          "parent": "BRepTools_Substitution", 
          "cls": "memfun", 
          "extern": "1", 
          "const": "1", 
          "throws": true
        }, 
        {
          "returnType": "TopTools_ListOfShape const &", 
          "arguments": [
            {
              "decl": "const TopoDS_Shape &", 
              "type": "TopoDS_Shape", 
              "name": "S"
            }
          ], 
          "name": "Copy", 
          "parent": "BRepTools_Substitution", 
          "cls": "memfun", 
          "extern": "1", 
          "const": "1", 
          "throws": true
        }
      ], 
      "cls": "class"
    }, 
    {
      "name": "BRepTools_DataMapNodeOfMapOfVertexPnt2d", 
      "abstract": false, 
      "constructors": [
        {
          "returnType": "", 
          "arguments": [
            {
              "decl": "const TopoDS_Shape &", 
              "type": "TopoDS_Shape", 
              "name": "K"
            }, 
            {
              "decl": "const TColgp_SequenceOfPnt2d &", 
              "type": "TColgp_SequenceOfPnt2d", 
              "name": "I"
            }, 
            {
              "decl": "const TCollection_MapNodePtr &", 
              "type": "TCollection_MapNodePtr", 
              "name": "n"
            }
          ], 
          "name": "BRepTools_DataMapNodeOfMapOfVertexPnt2d", 
          "parent": "BRepTools_DataMapNodeOfMapOfVertexPnt2d", 
          "cls": "constructor", 
          "throws": true
        }
      ], 
      "artificial": "1", 
      "bases": [
        {
          "access": "public", 
          "name": "TCollection_MapNode"
        }
      ], 
      "location": [
        "/usr/local/include/oce/BRepTools_DataMapNodeOfMapOfVertexPnt2d.hxx", 
        39
      ], 
      "members": [
        {
          "returnType": "TopoDS_Shape &", 
          "arguments": [], 
          "name": "Key", 
          "parent": "BRepTools_DataMapNodeOfMapOfVertexPnt2d", 
          "cls": "memfun", 
          "const": "1", 
          "throws": true
        }, 
        {
          "returnType": "TColgp_SequenceOfPnt2d &", 
          "arguments": [], 
          "name": "Value", 
          "parent": "BRepTools_DataMapNodeOfMapOfVertexPnt2d", 
          "cls": "memfun", 
          "const": "1", 
          "throws": true
        }, 
        {
          "returnType": "Handle_Standard_Type const &", 
          "arguments": [], 
          "name": "DynamicType", 
          "parent": "BRepTools_DataMapNodeOfMapOfVertexPnt2d", 
          "cls": "memfun", 
          "extern": "1", 
          "const": "1", 
          "throws": true, 
          "virtuality": "virtual"
        }
      ], 
      "cls": "class"
    }, 
    {
      "name": "Handle_BRepTools_DataMapNodeOfMapOfVertexPnt2d", 
      "abstract": false, 
      "constructors": [
        {
          "returnType": "", 
          "arguments": [], 
          "name": "Handle_BRepTools_DataMapNodeOfMapOfVertexPnt2d", 
          "parent": "Handle_BRepTools_DataMapNodeOfMapOfVertexPnt2d", 
          "cls": "constructor", 
          "throws": true
        }, 
        {
          "returnType": "", 
          "arguments": [
            {
              "decl": "const Handle_BRepTools_DataMapNodeOfMapOfVertexPnt2d &", 
              "type": "Handle_BRepTools_DataMapNodeOfMapOfVertexPnt2d", 
              "name": "aHandle"
            }
          ], 
          "name": "Handle_BRepTools_DataMapNodeOfMapOfVertexPnt2d", 
          "parent": "Handle_BRepTools_DataMapNodeOfMapOfVertexPnt2d", 
          "cls": "constructor", 
          "throws": true, 
          "copyConstructor": true
        }, 
        {
          "returnType": "", 
          "arguments": [
            {
              "decl": "const BRepTools_DataMapNodeOfMapOfVertexPnt2d *", 
              "type": "BRepTools_DataMapNodeOfMapOfVertexPnt2d", 
              "name": "anItem"
            }
          ], 
          "name": "Handle_BRepTools_DataMapNodeOfMapOfVertexPnt2d", 
          "parent": "Handle_BRepTools_DataMapNodeOfMapOfVertexPnt2d", 
          "cls": "constructor", 
          "throws": true
        }
      ], 
      "artificial": "1", 
      "bases": [
        {
          "access": "public", 
          "name": "Handle_TCollection_MapNode"
        }
      ], 
      "location": [
        "/usr/local/include/oce/Handle_BRepTools_DataMapNodeOfMapOfVertexPnt2d.hxx", 
        25
      ], 
      "members": [
        {
          "returnType": "Handle_BRepTools_DataMapNodeOfMapOfVertexPnt2d", 
          "arguments": [
            {
              "decl": "const Handle_Standard_Transient &", 
              "type": "Handle_Standard_Transient", 
              "name": "AnObject"
            }
          ], 
          "name": "DownCast", 
          "parent": "Handle_BRepTools_DataMapNodeOfMapOfVertexPnt2d", 
          "cls": "memfun", 
          "static": "1", 
          "extern": "1", 
          "throws": true
        }
      ], 
      "cls": "class"
    }, 
    {
      "name": "BRepTools_NurbsConvertModification", 
      "abstract": false, 
      "constructors": [
        {
          "returnType": "", 
          "arguments": [], 
          "name": "BRepTools_NurbsConvertModification", 
          "parent": "BRepTools_NurbsConvertModification", 
          "cls": "constructor", 
          "extern": "1", 
          "throws": true
        }
      ], 
      "artificial": "1", 
      "bases": [
        {
          "access": "public", 
          "name": "BRepTools_Modification"
        }
      ], 
      "location": [
        "/usr/local/include/oce/BRepTools_NurbsConvertModification.hxx", 
        62
      ], 
      "members": [
        {
          "returnType": "Standard_Boolean", 
          "arguments": [
            {
              "decl": "const TopoDS_Face &", 
              "type": "TopoDS_Face", 
              "name": "F"
            }, 
            {
              "decl": "Handle_Geom_Surface &", 
              "type": "Handle_Geom_Surface", 
              "name": "S"
            }, 
            {
              "decl": "TopLoc_Location &", 
              "type": "TopLoc_Location", 
              "name": "L"
            }, 
            {
              "decl": "Standard_Real &", 
              "type": "Standard_Real", 
              "name": "Tol"
            }, 
            {
              "decl": "Standard_Boolean &", 
              "type": "Standard_Boolean", 
              "name": "RevWires"
            }, 
            {
              "decl": "Standard_Boolean &", 
              "type": "Standard_Boolean", 
              "name": "RevFace"
            }
          ], 
          "name": "NewSurface", 
          "parent": "BRepTools_NurbsConvertModification", 
          "cls": "memfun", 
          "extern": "1", 
          "throws": true, 
          "virtuality": "virtual"
        }, 
        {
          "returnType": "Standard_Boolean", 
          "arguments": [
            {
              "decl": "const TopoDS_Edge &", 
              "type": "TopoDS_Edge", 
              "name": "E"
            }, 
            {
              "decl": "Handle_Geom_Curve &", 
              "type": "Handle_Geom_Curve", 
              "name": "C"
            }, 
            {
              "decl": "TopLoc_Location &", 
              "type": "TopLoc_Location", 
              "name": "L"
            }, 
            {
              "decl": "Standard_Real &", 
              "type": "Standard_Real", 
              "name": "Tol"
            }
          ], 
          "name": "NewCurve", 
          "parent": "BRepTools_NurbsConvertModification", 
          "cls": "memfun", 
          "extern": "1", 
          "throws": true, 
          "virtuality": "virtual"
        }, 
        {
          "returnType": "Standard_Boolean", 
          "arguments": [
            {
              "decl": "const TopoDS_Vertex &", 
              "type": "TopoDS_Vertex", 
              "name": "V"
            }, 
            {
              "decl": "gp_Pnt &", 
              "type": "gp_Pnt", 
              "name": "P"
            }, 
            {
              "decl": "Standard_Real &", 
              "type": "Standard_Real", 
              "name": "Tol"
            }
          ], 
          "name": "NewPoint", 
          "parent": "BRepTools_NurbsConvertModification", 
          "cls": "memfun", 
          "extern": "1", 
          "throws": true, 
          "virtuality": "virtual"
        }, 
        {
          "returnType": "Standard_Boolean", 
          "arguments": [
            {
              "decl": "const TopoDS_Edge &", 
              "type": "TopoDS_Edge", 
              "name": "E"
            }, 
            {
              "decl": "const TopoDS_Face &", 
              "type": "TopoDS_Face", 
              "name": "F"
            }, 
            {
              "decl": "const TopoDS_Edge &", 
              "type": "TopoDS_Edge", 
              "name": "NewE"
            }, 
            {
              "decl": "const TopoDS_Face &", 
              "type": "TopoDS_Face", 
              "name": "NewF"
            }, 
            {
              "decl": "Handle_Geom2d_Curve &", 
              "type": "Handle_Geom2d_Curve", 
              "name": "C"
            }, 
            {
              "decl": "Standard_Real &", 
              "type": "Standard_Real", 
              "name": "Tol"
            }
          ], 
          "name": "NewCurve2d", 
          "parent": "BRepTools_NurbsConvertModification", 
          "cls": "memfun", 
          "extern": "1", 
          "throws": true, 
          "virtuality": "virtual"
        }, 
        {
          "returnType": "Standard_Boolean", 
          "arguments": [
            {
              "decl": "const TopoDS_Vertex &", 
              "type": "TopoDS_Vertex", 
              "name": "V"
            }, 
            {
              "decl": "const TopoDS_Edge &", 
              "type": "TopoDS_Edge", 
              "name": "E"
            }, 
            {
              "decl": "Standard_Real &", 
              "type": "Standard_Real", 
              "name": "P"
            }, 
            {
              "decl": "Standard_Real &", 
              "type": "Standard_Real", 
              "name": "Tol"
            }
          ], 
          "name": "NewParameter", 
          "parent": "BRepTools_NurbsConvertModification", 
          "cls": "memfun", 
          "extern": "1", 
          "throws": true, 
          "virtuality": "virtual"
        }, 
        {
          "returnType": "GeomAbs_Shape", 
          "arguments": [
            {
              "decl": "const TopoDS_Edge &", 
              "type": "TopoDS_Edge", 
              "name": "E"
            }, 
            {
              "decl": "const TopoDS_Face &", 
              "type": "TopoDS_Face", 
              "name": "F1"
            }, 
            {
              "decl": "const TopoDS_Face &", 
              "type": "TopoDS_Face", 
              "name": "F2"
            }, 
            {
              "decl": "const TopoDS_Edge &", 
              "type": "TopoDS_Edge", 
              "name": "NewE"
            }, 
            {
              "decl": "const TopoDS_Face &", 
              "type": "TopoDS_Face", 
              "name": "NewF1"
            }, 
            {
              "decl": "const TopoDS_Face &", 
              "type": "TopoDS_Face", 
              "name": "NewF2"
            }
          ], 
          "name": "Continuity", 
          "parent": "BRepTools_NurbsConvertModification", 
          "cls": "memfun", 
          "extern": "1", 
          "throws": true, 
          "virtuality": "virtual"
        }, 
        {
          "returnType": "Handle_Standard_Type const &", 
          "arguments": [], 
          "name": "DynamicType", 
          "parent": "BRepTools_NurbsConvertModification", 
          "cls": "memfun", 
          "extern": "1", 
          "const": "1", 
          "throws": true, 
          "virtuality": "virtual"
        }
      ], 
      "cls": "class"
    }
  ], 
  "headers": [
    "BRepTools_DataMapNodeOfMapOfVertexPnt2d.hxx", 
    "BRepTools_GTrsfModification.hxx", 
    "BRepTools_MapOfVertexPnt2d.hxx", 
    "BRepTools_DataMapIteratorOfMapOfVertexPnt2d.hxx", 
    "BRepTools_WireExplorer.hxx", 
    "BRepTools_ShapeSet.hxx", 
    "BRepTools_TrsfModification.hxx", 
    "BRepTools_Quilt.hxx", 
    "BRepTools_Modifier.hxx", 
    "BRepTools_Modification.hxx", 
    "BRepTools_ReShape.hxx", 
    "BRepTools_Substitution.hxx", 
    "BRepTools_NurbsConvertModification.hxx"
  ], 
  "enums": [], 
  "typedefs": [], 
  "name": "BRepTools"
}