{
  "classes": [
    {
      "name": "BRepMAT2d_Explorer", 
      "abstract": false, 
      "constructors": [
        {
          "returnType": "", 
          "arguments": [], 
          "name": "BRepMAT2d_Explorer", 
          "parent": "BRepMAT2d_Explorer", 
          "cls": "constructor", 
          "extern": "1", 
          "throws": true
        }, 
        {
          "returnType": "", 
          "arguments": [
            {
              "decl": "const TopoDS_Face &", 
              "type": "TopoDS_Face", 
              "name": "aFace"
            }
          ], 
          "name": "BRepMAT2d_Explorer", 
          "parent": "BRepMAT2d_Explorer", 
          "cls": "constructor", 
          "extern": "1", 
          "throws": true
        }
      ], 
      "artificial": "1", 
      "bases": [], 
      "location": [
        "/usr/local/include/oce/BRepMAT2d_Explorer.hxx", 
        50
      ], 
      "members": [
        {
          "returnType": "void", 
          "arguments": [], 
          "name": "Clear", 
          "parent": "BRepMAT2d_Explorer", 
          "cls": "memfun", 
          "extern": "1", 
          "throws": true
        }, 
        {
          "returnType": "void", 
          "arguments": [
            {
              "decl": "const TopoDS_Face &", 
              "type": "TopoDS_Face", 
              "name": "aFace"
            }
          ], 
          "name": "Perform", 
          "parent": "BRepMAT2d_Explorer", 
          "cls": "memfun", 
          "extern": "1", 
          "throws": true
        }, 
        {
          "returnType": "Standard_Integer", 
          "arguments": [], 
          "name": "NumberOfContours", 
          "parent": "BRepMAT2d_Explorer", 
          "cls": "memfun", 
          "extern": "1", 
          "const": "1", 
          "throws": true
        }, 
        {
          "returnType": "Standard_Integer", 
          "arguments": [
            {
              "decl": "const Standard_Integer", 
              "type": "Standard_Integer", 
              "name": "IndexContour"
            }
          ], 
          "name": "NumberOfCurves", 
          "parent": "BRepMAT2d_Explorer", 
          "cls": "memfun", 
          "extern": "1", 
          "const": "1", 
          "throws": true
        }, 
        {
          "returnType": "void", 
          "arguments": [
            {
              "decl": "const Standard_Integer", 
              "type": "Standard_Integer", 
              "name": "IndexContour"
            }
          ], 
          "name": "Init", 
          "parent": "BRepMAT2d_Explorer", 
          "cls": "memfun", 
          "extern": "1", 
          "throws": true
        }, 
        {
          "returnType": "Standard_Boolean", 
          "arguments": [], 
          "name": "More", 
          "parent": "BRepMAT2d_Explorer", 
          "cls": "memfun", 
          "extern": "1", 
          "const": "1", 
          "throws": true
        }, 
        {
          "returnType": "void", 
          "arguments": [], 
          "name": "Next", 
          "parent": "BRepMAT2d_Explorer", 
          "cls": "memfun", 
          "extern": "1", 
          "throws": true
        }, 
        {
          "returnType": "Handle_Geom2d_Curve", 
          "arguments": [], 
          "name": "Value", 
          "parent": "BRepMAT2d_Explorer", 
          "cls": "memfun", 
          "extern": "1", 
          "const": "1", 
          "throws": true
        }, 
        {
          "returnType": "TopoDS_Shape", 
          "arguments": [], 
          "name": "Shape", 
          "parent": "BRepMAT2d_Explorer", 
          "cls": "memfun", 
          "extern": "1", 
          "const": "1", 
          "throws": true
        }, 
        {
          "returnType": "TColGeom2d_SequenceOfCurve const &", 
          "arguments": [
            {
              "decl": "const Standard_Integer", 
              "type": "Standard_Integer", 
              "name": "IndexContour"
            }
          ], 
          "name": "Contour", 
          "parent": "BRepMAT2d_Explorer", 
          "cls": "memfun", 
          "extern": "1", 
          "const": "1", 
          "throws": true
        }, 
        {
          "returnType": "Standard_Boolean", 
          "arguments": [
            {
              "decl": "const TopoDS_Shape &", 
              "type": "TopoDS_Shape", 
              "name": "aShape"
            }
          ], 
          "name": "IsModified", 
          "parent": "BRepMAT2d_Explorer", 
          "cls": "memfun", 
          "extern": "1", 
          "const": "1", 
          "throws": true
        }, 
        {
          "returnType": "TopoDS_Shape", 
          "arguments": [
            {
              "decl": "const TopoDS_Shape &", 
              "type": "TopoDS_Shape", 
              "name": "aShape"
            }
          ], 
          "name": "ModifiedShape", 
          "parent": "BRepMAT2d_Explorer", 
          "cls": "memfun", 
          "extern": "1", 
          "const": "1", 
          "throws": true
        }, 
        {
          "returnType": "TColStd_SequenceOfBoolean const &", 
          "arguments": [], 
          "name": "GetIsClosed", 
          "parent": "BRepMAT2d_Explorer", 
          "cls": "memfun", 
          "extern": "1", 
          "const": "1", 
          "throws": true
        }
      ], 
      "cls": "class"
    }, 
    {
      "name": "Handle_BRepMAT2d_DataMapNodeOfDataMapOfBasicEltShape", 
      "abstract": false, 
      "constructors": [
        {
          "returnType": "", 
          "arguments": [], 
          "name": "Handle_BRepMAT2d_DataMapNodeOfDataMapOfBasicEltShape", 
          "parent": "Handle_BRepMAT2d_DataMapNodeOfDataMapOfBasicEltShape", 
          "cls": "constructor", 
          "throws": true
        }, 
        {
          "returnType": "", 
          "arguments": [
            {
              "decl": "const Handle_BRepMAT2d_DataMapNodeOfDataMapOfBasicEltShape &", 
              "type": "Handle_BRepMAT2d_DataMapNodeOfDataMapOfBasicEltShape", 
              "name": "aHandle"
            }
          ], 
          "name": "Handle_BRepMAT2d_DataMapNodeOfDataMapOfBasicEltShape", 
          "parent": "Handle_BRepMAT2d_DataMapNodeOfDataMapOfBasicEltShape", 
          "cls": "constructor", 
          "throws": true, 
          "copyConstructor": true
        }, 
        {
          "returnType": "", 
          "arguments": [
            {
              "decl": "const BRepMAT2d_DataMapNodeOfDataMapOfBasicEltShape *", 
              "type": "BRepMAT2d_DataMapNodeOfDataMapOfBasicEltShape", 
              "name": "anItem"
            }
          ], 
          "name": "Handle_BRepMAT2d_DataMapNodeOfDataMapOfBasicEltShape", 
          "parent": "Handle_BRepMAT2d_DataMapNodeOfDataMapOfBasicEltShape", 
          "cls": "constructor", 
          "throws": true
        }
      ], 
      "artificial": "1", 
      "bases": [
        {
          "access": "public", 
          "name": "Handle_TCollection_MapNode"
        }
      ], 
      "location": [
        "/usr/local/include/oce/Handle_BRepMAT2d_DataMapNodeOfDataMapOfBasicEltShape.hxx", 
        25
      ], 
      "members": [
        {
          "returnType": "Handle_BRepMAT2d_DataMapNodeOfDataMapOfBasicEltShape", 
          "arguments": [
            {
              "decl": "const Handle_Standard_Transient &", 
              "type": "Handle_Standard_Transient", 
              "name": "AnObject"
            }
          ], 
          "name": "DownCast", 
          "parent": "Handle_BRepMAT2d_DataMapNodeOfDataMapOfBasicEltShape", 
          "cls": "memfun", 
          "static": "1", 
          "extern": "1", 
          "throws": true
        }
      ], 
      "cls": "class"
    }, 
    {
      "name": "BRepMAT2d_DataMapIteratorOfDataMapOfShapeSequenceOfBasicElt", 
      "abstract": false, 
      "constructors": [
        {
          "returnType": "", 
          "arguments": [
            {
              "decl": "const BRepMAT2d_DataMapIteratorOfDataMapOfShapeSequenceOfBasicElt &", 
              "type": "BRepMAT2d_DataMapIteratorOfDataMapOfShapeSequenceOfBasicElt", 
              "name": "arg0"
            }
          ], 
          "name": "BRepMAT2d_DataMapIteratorOfDataMapOfShapeSequenceOfBasicElt", 
          "parent": "BRepMAT2d_DataMapIteratorOfDataMapOfShapeSequenceOfBasicElt", 
          "cls": "constructor", 
          "artificial": "1", 
          "copyConstructor": true
        }, 
        {
          "returnType": "", 
          "arguments": [], 
          "name": "BRepMAT2d_DataMapIteratorOfDataMapOfShapeSequenceOfBasicElt", 
          "parent": "BRepMAT2d_DataMapIteratorOfDataMapOfShapeSequenceOfBasicElt", 
          "cls": "constructor", 
          "extern": "1", 
          "throws": true
        }, 
        {
          "returnType": "", 
          "arguments": [
            {
              "decl": "const BRepMAT2d_DataMapOfShapeSequenceOfBasicElt &", 
              "type": "BRepMAT2d_DataMapOfShapeSequenceOfBasicElt", 
              "name": "aMap"
            }
          ], 
          "name": "BRepMAT2d_DataMapIteratorOfDataMapOfShapeSequenceOfBasicElt", 
          "parent": "BRepMAT2d_DataMapIteratorOfDataMapOfShapeSequenceOfBasicElt", 
          "cls": "constructor", 
          "extern": "1", 
          "throws": true
        }
      ], 
      "artificial": "1", 
      "bases": [
        {
          "access": "public", 
          "name": "TCollection_BasicMapIterator"
        }
      ], 
      "location": [
        "/usr/local/include/oce/BRepMAT2d_DataMapIteratorOfDataMapOfShapeSequenceOfBasicElt.hxx", 
        34
      ], 
      "members": [
        {
          "returnType": "void", 
          "arguments": [
            {
              "decl": "const BRepMAT2d_DataMapOfShapeSequenceOfBasicElt &", 
              "type": "BRepMAT2d_DataMapOfShapeSequenceOfBasicElt", 
              "name": "aMap"
            }
          ], 
          "name": "Initialize", 
          "parent": "BRepMAT2d_DataMapIteratorOfDataMapOfShapeSequenceOfBasicElt", 
          "cls": "memfun", 
          "extern": "1", 
          "throws": true
        }, 
        {
          "returnType": "TopoDS_Shape const &", 
          "arguments": [], 
          "name": "Key", 
          "parent": "BRepMAT2d_DataMapIteratorOfDataMapOfShapeSequenceOfBasicElt", 
          "cls": "memfun", 
          "extern": "1", 
          "const": "1", 
          "throws": true
        }, 
        {
          "returnType": "BRepMAT2d_SequenceOfBasicElt const &", 
          "arguments": [], 
          "name": "Value", 
          "parent": "BRepMAT2d_DataMapIteratorOfDataMapOfShapeSequenceOfBasicElt", 
          "cls": "memfun", 
          "extern": "1", 
          "const": "1", 
          "throws": true
        }
      ], 
      "cls": "class"
    }, 
    {
      "name": "BRepMAT2d_LinkTopoBilo", 
      "abstract": false, 
      "constructors": [
        {
          "returnType": "", 
          "arguments": [], 
          "name": "BRepMAT2d_LinkTopoBilo", 
          "parent": "BRepMAT2d_LinkTopoBilo", 
          "cls": "constructor", 
          "extern": "1", 
          "throws": true
        }, 
        {
          "returnType": "", 
          "arguments": [
            {
              "decl": "const BRepMAT2d_Explorer &", 
              "type": "BRepMAT2d_Explorer", 
              "name": "Explo"
            }, 
            {
              "decl": "const BRepMAT2d_BisectingLocus &", 
              "type": "BRepMAT2d_BisectingLocus", 
              "name": "BiLo"
            }
          ], 
          "name": "BRepMAT2d_LinkTopoBilo", 
          "parent": "BRepMAT2d_LinkTopoBilo", 
          "cls": "constructor", 
          "extern": "1", 
          "throws": true
        }
      ], 
      "artificial": "1", 
      "bases": [], 
      "location": [
        "/usr/local/include/oce/BRepMAT2d_LinkTopoBilo.hxx", 
        47
      ], 
      "members": [
        {
          "returnType": "void", 
          "arguments": [
            {
              "decl": "const BRepMAT2d_Explorer &", 
              "type": "BRepMAT2d_Explorer", 
              "name": "Explo"
            }, 
            {
              "decl": "const BRepMAT2d_BisectingLocus &", 
              "type": "BRepMAT2d_BisectingLocus", 
              "name": "BiLo"
            }
          ], 
          "name": "Perform", 
          "parent": "BRepMAT2d_LinkTopoBilo", 
          "cls": "memfun", 
          "extern": "1", 
          "throws": true
        }, 
        {
          "returnType": "void", 
          "arguments": [
            {
              "decl": "const TopoDS_Shape &", 
              "type": "TopoDS_Shape", 
              "name": "S"
            }
          ], 
          "name": "Init", 
          "parent": "BRepMAT2d_LinkTopoBilo", 
          "cls": "memfun", 
          "extern": "1", 
          "throws": true
        }, 
        {
          "returnType": "Standard_Boolean", 
          "arguments": [], 
          "name": "More", 
          "parent": "BRepMAT2d_LinkTopoBilo", 
          "cls": "memfun", 
          "extern": "1", 
          "throws": true
        }, 
        {
          "returnType": "void", 
          "arguments": [], 
          "name": "Next", 
          "parent": "BRepMAT2d_LinkTopoBilo", 
          "cls": "memfun", 
          "extern": "1", 
          "throws": true
        }, 
        {
          "returnType": "Handle_MAT_BasicElt", 
          "arguments": [], 
          "name": "Value", 
          "parent": "BRepMAT2d_LinkTopoBilo", 
          "cls": "memfun", 
          "extern": "1", 
          "const": "1", 
          "throws": true
        }, 
        {
          "returnType": "TopoDS_Shape", 
          "arguments": [
            {
              "decl": "const Handle_MAT_BasicElt &", 
              "type": "Handle_MAT_BasicElt", 
              "name": "aBE"
            }
          ], 
          "name": "GeneratingShape", 
          "parent": "BRepMAT2d_LinkTopoBilo", 
          "cls": "memfun", 
          "extern": "1", 
          "const": "1", 
          "throws": true
        }
      ], 
      "cls": "class"
    }, 
    {
      "name": "BRepMAT2d_DataMapNodeOfDataMapOfShapeSequenceOfBasicElt", 
      "abstract": false, 
      "constructors": [
        {
          "returnType": "", 
          "arguments": [
            {
              "decl": "const TopoDS_Shape &", 
              "type": "TopoDS_Shape", 
              "name": "K"
            }, 
            {
              "decl": "const BRepMAT2d_SequenceOfBasicElt &", 
              "type": "BRepMAT2d_SequenceOfBasicElt", 
              "name": "I"
            }, 
            {
              "decl": "const TCollection_MapNodePtr &", 
              "type": "TCollection_MapNodePtr", 
              "name": "n"
            }
          ], 
          "name": "BRepMAT2d_DataMapNodeOfDataMapOfShapeSequenceOfBasicElt", 
          "parent": "BRepMAT2d_DataMapNodeOfDataMapOfShapeSequenceOfBasicElt", 
          "cls": "constructor", 
          "throws": true
        }
      ], 
      "artificial": "1", 
      "bases": [
        {
          "access": "public", 
          "name": "TCollection_MapNode"
        }
      ], 
      "location": [
        "/usr/local/include/oce/BRepMAT2d_DataMapNodeOfDataMapOfShapeSequenceOfBasicElt.hxx", 
        39
      ], 
      "members": [
        {
          "returnType": "TopoDS_Shape &", 
          "arguments": [], 
          "name": "Key", 
          "parent": "BRepMAT2d_DataMapNodeOfDataMapOfShapeSequenceOfBasicElt", 
          "cls": "memfun", 
          "const": "1", 
          "throws": true
        }, 
        {
          "returnType": "BRepMAT2d_SequenceOfBasicElt &", 
          "arguments": [], 
          "name": "Value", 
          "parent": "BRepMAT2d_DataMapNodeOfDataMapOfShapeSequenceOfBasicElt", 
          "cls": "memfun", 
          "const": "1", 
          "throws": true
        }, 
        {
          "returnType": "Handle_Standard_Type const &", 
          "arguments": [], 
          "name": "DynamicType", 
          "parent": "BRepMAT2d_DataMapNodeOfDataMapOfShapeSequenceOfBasicElt", 
          "cls": "memfun", 
          "extern": "1", 
          "const": "1", 
          "throws": true, 
          "virtuality": "virtual"
        }
      ], 
      "cls": "class"
    }, 
    {
      "name": "BRepMAT2d_SequenceOfBasicElt", 
      "abstract": false, 
      "constructors": [
        {
          "returnType": "", 
          "arguments": [], 
          "name": "BRepMAT2d_SequenceOfBasicElt", 
          "parent": "BRepMAT2d_SequenceOfBasicElt", 
          "cls": "constructor", 
          "throws": true
        }
      ], 
      "artificial": "1", 
      "bases": [
        {
          "access": "public", 
          "name": "TCollection_BaseSequence"
        }
      ], 
      "location": [
        "/usr/local/include/oce/BRepMAT2d_SequenceOfBasicElt.hxx", 
        38
      ], 
      "members": [
        {
          "returnType": "void", 
          "arguments": [], 
          "name": "Clear", 
          "parent": "BRepMAT2d_SequenceOfBasicElt", 
          "cls": "memfun", 
          "extern": "1", 
          "throws": true
        }, 
        {
          "returnType": "BRepMAT2d_SequenceOfBasicElt const &", 
          "arguments": [
            {
              "decl": "const BRepMAT2d_SequenceOfBasicElt &", 
              "type": "BRepMAT2d_SequenceOfBasicElt", 
              "name": "Other"
            }
          ], 
          "name": "Assign", 
          "parent": "BRepMAT2d_SequenceOfBasicElt", 
          "cls": "memfun", 
          "extern": "1", 
          "throws": true
        }, 
        {
          "returnType": "void", 
          "arguments": [
            {
              "decl": "const Handle_MAT_BasicElt &", 
              "type": "Handle_MAT_BasicElt", 
              "name": "T"
            }
          ], 
          "name": "Append", 
          "parent": "BRepMAT2d_SequenceOfBasicElt", 
          "cls": "memfun", 
          "extern": "1", 
          "throws": true
        }, 
        {
          "returnType": "void", 
          "arguments": [
            {
              "decl": "BRepMAT2d_SequenceOfBasicElt &", 
              "type": "BRepMAT2d_SequenceOfBasicElt", 
              "name": "S"
            }
          ], 
          "name": "Append", 
          "parent": "BRepMAT2d_SequenceOfBasicElt", 
          "cls": "memfun", 
          "throws": true
        }, 
        {
          "returnType": "void", 
          "arguments": [
            {
              "decl": "const Handle_MAT_BasicElt &", 
              "type": "Handle_MAT_BasicElt", 
              "name": "T"
            }
          ], 
          "name": "Prepend", 
          "parent": "BRepMAT2d_SequenceOfBasicElt", 
          "cls": "memfun", 
          "extern": "1", 
          "throws": true
        }, 
        {
          "returnType": "void", 
          "arguments": [
            {
              "decl": "BRepMAT2d_SequenceOfBasicElt &", 
              "type": "BRepMAT2d_SequenceOfBasicElt", 
              "name": "S"
            }
          ], 
          "name": "Prepend", 
          "parent": "BRepMAT2d_SequenceOfBasicElt", 
          "cls": "memfun", 
          "throws": true
        }, 
        {
          "returnType": "void", 
          "arguments": [
            {
              "decl": "const Standard_Integer", 
              "type": "Standard_Integer", 
              "name": "Index"
            }, 
            {
              "decl": "const Handle_MAT_BasicElt &", 
              "type": "Handle_MAT_BasicElt", 
              "name": "I"
            }
          ], 
          "name": "InsertBefore", 
          "parent": "BRepMAT2d_SequenceOfBasicElt", 
          "cls": "memfun", 
          "throws": true
        }, 
        {
          "returnType": "void", 
          "arguments": [
            {
              "decl": "const Standard_Integer", 
              "type": "Standard_Integer", 
              "name": "Index"
            }, 
            {
              "decl": "BRepMAT2d_SequenceOfBasicElt &", 
              "type": "BRepMAT2d_SequenceOfBasicElt", 
              "name": "S"
            }
          ], 
          "name": "InsertBefore", 
          "parent": "BRepMAT2d_SequenceOfBasicElt", 
          "cls": "memfun", 
          "throws": true
        }, 
        {
          "returnType": "void", 
          "arguments": [
            {
              "decl": "const Standard_Integer", 
              "type": "Standard_Integer", 
              "name": "Index"
            }, 
            {
              "decl": "const Handle_MAT_BasicElt &", 
              "type": "Handle_MAT_BasicElt", 
              "name": "T"
            }
          ], 
          "name": "InsertAfter", 
          "parent": "BRepMAT2d_SequenceOfBasicElt", 
          "cls": "memfun", 
          "extern": "1", 
          "throws": true
        }, 
        {
          "returnType": "void", 
          "arguments": [
            {
              "decl": "const Standard_Integer", 
              "type": "Standard_Integer", 
              "name": "Index"
            }, 
            {
              "decl": "BRepMAT2d_SequenceOfBasicElt &", 
              "type": "BRepMAT2d_SequenceOfBasicElt", 
              "name": "S"
            }
          ], 
          "name": "InsertAfter", 
          "parent": "BRepMAT2d_SequenceOfBasicElt", 
          "cls": "memfun", 
          "throws": true
        }, 
        {
          "returnType": "Handle_MAT_BasicElt const &", 
          "arguments": [], 
          "name": "First", 
          "parent": "BRepMAT2d_SequenceOfBasicElt", 
          "cls": "memfun", 
          "extern": "1", 
          "const": "1", 
          "throws": true
        }, 
        {
          "returnType": "Handle_MAT_BasicElt const &", 
          "arguments": [], 
          "name": "Last", 
          "parent": "BRepMAT2d_SequenceOfBasicElt", 
          "cls": "memfun", 
          "extern": "1", 
          "const": "1", 
          "throws": true
        }, 
        {
          "returnType": "void", 
          "arguments": [
            {
              "decl": "const Standard_Integer", 
              "type": "Standard_Integer", 
              "name": "Index"
            }, 
            {
              "decl": "BRepMAT2d_SequenceOfBasicElt &", 
              "type": "BRepMAT2d_SequenceOfBasicElt", 
              "name": "S"
            }
          ], 
          "name": "Split", 
          "parent": "BRepMAT2d_SequenceOfBasicElt", 
          "cls": "memfun", 
          "throws": true
        }, 
        {
          "returnType": "Handle_MAT_BasicElt const &", 
          "arguments": [
            {
              "decl": "const Standard_Integer", 
              "type": "Standard_Integer", 
              "name": "Index"
            }
          ], 
          "name": "Value", 
          "parent": "BRepMAT2d_SequenceOfBasicElt", 
          "cls": "memfun", 
          "extern": "1", 
          "const": "1", 
          "throws": true
        }, 
        {
          "returnType": "void", 
          "arguments": [
            {
              "decl": "const Standard_Integer", 
              "type": "Standard_Integer", 
              "name": "Index"
            }, 
            {
              "decl": "const Handle_MAT_BasicElt &", 
              "type": "Handle_MAT_BasicElt", 
              "name": "I"
            }
          ], 
          "name": "SetValue", 
          "parent": "BRepMAT2d_SequenceOfBasicElt", 
          "cls": "memfun", 
          "extern": "1", 
          "throws": true
        }, 
        {
          "returnType": "Handle_MAT_BasicElt &", 
          "arguments": [
            {
              "decl": "const Standard_Integer", 
              "type": "Standard_Integer", 
              "name": "Index"
            }
          ], 
          "name": "ChangeValue", 
          "parent": "BRepMAT2d_SequenceOfBasicElt", 
          "cls": "memfun", 
          "extern": "1", 
          "throws": true
        }, 
        {
          "returnType": "void", 
          "arguments": [
            {
              "decl": "const Standard_Integer", 
              "type": "Standard_Integer", 
              "name": "Index"
            }
          ], 
          "name": "Remove", 
          "parent": "BRepMAT2d_SequenceOfBasicElt", 
          "cls": "memfun", 
          "extern": "1", 
          "throws": true
        }, 
        {
          "returnType": "void", 
          "arguments": [
            {
              "decl": "const Standard_Integer", 
              "type": "Standard_Integer", 
              "name": "FromIndex"
            }, 
            {
              "decl": "const Standard_Integer", 
              "type": "Standard_Integer", 
              "name": "ToIndex"
            }
          ], 
          "name": "Remove", 
          "parent": "BRepMAT2d_SequenceOfBasicElt", 
          "cls": "memfun", 
          "extern": "1", 
          "throws": true
        }
      ], 
      "cls": "class"
    }, 
    {
      "name": "BRepMAT2d_DataMapOfShapeSequenceOfBasicElt", 
      "abstract": false, 
      "constructors": [
        {
          "returnType": "", 
          "arguments": [
            {
              "decl": "const Standard_Integer", 
              "type": "Standard_Integer", 
              "name": "NbBuckets", 
              "default": "1"
            }
          ], 
          "name": "BRepMAT2d_DataMapOfShapeSequenceOfBasicElt", 
          "parent": "BRepMAT2d_DataMapOfShapeSequenceOfBasicElt", 
          "cls": "constructor", 
          "extern": "1", 
          "throws": true
        }
      ], 
      "artificial": "1", 
      "bases": [
        {
          "access": "public", 
          "name": "TCollection_BasicMap"
        }
      ], 
      "location": [
        "/usr/local/include/oce/BRepMAT2d_DataMapOfShapeSequenceOfBasicElt.hxx", 
        44
      ], 
      "members": [
        {
          "returnType": "BRepMAT2d_DataMapOfShapeSequenceOfBasicElt &", 
          "arguments": [
            {
              "decl": "const BRepMAT2d_DataMapOfShapeSequenceOfBasicElt &", 
              "type": "BRepMAT2d_DataMapOfShapeSequenceOfBasicElt", 
              "name": "Other"
            }
          ], 
          "name": "Assign", 
          "parent": "BRepMAT2d_DataMapOfShapeSequenceOfBasicElt", 
          "cls": "memfun", 
          "extern": "1", 
          "throws": true
        }, 
        {
          "returnType": "void", 
          "arguments": [
            {
              "decl": "const Standard_Integer", 
              "type": "Standard_Integer", 
              "name": "NbBuckets"
            }
          ], 
          "name": "ReSize", 
          "parent": "BRepMAT2d_DataMapOfShapeSequenceOfBasicElt", 
          "cls": "memfun", 
          "extern": "1", 
          "throws": true
        }, 
        {
          "returnType": "void", 
          "arguments": [], 
          "name": "Clear", 
          "parent": "BRepMAT2d_DataMapOfShapeSequenceOfBasicElt", 
          "cls": "memfun", 
          "extern": "1", 
          "throws": true
        }, 
        {
          "returnType": "Standard_Boolean", 
          "arguments": [
            {
              "decl": "const TopoDS_Shape &", 
              "type": "TopoDS_Shape", 
              "name": "K"
            }, 
            {
              "decl": "const BRepMAT2d_SequenceOfBasicElt &", 
              "type": "BRepMAT2d_SequenceOfBasicElt", 
              "name": "I"
            }
          ], 
          "name": "Bind", 
          "parent": "BRepMAT2d_DataMapOfShapeSequenceOfBasicElt", 
          "cls": "memfun", 
          "extern": "1", 
          "throws": true
        }, 
        {
          "returnType": "Standard_Boolean", 
          "arguments": [
            {
              "decl": "const TopoDS_Shape &", 
              "type": "TopoDS_Shape", 
              "name": "K"
            }
          ], 
          "name": "IsBound", 
          "parent": "BRepMAT2d_DataMapOfShapeSequenceOfBasicElt", 
          "cls": "memfun", 
          "extern": "1", 
          "const": "1", 
          "throws": true
        }, 
        {
          "returnType": "Standard_Boolean", 
          "arguments": [
            {
              "decl": "const TopoDS_Shape &", 
              "type": "TopoDS_Shape", 
              "name": "K"
            }
          ], 
          "name": "UnBind", 
          "parent": "BRepMAT2d_DataMapOfShapeSequenceOfBasicElt", 
          "cls": "memfun", 
          "extern": "1", 
          "throws": true
        }, 
        {
          "returnType": "BRepMAT2d_SequenceOfBasicElt const &", 
          "arguments": [
            {
              "decl": "const TopoDS_Shape &", 
              "type": "TopoDS_Shape", 
              "name": "K"
            }
          ], 
          "name": "Find", 
          "parent": "BRepMAT2d_DataMapOfShapeSequenceOfBasicElt", 
          "cls": "memfun", 
          "extern": "1", 
          "const": "1", 
          "throws": true
        }, 
        {
          "returnType": "BRepMAT2d_SequenceOfBasicElt &", 
          "arguments": [
            {
              "decl": "const TopoDS_Shape &", 
              "type": "TopoDS_Shape", 
              "name": "K"
            }
          ], 
          "name": "ChangeFind", 
          "parent": "BRepMAT2d_DataMapOfShapeSequenceOfBasicElt", 
          "cls": "memfun", 
          "extern": "1", 
          "throws": true
        }, 
        {
          "returnType": "Standard_Address", 
          "arguments": [
            {
              "decl": "const TopoDS_Shape &", 
              "type": "TopoDS_Shape", 
              "name": "K"
            }
          ], 
          "name": "Find1", 
          "parent": "BRepMAT2d_DataMapOfShapeSequenceOfBasicElt", 
          "cls": "memfun", 
          "extern": "1", 
          "const": "1", 
          "throws": true
        }, 
        {
          "returnType": "Standard_Address", 
          "arguments": [
            {
              "decl": "const TopoDS_Shape &", 
              "type": "TopoDS_Shape", 
              "name": "K"
            }
          ], 
          "name": "ChangeFind1", 
          "parent": "BRepMAT2d_DataMapOfShapeSequenceOfBasicElt", 
          "cls": "memfun", 
          "extern": "1", 
          "throws": true
        }
      ], 
      "cls": "class"
    }, 
    {
      "name": "Handle_BRepMAT2d_DataMapNodeOfDataMapOfShapeSequenceOfBasicElt", 
      "abstract": false, 
      "constructors": [
        {
          "returnType": "", 
          "arguments": [], 
          "name": "Handle_BRepMAT2d_DataMapNodeOfDataMapOfShapeSequenceOfBasicElt", 
          "parent": "Handle_BRepMAT2d_DataMapNodeOfDataMapOfShapeSequenceOfBasicElt", 
          "cls": "constructor", 
          "throws": true
        }, 
        {
          "returnType": "", 
          "arguments": [
            {
              "decl": "const Handle_BRepMAT2d_DataMapNodeOfDataMapOfShapeSequenceOfBasicElt &", 
              "type": "Handle_BRepMAT2d_DataMapNodeOfDataMapOfShapeSequenceOfBasicElt", 
              "name": "aHandle"
            }
          ], 
          "name": "Handle_BRepMAT2d_DataMapNodeOfDataMapOfShapeSequenceOfBasicElt", 
          "parent": "Handle_BRepMAT2d_DataMapNodeOfDataMapOfShapeSequenceOfBasicElt", 
          "cls": "constructor", 
          "throws": true, 
          "copyConstructor": true
        }, 
        {
          "returnType": "", 
          "arguments": [
            {
              "decl": "const BRepMAT2d_DataMapNodeOfDataMapOfShapeSequenceOfBasicElt *", 
              "type": "BRepMAT2d_DataMapNodeOfDataMapOfShapeSequenceOfBasicElt", 
              "name": "anItem"
            }
          ], 
          "name": "Handle_BRepMAT2d_DataMapNodeOfDataMapOfShapeSequenceOfBasicElt", 
          "parent": "Handle_BRepMAT2d_DataMapNodeOfDataMapOfShapeSequenceOfBasicElt", 
          "cls": "constructor", 
          "throws": true
        }
      ], 
      "artificial": "1", 
      "bases": [
        {
          "access": "public", 
          "name": "Handle_TCollection_MapNode"
        }
      ], 
      "location": [
        "/usr/local/include/oce/Handle_BRepMAT2d_DataMapNodeOfDataMapOfShapeSequenceOfBasicElt.hxx", 
        25
      ], 
      "members": [
        {
          "returnType": "Handle_BRepMAT2d_DataMapNodeOfDataMapOfShapeSequenceOfBasicElt", 
          "arguments": [
            {
              "decl": "const Handle_Standard_Transient &", 
              "type": "Handle_Standard_Transient", 
              "name": "AnObject"
            }
          ], 
          "name": "DownCast", 
          "parent": "Handle_BRepMAT2d_DataMapNodeOfDataMapOfShapeSequenceOfBasicElt", 
          "cls": "memfun", 
          "static": "1", 
          "extern": "1", 
          "throws": true
        }
      ], 
      "cls": "class"
    }, 
    {
      "name": "BRepMAT2d_BisectingLocus", 
      "abstract": false, 
      "constructors": [
        {
          "returnType": "", 
          "arguments": [], 
          "name": "BRepMAT2d_BisectingLocus", 
          "parent": "BRepMAT2d_BisectingLocus", 
          "cls": "constructor", 
          "extern": "1", 
          "throws": true
        }
      ], 
      "artificial": "1", 
      "bases": [], 
      "location": [
        "/usr/local/include/oce/BRepMAT2d_BisectingLocus.hxx", 
        61
      ], 
      "members": [
        {
          "returnType": "void", 
          "arguments": [
            {
              "decl": "BRepMAT2d_Explorer &", 
              "type": "BRepMAT2d_Explorer", 
              "name": "anExplo"
            }, 
            {
              "decl": "const Standard_Integer", 
              "type": "Standard_Integer", 
              "name": "LineIndex", 
              "default": "1"
            }, 
            {
              "decl": "const MAT_Side", 
              "type": "MAT_Side", 
              "name": "aSide", 
              "default": "::MAT_Left"
            }
          ], 
          "name": "Compute", 
          "parent": "BRepMAT2d_BisectingLocus", 
          "cls": "memfun", 
          "extern": "1", 
          "throws": true
        }, 
        {
          "returnType": "Standard_Boolean", 
          "arguments": [], 
          "name": "IsDone", 
          "parent": "BRepMAT2d_BisectingLocus", 
          "cls": "memfun", 
          "extern": "1", 
          "const": "1", 
          "throws": true
        }, 
        {
          "returnType": "Handle_MAT_Graph", 
          "arguments": [], 
          "name": "Graph", 
          "parent": "BRepMAT2d_BisectingLocus", 
          "cls": "memfun", 
          "extern": "1", 
          "const": "1", 
          "throws": true
        }, 
        {
          "returnType": "Standard_Integer", 
          "arguments": [], 
          "name": "NumberOfContours", 
          "parent": "BRepMAT2d_BisectingLocus", 
          "cls": "memfun", 
          "extern": "1", 
          "const": "1", 
          "throws": true
        }, 
        {
          "returnType": "Standard_Integer", 
          "arguments": [
            {
              "decl": "const Standard_Integer", 
              "type": "Standard_Integer", 
              "name": "IndLine"
            }
          ], 
          "name": "NumberOfElts", 
          "parent": "BRepMAT2d_BisectingLocus", 
          "cls": "memfun", 
          "extern": "1", 
          "const": "1", 
          "throws": true
        }, 
        {
          "returnType": "Standard_Integer", 
          "arguments": [
            {
              "decl": "const Standard_Integer", 
              "type": "Standard_Integer", 
              "name": "IndLine"
            }, 
            {
              "decl": "const Standard_Integer", 
              "type": "Standard_Integer", 
              "name": "Index"
            }
          ], 
          "name": "NumberOfSections", 
          "parent": "BRepMAT2d_BisectingLocus", 
          "cls": "memfun", 
          "extern": "1", 
          "const": "1", 
          "throws": true
        }, 
        {
          "returnType": "Handle_MAT_BasicElt", 
          "arguments": [
            {
              "decl": "const Standard_Integer", 
              "type": "Standard_Integer", 
              "name": "IndLine"
            }, 
            {
              "decl": "const Standard_Integer", 
              "type": "Standard_Integer", 
              "name": "Index"
            }
          ], 
          "name": "BasicElt", 
          "parent": "BRepMAT2d_BisectingLocus", 
          "cls": "memfun", 
          "extern": "1", 
          "const": "1", 
          "throws": true
        }, 
        {
          "returnType": "Handle_Geom2d_Geometry", 
          "arguments": [
            {
              "decl": "const Handle_MAT_BasicElt &", 
              "type": "Handle_MAT_BasicElt", 
              "name": "aBasicElt"
            }
          ], 
          "name": "GeomElt", 
          "parent": "BRepMAT2d_BisectingLocus", 
          "cls": "memfun", 
          "extern": "1", 
          "const": "1", 
          "throws": true
        }, 
        {
          "returnType": "gp_Pnt2d", 
          "arguments": [
            {
              "decl": "const Handle_MAT_Node &", 
              "type": "Handle_MAT_Node", 
              "name": "aNode"
            }
          ], 
          "name": "GeomElt", 
          "parent": "BRepMAT2d_BisectingLocus", 
          "cls": "memfun", 
          "extern": "1", 
          "const": "1", 
          "throws": true
        }, 
        {
          "returnType": "Bisector_Bisec", 
          "arguments": [
            {
              "decl": "const Handle_MAT_Arc &", 
              "type": "Handle_MAT_Arc", 
              "name": "anArc"
            }, 
            {
              "decl": "Standard_Boolean &", 
              "type": "Standard_Boolean", 
              "name": "Reverse"
            }
          ], 
          "name": "GeomBis", 
          "parent": "BRepMAT2d_BisectingLocus", 
          "cls": "memfun", 
          "extern": "1", 
          "const": "1", 
          "throws": true
        }
      ], 
      "cls": "class"
    }, 
    {
      "name": "Handle_BRepMAT2d_SequenceNodeOfSequenceOfBasicElt", 
      "abstract": false, 
      "constructors": [
        {
          "returnType": "", 
          "arguments": [], 
          "name": "Handle_BRepMAT2d_SequenceNodeOfSequenceOfBasicElt", 
          "parent": "Handle_BRepMAT2d_SequenceNodeOfSequenceOfBasicElt", 
          "cls": "constructor", 
          "throws": true
        }, 
        {
          "returnType": "", 
          "arguments": [
            {
              "decl": "const Handle_BRepMAT2d_SequenceNodeOfSequenceOfBasicElt &", 
              "type": "Handle_BRepMAT2d_SequenceNodeOfSequenceOfBasicElt", 
              "name": "aHandle"
            }
          ], 
          "name": "Handle_BRepMAT2d_SequenceNodeOfSequenceOfBasicElt", 
          "parent": "Handle_BRepMAT2d_SequenceNodeOfSequenceOfBasicElt", 
          "cls": "constructor", 
          "throws": true, 
          "copyConstructor": true
        }, 
        {
          "returnType": "", 
          "arguments": [
            {
              "decl": "const BRepMAT2d_SequenceNodeOfSequenceOfBasicElt *", 
              "type": "BRepMAT2d_SequenceNodeOfSequenceOfBasicElt", 
              "name": "anItem"
            }
          ], 
          "name": "Handle_BRepMAT2d_SequenceNodeOfSequenceOfBasicElt", 
          "parent": "Handle_BRepMAT2d_SequenceNodeOfSequenceOfBasicElt", 
          "cls": "constructor", 
          "throws": true
        }
      ], 
      "artificial": "1", 
      "bases": [
        {
          "access": "public", 
          "name": "Handle_TCollection_SeqNode"
        }
      ], 
      "location": [
        "/usr/local/include/oce/Handle_BRepMAT2d_SequenceNodeOfSequenceOfBasicElt.hxx", 
        25
      ], 
      "members": [
        {
          "returnType": "Handle_BRepMAT2d_SequenceNodeOfSequenceOfBasicElt", 
          "arguments": [
            {
              "decl": "const Handle_Standard_Transient &", 
              "type": "Handle_Standard_Transient", 
              "name": "AnObject"
            }
          ], 
          "name": "DownCast", 
          "parent": "Handle_BRepMAT2d_SequenceNodeOfSequenceOfBasicElt", 
          "cls": "memfun", 
          "static": "1", 
          "extern": "1", 
          "throws": true
        }
      ], 
      "cls": "class"
    }, 
    {
      "name": "BRepMAT2d_DataMapNodeOfDataMapOfBasicEltShape", 
      "abstract": false, 
      "constructors": [
        {
          "returnType": "", 
          "arguments": [
            {
              "decl": "const BRepMAT2d_DataMapNodeOfDataMapOfBasicEltShape &", 
              "type": "BRepMAT2d_DataMapNodeOfDataMapOfBasicEltShape", 
              "name": "arg0"
            }
          ], 
          "name": "BRepMAT2d_DataMapNodeOfDataMapOfBasicEltShape", 
          "parent": "BRepMAT2d_DataMapNodeOfDataMapOfBasicEltShape", 
          "cls": "constructor", 
          "artificial": "1", 
          "throws": true, 
          "copyConstructor": true
        }, 
        {
          "returnType": "", 
          "arguments": [
            {
              "decl": "const Handle_MAT_BasicElt &", 
              "type": "Handle_MAT_BasicElt", 
              "name": "K"
            }, 
            {
              "decl": "const TopoDS_Shape &", 
              "type": "TopoDS_Shape", 
              "name": "I"
            }, 
            {
              "decl": "const TCollection_MapNodePtr &", 
              "type": "TCollection_MapNodePtr", 
              "name": "n"
            }
          ], 
          "name": "BRepMAT2d_DataMapNodeOfDataMapOfBasicEltShape", 
          "parent": "BRepMAT2d_DataMapNodeOfDataMapOfBasicEltShape", 
          "cls": "constructor", 
          "throws": true
        }
      ], 
      "artificial": "1", 
      "bases": [
        {
          "access": "public", 
          "name": "TCollection_MapNode"
        }
      ], 
      "location": [
        "/usr/local/include/oce/BRepMAT2d_DataMapNodeOfDataMapOfBasicEltShape.hxx", 
        39
      ], 
      "members": [
        {
          "returnType": "Handle_MAT_BasicElt &", 
          "arguments": [], 
          "name": "Key", 
          "parent": "BRepMAT2d_DataMapNodeOfDataMapOfBasicEltShape", 
          "cls": "memfun", 
          "const": "1", 
          "throws": true
        }, 
        {
          "returnType": "TopoDS_Shape &", 
          "arguments": [], 
          "name": "Value", 
          "parent": "BRepMAT2d_DataMapNodeOfDataMapOfBasicEltShape", 
          "cls": "memfun", 
          "const": "1", 
          "throws": true
        }, 
        {
          "returnType": "Handle_Standard_Type const &", 
          "arguments": [], 
          "name": "DynamicType", 
          "parent": "BRepMAT2d_DataMapNodeOfDataMapOfBasicEltShape", 
          "cls": "memfun", 
          "extern": "1", 
          "const": "1", 
          "throws": true, 
          "virtuality": "virtual"
        }
      ], 
      "cls": "class"
    }, 
    {
      "name": "BRepMAT2d_DataMapOfBasicEltShape", 
      "abstract": false, 
      "constructors": [
        {
          "returnType": "", 
          "arguments": [
            {
              "decl": "const Standard_Integer", 
              "type": "Standard_Integer", 
              "name": "NbBuckets", 
              "default": "1"
            }
          ], 
          "name": "BRepMAT2d_DataMapOfBasicEltShape", 
          "parent": "BRepMAT2d_DataMapOfBasicEltShape", 
          "cls": "constructor", 
          "extern": "1", 
          "throws": true
        }
      ], 
      "artificial": "1", 
      "bases": [
        {
          "access": "public", 
          "name": "TCollection_BasicMap"
        }
      ], 
      "location": [
        "/usr/local/include/oce/BRepMAT2d_DataMapOfBasicEltShape.hxx", 
        47
      ], 
      "members": [
        {
          "returnType": "BRepMAT2d_DataMapOfBasicEltShape &", 
          "arguments": [
            {
              "decl": "const BRepMAT2d_DataMapOfBasicEltShape &", 
              "type": "BRepMAT2d_DataMapOfBasicEltShape", 
              "name": "Other"
            }
          ], 
          "name": "Assign", 
          "parent": "BRepMAT2d_DataMapOfBasicEltShape", 
          "cls": "memfun", 
          "extern": "1", 
          "throws": true
        }, 
        {
          "returnType": "void", 
          "arguments": [
            {
              "decl": "const Standard_Integer", 
              "type": "Standard_Integer", 
              "name": "NbBuckets"
            }
          ], 
          "name": "ReSize", 
          "parent": "BRepMAT2d_DataMapOfBasicEltShape", 
          "cls": "memfun", 
          "extern": "1", 
          "throws": true
        }, 
        {
          "returnType": "void", 
          "arguments": [], 
          "name": "Clear", 
          "parent": "BRepMAT2d_DataMapOfBasicEltShape", 
          "cls": "memfun", 
          "extern": "1", 
          "throws": true
        }, 
        {
          "returnType": "Standard_Boolean", 
          "arguments": [
            {
              "decl": "const Handle_MAT_BasicElt &", 
              "type": "Handle_MAT_BasicElt", 
              "name": "K"
            }, 
            {
              "decl": "const TopoDS_Shape &", 
              "type": "TopoDS_Shape", 
              "name": "I"
            }
          ], 
          "name": "Bind", 
          "parent": "BRepMAT2d_DataMapOfBasicEltShape", 
          "cls": "memfun", 
          "extern": "1", 
          "throws": true
        }, 
        {
          "returnType": "Standard_Boolean", 
          "arguments": [
            {
              "decl": "const Handle_MAT_BasicElt &", 
              "type": "Handle_MAT_BasicElt", 
              "name": "K"
            }
          ], 
          "name": "IsBound", 
          "parent": "BRepMAT2d_DataMapOfBasicEltShape", 
          "cls": "memfun", 
          "extern": "1", 
          "const": "1", 
          "throws": true
        }, 
        {
          "returnType": "Standard_Boolean", 
          "arguments": [
            {
              "decl": "const Handle_MAT_BasicElt &", 
              "type": "Handle_MAT_BasicElt", 
              "name": "K"
            }
          ], 
          "name": "UnBind", 
          "parent": "BRepMAT2d_DataMapOfBasicEltShape", 
          "cls": "memfun", 
          "extern": "1", 
          "throws": true
        }, 
        {
          "returnType": "TopoDS_Shape const &", 
          "arguments": [
            {
              "decl": "const Handle_MAT_BasicElt &", 
              "type": "Handle_MAT_BasicElt", 
              "name": "K"
            }
          ], 
          "name": "Find", 
          "parent": "BRepMAT2d_DataMapOfBasicEltShape", 
          "cls": "memfun", 
          "extern": "1", 
          "const": "1", 
          "throws": true
        }, 
        {
          "returnType": "TopoDS_Shape &", 
          "arguments": [
            {
              "decl": "const Handle_MAT_BasicElt &", 
              "type": "Handle_MAT_BasicElt", 
              "name": "K"
            }
          ], 
          "name": "ChangeFind", 
          "parent": "BRepMAT2d_DataMapOfBasicEltShape", 
          "cls": "memfun", 
          "extern": "1", 
          "throws": true
        }, 
        {
          "returnType": "Standard_Address", 
          "arguments": [
            {
              "decl": "const Handle_MAT_BasicElt &", 
              "type": "Handle_MAT_BasicElt", 
              "name": "K"
            }
          ], 
          "name": "Find1", 
          "parent": "BRepMAT2d_DataMapOfBasicEltShape", 
          "cls": "memfun", 
          "extern": "1", 
          "const": "1", 
          "throws": true
        }, 
        {
          "returnType": "Standard_Address", 
          "arguments": [
            {
              "decl": "const Handle_MAT_BasicElt &", 
              "type": "Handle_MAT_BasicElt", 
              "name": "K"
            }
          ], 
          "name": "ChangeFind1", 
          "parent": "BRepMAT2d_DataMapOfBasicEltShape", 
          "cls": "memfun", 
          "extern": "1", 
          "throws": true
        }
      ], 
      "cls": "class"
    }, 
    {
      "name": "BRepMAT2d_DataMapIteratorOfDataMapOfBasicEltShape", 
      "abstract": false, 
      "constructors": [
        {
          "returnType": "", 
          "arguments": [
            {
              "decl": "const BRepMAT2d_DataMapIteratorOfDataMapOfBasicEltShape &", 
              "type": "BRepMAT2d_DataMapIteratorOfDataMapOfBasicEltShape", 
              "name": "arg0"
            }
          ], 
          "name": "BRepMAT2d_DataMapIteratorOfDataMapOfBasicEltShape", 
          "parent": "BRepMAT2d_DataMapIteratorOfDataMapOfBasicEltShape", 
          "cls": "constructor", 
          "artificial": "1", 
          "copyConstructor": true
        }, 
        {
          "returnType": "", 
          "arguments": [], 
          "name": "BRepMAT2d_DataMapIteratorOfDataMapOfBasicEltShape", 
          "parent": "BRepMAT2d_DataMapIteratorOfDataMapOfBasicEltShape", 
          "cls": "constructor", 
          "extern": "1", 
          "throws": true
        }, 
        {
          "returnType": "", 
          "arguments": [
            {
              "decl": "const BRepMAT2d_DataMapOfBasicEltShape &", 
              "type": "BRepMAT2d_DataMapOfBasicEltShape", 
              "name": "aMap"
            }
          ], 
          "name": "BRepMAT2d_DataMapIteratorOfDataMapOfBasicEltShape", 
          "parent": "BRepMAT2d_DataMapIteratorOfDataMapOfBasicEltShape", 
          "cls": "constructor", 
          "extern": "1", 
          "throws": true
        }
      ], 
      "artificial": "1", 
      "bases": [
        {
          "access": "public", 
          "name": "TCollection_BasicMapIterator"
        }
      ], 
      "location": [
        "/usr/local/include/oce/BRepMAT2d_DataMapIteratorOfDataMapOfBasicEltShape.hxx", 
        37
      ], 
      "members": [
        {
          "returnType": "void", 
          "arguments": [
            {
              "decl": "const BRepMAT2d_DataMapOfBasicEltShape &", 
              "type": "BRepMAT2d_DataMapOfBasicEltShape", 
              "name": "aMap"
            }
          ], 
          "name": "Initialize", 
          "parent": "BRepMAT2d_DataMapIteratorOfDataMapOfBasicEltShape", 
          "cls": "memfun", 
          "extern": "1", 
          "throws": true
        }, 
        {
          "returnType": "Handle_MAT_BasicElt const &", 
          "arguments": [], 
          "name": "Key", 
          "parent": "BRepMAT2d_DataMapIteratorOfDataMapOfBasicEltShape", 
          "cls": "memfun", 
          "extern": "1", 
          "const": "1", 
          "throws": true
        }, 
        {
          "returnType": "TopoDS_Shape const &", 
          "arguments": [], 
          "name": "Value", 
          "parent": "BRepMAT2d_DataMapIteratorOfDataMapOfBasicEltShape", 
          "cls": "memfun", 
          "extern": "1", 
          "const": "1", 
          "throws": true
        }
      ], 
      "cls": "class"
    }, 
    {
      "name": "BRepMAT2d_SequenceNodeOfSequenceOfBasicElt", 
      "abstract": false, 
      "constructors": [
        {
          "returnType": "", 
          "arguments": [
            {
              "decl": "const BRepMAT2d_SequenceNodeOfSequenceOfBasicElt &", 
              "type": "BRepMAT2d_SequenceNodeOfSequenceOfBasicElt", 
              "name": "arg0"
            }
          ], 
          "name": "BRepMAT2d_SequenceNodeOfSequenceOfBasicElt", 
          "parent": "BRepMAT2d_SequenceNodeOfSequenceOfBasicElt", 
          "cls": "constructor", 
          "artificial": "1", 
          "throws": true, 
          "copyConstructor": true
        }, 
        {
          "returnType": "", 
          "arguments": [
            {
              "decl": "const Handle_MAT_BasicElt &", 
              "type": "Handle_MAT_BasicElt", 
              "name": "I"
            }, 
            {
              "decl": "const TCollection_SeqNodePtr &", 
              "type": "TCollection_SeqNodePtr", 
              "name": "n"
            }, 
            {
              "decl": "const TCollection_SeqNodePtr &", 
              "type": "TCollection_SeqNodePtr", 
              "name": "p"
            }
          ], 
          "name": "BRepMAT2d_SequenceNodeOfSequenceOfBasicElt", 
          "parent": "BRepMAT2d_SequenceNodeOfSequenceOfBasicElt", 
          "cls": "constructor", 
          "throws": true
        }
      ], 
      "artificial": "1", 
      "bases": [
        {
          "access": "public", 
          "name": "TCollection_SeqNode"
        }
      ], 
      "location": [
        "/usr/local/include/oce/BRepMAT2d_SequenceNodeOfSequenceOfBasicElt.hxx", 
        33
      ], 
      "members": [
        {
          "returnType": "Handle_MAT_BasicElt &", 
          "arguments": [], 
          "name": "Value", 
          "parent": "BRepMAT2d_SequenceNodeOfSequenceOfBasicElt", 
          "cls": "memfun", 
          "const": "1", 
          "throws": true
        }, 
        {
          "returnType": "Handle_Standard_Type const &", 
          "arguments": [], 
          "name": "DynamicType", 
          "parent": "BRepMAT2d_SequenceNodeOfSequenceOfBasicElt", 
          "cls": "memfun", 
          "extern": "1", 
          "const": "1", 
          "throws": true, 
          "virtuality": "virtual"
        }
      ], 
      "cls": "class"
    }
  ], 
  "headers": [
    "BRepMAT2d_DataMapNodeOfDataMapOfBasicEltShape.hxx", 
    "BRepMAT2d_DataMapIteratorOfDataMapOfShapeSequenceOfBasicElt.hxx", 
    "BRepMAT2d_LinkTopoBilo.hxx", 
    "BRepMAT2d_SequenceNodeOfSequenceOfBasicElt.hxx", 
    "BRepMAT2d_DataMapIteratorOfDataMapOfBasicEltShape.hxx", 
    "BRepMAT2d_Explorer.hxx", 
    "BRepMAT2d_SequenceOfBasicElt.hxx", 
    "BRepMAT2d_DataMapNodeOfDataMapOfShapeSequenceOfBasicElt.hxx", 
    "BRepMAT2d_BisectingLocus.hxx", 
    "BRepMAT2d_DataMapOfBasicEltShape.hxx", 
    "BRepMAT2d_DataMapOfShapeSequenceOfBasicElt.hxx"
  ], 
  "enums": [], 
  "typedefs": [], 
  "name": "BRepMAT2d"
}