{
  "classes": [
    {
      "name": "Handle_BRepCheck_Vertex", 
      "abstract": false, 
      "constructors": [
        {
          "returnType": "", 
          "arguments": [], 
          "name": "Handle_BRepCheck_Vertex", 
          "parent": "Handle_BRepCheck_Vertex", 
          "cls": "constructor", 
          "throws": true
        }, 
        {
          "returnType": "", 
          "arguments": [
            {
              "decl": "const Handle_BRepCheck_Vertex &", 
              "type": "Handle_BRepCheck_Vertex", 
              "name": "aHandle"
            }
          ], 
          "name": "Handle_BRepCheck_Vertex", 
          "parent": "Handle_BRepCheck_Vertex", 
          "cls": "constructor", 
          "throws": true, 
          "copyConstructor": true
        }, 
        {
          "returnType": "", 
          "arguments": [
            {
              "decl": "const BRepCheck_Vertex *", 
              "type": "BRepCheck_Vertex", 
              "name": "anItem"
            }
          ], 
          "name": "Handle_BRepCheck_Vertex", 
          "parent": "Handle_BRepCheck_Vertex", 
          "cls": "constructor", 
          "throws": true
        }
      ], 
      "artificial": "1", 
      "bases": [
        {
          "access": "public", 
          "name": "Handle_BRepCheck_Result"
        }
      ], 
      "location": [
        "/usr/local/include/oce/Handle_BRepCheck_Vertex.hxx", 
        25
      ], 
      "members": [
        {
          "returnType": "Handle_BRepCheck_Vertex", 
          "arguments": [
            {
              "decl": "const Handle_Standard_Transient &", 
              "type": "Handle_Standard_Transient", 
              "name": "AnObject"
            }
          ], 
          "name": "DownCast", 
          "parent": "Handle_BRepCheck_Vertex", 
          "cls": "memfun", 
          "static": "1", 
          "extern": "1", 
          "throws": true
        }
      ], 
      "cls": "class"
    }, 
    {
      "name": "BRepCheck_DataMapIteratorOfDataMapOfShapeResult", 
      "abstract": false, 
      "constructors": [
        {
          "returnType": "", 
          "arguments": [
            {
              "decl": "const BRepCheck_DataMapIteratorOfDataMapOfShapeResult &", 
              "type": "BRepCheck_DataMapIteratorOfDataMapOfShapeResult", 
              "name": "arg0"
            }
          ], 
          "name": "BRepCheck_DataMapIteratorOfDataMapOfShapeResult", 
          "parent": "BRepCheck_DataMapIteratorOfDataMapOfShapeResult", 
          "cls": "constructor", 
          "artificial": "1", 
          "copyConstructor": true
        }, 
        {
          "returnType": "", 
          "arguments": [], 
          "name": "BRepCheck_DataMapIteratorOfDataMapOfShapeResult", 
          "parent": "BRepCheck_DataMapIteratorOfDataMapOfShapeResult", 
          "cls": "constructor", 
          "extern": "1", 
          "throws": true
        }, 
        {
          "returnType": "", 
          "arguments": [
            {
              "decl": "const BRepCheck_DataMapOfShapeResult &", 
              "type": "BRepCheck_DataMapOfShapeResult", 
              "name": "aMap"
            }
          ], 
          "name": "BRepCheck_DataMapIteratorOfDataMapOfShapeResult", 
          "parent": "BRepCheck_DataMapIteratorOfDataMapOfShapeResult", 
          "cls": "constructor", 
          "extern": "1", 
          "throws": true
        }
      ], 
      "artificial": "1", 
      "bases": [
        {
          "access": "public", 
          "name": "TCollection_BasicMapIterator"
        }
      ], 
      "location": [
        "/usr/local/include/oce/BRepCheck_DataMapIteratorOfDataMapOfShapeResult.hxx", 
        37
      ], 
      "members": [
        {
          "returnType": "void", 
          "arguments": [
            {
              "decl": "const BRepCheck_DataMapOfShapeResult &", 
              "type": "BRepCheck_DataMapOfShapeResult", 
              "name": "aMap"
            }
          ], 
          "name": "Initialize", 
          "parent": "BRepCheck_DataMapIteratorOfDataMapOfShapeResult", 
          "cls": "memfun", 
          "extern": "1", 
          "throws": true
        }, 
        {
          "returnType": "TopoDS_Shape const &", 
          "arguments": [], 
          "name": "Key", 
          "parent": "BRepCheck_DataMapIteratorOfDataMapOfShapeResult", 
          "cls": "memfun", 
          "extern": "1", 
          "const": "1", 
          "throws": true
        }, 
        {
          "returnType": "Handle_BRepCheck_Result const &", 
          "arguments": [], 
          "name": "Value", 
          "parent": "BRepCheck_DataMapIteratorOfDataMapOfShapeResult", 
          "cls": "memfun", 
          "extern": "1", 
          "const": "1", 
          "throws": true
        }
      ], 
      "cls": "class"
    }, 
    {
      "name": "Handle_BRepCheck_DataMapNodeOfDataMapOfShapeResult", 
      "abstract": false, 
      "constructors": [
        {
          "returnType": "", 
          "arguments": [], 
          "name": "Handle_BRepCheck_DataMapNodeOfDataMapOfShapeResult", 
          "parent": "Handle_BRepCheck_DataMapNodeOfDataMapOfShapeResult", 
          "cls": "constructor", 
          "throws": true
        }, 
        {
          "returnType": "", 
          "arguments": [
            {
              "decl": "const Handle_BRepCheck_DataMapNodeOfDataMapOfShapeResult &", 
              "type": "Handle_BRepCheck_DataMapNodeOfDataMapOfShapeResult", 
              "name": "aHandle"
            }
          ], 
          "name": "Handle_BRepCheck_DataMapNodeOfDataMapOfShapeResult", 
          "parent": "Handle_BRepCheck_DataMapNodeOfDataMapOfShapeResult", 
          "cls": "constructor", 
          "throws": true, 
          "copyConstructor": true
        }, 
        {
          "returnType": "", 
          "arguments": [
            {
              "decl": "const BRepCheck_DataMapNodeOfDataMapOfShapeResult *", 
              "type": "BRepCheck_DataMapNodeOfDataMapOfShapeResult", 
              "name": "anItem"
            }
          ], 
          "name": "Handle_BRepCheck_DataMapNodeOfDataMapOfShapeResult", 
          "parent": "Handle_BRepCheck_DataMapNodeOfDataMapOfShapeResult", 
          "cls": "constructor", 
          "throws": true
        }
      ], 
      "artificial": "1", 
      "bases": [
        {
          "access": "public", 
          "name": "Handle_TCollection_MapNode"
        }
      ], 
      "location": [
        "/usr/local/include/oce/Handle_BRepCheck_DataMapNodeOfDataMapOfShapeResult.hxx", 
        25
      ], 
      "members": [
        {
          "returnType": "Handle_BRepCheck_DataMapNodeOfDataMapOfShapeResult", 
          "arguments": [
            {
              "decl": "const Handle_Standard_Transient &", 
              "type": "Handle_Standard_Transient", 
              "name": "AnObject"
            }
          ], 
          "name": "DownCast", 
          "parent": "Handle_BRepCheck_DataMapNodeOfDataMapOfShapeResult", 
          "cls": "memfun", 
          "static": "1", 
          "extern": "1", 
          "throws": true
        }
      ], 
      "cls": "class"
    }, 
    {
      "name": "BRepCheck_Result", 
      "abstract": true, 
      "constructors": [], 
      "artificial": "1", 
      "bases": [
        {
          "access": "public", 
          "name": "MMgt_TShared"
        }
      ], 
      "location": [
        "/usr/local/include/oce/BRepCheck_Result.hxx", 
        40
      ], 
      "members": [
        {
          "returnType": "void", 
          "arguments": [
            {
              "decl": "const TopoDS_Shape &", 
              "type": "TopoDS_Shape", 
              "name": "S"
            }
          ], 
          "name": "Init", 
          "parent": "BRepCheck_Result", 
          "cls": "memfun", 
          "extern": "1", 
          "throws": true
        }, 
        {
          "returnType": "void", 
          "arguments": [
            {
              "decl": "const TopoDS_Shape &", 
              "type": "TopoDS_Shape", 
              "name": "ContextShape"
            }
          ], 
          "name": "InContext", 
          "parent": "BRepCheck_Result", 
          "cls": "memfun", 
          "extern": "1", 
          "throws": true, 
          "virtuality": "pure virtual"
        }, 
        {
          "returnType": "void", 
          "arguments": [], 
          "name": "Minimum", 
          "parent": "BRepCheck_Result", 
          "cls": "memfun", 
          "extern": "1", 
          "throws": true, 
          "virtuality": "pure virtual"
        }, 
        {
          "returnType": "void", 
          "arguments": [], 
          "name": "Blind", 
          "parent": "BRepCheck_Result", 
          "cls": "memfun", 
          "extern": "1", 
          "throws": true, 
          "virtuality": "pure virtual"
        }, 
        {
          "returnType": "void", 
          "arguments": [
            {
              "decl": "const TopoDS_Shape &", 
              "type": "TopoDS_Shape", 
              "name": "S"
            }
          ], 
          "name": "SetFailStatus", 
          "parent": "BRepCheck_Result", 
          "cls": "memfun", 
          "extern": "1", 
          "throws": true
        }, 
        {
          "returnType": "BRepCheck_ListOfStatus const &", 
          "arguments": [], 
          "name": "Status", 
          "parent": "BRepCheck_Result", 
          "cls": "memfun", 
          "const": "1", 
          "throws": true
        }, 
        {
          "returnType": "Standard_Boolean", 
          "arguments": [], 
          "name": "IsMinimum", 
          "parent": "BRepCheck_Result", 
          "cls": "memfun", 
          "const": "1", 
          "throws": true
        }, 
        {
          "returnType": "Standard_Boolean", 
          "arguments": [], 
          "name": "IsBlind", 
          "parent": "BRepCheck_Result", 
          "cls": "memfun", 
          "const": "1", 
          "throws": true
        }, 
        {
          "returnType": "BRepCheck_ListOfStatus const &", 
          "arguments": [
            {
              "decl": "const TopoDS_Shape &", 
              "type": "TopoDS_Shape", 
              "name": "S"
            }
          ], 
          "name": "StatusOnShape", 
          "parent": "BRepCheck_Result", 
          "cls": "memfun", 
          "extern": "1", 
          "throws": true
        }, 
        {
          "returnType": "void", 
          "arguments": [], 
          "name": "InitContextIterator", 
          "parent": "BRepCheck_Result", 
          "cls": "memfun", 
          "extern": "1", 
          "throws": true
        }, 
        {
          "returnType": "Standard_Boolean", 
          "arguments": [], 
          "name": "MoreShapeInContext", 
          "parent": "BRepCheck_Result", 
          "cls": "memfun", 
          "const": "1", 
          "throws": true
        }, 
        {
          "returnType": "TopoDS_Shape const &", 
          "arguments": [], 
          "name": "ContextualShape", 
          "parent": "BRepCheck_Result", 
          "cls": "memfun", 
          "const": "1", 
          "throws": true
        }, 
        {
          "returnType": "BRepCheck_ListOfStatus const &", 
          "arguments": [], 
          "name": "StatusOnShape", 
          "parent": "BRepCheck_Result", 
          "cls": "memfun", 
          "const": "1", 
          "throws": true
        }, 
        {
          "returnType": "void", 
          "arguments": [], 
          "name": "NextShapeInContext", 
          "parent": "BRepCheck_Result", 
          "cls": "memfun", 
          "extern": "1", 
          "throws": true
        }, 
        {
          "returnType": "Handle_Standard_Type const &", 
          "arguments": [], 
          "name": "DynamicType", 
          "parent": "BRepCheck_Result", 
          "cls": "memfun", 
          "extern": "1", 
          "const": "1", 
          "throws": true, 
          "virtuality": "virtual"
        }
      ], 
      "cls": "class"
    }, 
    {
      "name": "BRepCheck_Shell", 
      "abstract": false, 
      "constructors": [
        {
          "returnType": "", 
          "arguments": [
            {
              "decl": "const TopoDS_Shell &", 
              "type": "TopoDS_Shell", 
              "name": "S"
            }
          ], 
          "name": "BRepCheck_Shell", 
          "parent": "BRepCheck_Shell", 
          "cls": "constructor", 
          "extern": "1", 
          "throws": true
        }
      ], 
      "artificial": "1", 
      "bases": [
        {
          "access": "public", 
          "name": "BRepCheck_Result"
        }
      ], 
      "location": [
        "/usr/local/include/oce/BRepCheck_Shell.hxx", 
        40
      ], 
      "members": [
        {
          "returnType": "void", 
          "arguments": [
            {
              "decl": "const TopoDS_Shape &", 
              "type": "TopoDS_Shape", 
              "name": "ContextShape"
            }
          ], 
          "name": "InContext", 
          "parent": "BRepCheck_Shell", 
          "cls": "memfun", 
          "extern": "1", 
          "throws": true, 
          "virtuality": "virtual"
        }, 
        {
          "returnType": "void", 
          "arguments": [], 
          "name": "Minimum", 
          "parent": "BRepCheck_Shell", 
          "cls": "memfun", 
          "extern": "1", 
          "throws": true, 
          "virtuality": "virtual"
        }, 
        {
          "returnType": "void", 
          "arguments": [], 
          "name": "Blind", 
          "parent": "BRepCheck_Shell", 
          "cls": "memfun", 
          "extern": "1", 
          "throws": true, 
          "virtuality": "virtual"
        }, 
        {
          "returnType": "BRepCheck_Status", 
          "arguments": [
            {
              "decl": "const Standard_Boolean", 
              "type": "Standard_Boolean", 
              "name": "Update", 
              "default": "false"
            }
          ], 
          "name": "Closed", 
          "parent": "BRepCheck_Shell", 
          "cls": "memfun", 
          "extern": "1", 
          "throws": true
        }, 
        {
          "returnType": "BRepCheck_Status", 
          "arguments": [
            {
              "decl": "const Standard_Boolean", 
              "type": "Standard_Boolean", 
              "name": "Update", 
              "default": "false"
            }
          ], 
          "name": "Orientation", 
          "parent": "BRepCheck_Shell", 
          "cls": "memfun", 
          "extern": "1", 
          "throws": true
        }, 
        {
          "returnType": "void", 
          "arguments": [], 
          "name": "SetUnorientable", 
          "parent": "BRepCheck_Shell", 
          "cls": "memfun", 
          "extern": "1", 
          "throws": true
        }, 
        {
          "returnType": "Standard_Boolean", 
          "arguments": [], 
          "name": "IsUnorientable", 
          "parent": "BRepCheck_Shell", 
          "cls": "memfun", 
          "extern": "1", 
          "const": "1", 
          "throws": true
        }, 
        {
          "returnType": "Standard_Integer", 
          "arguments": [
            {
              "decl": "TopTools_ListOfShape &", 
              "type": "TopTools_ListOfShape", 
              "name": "theSets"
            }
          ], 
          "name": "NbConnectedSet", 
          "parent": "BRepCheck_Shell", 
          "cls": "memfun", 
          "extern": "1", 
          "throws": true
        }, 
        {
          "returnType": "Handle_Standard_Type const &", 
          "arguments": [], 
          "name": "DynamicType", 
          "parent": "BRepCheck_Shell", 
          "cls": "memfun", 
          "extern": "1", 
          "const": "1", 
          "throws": true, 
          "virtuality": "virtual"
        }
      ], 
      "cls": "class"
    }, 
    {
      "name": "BRepCheck_DataMapOfShapeListOfStatus", 
      "abstract": false, 
      "constructors": [
        {
          "returnType": "", 
          "arguments": [
            {
              "decl": "const Standard_Integer", 
              "type": "Standard_Integer", 
              "name": "NbBuckets", 
              "default": "1"
            }
          ], 
          "name": "BRepCheck_DataMapOfShapeListOfStatus", 
          "parent": "BRepCheck_DataMapOfShapeListOfStatus", 
          "cls": "constructor", 
          "extern": "1", 
          "throws": true
        }
      ], 
      "artificial": "1", 
      "bases": [
        {
          "access": "public", 
          "name": "TCollection_BasicMap"
        }
      ], 
      "location": [
        "/usr/local/include/oce/BRepCheck_DataMapOfShapeListOfStatus.hxx", 
        44
      ], 
      "members": [
        {
          "returnType": "BRepCheck_DataMapOfShapeListOfStatus &", 
          "arguments": [
            {
              "decl": "const BRepCheck_DataMapOfShapeListOfStatus &", 
              "type": "BRepCheck_DataMapOfShapeListOfStatus", 
              "name": "Other"
            }
          ], 
          "name": "Assign", 
          "parent": "BRepCheck_DataMapOfShapeListOfStatus", 
          "cls": "memfun", 
          "extern": "1", 
          "throws": true
        }, 
        {
          "returnType": "void", 
          "arguments": [
            {
              "decl": "const Standard_Integer", 
              "type": "Standard_Integer", 
              "name": "NbBuckets"
            }
          ], 
          "name": "ReSize", 
          "parent": "BRepCheck_DataMapOfShapeListOfStatus", 
          "cls": "memfun", 
          "extern": "1", 
          "throws": true
        }, 
        {
          "returnType": "void", 
          "arguments": [], 
          "name": "Clear", 
          "parent": "BRepCheck_DataMapOfShapeListOfStatus", 
          "cls": "memfun", 
          "extern": "1", 
          "throws": true
        }, 
        {
          "returnType": "Standard_Boolean", 
          "arguments": [
            {
              "decl": "const TopoDS_Shape &", 
              "type": "TopoDS_Shape", 
              "name": "K"
            }, 
            {
              "decl": "const BRepCheck_ListOfStatus &", 
              "type": "BRepCheck_ListOfStatus", 
              "name": "I"
            }
          ], 
          "name": "Bind", 
          "parent": "BRepCheck_DataMapOfShapeListOfStatus", 
          "cls": "memfun", 
          "extern": "1", 
          "throws": true
        }, 
        {
          "returnType": "Standard_Boolean", 
          "arguments": [
            {
              "decl": "const TopoDS_Shape &", 
              "type": "TopoDS_Shape", 
              "name": "K"
            }
          ], 
          "name": "IsBound", 
          "parent": "BRepCheck_DataMapOfShapeListOfStatus", 
          "cls": "memfun", 
          "extern": "1", 
          "const": "1", 
          "throws": true
        }, 
        {
          "returnType": "Standard_Boolean", 
          "arguments": [
            {
              "decl": "const TopoDS_Shape &", 
              "type": "TopoDS_Shape", 
              "name": "K"
            }
          ], 
          "name": "UnBind", 
          "parent": "BRepCheck_DataMapOfShapeListOfStatus", 
          "cls": "memfun", 
          "extern": "1", 
          "throws": true
        }, 
        {
          "returnType": "BRepCheck_ListOfStatus const &", 
          "arguments": [
            {
              "decl": "const TopoDS_Shape &", 
              "type": "TopoDS_Shape", 
              "name": "K"
            }
          ], 
          "name": "Find", 
          "parent": "BRepCheck_DataMapOfShapeListOfStatus", 
          "cls": "memfun", 
          "extern": "1", 
          "const": "1", 
          "throws": true
        }, 
        {
          "returnType": "BRepCheck_ListOfStatus &", 
          "arguments": [
            {
              "decl": "const TopoDS_Shape &", 
              "type": "TopoDS_Shape", 
              "name": "K"
            }
          ], 
          "name": "ChangeFind", 
          "parent": "BRepCheck_DataMapOfShapeListOfStatus", 
          "cls": "memfun", 
          "extern": "1", 
          "throws": true
        }, 
        {
          "returnType": "Standard_Address", 
          "arguments": [
            {
              "decl": "const TopoDS_Shape &", 
              "type": "TopoDS_Shape", 
              "name": "K"
            }
          ], 
          "name": "Find1", 
          "parent": "BRepCheck_DataMapOfShapeListOfStatus", 
          "cls": "memfun", 
          "extern": "1", 
          "const": "1", 
          "throws": true
        }, 
        {
          "returnType": "Standard_Address", 
          "arguments": [
            {
              "decl": "const TopoDS_Shape &", 
              "type": "TopoDS_Shape", 
              "name": "K"
            }
          ], 
          "name": "ChangeFind1", 
          "parent": "BRepCheck_DataMapOfShapeListOfStatus", 
          "cls": "memfun", 
          "extern": "1", 
          "throws": true
        }
      ], 
      "cls": "class"
    }, 
    {
      "name": "Handle_BRepCheck_Shell", 
      "abstract": false, 
      "constructors": [
        {
          "returnType": "", 
          "arguments": [], 
          "name": "Handle_BRepCheck_Shell", 
          "parent": "Handle_BRepCheck_Shell", 
          "cls": "constructor", 
          "throws": true
        }, 
        {
          "returnType": "", 
          "arguments": [
            {
              "decl": "const Handle_BRepCheck_Shell &", 
              "type": "Handle_BRepCheck_Shell", 
              "name": "aHandle"
            }
          ], 
          "name": "Handle_BRepCheck_Shell", 
          "parent": "Handle_BRepCheck_Shell", 
          "cls": "constructor", 
          "throws": true, 
          "copyConstructor": true
        }, 
        {
          "returnType": "", 
          "arguments": [
            {
              "decl": "const BRepCheck_Shell *", 
              "type": "BRepCheck_Shell", 
              "name": "anItem"
            }
          ], 
          "name": "Handle_BRepCheck_Shell", 
          "parent": "Handle_BRepCheck_Shell", 
          "cls": "constructor", 
          "throws": true
        }
      ], 
      "artificial": "1", 
      "bases": [
        {
          "access": "public", 
          "name": "Handle_BRepCheck_Result"
        }
      ], 
      "location": [
        "/usr/local/include/oce/Handle_BRepCheck_Shell.hxx", 
        25
      ], 
      "members": [
        {
          "returnType": "Handle_BRepCheck_Shell", 
          "arguments": [
            {
              "decl": "const Handle_Standard_Transient &", 
              "type": "Handle_Standard_Transient", 
              "name": "AnObject"
            }
          ], 
          "name": "DownCast", 
          "parent": "Handle_BRepCheck_Shell", 
          "cls": "memfun", 
          "static": "1", 
          "extern": "1", 
          "throws": true
        }
      ], 
      "cls": "class"
    }, 
    {
      "name": "BRepCheck_Face", 
      "abstract": false, 
      "constructors": [
        {
          "returnType": "", 
          "arguments": [
            {
              "decl": "const TopoDS_Face &", 
              "type": "TopoDS_Face", 
              "name": "F"
            }
          ], 
          "name": "BRepCheck_Face", 
          "parent": "BRepCheck_Face", 
          "cls": "constructor", 
          "extern": "1", 
          "throws": true
        }
      ], 
      "artificial": "1", 
      "bases": [
        {
          "access": "public", 
          "name": "BRepCheck_Result"
        }
      ], 
      "location": [
        "/usr/local/include/oce/BRepCheck_Face.hxx", 
        36
      ], 
      "members": [
        {
          "returnType": "void", 
          "arguments": [
            {
              "decl": "const TopoDS_Shape &", 
              "type": "TopoDS_Shape", 
              "name": "ContextShape"
            }
          ], 
          "name": "InContext", 
          "parent": "BRepCheck_Face", 
          "cls": "memfun", 
          "extern": "1", 
          "throws": true, 
          "virtuality": "virtual"
        }, 
        {
          "returnType": "void", 
          "arguments": [], 
          "name": "Minimum", 
          "parent": "BRepCheck_Face", 
          "cls": "memfun", 
          "extern": "1", 
          "throws": true, 
          "virtuality": "virtual"
        }, 
        {
          "returnType": "void", 
          "arguments": [], 
          "name": "Blind", 
          "parent": "BRepCheck_Face", 
          "cls": "memfun", 
          "extern": "1", 
          "throws": true, 
          "virtuality": "virtual"
        }, 
        {
          "returnType": "BRepCheck_Status", 
          "arguments": [
            {
              "decl": "const Standard_Boolean", 
              "type": "Standard_Boolean", 
              "name": "Update", 
              "default": "false"
            }
          ], 
          "name": "IntersectWires", 
          "parent": "BRepCheck_Face", 
          "cls": "memfun", 
          "extern": "1", 
          "throws": true
        }, 
        {
          "returnType": "BRepCheck_Status", 
          "arguments": [
            {
              "decl": "const Standard_Boolean", 
              "type": "Standard_Boolean", 
              "name": "Update", 
              "default": "false"
            }
          ], 
          "name": "ClassifyWires", 
          "parent": "BRepCheck_Face", 
          "cls": "memfun", 
          "extern": "1", 
          "throws": true
        }, 
        {
          "returnType": "BRepCheck_Status", 
          "arguments": [
            {
              "decl": "const Standard_Boolean", 
              "type": "Standard_Boolean", 
              "name": "Update", 
              "default": "false"
            }
          ], 
          "name": "OrientationOfWires", 
          "parent": "BRepCheck_Face", 
          "cls": "memfun", 
          "extern": "1", 
          "throws": true
        }, 
        {
          "returnType": "void", 
          "arguments": [], 
          "name": "SetUnorientable", 
          "parent": "BRepCheck_Face", 
          "cls": "memfun", 
          "extern": "1", 
          "throws": true
        }, 
        {
          "returnType": "Standard_Boolean", 
          "arguments": [], 
          "name": "IsUnorientable", 
          "parent": "BRepCheck_Face", 
          "cls": "memfun", 
          "extern": "1", 
          "const": "1", 
          "throws": true
        }, 
        {
          "returnType": "Standard_Boolean", 
          "arguments": [], 
          "name": "GeometricControls", 
          "parent": "BRepCheck_Face", 
          "cls": "memfun", 
          "extern": "1", 
          "const": "1", 
          "throws": true
        }, 
        {
          "returnType": "void", 
          "arguments": [
            {
              "decl": "const Standard_Boolean", 
              "type": "Standard_Boolean", 
              "name": "B"
            }
          ], 
          "name": "GeometricControls", 
          "parent": "BRepCheck_Face", 
          "cls": "memfun", 
          "extern": "1", 
          "throws": true
        }, 
        {
          "returnType": "Handle_Standard_Type const &", 
          "arguments": [], 
          "name": "DynamicType", 
          "parent": "BRepCheck_Face", 
          "cls": "memfun", 
          "extern": "1", 
          "const": "1", 
          "throws": true, 
          "virtuality": "virtual"
        }
      ], 
      "cls": "class"
    }, 
    {
      "name": "BRepCheck_DataMapOfShapeResult", 
      "abstract": false, 
      "constructors": [
        {
          "returnType": "", 
          "arguments": [
            {
              "decl": "const Standard_Integer", 
              "type": "Standard_Integer", 
              "name": "NbBuckets", 
              "default": "1"
            }
          ], 
          "name": "BRepCheck_DataMapOfShapeResult", 
          "parent": "BRepCheck_DataMapOfShapeResult", 
          "cls": "constructor", 
          "extern": "1", 
          "throws": true
        }
      ], 
      "artificial": "1", 
      "bases": [
        {
          "access": "public", 
          "name": "TCollection_BasicMap"
        }
      ], 
      "location": [
        "/usr/local/include/oce/BRepCheck_DataMapOfShapeResult.hxx", 
        47
      ], 
      "members": [
        {
          "returnType": "BRepCheck_DataMapOfShapeResult &", 
          "arguments": [
            {
              "decl": "const BRepCheck_DataMapOfShapeResult &", 
              "type": "BRepCheck_DataMapOfShapeResult", 
              "name": "Other"
            }
          ], 
          "name": "Assign", 
          "parent": "BRepCheck_DataMapOfShapeResult", 
          "cls": "memfun", 
          "extern": "1", 
          "throws": true
        }, 
        {
          "returnType": "void", 
          "arguments": [
            {
              "decl": "const Standard_Integer", 
              "type": "Standard_Integer", 
              "name": "NbBuckets"
            }
          ], 
          "name": "ReSize", 
          "parent": "BRepCheck_DataMapOfShapeResult", 
          "cls": "memfun", 
          "extern": "1", 
          "throws": true
        }, 
        {
          "returnType": "void", 
          "arguments": [], 
          "name": "Clear", 
          "parent": "BRepCheck_DataMapOfShapeResult", 
          "cls": "memfun", 
          "extern": "1", 
          "throws": true
        }, 
        {
          "returnType": "Standard_Boolean", 
          "arguments": [
            {
              "decl": "const TopoDS_Shape &", 
              "type": "TopoDS_Shape", 
              "name": "K"
            }, 
            {
              "decl": "const Handle_BRepCheck_Result &", 
              "type": "Handle_BRepCheck_Result", 
              "name": "I"
            }
          ], 
          "name": "Bind", 
          "parent": "BRepCheck_DataMapOfShapeResult", 
          "cls": "memfun", 
          "extern": "1", 
          "throws": true
        }, 
        {
          "returnType": "Standard_Boolean", 
          "arguments": [
            {
              "decl": "const TopoDS_Shape &", 
              "type": "TopoDS_Shape", 
              "name": "K"
            }
          ], 
          "name": "IsBound", 
          "parent": "BRepCheck_DataMapOfShapeResult", 
          "cls": "memfun", 
          "extern": "1", 
          "const": "1", 
          "throws": true
        }, 
        {
          "returnType": "Standard_Boolean", 
          "arguments": [
            {
              "decl": "const TopoDS_Shape &", 
              "type": "TopoDS_Shape", 
              "name": "K"
            }
          ], 
          "name": "UnBind", 
          "parent": "BRepCheck_DataMapOfShapeResult", 
          "cls": "memfun", 
          "extern": "1", 
          "throws": true
        }, 
        {
          "returnType": "Handle_BRepCheck_Result const &", 
          "arguments": [
            {
              "decl": "const TopoDS_Shape &", 
              "type": "TopoDS_Shape", 
              "name": "K"
            }
          ], 
          "name": "Find", 
          "parent": "BRepCheck_DataMapOfShapeResult", 
          "cls": "memfun", 
          "extern": "1", 
          "const": "1", 
          "throws": true
        }, 
        {
          "returnType": "Handle_BRepCheck_Result &", 
          "arguments": [
            {
              "decl": "const TopoDS_Shape &", 
              "type": "TopoDS_Shape", 
              "name": "K"
            }
          ], 
          "name": "ChangeFind", 
          "parent": "BRepCheck_DataMapOfShapeResult", 
          "cls": "memfun", 
          "extern": "1", 
          "throws": true
        }, 
        {
          "returnType": "Standard_Address", 
          "arguments": [
            {
              "decl": "const TopoDS_Shape &", 
              "type": "TopoDS_Shape", 
              "name": "K"
            }
          ], 
          "name": "Find1", 
          "parent": "BRepCheck_DataMapOfShapeResult", 
          "cls": "memfun", 
          "extern": "1", 
          "const": "1", 
          "throws": true
        }, 
        {
          "returnType": "Standard_Address", 
          "arguments": [
            {
              "decl": "const TopoDS_Shape &", 
              "type": "TopoDS_Shape", 
              "name": "K"
            }
          ], 
          "name": "ChangeFind1", 
          "parent": "BRepCheck_DataMapOfShapeResult", 
          "cls": "memfun", 
          "extern": "1", 
          "throws": true
        }
      ], 
      "cls": "class"
    }, 
    {
      "name": "BRepCheck_DataMapNodeOfDataMapOfShapeResult", 
      "abstract": false, 
      "constructors": [
        {
          "returnType": "", 
          "arguments": [
            {
              "decl": "const BRepCheck_DataMapNodeOfDataMapOfShapeResult &", 
              "type": "BRepCheck_DataMapNodeOfDataMapOfShapeResult", 
              "name": "arg0"
            }
          ], 
          "name": "BRepCheck_DataMapNodeOfDataMapOfShapeResult", 
          "parent": "BRepCheck_DataMapNodeOfDataMapOfShapeResult", 
          "cls": "constructor", 
          "artificial": "1", 
          "throws": true, 
          "copyConstructor": true
        }, 
        {
          "returnType": "", 
          "arguments": [
            {
              "decl": "const TopoDS_Shape &", 
              "type": "TopoDS_Shape", 
              "name": "K"
            }, 
            {
              "decl": "const Handle_BRepCheck_Result &", 
              "type": "Handle_BRepCheck_Result", 
              "name": "I"
            }, 
            {
              "decl": "const TCollection_MapNodePtr &", 
              "type": "TCollection_MapNodePtr", 
              "name": "n"
            }
          ], 
          "name": "BRepCheck_DataMapNodeOfDataMapOfShapeResult", 
          "parent": "BRepCheck_DataMapNodeOfDataMapOfShapeResult", 
          "cls": "constructor", 
          "throws": true
        }
      ], 
      "artificial": "1", 
      "bases": [
        {
          "access": "public", 
          "name": "TCollection_MapNode"
        }
      ], 
      "location": [
        "/usr/local/include/oce/BRepCheck_DataMapNodeOfDataMapOfShapeResult.hxx", 
        39
      ], 
      "members": [
        {
          "returnType": "TopoDS_Shape &", 
          "arguments": [], 
          "name": "Key", 
          "parent": "BRepCheck_DataMapNodeOfDataMapOfShapeResult", 
          "cls": "memfun", 
          "const": "1", 
          "throws": true
        }, 
        {
          "returnType": "Handle_BRepCheck_Result &", 
          "arguments": [], 
          "name": "Value", 
          "parent": "BRepCheck_DataMapNodeOfDataMapOfShapeResult", 
          "cls": "memfun", 
          "const": "1", 
          "throws": true
        }, 
        {
          "returnType": "Handle_Standard_Type const &", 
          "arguments": [], 
          "name": "DynamicType", 
          "parent": "BRepCheck_DataMapNodeOfDataMapOfShapeResult", 
          "cls": "memfun", 
          "extern": "1", 
          "const": "1", 
          "throws": true, 
          "virtuality": "virtual"
        }
      ], 
      "cls": "class"
    }, 
    {
      "name": "Handle_BRepCheck_DataMapNodeOfDataMapOfShapeListOfStatus", 
      "abstract": false, 
      "constructors": [
        {
          "returnType": "", 
          "arguments": [], 
          "name": "Handle_BRepCheck_DataMapNodeOfDataMapOfShapeListOfStatus", 
          "parent": "Handle_BRepCheck_DataMapNodeOfDataMapOfShapeListOfStatus", 
          "cls": "constructor", 
          "throws": true
        }, 
        {
          "returnType": "", 
          "arguments": [
            {
              "decl": "const Handle_BRepCheck_DataMapNodeOfDataMapOfShapeListOfStatus &", 
              "type": "Handle_BRepCheck_DataMapNodeOfDataMapOfShapeListOfStatus", 
              "name": "aHandle"
            }
          ], 
          "name": "Handle_BRepCheck_DataMapNodeOfDataMapOfShapeListOfStatus", 
          "parent": "Handle_BRepCheck_DataMapNodeOfDataMapOfShapeListOfStatus", 
          "cls": "constructor", 
          "throws": true, 
          "copyConstructor": true
        }, 
        {
          "returnType": "", 
          "arguments": [
            {
              "decl": "const BRepCheck_DataMapNodeOfDataMapOfShapeListOfStatus *", 
              "type": "BRepCheck_DataMapNodeOfDataMapOfShapeListOfStatus", 
              "name": "anItem"
            }
          ], 
          "name": "Handle_BRepCheck_DataMapNodeOfDataMapOfShapeListOfStatus", 
          "parent": "Handle_BRepCheck_DataMapNodeOfDataMapOfShapeListOfStatus", 
          "cls": "constructor", 
          "throws": true
        }
      ], 
      "artificial": "1", 
      "bases": [
        {
          "access": "public", 
          "name": "Handle_TCollection_MapNode"
        }
      ], 
      "location": [
        "/usr/local/include/oce/Handle_BRepCheck_DataMapNodeOfDataMapOfShapeListOfStatus.hxx", 
        25
      ], 
      "members": [
        {
          "returnType": "Handle_BRepCheck_DataMapNodeOfDataMapOfShapeListOfStatus", 
          "arguments": [
            {
              "decl": "const Handle_Standard_Transient &", 
              "type": "Handle_Standard_Transient", 
              "name": "AnObject"
            }
          ], 
          "name": "DownCast", 
          "parent": "Handle_BRepCheck_DataMapNodeOfDataMapOfShapeListOfStatus", 
          "cls": "memfun", 
          "static": "1", 
          "extern": "1", 
          "throws": true
        }
      ], 
      "cls": "class"
    }, 
    {
      "name": "Handle_BRepCheck_Edge", 
      "abstract": false, 
      "constructors": [
        {
          "returnType": "", 
          "arguments": [], 
          "name": "Handle_BRepCheck_Edge", 
          "parent": "Handle_BRepCheck_Edge", 
          "cls": "constructor", 
          "throws": true
        }, 
        {
          "returnType": "", 
          "arguments": [
            {
              "decl": "const Handle_BRepCheck_Edge &", 
              "type": "Handle_BRepCheck_Edge", 
              "name": "aHandle"
            }
          ], 
          "name": "Handle_BRepCheck_Edge", 
          "parent": "Handle_BRepCheck_Edge", 
          "cls": "constructor", 
          "throws": true, 
          "copyConstructor": true
        }, 
        {
          "returnType": "", 
          "arguments": [
            {
              "decl": "const BRepCheck_Edge *", 
              "type": "BRepCheck_Edge", 
              "name": "anItem"
            }
          ], 
          "name": "Handle_BRepCheck_Edge", 
          "parent": "Handle_BRepCheck_Edge", 
          "cls": "constructor", 
          "throws": true
        }
      ], 
      "artificial": "1", 
      "bases": [
        {
          "access": "public", 
          "name": "Handle_BRepCheck_Result"
        }
      ], 
      "location": [
        "/usr/local/include/oce/Handle_BRepCheck_Edge.hxx", 
        25
      ], 
      "members": [
        {
          "returnType": "Handle_BRepCheck_Edge", 
          "arguments": [
            {
              "decl": "const Handle_Standard_Transient &", 
              "type": "Handle_Standard_Transient", 
              "name": "AnObject"
            }
          ], 
          "name": "DownCast", 
          "parent": "Handle_BRepCheck_Edge", 
          "cls": "memfun", 
          "static": "1", 
          "extern": "1", 
          "throws": true
        }
      ], 
      "cls": "class"
    }, 
    {
      "name": "Handle_BRepCheck_Result", 
      "abstract": false, 
      "constructors": [
        {
          "returnType": "", 
          "arguments": [], 
          "name": "Handle_BRepCheck_Result", 
          "parent": "Handle_BRepCheck_Result", 
          "cls": "constructor", 
          "throws": true
        }, 
        {
          "returnType": "", 
          "arguments": [
            {
              "decl": "const Handle_BRepCheck_Result &", 
              "type": "Handle_BRepCheck_Result", 
              "name": "aHandle"
            }
          ], 
          "name": "Handle_BRepCheck_Result", 
          "parent": "Handle_BRepCheck_Result", 
          "cls": "constructor", 
          "throws": true, 
          "copyConstructor": true
        }, 
        {
          "returnType": "", 
          "arguments": [
            {
              "decl": "const BRepCheck_Result *", 
              "type": "BRepCheck_Result", 
              "name": "anItem"
            }
          ], 
          "name": "Handle_BRepCheck_Result", 
          "parent": "Handle_BRepCheck_Result", 
          "cls": "constructor", 
          "throws": true
        }
      ], 
      "artificial": "1", 
      "bases": [
        {
          "access": "public", 
          "name": "Handle_MMgt_TShared"
        }
      ], 
      "location": [
        "/usr/local/include/oce/Handle_BRepCheck_Result.hxx", 
        25
      ], 
      "members": [
        {
          "returnType": "Handle_BRepCheck_Result", 
          "arguments": [
            {
              "decl": "const Handle_Standard_Transient &", 
              "type": "Handle_Standard_Transient", 
              "name": "AnObject"
            }
          ], 
          "name": "DownCast", 
          "parent": "Handle_BRepCheck_Result", 
          "cls": "memfun", 
          "static": "1", 
          "extern": "1", 
          "throws": true
        }
      ], 
      "cls": "class"
    }, 
    {
      "name": "BRepCheck_Wire", 
      "abstract": false, 
      "constructors": [
        {
          "returnType": "", 
          "arguments": [
            {
              "decl": "const TopoDS_Wire &", 
              "type": "TopoDS_Wire", 
              "name": "W"
            }
          ], 
          "name": "BRepCheck_Wire", 
          "parent": "BRepCheck_Wire", 
          "cls": "constructor", 
          "extern": "1", 
          "throws": true
        }
      ], 
      "artificial": "1", 
      "bases": [
        {
          "access": "public", 
          "name": "BRepCheck_Result"
        }
      ], 
      "location": [
        "/usr/local/include/oce/BRepCheck_Wire.hxx", 
        38
      ], 
      "members": [
        {
          "returnType": "void", 
          "arguments": [
            {
              "decl": "const TopoDS_Shape &", 
              "type": "TopoDS_Shape", 
              "name": "ContextShape"
            }
          ], 
          "name": "InContext", 
          "parent": "BRepCheck_Wire", 
          "cls": "memfun", 
          "extern": "1", 
          "throws": true, 
          "virtuality": "virtual"
        }, 
        {
          "returnType": "void", 
          "arguments": [], 
          "name": "Minimum", 
          "parent": "BRepCheck_Wire", 
          "cls": "memfun", 
          "extern": "1", 
          "throws": true, 
          "virtuality": "virtual"
        }, 
        {
          "returnType": "void", 
          "arguments": [], 
          "name": "Blind", 
          "parent": "BRepCheck_Wire", 
          "cls": "memfun", 
          "extern": "1", 
          "throws": true, 
          "virtuality": "virtual"
        }, 
        {
          "returnType": "BRepCheck_Status", 
          "arguments": [
            {
              "decl": "const Standard_Boolean", 
              "type": "Standard_Boolean", 
              "name": "Update", 
              "default": "false"
            }
          ], 
          "name": "Closed", 
          "parent": "BRepCheck_Wire", 
          "cls": "memfun", 
          "extern": "1", 
          "throws": true
        }, 
        {
          "returnType": "BRepCheck_Status", 
          "arguments": [
            {
              "decl": "const TopoDS_Face &", 
              "type": "TopoDS_Face", 
              "name": "F"
            }, 
            {
              "decl": "const Standard_Boolean", 
              "type": "Standard_Boolean", 
              "name": "Update", 
              "default": "false"
            }
          ], 
          "name": "Closed2d", 
          "parent": "BRepCheck_Wire", 
          "cls": "memfun", 
          "extern": "1", 
          "throws": true
        }, 
        {
          "returnType": "BRepCheck_Status", 
          "arguments": [
            {
              "decl": "const TopoDS_Face &", 
              "type": "TopoDS_Face", 
              "name": "F"
            }, 
            {
              "decl": "const Standard_Boolean", 
              "type": "Standard_Boolean", 
              "name": "Update", 
              "default": "false"
            }
          ], 
          "name": "Orientation", 
          "parent": "BRepCheck_Wire", 
          "cls": "memfun", 
          "extern": "1", 
          "throws": true
        }, 
        {
          "returnType": "BRepCheck_Status", 
          "arguments": [
            {
              "decl": "const TopoDS_Face &", 
              "type": "TopoDS_Face", 
              "name": "F"
            }, 
            {
              "decl": "TopoDS_Edge &", 
              "type": "TopoDS_Edge", 
              "name": "E1"
            }, 
            {
              "decl": "TopoDS_Edge &", 
              "type": "TopoDS_Edge", 
              "name": "E2"
            }, 
            {
              "decl": "const Standard_Boolean", 
              "type": "Standard_Boolean", 
              "name": "Update", 
              "default": "false"
            }
          ], 
          "name": "SelfIntersect", 
          "parent": "BRepCheck_Wire", 
          "cls": "memfun", 
          "extern": "1", 
          "throws": true
        }, 
        {
          "returnType": "Standard_Boolean", 
          "arguments": [], 
          "name": "GeometricControls", 
          "parent": "BRepCheck_Wire", 
          "cls": "memfun", 
          "extern": "1", 
          "const": "1", 
          "throws": true
        }, 
        {
          "returnType": "void", 
          "arguments": [
            {
              "decl": "const Standard_Boolean", 
              "type": "Standard_Boolean", 
              "name": "B"
            }
          ], 
          "name": "GeometricControls", 
          "parent": "BRepCheck_Wire", 
          "cls": "memfun", 
          "extern": "1", 
          "throws": true
        }, 
        {
          "returnType": "Handle_Standard_Type const &", 
          "arguments": [], 
          "name": "DynamicType", 
          "parent": "BRepCheck_Wire", 
          "cls": "memfun", 
          "extern": "1", 
          "const": "1", 
          "throws": true, 
          "virtuality": "virtual"
        }
      ], 
      "cls": "class"
    }, 
    {
      "name": "Handle_BRepCheck_Wire", 
      "abstract": false, 
      "constructors": [
        {
          "returnType": "", 
          "arguments": [], 
          "name": "Handle_BRepCheck_Wire", 
          "parent": "Handle_BRepCheck_Wire", 
          "cls": "constructor", 
          "throws": true
        }, 
        {
          "returnType": "", 
          "arguments": [
            {
              "decl": "const Handle_BRepCheck_Wire &", 
              "type": "Handle_BRepCheck_Wire", 
              "name": "aHandle"
            }
          ], 
          "name": "Handle_BRepCheck_Wire", 
          "parent": "Handle_BRepCheck_Wire", 
          "cls": "constructor", 
          "throws": true, 
          "copyConstructor": true
        }, 
        {
          "returnType": "", 
          "arguments": [
            {
              "decl": "const BRepCheck_Wire *", 
              "type": "BRepCheck_Wire", 
              "name": "anItem"
            }
          ], 
          "name": "Handle_BRepCheck_Wire", 
          "parent": "Handle_BRepCheck_Wire", 
          "cls": "constructor", 
          "throws": true
        }
      ], 
      "artificial": "1", 
      "bases": [
        {
          "access": "public", 
          "name": "Handle_BRepCheck_Result"
        }
      ], 
      "location": [
        "/usr/local/include/oce/Handle_BRepCheck_Wire.hxx", 
        25
      ], 
      "members": [
        {
          "returnType": "Handle_BRepCheck_Wire", 
          "arguments": [
            {
              "decl": "const Handle_Standard_Transient &", 
              "type": "Handle_Standard_Transient", 
              "name": "AnObject"
            }
          ], 
          "name": "DownCast", 
          "parent": "Handle_BRepCheck_Wire", 
          "cls": "memfun", 
          "static": "1", 
          "extern": "1", 
          "throws": true
        }
      ], 
      "cls": "class"
    }, 
    {
      "name": "Handle_BRepCheck_ListNodeOfListOfStatus", 
      "abstract": false, 
      "constructors": [
        {
          "returnType": "", 
          "arguments": [], 
          "name": "Handle_BRepCheck_ListNodeOfListOfStatus", 
          "parent": "Handle_BRepCheck_ListNodeOfListOfStatus", 
          "cls": "constructor", 
          "throws": true
        }, 
        {
          "returnType": "", 
          "arguments": [
            {
              "decl": "const Handle_BRepCheck_ListNodeOfListOfStatus &", 
              "type": "Handle_BRepCheck_ListNodeOfListOfStatus", 
              "name": "aHandle"
            }
          ], 
          "name": "Handle_BRepCheck_ListNodeOfListOfStatus", 
          "parent": "Handle_BRepCheck_ListNodeOfListOfStatus", 
          "cls": "constructor", 
          "throws": true, 
          "copyConstructor": true
        }, 
        {
          "returnType": "", 
          "arguments": [
            {
              "decl": "const BRepCheck_ListNodeOfListOfStatus *", 
              "type": "BRepCheck_ListNodeOfListOfStatus", 
              "name": "anItem"
            }
          ], 
          "name": "Handle_BRepCheck_ListNodeOfListOfStatus", 
          "parent": "Handle_BRepCheck_ListNodeOfListOfStatus", 
          "cls": "constructor", 
          "throws": true
        }
      ], 
      "artificial": "1", 
      "bases": [
        {
          "access": "public", 
          "name": "Handle_TCollection_MapNode"
        }
      ], 
      "location": [
        "/usr/local/include/oce/Handle_BRepCheck_ListNodeOfListOfStatus.hxx", 
        25
      ], 
      "members": [
        {
          "returnType": "Handle_BRepCheck_ListNodeOfListOfStatus", 
          "arguments": [
            {
              "decl": "const Handle_Standard_Transient &", 
              "type": "Handle_Standard_Transient", 
              "name": "AnObject"
            }
          ], 
          "name": "DownCast", 
          "parent": "Handle_BRepCheck_ListNodeOfListOfStatus", 
          "cls": "memfun", 
          "static": "1", 
          "extern": "1", 
          "throws": true
        }
      ], 
      "cls": "class"
    }, 
    {
      "name": "BRepCheck_Edge", 
      "abstract": false, 
      "constructors": [
        {
          "returnType": "", 
          "arguments": [
            {
              "decl": "const TopoDS_Edge &", 
              "type": "TopoDS_Edge", 
              "name": "E"
            }
          ], 
          "name": "BRepCheck_Edge", 
          "parent": "BRepCheck_Edge", 
          "cls": "constructor", 
          "extern": "1", 
          "throws": true
        }
      ], 
      "artificial": "1", 
      "bases": [
        {
          "access": "public", 
          "name": "BRepCheck_Result"
        }
      ], 
      "location": [
        "/usr/local/include/oce/BRepCheck_Edge.hxx", 
        41
      ], 
      "members": [
        {
          "returnType": "void", 
          "arguments": [
            {
              "decl": "const TopoDS_Shape &", 
              "type": "TopoDS_Shape", 
              "name": "ContextShape"
            }
          ], 
          "name": "InContext", 
          "parent": "BRepCheck_Edge", 
          "cls": "memfun", 
          "extern": "1", 
          "throws": true, 
          "virtuality": "virtual"
        }, 
        {
          "returnType": "void", 
          "arguments": [], 
          "name": "Minimum", 
          "parent": "BRepCheck_Edge", 
          "cls": "memfun", 
          "extern": "1", 
          "throws": true, 
          "virtuality": "virtual"
        }, 
        {
          "returnType": "void", 
          "arguments": [], 
          "name": "Blind", 
          "parent": "BRepCheck_Edge", 
          "cls": "memfun", 
          "extern": "1", 
          "throws": true, 
          "virtuality": "virtual"
        }, 
        {
          "returnType": "Standard_Boolean", 
          "arguments": [], 
          "name": "GeometricControls", 
          "parent": "BRepCheck_Edge", 
          "cls": "memfun", 
          "extern": "1", 
          "const": "1", 
          "throws": true
        }, 
        {
          "returnType": "void", 
          "arguments": [
            {
              "decl": "const Standard_Boolean", 
              "type": "Standard_Boolean", 
              "name": "B"
            }
          ], 
          "name": "GeometricControls", 
          "parent": "BRepCheck_Edge", 
          "cls": "memfun", 
          "extern": "1", 
          "throws": true
        }, 
        {
          "returnType": "Standard_Real", 
          "arguments": [], 
          "name": "Tolerance", 
          "parent": "BRepCheck_Edge", 
          "cls": "memfun", 
          "extern": "1", 
          "throws": true
        }, 
        {
          "returnType": "Handle_Standard_Type const &", 
          "arguments": [], 
          "name": "DynamicType", 
          "parent": "BRepCheck_Edge", 
          "cls": "memfun", 
          "extern": "1", 
          "const": "1", 
          "throws": true, 
          "virtuality": "virtual"
        }
      ], 
      "cls": "class"
    }, 
    {
      "name": "BRepCheck_DataMapNodeOfDataMapOfShapeListOfStatus", 
      "abstract": false, 
      "constructors": [
        {
          "returnType": "", 
          "arguments": [
            {
              "decl": "const TopoDS_Shape &", 
              "type": "TopoDS_Shape", 
              "name": "K"
            }, 
            {
              "decl": "const BRepCheck_ListOfStatus &", 
              "type": "BRepCheck_ListOfStatus", 
              "name": "I"
            }, 
            {
              "decl": "const TCollection_MapNodePtr &", 
              "type": "TCollection_MapNodePtr", 
              "name": "n"
            }
          ], 
          "name": "BRepCheck_DataMapNodeOfDataMapOfShapeListOfStatus", 
          "parent": "BRepCheck_DataMapNodeOfDataMapOfShapeListOfStatus", 
          "cls": "constructor", 
          "throws": true
        }
      ], 
      "artificial": "1", 
      "bases": [
        {
          "access": "public", 
          "name": "TCollection_MapNode"
        }
      ], 
      "location": [
        "/usr/local/include/oce/BRepCheck_DataMapNodeOfDataMapOfShapeListOfStatus.hxx", 
        39
      ], 
      "members": [
        {
          "returnType": "TopoDS_Shape &", 
          "arguments": [], 
          "name": "Key", 
          "parent": "BRepCheck_DataMapNodeOfDataMapOfShapeListOfStatus", 
          "cls": "memfun", 
          "const": "1", 
          "throws": true
        }, 
        {
          "returnType": "BRepCheck_ListOfStatus &", 
          "arguments": [], 
          "name": "Value", 
          "parent": "BRepCheck_DataMapNodeOfDataMapOfShapeListOfStatus", 
          "cls": "memfun", 
          "const": "1", 
          "throws": true
        }, 
        {
          "returnType": "Handle_Standard_Type const &", 
          "arguments": [], 
          "name": "DynamicType", 
          "parent": "BRepCheck_DataMapNodeOfDataMapOfShapeListOfStatus", 
          "cls": "memfun", 
          "extern": "1", 
          "const": "1", 
          "throws": true, 
          "virtuality": "virtual"
        }
      ], 
      "cls": "class"
    }, 
    {
      "name": "BRepCheck_DataMapIteratorOfDataMapOfShapeListOfStatus", 
      "abstract": false, 
      "constructors": [
        {
          "returnType": "", 
          "arguments": [
            {
              "decl": "const BRepCheck_DataMapIteratorOfDataMapOfShapeListOfStatus &", 
              "type": "BRepCheck_DataMapIteratorOfDataMapOfShapeListOfStatus", 
              "name": "arg0"
            }
          ], 
          "name": "BRepCheck_DataMapIteratorOfDataMapOfShapeListOfStatus", 
          "parent": "BRepCheck_DataMapIteratorOfDataMapOfShapeListOfStatus", 
          "cls": "constructor", 
          "artificial": "1", 
          "copyConstructor": true
        }, 
        {
          "returnType": "", 
          "arguments": [], 
          "name": "BRepCheck_DataMapIteratorOfDataMapOfShapeListOfStatus", 
          "parent": "BRepCheck_DataMapIteratorOfDataMapOfShapeListOfStatus", 
          "cls": "constructor", 
          "extern": "1", 
          "throws": true
        }, 
        {
          "returnType": "", 
          "arguments": [
            {
              "decl": "const BRepCheck_DataMapOfShapeListOfStatus &", 
              "type": "BRepCheck_DataMapOfShapeListOfStatus", 
              "name": "aMap"
            }
          ], 
          "name": "BRepCheck_DataMapIteratorOfDataMapOfShapeListOfStatus", 
          "parent": "BRepCheck_DataMapIteratorOfDataMapOfShapeListOfStatus", 
          "cls": "constructor", 
          "extern": "1", 
          "throws": true
        }
      ], 
      "artificial": "1", 
      "bases": [
        {
          "access": "public", 
          "name": "TCollection_BasicMapIterator"
        }
      ], 
      "location": [
        "/usr/local/include/oce/BRepCheck_DataMapIteratorOfDataMapOfShapeListOfStatus.hxx", 
        34
      ], 
      "members": [
        {
          "returnType": "void", 
          "arguments": [
            {
              "decl": "const BRepCheck_DataMapOfShapeListOfStatus &", 
              "type": "BRepCheck_DataMapOfShapeListOfStatus", 
              "name": "aMap"
            }
          ], 
          "name": "Initialize", 
          "parent": "BRepCheck_DataMapIteratorOfDataMapOfShapeListOfStatus", 
          "cls": "memfun", 
          "extern": "1", 
          "throws": true
        }, 
        {
          "returnType": "TopoDS_Shape const &", 
          "arguments": [], 
          "name": "Key", 
          "parent": "BRepCheck_DataMapIteratorOfDataMapOfShapeListOfStatus", 
          "cls": "memfun", 
          "extern": "1", 
          "const": "1", 
          "throws": true
        }, 
        {
          "returnType": "BRepCheck_ListOfStatus const &", 
          "arguments": [], 
          "name": "Value", 
          "parent": "BRepCheck_DataMapIteratorOfDataMapOfShapeListOfStatus", 
          "cls": "memfun", 
          "extern": "1", 
          "const": "1", 
          "throws": true
        }
      ], 
      "cls": "class"
    }, 
    {
      "name": "BRepCheck_ListNodeOfListOfStatus", 
      "abstract": false, 
      "constructors": [
        {
          "returnType": "", 
          "arguments": [
            {
              "decl": "const BRepCheck_ListNodeOfListOfStatus &", 
              "type": "BRepCheck_ListNodeOfListOfStatus", 
              "name": "arg0"
            }
          ], 
          "name": "BRepCheck_ListNodeOfListOfStatus", 
          "parent": "BRepCheck_ListNodeOfListOfStatus", 
          "cls": "constructor", 
          "artificial": "1", 
          "throws": true, 
          "copyConstructor": true
        }, 
        {
          "returnType": "", 
          "arguments": [
            {
              "decl": "const BRepCheck_Status &", 
              "type": "BRepCheck_Status", 
              "name": "I"
            }, 
            {
              "decl": "const TCollection_MapNodePtr &", 
              "type": "TCollection_MapNodePtr", 
              "name": "n"
            }
          ], 
          "name": "BRepCheck_ListNodeOfListOfStatus", 
          "parent": "BRepCheck_ListNodeOfListOfStatus", 
          "cls": "constructor", 
          "throws": true
        }
      ], 
      "artificial": "1", 
      "bases": [
        {
          "access": "public", 
          "name": "TCollection_MapNode"
        }
      ], 
      "location": [
        "/usr/local/include/oce/BRepCheck_ListNodeOfListOfStatus.hxx", 
        33
      ], 
      "members": [
        {
          "returnType": "BRepCheck_Status &", 
          "arguments": [], 
          "name": "Value", 
          "parent": "BRepCheck_ListNodeOfListOfStatus", 
          "cls": "memfun", 
          "const": "1", 
          "throws": true
        }, 
        {
          "returnType": "Handle_Standard_Type const &", 
          "arguments": [], 
          "name": "DynamicType", 
          "parent": "BRepCheck_ListNodeOfListOfStatus", 
          "cls": "memfun", 
          "extern": "1", 
          "const": "1", 
          "throws": true, 
          "virtuality": "virtual"
        }
      ], 
      "cls": "class"
    }, 
    {
      "name": "BRepCheck_ListOfStatus", 
      "abstract": false, 
      "constructors": [
        {
          "returnType": "", 
          "arguments": [], 
          "name": "BRepCheck_ListOfStatus", 
          "parent": "BRepCheck_ListOfStatus", 
          "cls": "constructor", 
          "extern": "1", 
          "throws": true
        }
      ], 
      "artificial": "1", 
      "bases": [], 
      "location": [
        "/usr/local/include/oce/BRepCheck_ListOfStatus.hxx", 
        40
      ], 
      "members": [
        {
          "returnType": "void", 
          "arguments": [
            {
              "decl": "const BRepCheck_ListOfStatus &", 
              "type": "BRepCheck_ListOfStatus", 
              "name": "Other"
            }
          ], 
          "name": "Assign", 
          "parent": "BRepCheck_ListOfStatus", 
          "cls": "memfun", 
          "extern": "1", 
          "throws": true
        }, 
        {
          "returnType": "Standard_Integer", 
          "arguments": [], 
          "name": "Extent", 
          "parent": "BRepCheck_ListOfStatus", 
          "cls": "memfun", 
          "extern": "1", 
          "const": "1", 
          "throws": true
        }, 
        {
          "returnType": "void", 
          "arguments": [], 
          "name": "Clear", 
          "parent": "BRepCheck_ListOfStatus", 
          "cls": "memfun", 
          "extern": "1", 
          "throws": true
        }, 
        {
          "returnType": "Standard_Boolean", 
          "arguments": [], 
          "name": "IsEmpty", 
          "parent": "BRepCheck_ListOfStatus", 
          "cls": "memfun", 
          "const": "1", 
          "throws": true
        }, 
        {
          "returnType": "void", 
          "arguments": [
            {
              "decl": "const BRepCheck_Status &", 
              "type": "BRepCheck_Status", 
              "name": "I"
            }
          ], 
          "name": "Prepend", 
          "parent": "BRepCheck_ListOfStatus", 
          "cls": "memfun", 
          "extern": "1", 
          "throws": true
        }, 
        {
          "returnType": "void", 
          "arguments": [
            {
              "decl": "const BRepCheck_Status &", 
              "type": "BRepCheck_Status", 
              "name": "I"
            }, 
            {
              "decl": "BRepCheck_ListIteratorOfListOfStatus &", 
              "type": "BRepCheck_ListIteratorOfListOfStatus", 
              "name": "theIt"
            }
          ], 
          "name": "Prepend", 
          "parent": "BRepCheck_ListOfStatus", 
          "cls": "memfun", 
          "extern": "1", 
          "throws": true
        }, 
        {
          "returnType": "void", 
          "arguments": [
            {
              "decl": "BRepCheck_ListOfStatus &", 
              "type": "BRepCheck_ListOfStatus", 
              "name": "Other"
            }
          ], 
          "name": "Prepend", 
          "parent": "BRepCheck_ListOfStatus", 
          "cls": "memfun", 
          "extern": "1", 
          "throws": true
        }, 
        {
          "returnType": "void", 
          "arguments": [
            {
              "decl": "const BRepCheck_Status &", 
              "type": "BRepCheck_Status", 
              "name": "I"
            }
          ], 
          "name": "Append", 
          "parent": "BRepCheck_ListOfStatus", 
          "cls": "memfun", 
          "extern": "1", 
          "throws": true
        }, 
        {
          "returnType": "void", 
          "arguments": [
            {
              "decl": "const BRepCheck_Status &", 
              "type": "BRepCheck_Status", 
              "name": "I"
            }, 
            {
              "decl": "BRepCheck_ListIteratorOfListOfStatus &", 
              "type": "BRepCheck_ListIteratorOfListOfStatus", 
              "name": "theIt"
            }
          ], 
          "name": "Append", 
          "parent": "BRepCheck_ListOfStatus", 
          "cls": "memfun", 
          "extern": "1", 
          "throws": true
        }, 
        {
          "returnType": "void", 
          "arguments": [
            {
              "decl": "BRepCheck_ListOfStatus &", 
              "type": "BRepCheck_ListOfStatus", 
              "name": "Other"
            }
          ], 
          "name": "Append", 
          "parent": "BRepCheck_ListOfStatus", 
          "cls": "memfun", 
          "extern": "1", 
          "throws": true
        }, 
        {
          "returnType": "BRepCheck_Status &", 
          "arguments": [], 
          "name": "First", 
          "parent": "BRepCheck_ListOfStatus", 
          "cls": "memfun", 
          "extern": "1", 
          "const": "1", 
          "throws": true
        }, 
        {
          "returnType": "BRepCheck_Status &", 
          "arguments": [], 
          "name": "Last", 
          "parent": "BRepCheck_ListOfStatus", 
          "cls": "memfun", 
          "extern": "1", 
          "const": "1", 
          "throws": true
        }, 
        {
          "returnType": "void", 
          "arguments": [], 
          "name": "RemoveFirst", 
          "parent": "BRepCheck_ListOfStatus", 
          "cls": "memfun", 
          "extern": "1", 
          "throws": true
        }, 
        {
          "returnType": "void", 
          "arguments": [
            {
              "decl": "BRepCheck_ListIteratorOfListOfStatus &", 
              "type": "BRepCheck_ListIteratorOfListOfStatus", 
              "name": "It"
            }
          ], 
          "name": "Remove", 
          "parent": "BRepCheck_ListOfStatus", 
          "cls": "memfun", 
          "extern": "1", 
          "throws": true
        }, 
        {
          "returnType": "void", 
          "arguments": [
            {
              "decl": "const BRepCheck_Status &", 
              "type": "BRepCheck_Status", 
              "name": "I"
            }, 
            {
              "decl": "BRepCheck_ListIteratorOfListOfStatus &", 
              "type": "BRepCheck_ListIteratorOfListOfStatus", 
              "name": "It"
            }
          ], 
          "name": "InsertBefore", 
          "parent": "BRepCheck_ListOfStatus", 
          "cls": "memfun", 
          "extern": "1", 
          "throws": true
        }, 
        {
          "returnType": "void", 
          "arguments": [
            {
              "decl": "BRepCheck_ListOfStatus &", 
              "type": "BRepCheck_ListOfStatus", 
              "name": "Other"
            }, 
            {
              "decl": "BRepCheck_ListIteratorOfListOfStatus &", 
              "type": "BRepCheck_ListIteratorOfListOfStatus", 
              "name": "It"
            }
          ], 
          "name": "InsertBefore", 
          "parent": "BRepCheck_ListOfStatus", 
          "cls": "memfun", 
          "extern": "1", 
          "throws": true
        }, 
        {
          "returnType": "void", 
          "arguments": [
            {
              "decl": "const BRepCheck_Status &", 
              "type": "BRepCheck_Status", 
              "name": "I"
            }, 
            {
              "decl": "BRepCheck_ListIteratorOfListOfStatus &", 
              "type": "BRepCheck_ListIteratorOfListOfStatus", 
              "name": "It"
            }
          ], 
          "name": "InsertAfter", 
          "parent": "BRepCheck_ListOfStatus", 
          "cls": "memfun", 
          "extern": "1", 
          "throws": true
        }, 
        {
          "returnType": "void", 
          "arguments": [
            {
              "decl": "BRepCheck_ListOfStatus &", 
              "type": "BRepCheck_ListOfStatus", 
              "name": "Other"
            }, 
            {
              "decl": "BRepCheck_ListIteratorOfListOfStatus &", 
              "type": "BRepCheck_ListIteratorOfListOfStatus", 
              "name": "It"
            }
          ], 
          "name": "InsertAfter", 
          "parent": "BRepCheck_ListOfStatus", 
          "cls": "memfun", 
          "extern": "1", 
          "throws": true
        }
      ], 
      "cls": "class"
    }, 
    {
      "name": "BRepCheck_ListIteratorOfListOfStatus", 
      "abstract": false, 
      "constructors": [
        {
          "returnType": "", 
          "arguments": [
            {
              "decl": "const BRepCheck_ListIteratorOfListOfStatus &", 
              "type": "BRepCheck_ListIteratorOfListOfStatus", 
              "name": "arg0"
            }
          ], 
          "name": "BRepCheck_ListIteratorOfListOfStatus", 
          "parent": "BRepCheck_ListIteratorOfListOfStatus", 
          "cls": "constructor", 
          "artificial": "1", 
          "copyConstructor": true
        }, 
        {
          "returnType": "", 
          "arguments": [], 
          "name": "BRepCheck_ListIteratorOfListOfStatus", 
          "parent": "BRepCheck_ListIteratorOfListOfStatus", 
          "cls": "constructor", 
          "extern": "1", 
          "throws": true
        }, 
        {
          "returnType": "", 
          "arguments": [
            {
              "decl": "const BRepCheck_ListOfStatus &", 
              "type": "BRepCheck_ListOfStatus", 
              "name": "L"
            }
          ], 
          "name": "BRepCheck_ListIteratorOfListOfStatus", 
          "parent": "BRepCheck_ListIteratorOfListOfStatus", 
          "cls": "constructor", 
          "extern": "1", 
          "throws": true
        }
      ], 
      "artificial": "1", 
      "bases": [], 
      "location": [
        "/usr/local/include/oce/BRepCheck_ListIteratorOfListOfStatus.hxx", 
        38
      ], 
      "members": [
        {
          "returnType": "void", 
          "arguments": [
            {
              "decl": "const BRepCheck_ListOfStatus &", 
              "type": "BRepCheck_ListOfStatus", 
              "name": "L"
            }
          ], 
          "name": "Initialize", 
          "parent": "BRepCheck_ListIteratorOfListOfStatus", 
          "cls": "memfun", 
          "extern": "1", 
          "throws": true
        }, 
        {
          "returnType": "Standard_Boolean", 
          "arguments": [], 
          "name": "More", 
          "parent": "BRepCheck_ListIteratorOfListOfStatus", 
          "cls": "memfun", 
          "const": "1", 
          "throws": true
        }, 
        {
          "returnType": "void", 
          "arguments": [], 
          "name": "Next", 
          "parent": "BRepCheck_ListIteratorOfListOfStatus", 
          "cls": "memfun", 
          "extern": "1", 
          "throws": true
        }, 
        {
          "returnType": "BRepCheck_Status &", 
          "arguments": [], 
          "name": "Value", 
          "parent": "BRepCheck_ListIteratorOfListOfStatus", 
          "cls": "memfun", 
          "extern": "1", 
          "const": "1", 
          "throws": true
        }
      ], 
      "cls": "class"
    }, 
    {
      "name": "BRepCheck_Analyzer", 
      "abstract": false, 
      "constructors": [
        {
          "returnType": "", 
          "arguments": [
            {
              "decl": "const TopoDS_Shape &", 
              "type": "TopoDS_Shape", 
              "name": "S"
            }, 
            {
              "decl": "const Standard_Boolean", 
              "type": "Standard_Boolean", 
              "name": "B", 
              "default": "true"
            }
          ], 
          "name": "BRepCheck_Analyzer", 
          "parent": "BRepCheck_Analyzer", 
          "cls": "constructor", 
          "throws": true
        }
      ], 
      "artificial": "1", 
      "bases": [], 
      "location": [
        "/usr/local/include/oce/BRepCheck_Analyzer.hxx", 
        47
      ], 
      "members": [
        {
          "returnType": "void", 
          "arguments": [
            {
              "decl": "const TopoDS_Shape &", 
              "type": "TopoDS_Shape", 
              "name": "S"
            }, 
            {
              "decl": "const Standard_Boolean", 
              "type": "Standard_Boolean", 
              "name": "GeomControls", 
              "default": "true"
            }
          ], 
          "name": "Init", 
          "parent": "BRepCheck_Analyzer", 
          "cls": "memfun", 
          "extern": "1", 
          "throws": true
        }, 
        {
          "returnType": "Standard_Boolean", 
          "arguments": [
            {
              "decl": "const TopoDS_Shape &", 
              "type": "TopoDS_Shape", 
              "name": "S"
            }
          ], 
          "name": "IsValid", 
          "parent": "BRepCheck_Analyzer", 
          "cls": "memfun", 
          "extern": "1", 
          "const": "1", 
          "throws": true
        }, 
        {
          "returnType": "Standard_Boolean", 
          "arguments": [], 
          "name": "IsValid", 
          "parent": "BRepCheck_Analyzer", 
          "cls": "memfun", 
          "const": "1", 
          "throws": true
        }, 
        {
          "returnType": "Handle_BRepCheck_Result const &", 
          "arguments": [
            {
              "decl": "const TopoDS_Shape &", 
              "type": "TopoDS_Shape", 
              "name": "S"
            }
          ], 
          "name": "Result", 
          "parent": "BRepCheck_Analyzer", 
          "cls": "memfun", 
          "const": "1", 
          "throws": true
        }
      ], 
      "cls": "class"
    }, 
    {
      "name": "Handle_BRepCheck_Face", 
      "abstract": false, 
      "constructors": [
        {
          "returnType": "", 
          "arguments": [], 
          "name": "Handle_BRepCheck_Face", 
          "parent": "Handle_BRepCheck_Face", 
          "cls": "constructor", 
          "throws": true
        }, 
        {
          "returnType": "", 
          "arguments": [
            {
              "decl": "const Handle_BRepCheck_Face &", 
              "type": "Handle_BRepCheck_Face", 
              "name": "aHandle"
            }
          ], 
          "name": "Handle_BRepCheck_Face", 
          "parent": "Handle_BRepCheck_Face", 
          "cls": "constructor", 
          "throws": true, 
          "copyConstructor": true
        }, 
        {
          "returnType": "", 
          "arguments": [
            {
              "decl": "const BRepCheck_Face *", 
              "type": "BRepCheck_Face", 
              "name": "anItem"
            }
          ], 
          "name": "Handle_BRepCheck_Face", 
          "parent": "Handle_BRepCheck_Face", 
          "cls": "constructor", 
          "throws": true
        }
      ], 
      "artificial": "1", 
      "bases": [
        {
          "access": "public", 
          "name": "Handle_BRepCheck_Result"
        }
      ], 
      "location": [
        "/usr/local/include/oce/Handle_BRepCheck_Face.hxx", 
        25
      ], 
      "members": [
        {
          "returnType": "Handle_BRepCheck_Face", 
          "arguments": [
            {
              "decl": "const Handle_Standard_Transient &", 
              "type": "Handle_Standard_Transient", 
              "name": "AnObject"
            }
          ], 
          "name": "DownCast", 
          "parent": "Handle_BRepCheck_Face", 
          "cls": "memfun", 
          "static": "1", 
          "extern": "1", 
          "throws": true
        }
      ], 
      "cls": "class"
    }, 
    {
      "name": "BRepCheck_Vertex", 
      "abstract": false, 
      "constructors": [
        {
          "returnType": "", 
          "arguments": [
            {
              "decl": "const TopoDS_Vertex &", 
              "type": "TopoDS_Vertex", 
              "name": "V"
            }
          ], 
          "name": "BRepCheck_Vertex", 
          "parent": "BRepCheck_Vertex", 
          "cls": "constructor", 
          "extern": "1", 
          "throws": true
        }
      ], 
      "artificial": "1", 
      "bases": [
        {
          "access": "public", 
          "name": "BRepCheck_Result"
        }
      ], 
      "location": [
        "/usr/local/include/oce/BRepCheck_Vertex.hxx", 
        30
      ], 
      "members": [
        {
          "returnType": "void", 
          "arguments": [
            {
              "decl": "const TopoDS_Shape &", 
              "type": "TopoDS_Shape", 
              "name": "ContextShape"
            }
          ], 
          "name": "InContext", 
          "parent": "BRepCheck_Vertex", 
          "cls": "memfun", 
          "extern": "1", 
          "throws": true, 
          "virtuality": "virtual"
        }, 
        {
          "returnType": "void", 
          "arguments": [], 
          "name": "Minimum", 
          "parent": "BRepCheck_Vertex", 
          "cls": "memfun", 
          "extern": "1", 
          "throws": true, 
          "virtuality": "virtual"
        }, 
        {
          "returnType": "void", 
          "arguments": [], 
          "name": "Blind", 
          "parent": "BRepCheck_Vertex", 
          "cls": "memfun", 
          "extern": "1", 
          "throws": true, 
          "virtuality": "virtual"
        }, 
        {
          "returnType": "Standard_Real", 
          "arguments": [], 
          "name": "Tolerance", 
          "parent": "BRepCheck_Vertex", 
          "cls": "memfun", 
          "extern": "1", 
          "throws": true
        }, 
        {
          "returnType": "Handle_Standard_Type const &", 
          "arguments": [], 
          "name": "DynamicType", 
          "parent": "BRepCheck_Vertex", 
          "cls": "memfun", 
          "extern": "1", 
          "const": "1", 
          "throws": true, 
          "virtuality": "virtual"
        }
      ], 
      "cls": "class"
    }
  ], 
  "headers": [
    "BRepCheck_Vertex.hxx", 
    "BRepCheck_Wire.hxx", 
    "BRepCheck_DataMapNodeOfDataMapOfShapeListOfStatus.hxx", 
    "BRepCheck_Result.hxx", 
    "BRepCheck_DataMapOfShapeResult.hxx", 
    "BRepCheck_ListNodeOfListOfStatus.hxx", 
    "BRepCheck_DataMapOfShapeListOfStatus.hxx", 
    "BRepCheck_Status.hxx", 
    "BRepCheck_ListOfStatus.hxx", 
    "BRepCheck_ListIteratorOfListOfStatus.hxx", 
    "BRepCheck_DataMapIteratorOfDataMapOfShapeListOfStatus.hxx", 
    "BRepCheck_Face.hxx", 
    "BRepCheck_DataMapNodeOfDataMapOfShapeResult.hxx", 
    "BRepCheck_Edge.hxx", 
    "BRepCheck_DataMapIteratorOfDataMapOfShapeResult.hxx", 
    "BRepCheck_Analyzer.hxx", 
    "BRepCheck_Shell.hxx"
  ], 
  "enums": [
    {
      "values": [
        [
          "BRepCheck_NoError", 
          0
        ], 
        [
          "BRepCheck_InvalidPointOnCurve", 
          1
        ], 
        [
          "BRepCheck_InvalidPointOnCurveOnSurface", 
          2
        ], 
        [
          "BRepCheck_InvalidPointOnSurface", 
          3
        ], 
        [
          "BRepCheck_No3DCurve", 
          4
        ], 
        [
          "BRepCheck_Multiple3DCurve", 
          5
        ], 
        [
          "BRepCheck_Invalid3DCurve", 
          6
        ], 
        [
          "BRepCheck_NoCurveOnSurface", 
          7
        ], 
        [
          "BRepCheck_InvalidCurveOnSurface", 
          8
        ], 
        [
          "BRepCheck_InvalidCurveOnClosedSurface", 
          9
        ], 
        [
          "BRepCheck_InvalidSameRangeFlag", 
          10
        ], 
        [
          "BRepCheck_InvalidSameParameterFlag", 
          11
        ], 
        [
          "BRepCheck_InvalidDegeneratedFlag", 
          12
        ], 
        [
          "BRepCheck_FreeEdge", 
          13
        ], 
        [
          "BRepCheck_InvalidMultiConnexity", 
          14
        ], 
        [
          "BRepCheck_InvalidRange", 
          15
        ], 
        [
          "BRepCheck_EmptyWire", 
          16
        ], 
        [
          "BRepCheck_RedundantEdge", 
          17
        ], 
        [
          "BRepCheck_SelfIntersectingWire", 
          18
        ], 
        [
          "BRepCheck_NoSurface", 
          19
        ], 
        [
          "BRepCheck_InvalidWire", 
          20
        ], 
        [
          "BRepCheck_RedundantWire", 
          21
        ], 
        [
          "BRepCheck_IntersectingWires", 
          22
        ], 
        [
          "BRepCheck_InvalidImbricationOfWires", 
          23
        ], 
        [
          "BRepCheck_EmptyShell", 
          24
        ], 
        [
          "BRepCheck_RedundantFace", 
          25
        ], 
        [
          "BRepCheck_UnorientableShape", 
          26
        ], 
        [
          "BRepCheck_NotClosed", 
          27
        ], 
        [
          "BRepCheck_NotConnected", 
          28
        ], 
        [
          "BRepCheck_SubshapeNotInShape", 
          29
        ], 
        [
          "BRepCheck_BadOrientation", 
          30
        ], 
        [
          "BRepCheck_BadOrientationOfSubshape", 
          31
        ], 
        [
          "BRepCheck_InvalidToleranceValue", 
          32
        ], 
        [
          "BRepCheck_CheckFail", 
          33
        ]
      ], 
      "name": "BRepCheck_Status", 
      "cls": "enum"
    }
  ], 
  "typedefs": [], 
  "name": "BRepCheck"
}