{
  "classes": [
    {
      "name": "BRepClass_Edge", 
      "abstract": false, 
      "constructors": [
        {
          "returnType": "", 
          "arguments": [
            {
              "decl": "const BRepClass_Edge &", 
              "type": "BRepClass_Edge", 
              "name": "arg0"
            }
          ], 
          "name": "BRepClass_Edge", 
          "parent": "BRepClass_Edge", 
          "cls": "constructor", 
          "artificial": "1", 
          "throws": true, 
          "copyConstructor": true
        }, 
        {
          "returnType": "", 
          "arguments": [], 
          "name": "BRepClass_Edge", 
          "parent": "BRepClass_Edge", 
          "cls": "constructor", 
          "extern": "1", 
          "throws": true
        }, 
        {
          "returnType": "", 
          "arguments": [
            {
              "decl": "const TopoDS_Edge &", 
              "type": "TopoDS_Edge", 
              "name": "E"
            }, 
            {
              "decl": "const TopoDS_Face &", 
              "type": "TopoDS_Face", 
              "name": "F"
            }
          ], 
          "name": "BRepClass_Edge", 
          "parent": "BRepClass_Edge", 
          "cls": "constructor", 
          "extern": "1", 
          "throws": true
        }
      ], 
      "artificial": "1", 
      "bases": [], 
      "location": [
        "/usr/local/include/oce/BRepClass_Edge.hxx", 
        32
      ], 
      "members": [
        {
          "returnType": "TopoDS_Edge &", 
          "arguments": [], 
          "name": "Edge", 
          "parent": "BRepClass_Edge", 
          "cls": "memfun", 
          "throws": true
        }, 
        {
          "returnType": "TopoDS_Edge const &", 
          "arguments": [], 
          "name": "Edge", 
          "parent": "BRepClass_Edge", 
          "cls": "memfun", 
          "const": "1", 
          "throws": true
        }, 
        {
          "returnType": "TopoDS_Face &", 
          "arguments": [], 
          "name": "Face", 
          "parent": "BRepClass_Edge", 
          "cls": "memfun", 
          "throws": true
        }, 
        {
          "returnType": "TopoDS_Face const &", 
          "arguments": [], 
          "name": "Face", 
          "parent": "BRepClass_Edge", 
          "cls": "memfun", 
          "const": "1", 
          "throws": true
        }
      ], 
      "cls": "class"
    }, 
    {
      "name": "BRepClass_Intersector", 
      "abstract": false, 
      "constructors": [
        {
          "returnType": "", 
          "arguments": [
            {
              "decl": "const BRepClass_Intersector &", 
              "type": "BRepClass_Intersector", 
              "name": "arg0"
            }
          ], 
          "name": "BRepClass_Intersector", 
          "parent": "BRepClass_Intersector", 
          "cls": "constructor", 
          "artificial": "1", 
          "throws": true, 
          "copyConstructor": true
        }, 
        {
          "returnType": "", 
          "arguments": [], 
          "name": "BRepClass_Intersector", 
          "parent": "BRepClass_Intersector", 
          "cls": "constructor", 
          "extern": "1", 
          "throws": true
        }
      ], 
      "artificial": "1", 
      "bases": [
        {
          "access": "public", 
          "name": "Geom2dInt_IntConicCurveOfGInter"
        }
      ], 
      "location": [
        "/usr/local/include/oce/BRepClass_Intersector.hxx", 
        31
      ], 
      "members": [
        {
          "returnType": "void", 
          "arguments": [
            {
              "decl": "const gp_Lin2d &", 
              "type": "gp_Lin2d", 
              "name": "L"
            }, 
            {
              "decl": "const Standard_Real", 
              "type": "Standard_Real", 
              "name": "P"
            }, 
            {
              "decl": "const Standard_Real", 
              "type": "Standard_Real", 
              "name": "Tol"
            }, 
            {
              "decl": "const BRepClass_Edge &", 
              "type": "BRepClass_Edge", 
              "name": "E"
            }
          ], 
          "name": "Perform", 
          "parent": "BRepClass_Intersector", 
          "cls": "memfun", 
          "extern": "1", 
          "throws": true
        }, 
        {
          "returnType": "void", 
          "arguments": [
            {
              "decl": "const BRepClass_Edge &", 
              "type": "BRepClass_Edge", 
              "name": "E"
            }, 
            {
              "decl": "const Standard_Real", 
              "type": "Standard_Real", 
              "name": "U"
            }, 
            {
              "decl": "gp_Dir2d &", 
              "type": "gp_Dir2d", 
              "name": "T"
            }, 
            {
              "decl": "gp_Dir2d &", 
              "type": "gp_Dir2d", 
              "name": "N"
            }, 
            {
              "decl": "Standard_Real &", 
              "type": "Standard_Real", 
              "name": "C"
            }
          ], 
          "name": "LocalGeometry", 
          "parent": "BRepClass_Intersector", 
          "cls": "memfun", 
          "extern": "1", 
          "const": "1", 
          "throws": true
        }
      ], 
      "cls": "class"
    }, 
    {
      "name": "BRepClass_FClassifier", 
      "abstract": false, 
      "constructors": [
        {
          "returnType": "", 
          "arguments": [
            {
              "decl": "const BRepClass_FClassifier &", 
              "type": "BRepClass_FClassifier", 
              "name": "arg0"
            }
          ], 
          "name": "BRepClass_FClassifier", 
          "parent": "BRepClass_FClassifier", 
          "cls": "constructor", 
          "artificial": "1", 
          "throws": true, 
          "copyConstructor": true
        }, 
        {
          "returnType": "", 
          "arguments": [], 
          "name": "BRepClass_FClassifier", 
          "parent": "BRepClass_FClassifier", 
          "cls": "constructor", 
          "extern": "1", 
          "throws": true
        }, 
        {
          "returnType": "", 
          "arguments": [
            {
              "decl": "BRepClass_FaceExplorer &", 
              "type": "BRepClass_FaceExplorer", 
              "name": "F"
            }, 
            {
              "decl": "const gp_Pnt2d &", 
              "type": "gp_Pnt2d", 
              "name": "P"
            }, 
            {
              "decl": "const Standard_Real", 
              "type": "Standard_Real", 
              "name": "Tol"
            }
          ], 
          "name": "BRepClass_FClassifier", 
          "parent": "BRepClass_FClassifier", 
          "cls": "constructor", 
          "extern": "1", 
          "throws": true
        }
      ], 
      "artificial": "1", 
      "bases": [], 
      "location": [
        "/usr/local/include/oce/BRepClass_FClassifier.hxx", 
        46
      ], 
      "members": [
        {
          "returnType": "void", 
          "arguments": [
            {
              "decl": "BRepClass_FaceExplorer &", 
              "type": "BRepClass_FaceExplorer", 
              "name": "F"
            }, 
            {
              "decl": "const gp_Pnt2d &", 
              "type": "gp_Pnt2d", 
              "name": "P"
            }, 
            {
              "decl": "const Standard_Real", 
              "type": "Standard_Real", 
              "name": "Tol"
            }
          ], 
          "name": "Perform", 
          "parent": "BRepClass_FClassifier", 
          "cls": "memfun", 
          "extern": "1", 
          "throws": true
        }, 
        {
          "returnType": "TopAbs_State", 
          "arguments": [], 
          "name": "State", 
          "parent": "BRepClass_FClassifier", 
          "cls": "memfun", 
          "extern": "1", 
          "const": "1", 
          "throws": true
        }, 
        {
          "returnType": "Standard_Boolean", 
          "arguments": [], 
          "name": "Rejected", 
          "parent": "BRepClass_FClassifier", 
          "cls": "memfun", 
          "const": "1", 
          "throws": true
        }, 
        {
          "returnType": "Standard_Boolean", 
          "arguments": [], 
          "name": "NoWires", 
          "parent": "BRepClass_FClassifier", 
          "cls": "memfun", 
          "const": "1", 
          "throws": true
        }, 
        {
          "returnType": "BRepClass_Edge const &", 
          "arguments": [], 
          "name": "Edge", 
          "parent": "BRepClass_FClassifier", 
          "cls": "memfun", 
          "extern": "1", 
          "const": "1", 
          "throws": true
        }, 
        {
          "returnType": "Standard_Real", 
          "arguments": [], 
          "name": "EdgeParameter", 
          "parent": "BRepClass_FClassifier", 
          "cls": "memfun", 
          "extern": "1", 
          "const": "1", 
          "throws": true
        }, 
        {
          "returnType": "IntRes2d_Position", 
          "arguments": [], 
          "name": "Position", 
          "parent": "BRepClass_FClassifier", 
          "cls": "memfun", 
          "const": "1", 
          "throws": true
        }
      ], 
      "cls": "class"
    }, 
    {
      "name": "BRepClass_FClass2dOfFClassifier", 
      "abstract": false, 
      "constructors": [
        {
          "returnType": "", 
          "arguments": [
            {
              "decl": "const BRepClass_FClass2dOfFClassifier &", 
              "type": "BRepClass_FClass2dOfFClassifier", 
              "name": "arg0"
            }
          ], 
          "name": "BRepClass_FClass2dOfFClassifier", 
          "parent": "BRepClass_FClass2dOfFClassifier", 
          "cls": "constructor", 
          "artificial": "1", 
          "throws": true, 
          "copyConstructor": true
        }, 
        {
          "returnType": "", 
          "arguments": [], 
          "name": "BRepClass_FClass2dOfFClassifier", 
          "parent": "BRepClass_FClass2dOfFClassifier", 
          "cls": "constructor", 
          "extern": "1", 
          "throws": true
        }
      ], 
      "artificial": "1", 
      "bases": [], 
      "location": [
        "/usr/local/include/oce/BRepClass_FClass2dOfFClassifier.hxx", 
        50
      ], 
      "members": [
        {
          "returnType": "void", 
          "arguments": [
            {
              "decl": "const gp_Lin2d &", 
              "type": "gp_Lin2d", 
              "name": "L"
            }, 
            {
              "decl": "const Standard_Real", 
              "type": "Standard_Real", 
              "name": "P"
            }, 
            {
              "decl": "const Standard_Real", 
              "type": "Standard_Real", 
              "name": "Tol"
            }
          ], 
          "name": "Reset", 
          "parent": "BRepClass_FClass2dOfFClassifier", 
          "cls": "memfun", 
          "extern": "1", 
          "throws": true
        }, 
        {
          "returnType": "void", 
          "arguments": [
            {
              "decl": "const BRepClass_Edge &", 
              "type": "BRepClass_Edge", 
              "name": "E"
            }, 
            {
              "decl": "const TopAbs_Orientation", 
              "type": "TopAbs_Orientation", 
              "name": "Or"
            }
          ], 
          "name": "Compare", 
          "parent": "BRepClass_FClass2dOfFClassifier", 
          "cls": "memfun", 
          "extern": "1", 
          "throws": true
        }, 
        {
          "returnType": "Standard_Real", 
          "arguments": [], 
          "name": "Parameter", 
          "parent": "BRepClass_FClass2dOfFClassifier", 
          "cls": "memfun", 
          "const": "1", 
          "throws": true
        }, 
        {
          "returnType": "BRepClass_Intersector &", 
          "arguments": [], 
          "name": "Intersector", 
          "parent": "BRepClass_FClass2dOfFClassifier", 
          "cls": "memfun", 
          "throws": true
        }, 
        {
          "returnType": "Standard_Integer", 
          "arguments": [], 
          "name": "ClosestIntersection", 
          "parent": "BRepClass_FClass2dOfFClassifier", 
          "cls": "memfun", 
          "const": "1", 
          "throws": true
        }, 
        {
          "returnType": "TopAbs_State", 
          "arguments": [], 
          "name": "State", 
          "parent": "BRepClass_FClass2dOfFClassifier", 
          "cls": "memfun", 
          "const": "1", 
          "throws": true
        }, 
        {
          "returnType": "Standard_Boolean", 
          "arguments": [], 
          "name": "IsHeadOrEnd", 
          "parent": "BRepClass_FClass2dOfFClassifier", 
          "cls": "memfun", 
          "const": "1", 
          "throws": true
        }
      ], 
      "cls": "class"
    }, 
    {
      "name": "BRepClass_FaceExplorer", 
      "abstract": false, 
      "constructors": [
        {
          "returnType": "", 
          "arguments": [
            {
              "decl": "const BRepClass_FaceExplorer &", 
              "type": "BRepClass_FaceExplorer", 
              "name": "arg0"
            }
          ], 
          "name": "BRepClass_FaceExplorer", 
          "parent": "BRepClass_FaceExplorer", 
          "cls": "constructor", 
          "artificial": "1", 
          "throws": true, 
          "copyConstructor": true
        }, 
        {
          "returnType": "", 
          "arguments": [
            {
              "decl": "const TopoDS_Face &", 
              "type": "TopoDS_Face", 
              "name": "F"
            }
          ], 
          "name": "BRepClass_FaceExplorer", 
          "parent": "BRepClass_FaceExplorer", 
          "cls": "constructor", 
          "extern": "1", 
          "throws": true
        }
      ], 
      "artificial": "1", 
      "bases": [], 
      "location": [
        "/usr/local/include/oce/BRepClass_FaceExplorer.hxx", 
        45
      ], 
      "members": [
        {
          "returnType": "Standard_Boolean", 
          "arguments": [
            {
              "decl": "const gp_Pnt2d &", 
              "type": "gp_Pnt2d", 
              "name": "P"
            }
          ], 
          "name": "Reject", 
          "parent": "BRepClass_FaceExplorer", 
          "cls": "memfun", 
          "extern": "1", 
          "const": "1", 
          "throws": true
        }, 
        {
          "returnType": "Standard_Boolean", 
          "arguments": [
            {
              "decl": "const gp_Pnt2d &", 
              "type": "gp_Pnt2d", 
              "name": "P"
            }, 
            {
              "decl": "gp_Lin2d &", 
              "type": "gp_Lin2d", 
              "name": "L"
            }, 
            {
              "decl": "Standard_Real &", 
              "type": "Standard_Real", 
              "name": "Par"
            }
          ], 
          "name": "Segment", 
          "parent": "BRepClass_FaceExplorer", 
          "cls": "memfun", 
          "extern": "1", 
          "throws": true
        }, 
        {
          "returnType": "Standard_Boolean", 
          "arguments": [
            {
              "decl": "const gp_Pnt2d &", 
              "type": "gp_Pnt2d", 
              "name": "P"
            }, 
            {
              "decl": "gp_Lin2d &", 
              "type": "gp_Lin2d", 
              "name": "L"
            }, 
            {
              "decl": "Standard_Real &", 
              "type": "Standard_Real", 
              "name": "Par"
            }
          ], 
          "name": "OtherSegment", 
          "parent": "BRepClass_FaceExplorer", 
          "cls": "memfun", 
          "extern": "1", 
          "throws": true
        }, 
        {
          "returnType": "void", 
          "arguments": [], 
          "name": "InitWires", 
          "parent": "BRepClass_FaceExplorer", 
          "cls": "memfun", 
          "extern": "1", 
          "throws": true
        }, 
        {
          "returnType": "Standard_Boolean", 
          "arguments": [], 
          "name": "MoreWires", 
          "parent": "BRepClass_FaceExplorer", 
          "cls": "memfun", 
          "const": "1", 
          "throws": true
        }, 
        {
          "returnType": "void", 
          "arguments": [], 
          "name": "NextWire", 
          "parent": "BRepClass_FaceExplorer", 
          "cls": "memfun", 
          "throws": true
        }, 
        {
          "returnType": "Standard_Boolean", 
          "arguments": [
            {
              "decl": "const gp_Lin2d &", 
              "type": "gp_Lin2d", 
              "name": "L"
            }, 
            {
              "decl": "const Standard_Real", 
              "type": "Standard_Real", 
              "name": "Par"
            }
          ], 
          "name": "RejectWire", 
          "parent": "BRepClass_FaceExplorer", 
          "cls": "memfun", 
          "extern": "1", 
          "const": "1", 
          "throws": true
        }, 
        {
          "returnType": "void", 
          "arguments": [], 
          "name": "InitEdges", 
          "parent": "BRepClass_FaceExplorer", 
          "cls": "memfun", 
          "extern": "1", 
          "throws": true
        }, 
        {
          "returnType": "Standard_Boolean", 
          "arguments": [], 
          "name": "MoreEdges", 
          "parent": "BRepClass_FaceExplorer", 
          "cls": "memfun", 
          "const": "1", 
          "throws": true
        }, 
        {
          "returnType": "void", 
          "arguments": [], 
          "name": "NextEdge", 
          "parent": "BRepClass_FaceExplorer", 
          "cls": "memfun", 
          "throws": true
        }, 
        {
          "returnType": "Standard_Boolean", 
          "arguments": [
            {
              "decl": "const gp_Lin2d &", 
              "type": "gp_Lin2d", 
              "name": "L"
            }, 
            {
              "decl": "const Standard_Real", 
              "type": "Standard_Real", 
              "name": "Par"
            }
          ], 
          "name": "RejectEdge", 
          "parent": "BRepClass_FaceExplorer", 
          "cls": "memfun", 
          "extern": "1", 
          "const": "1", 
          "throws": true
        }, 
        {
          "returnType": "void", 
          "arguments": [
            {
              "decl": "BRepClass_Edge &", 
              "type": "BRepClass_Edge", 
              "name": "E"
            }, 
            {
              "decl": "TopAbs_Orientation &", 
              "type": "TopAbs_Orientation", 
              "name": "Or"
            }
          ], 
          "name": "CurrentEdge", 
          "parent": "BRepClass_FaceExplorer", 
          "cls": "memfun", 
          "extern": "1", 
          "const": "1", 
          "throws": true
        }
      ], 
      "cls": "class"
    }, 
    {
      "name": "BRepClass_FacePassiveClassifier", 
      "abstract": false, 
      "constructors": [
        {
          "returnType": "", 
          "arguments": [
            {
              "decl": "const BRepClass_FacePassiveClassifier &", 
              "type": "BRepClass_FacePassiveClassifier", 
              "name": "arg0"
            }
          ], 
          "name": "BRepClass_FacePassiveClassifier", 
          "parent": "BRepClass_FacePassiveClassifier", 
          "cls": "constructor", 
          "artificial": "1", 
          "throws": true, 
          "copyConstructor": true
        }, 
        {
          "returnType": "", 
          "arguments": [], 
          "name": "BRepClass_FacePassiveClassifier", 
          "parent": "BRepClass_FacePassiveClassifier", 
          "cls": "constructor", 
          "extern": "1", 
          "throws": true
        }
      ], 
      "artificial": "1", 
      "bases": [], 
      "location": [
        "/usr/local/include/oce/BRepClass_FacePassiveClassifier.hxx", 
        50
      ], 
      "members": [
        {
          "returnType": "void", 
          "arguments": [
            {
              "decl": "const gp_Lin2d &", 
              "type": "gp_Lin2d", 
              "name": "L"
            }, 
            {
              "decl": "const Standard_Real", 
              "type": "Standard_Real", 
              "name": "P"
            }, 
            {
              "decl": "const Standard_Real", 
              "type": "Standard_Real", 
              "name": "Tol"
            }
          ], 
          "name": "Reset", 
          "parent": "BRepClass_FacePassiveClassifier", 
          "cls": "memfun", 
          "extern": "1", 
          "throws": true
        }, 
        {
          "returnType": "void", 
          "arguments": [
            {
              "decl": "const BRepClass_Edge &", 
              "type": "BRepClass_Edge", 
              "name": "E"
            }, 
            {
              "decl": "const TopAbs_Orientation", 
              "type": "TopAbs_Orientation", 
              "name": "Or"
            }
          ], 
          "name": "Compare", 
          "parent": "BRepClass_FacePassiveClassifier", 
          "cls": "memfun", 
          "extern": "1", 
          "throws": true
        }, 
        {
          "returnType": "Standard_Real", 
          "arguments": [], 
          "name": "Parameter", 
          "parent": "BRepClass_FacePassiveClassifier", 
          "cls": "memfun", 
          "const": "1", 
          "throws": true
        }, 
        {
          "returnType": "BRepClass_Intersector &", 
          "arguments": [], 
          "name": "Intersector", 
          "parent": "BRepClass_FacePassiveClassifier", 
          "cls": "memfun", 
          "throws": true
        }, 
        {
          "returnType": "Standard_Integer", 
          "arguments": [], 
          "name": "ClosestIntersection", 
          "parent": "BRepClass_FacePassiveClassifier", 
          "cls": "memfun", 
          "const": "1", 
          "throws": true
        }, 
        {
          "returnType": "TopAbs_State", 
          "arguments": [], 
          "name": "State", 
          "parent": "BRepClass_FacePassiveClassifier", 
          "cls": "memfun", 
          "const": "1", 
          "throws": true
        }, 
        {
          "returnType": "Standard_Boolean", 
          "arguments": [], 
          "name": "IsHeadOrEnd", 
          "parent": "BRepClass_FacePassiveClassifier", 
          "cls": "memfun", 
          "const": "1", 
          "throws": true
        }
      ], 
      "cls": "class"
    }
  ], 
  "headers": [
    "BRepClass_FacePassiveClassifier.hxx", 
    "BRepClass_Edge.hxx", 
    "BRepClass_FClass2dOfFClassifier.hxx", 
    "BRepClass_FClassifier.hxx", 
    "BRepClass_FaceExplorer.hxx", 
    "BRepClass_Intersector.hxx"
  ], 
  "enums": [], 
  "typedefs": [], 
  "name": "BRepClass"
}