{
  "classes": [], 
  "headers": [
    "BSplCLib_KnotDistribution.hxx", 
    "BSplCLib_MultDistribution.hxx"
  ], 
  "enums": [
    {
      "values": [
        [
          "BSplCLib_NonUniform", 
          0
        ], 
        [
          "BSplCLib_Uniform", 
          1
        ]
      ], 
      "name": "BSplCLib_KnotDistribution", 
      "cls": "enum"
    }, 
    {
      "values": [
        [
          "BSplCLib_NonConstant", 
          0
        ], 
        [
          "BSplCLib_Constant", 
          1
        ], 
        [
          "BSplCLib_QuasiConstant", 
          2
        ]
      ], 
      "name": "BSplCLib_MultDistribution", 
      "cls": "enum"
    }
  ], 
  "typedefs": [], 
  "name": "BSplCLib"
}