{
  "classes": [
    {
      "name": "Convert_SequenceNodeOfSequenceOfArray1OfPoles", 
      "abstract": false, 
      "constructors": [
        {
          "returnType": "", 
          "arguments": [
            {
              "decl": "const Convert_SequenceNodeOfSequenceOfArray1OfPoles &", 
              "type": "Convert_SequenceNodeOfSequenceOfArray1OfPoles", 
              "name": "arg0"
            }
          ], 
          "name": "Convert_SequenceNodeOfSequenceOfArray1OfPoles", 
          "parent": "Convert_SequenceNodeOfSequenceOfArray1OfPoles", 
          "cls": "constructor", 
          "artificial": "1", 
          "throws": true, 
          "copyConstructor": true
        }, 
        {
          "returnType": "", 
          "arguments": [
            {
              "decl": "const Handle_TColgp_HArray1OfPnt &", 
              "type": "Handle_TColgp_HArray1OfPnt", 
              "name": "I"
            }, 
            {
              "decl": "const TCollection_SeqNodePtr &", 
              "type": "TCollection_SeqNodePtr", 
              "name": "n"
            }, 
            {
              "decl": "const TCollection_SeqNodePtr &", 
              "type": "TCollection_SeqNodePtr", 
              "name": "p"
            }
          ], 
          "name": "Convert_SequenceNodeOfSequenceOfArray1OfPoles", 
          "parent": "Convert_SequenceNodeOfSequenceOfArray1OfPoles", 
          "cls": "constructor", 
          "throws": true
        }
      ], 
      "artificial": "1", 
      "bases": [
        {
          "access": "public", 
          "name": "TCollection_SeqNode"
        }
      ], 
      "location": [
        "/usr/local/include/oce/Convert_SequenceNodeOfSequenceOfArray1OfPoles.hxx", 
        33
      ], 
      "members": [
        {
          "returnType": "Handle_TColgp_HArray1OfPnt &", 
          "arguments": [], 
          "name": "Value", 
          "parent": "Convert_SequenceNodeOfSequenceOfArray1OfPoles", 
          "cls": "memfun", 
          "const": "1", 
          "throws": true
        }, 
        {
          "returnType": "Handle_Standard_Type const &", 
          "arguments": [], 
          "name": "DynamicType", 
          "parent": "Convert_SequenceNodeOfSequenceOfArray1OfPoles", 
          "cls": "memfun", 
          "extern": "1", 
          "const": "1", 
          "throws": true, 
          "virtuality": "virtual"
        }
      ], 
      "cls": "class"
    }, 
    {
      "name": "Convert_ConicToBSplineCurve", 
      "abstract": false, 
      "constructors": [
        {
          "returnType": "", 
          "arguments": [
            {
              "decl": "const Convert_ConicToBSplineCurve &", 
              "type": "Convert_ConicToBSplineCurve", 
              "name": "arg0"
            }
          ], 
          "name": "Convert_ConicToBSplineCurve", 
          "parent": "Convert_ConicToBSplineCurve", 
          "cls": "constructor", 
          "artificial": "1", 
          "throws": true, 
          "copyConstructor": true
        }
      ], 
      "artificial": "1", 
      "bases": [], 
      "location": [
        "/usr/local/include/oce/Convert_ConicToBSplineCurve.hxx", 
        71
      ], 
      "members": [
        {
          "returnType": "Standard_Integer", 
          "arguments": [], 
          "name": "Degree", 
          "parent": "Convert_ConicToBSplineCurve", 
          "cls": "memfun", 
          "extern": "1", 
          "const": "1", 
          "throws": true
        }, 
        {
          "returnType": "Standard_Integer", 
          "arguments": [], 
          "name": "NbPoles", 
          "parent": "Convert_ConicToBSplineCurve", 
          "cls": "memfun", 
          "extern": "1", 
          "const": "1", 
          "throws": true
        }, 
        {
          "returnType": "Standard_Integer", 
          "arguments": [], 
          "name": "NbKnots", 
          "parent": "Convert_ConicToBSplineCurve", 
          "cls": "memfun", 
          "extern": "1", 
          "const": "1", 
          "throws": true
        }, 
        {
          "returnType": "Standard_Boolean", 
          "arguments": [], 
          "name": "IsPeriodic", 
          "parent": "Convert_ConicToBSplineCurve", 
          "cls": "memfun", 
          "extern": "1", 
          "const": "1", 
          "throws": true
        }, 
        {
          "returnType": "gp_Pnt2d", 
          "arguments": [
            {
              "decl": "const Standard_Integer", 
              "type": "Standard_Integer", 
              "name": "Index"
            }
          ], 
          "name": "Pole", 
          "parent": "Convert_ConicToBSplineCurve", 
          "cls": "memfun", 
          "extern": "1", 
          "const": "1", 
          "throws": true
        }, 
        {
          "returnType": "Standard_Real", 
          "arguments": [
            {
              "decl": "const Standard_Integer", 
              "type": "Standard_Integer", 
              "name": "Index"
            }
          ], 
          "name": "Weight", 
          "parent": "Convert_ConicToBSplineCurve", 
          "cls": "memfun", 
          "extern": "1", 
          "const": "1", 
          "throws": true
        }, 
        {
          "returnType": "Standard_Real", 
          "arguments": [
            {
              "decl": "const Standard_Integer", 
              "type": "Standard_Integer", 
              "name": "Index"
            }
          ], 
          "name": "Knot", 
          "parent": "Convert_ConicToBSplineCurve", 
          "cls": "memfun", 
          "extern": "1", 
          "const": "1", 
          "throws": true
        }, 
        {
          "returnType": "Standard_Integer", 
          "arguments": [
            {
              "decl": "const Standard_Integer", 
              "type": "Standard_Integer", 
              "name": "Index"
            }
          ], 
          "name": "Multiplicity", 
          "parent": "Convert_ConicToBSplineCurve", 
          "cls": "memfun", 
          "extern": "1", 
          "const": "1", 
          "throws": true
        }, 
        {
          "returnType": "void", 
          "arguments": [
            {
              "decl": "const Convert_ParameterisationType", 
              "type": "Convert_ParameterisationType", 
              "name": "Parametrisation"
            }, 
            {
              "decl": "Handle_TColStd_HArray1OfReal &", 
              "type": "Handle_TColStd_HArray1OfReal", 
              "name": "CosNumerator"
            }, 
            {
              "decl": "Handle_TColStd_HArray1OfReal &", 
              "type": "Handle_TColStd_HArray1OfReal", 
              "name": "SinNumerator"
            }, 
            {
              "decl": "Handle_TColStd_HArray1OfReal &", 
              "type": "Handle_TColStd_HArray1OfReal", 
              "name": "Denominator"
            }, 
            {
              "decl": "Standard_Integer &", 
              "type": "Standard_Integer", 
              "name": "Degree"
            }, 
            {
              "decl": "Handle_TColStd_HArray1OfReal &", 
              "type": "Handle_TColStd_HArray1OfReal", 
              "name": "Knots"
            }, 
            {
              "decl": "Handle_TColStd_HArray1OfInteger &", 
              "type": "Handle_TColStd_HArray1OfInteger", 
              "name": "Mults"
            }
          ], 
          "name": "BuildCosAndSin", 
          "parent": "Convert_ConicToBSplineCurve", 
          "cls": "memfun", 
          "extern": "1", 
          "const": "1", 
          "throws": true
        }, 
        {
          "returnType": "void", 
          "arguments": [
            {
              "decl": "const Convert_ParameterisationType", 
              "type": "Convert_ParameterisationType", 
              "name": "Parametrisation"
            }, 
            {
              "decl": "const Standard_Real", 
              "type": "Standard_Real", 
              "name": "UFirst"
            }, 
            {
              "decl": "const Standard_Real", 
              "type": "Standard_Real", 
              "name": "ULast"
            }, 
            {
              "decl": "Handle_TColStd_HArray1OfReal &", 
              "type": "Handle_TColStd_HArray1OfReal", 
              "name": "CosNumerator"
            }, 
            {
              "decl": "Handle_TColStd_HArray1OfReal &", 
              "type": "Handle_TColStd_HArray1OfReal", 
              "name": "SinNumerator"
            }, 
            {
              "decl": "Handle_TColStd_HArray1OfReal &", 
              "type": "Handle_TColStd_HArray1OfReal", 
              "name": "Denominator"
            }, 
            {
              "decl": "Standard_Integer &", 
              "type": "Standard_Integer", 
              "name": "Degree"
            }, 
            {
              "decl": "Handle_TColStd_HArray1OfReal &", 
              "type": "Handle_TColStd_HArray1OfReal", 
              "name": "Knots"
            }, 
            {
              "decl": "Handle_TColStd_HArray1OfInteger &", 
              "type": "Handle_TColStd_HArray1OfInteger", 
              "name": "Mults"
            }
          ], 
          "name": "BuildCosAndSin", 
          "parent": "Convert_ConicToBSplineCurve", 
          "cls": "memfun", 
          "extern": "1", 
          "const": "1", 
          "throws": true
        }
      ], 
      "cls": "class"
    }, 
    {
      "name": "Convert_CompBezierCurvesToBSplineCurve", 
      "abstract": false, 
      "constructors": [
        {
          "returnType": "", 
          "arguments": [
            {
              "decl": "const Standard_Real", 
              "type": "Standard_Real", 
              "name": "AngularTolerance", 
              "default": "1.00000000000000004792173602385929598312941379845142364502e-4"
            }
          ], 
          "name": "Convert_CompBezierCurvesToBSplineCurve", 
          "parent": "Convert_CompBezierCurvesToBSplineCurve", 
          "cls": "constructor", 
          "extern": "1", 
          "throws": true
        }
      ], 
      "artificial": "1", 
      "bases": [], 
      "location": [
        "/usr/local/include/oce/Convert_CompBezierCurvesToBSplineCurve.hxx", 
        55
      ], 
      "members": [
        {
          "returnType": "void", 
          "arguments": [
            {
              "decl": "const TColgp_Array1OfPnt &", 
              "type": "TColgp_Array1OfPnt", 
              "name": "Poles"
            }
          ], 
          "name": "AddCurve", 
          "parent": "Convert_CompBezierCurvesToBSplineCurve", 
          "cls": "memfun", 
          "extern": "1", 
          "throws": true
        }, 
        {
          "returnType": "void", 
          "arguments": [], 
          "name": "Perform", 
          "parent": "Convert_CompBezierCurvesToBSplineCurve", 
          "cls": "memfun", 
          "extern": "1", 
          "throws": true
        }, 
        {
          "returnType": "Standard_Integer", 
          "arguments": [], 
          "name": "Degree", 
          "parent": "Convert_CompBezierCurvesToBSplineCurve", 
          "cls": "memfun", 
          "extern": "1", 
          "const": "1", 
          "throws": true
        }, 
        {
          "returnType": "Standard_Integer", 
          "arguments": [], 
          "name": "NbPoles", 
          "parent": "Convert_CompBezierCurvesToBSplineCurve", 
          "cls": "memfun", 
          "extern": "1", 
          "const": "1", 
          "throws": true
        }, 
        {
          "returnType": "void", 
          "arguments": [
            {
              "decl": "TColgp_Array1OfPnt &", 
              "type": "TColgp_Array1OfPnt", 
              "name": "Poles"
            }
          ], 
          "name": "Poles", 
          "parent": "Convert_CompBezierCurvesToBSplineCurve", 
          "cls": "memfun", 
          "extern": "1", 
          "const": "1", 
          "throws": true
        }, 
        {
          "returnType": "Standard_Integer", 
          "arguments": [], 
          "name": "NbKnots", 
          "parent": "Convert_CompBezierCurvesToBSplineCurve", 
          "cls": "memfun", 
          "extern": "1", 
          "const": "1", 
          "throws": true
        }, 
        {
          "returnType": "void", 
          "arguments": [
            {
              "decl": "TColStd_Array1OfReal &", 
              "type": "TColStd_Array1OfReal", 
              "name": "Knots"
            }, 
            {
              "decl": "TColStd_Array1OfInteger &", 
              "type": "TColStd_Array1OfInteger", 
              "name": "Mults"
            }
          ], 
          "name": "KnotsAndMults", 
          "parent": "Convert_CompBezierCurvesToBSplineCurve", 
          "cls": "memfun", 
          "extern": "1", 
          "const": "1", 
          "throws": true
        }
      ], 
      "cls": "class"
    }, 
    {
      "name": "Convert_GridPolynomialToPoles", 
      "abstract": false, 
      "constructors": [
        {
          "returnType": "", 
          "arguments": [
            {
              "decl": "const Convert_GridPolynomialToPoles &", 
              "type": "Convert_GridPolynomialToPoles", 
              "name": "arg0"
            }
          ], 
          "name": "Convert_GridPolynomialToPoles", 
          "parent": "Convert_GridPolynomialToPoles", 
          "cls": "constructor", 
          "artificial": "1", 
          "throws": true, 
          "copyConstructor": true
        }, 
        {
          "returnType": "", 
          "arguments": [
            {
              "decl": "const Standard_Integer", 
              "type": "Standard_Integer", 
              "name": "MaxUDegree"
            }, 
            {
              "decl": "const Standard_Integer", 
              "type": "Standard_Integer", 
              "name": "MaxVDegree"
            }, 
            {
              "decl": "const Handle_TColStd_HArray1OfInteger &", 
              "type": "Handle_TColStd_HArray1OfInteger", 
              "name": "NumCoeff"
            }, 
            {
              "decl": "const Handle_TColStd_HArray1OfReal &", 
              "type": "Handle_TColStd_HArray1OfReal", 
              "name": "Coefficients"
            }, 
            {
              "decl": "const Handle_TColStd_HArray1OfReal &", 
              "type": "Handle_TColStd_HArray1OfReal", 
              "name": "PolynomialUIntervals"
            }, 
            {
              "decl": "const Handle_TColStd_HArray1OfReal &", 
              "type": "Handle_TColStd_HArray1OfReal", 
              "name": "PolynomialVIntervals"
            }
          ], 
          "name": "Convert_GridPolynomialToPoles", 
          "parent": "Convert_GridPolynomialToPoles", 
          "cls": "constructor", 
          "extern": "1", 
          "throws": true
        }, 
        {
          "returnType": "", 
          "arguments": [
            {
              "decl": "const Standard_Integer", 
              "type": "Standard_Integer", 
              "name": "NbUSurfaces"
            }, 
            {
              "decl": "const Standard_Integer", 
              "type": "Standard_Integer", 
              "name": "NBVSurfaces"
            }, 
            {
              "decl": "const Standard_Integer", 
              "type": "Standard_Integer", 
              "name": "UContinuity"
            }, 
            {
              "decl": "const Standard_Integer", 
              "type": "Standard_Integer", 
              "name": "VContinuity"
            }, 
            {
              "decl": "const Standard_Integer", 
              "type": "Standard_Integer", 
              "name": "MaxUDegree"
            }, 
            {
              "decl": "const Standard_Integer", 
              "type": "Standard_Integer", 
              "name": "MaxVDegree"
            }, 
            {
              "decl": "const Handle_TColStd_HArray2OfInteger &", 
              "type": "Handle_TColStd_HArray2OfInteger", 
              "name": "NumCoeffPerSurface"
            }, 
            {
              "decl": "const Handle_TColStd_HArray1OfReal &", 
              "type": "Handle_TColStd_HArray1OfReal", 
              "name": "Coefficients"
            }, 
            {
              "decl": "const Handle_TColStd_HArray1OfReal &", 
              "type": "Handle_TColStd_HArray1OfReal", 
              "name": "PolynomialUIntervals"
            }, 
            {
              "decl": "const Handle_TColStd_HArray1OfReal &", 
              "type": "Handle_TColStd_HArray1OfReal", 
              "name": "PolynomialVIntervals"
            }, 
            {
              "decl": "const Handle_TColStd_HArray1OfReal &", 
              "type": "Handle_TColStd_HArray1OfReal", 
              "name": "TrueUIntervals"
            }, 
            {
              "decl": "const Handle_TColStd_HArray1OfReal &", 
              "type": "Handle_TColStd_HArray1OfReal", 
              "name": "TrueVIntervals"
            }
          ], 
          "name": "Convert_GridPolynomialToPoles", 
          "parent": "Convert_GridPolynomialToPoles", 
          "cls": "constructor", 
          "extern": "1", 
          "throws": true
        }
      ], 
      "artificial": "1", 
      "bases": [], 
      "location": [
        "/usr/local/include/oce/Convert_GridPolynomialToPoles.hxx", 
        46
      ], 
      "members": [
        {
          "returnType": "void", 
          "arguments": [
            {
              "decl": "const Standard_Integer", 
              "type": "Standard_Integer", 
              "name": "UContinuity"
            }, 
            {
              "decl": "const Standard_Integer", 
              "type": "Standard_Integer", 
              "name": "VContinuity"
            }, 
            {
              "decl": "const Standard_Integer", 
              "type": "Standard_Integer", 
              "name": "MaxUDegree"
            }, 
            {
              "decl": "const Standard_Integer", 
              "type": "Standard_Integer", 
              "name": "MaxVDegree"
            }, 
            {
              "decl": "const Handle_TColStd_HArray2OfInteger &", 
              "type": "Handle_TColStd_HArray2OfInteger", 
              "name": "NumCoeffPerSurface"
            }, 
            {
              "decl": "const Handle_TColStd_HArray1OfReal &", 
              "type": "Handle_TColStd_HArray1OfReal", 
              "name": "Coefficients"
            }, 
            {
              "decl": "const Handle_TColStd_HArray1OfReal &", 
              "type": "Handle_TColStd_HArray1OfReal", 
              "name": "PolynomialUIntervals"
            }, 
            {
              "decl": "const Handle_TColStd_HArray1OfReal &", 
              "type": "Handle_TColStd_HArray1OfReal", 
              "name": "PolynomialVIntervals"
            }, 
            {
              "decl": "const Handle_TColStd_HArray1OfReal &", 
              "type": "Handle_TColStd_HArray1OfReal", 
              "name": "TrueUIntervals"
            }, 
            {
              "decl": "const Handle_TColStd_HArray1OfReal &", 
              "type": "Handle_TColStd_HArray1OfReal", 
              "name": "TrueVIntervals"
            }
          ], 
          "name": "Perform", 
          "parent": "Convert_GridPolynomialToPoles", 
          "cls": "memfun", 
          "extern": "1", 
          "throws": true
        }, 
        {
          "returnType": "Standard_Integer", 
          "arguments": [], 
          "name": "NbUPoles", 
          "parent": "Convert_GridPolynomialToPoles", 
          "cls": "memfun", 
          "extern": "1", 
          "const": "1", 
          "throws": true
        }, 
        {
          "returnType": "Standard_Integer", 
          "arguments": [], 
          "name": "NbVPoles", 
          "parent": "Convert_GridPolynomialToPoles", 
          "cls": "memfun", 
          "extern": "1", 
          "const": "1", 
          "throws": true
        }, 
        {
          "returnType": "Handle_TColgp_HArray2OfPnt const &", 
          "arguments": [], 
          "name": "Poles", 
          "parent": "Convert_GridPolynomialToPoles", 
          "cls": "memfun", 
          "extern": "1", 
          "const": "1", 
          "throws": true
        }, 
        {
          "returnType": "Standard_Integer", 
          "arguments": [], 
          "name": "UDegree", 
          "parent": "Convert_GridPolynomialToPoles", 
          "cls": "memfun", 
          "extern": "1", 
          "const": "1", 
          "throws": true
        }, 
        {
          "returnType": "Standard_Integer", 
          "arguments": [], 
          "name": "VDegree", 
          "parent": "Convert_GridPolynomialToPoles", 
          "cls": "memfun", 
          "extern": "1", 
          "const": "1", 
          "throws": true
        }, 
        {
          "returnType": "Standard_Integer", 
          "arguments": [], 
          "name": "NbUKnots", 
          "parent": "Convert_GridPolynomialToPoles", 
          "cls": "memfun", 
          "extern": "1", 
          "const": "1", 
          "throws": true
        }, 
        {
          "returnType": "Standard_Integer", 
          "arguments": [], 
          "name": "NbVKnots", 
          "parent": "Convert_GridPolynomialToPoles", 
          "cls": "memfun", 
          "extern": "1", 
          "const": "1", 
          "throws": true
        }, 
        {
          "returnType": "Handle_TColStd_HArray1OfReal const &", 
          "arguments": [], 
          "name": "UKnots", 
          "parent": "Convert_GridPolynomialToPoles", 
          "cls": "memfun", 
          "extern": "1", 
          "const": "1", 
          "throws": true
        }, 
        {
          "returnType": "Handle_TColStd_HArray1OfReal const &", 
          "arguments": [], 
          "name": "VKnots", 
          "parent": "Convert_GridPolynomialToPoles", 
          "cls": "memfun", 
          "extern": "1", 
          "const": "1", 
          "throws": true
        }, 
        {
          "returnType": "Handle_TColStd_HArray1OfInteger const &", 
          "arguments": [], 
          "name": "UMultiplicities", 
          "parent": "Convert_GridPolynomialToPoles", 
          "cls": "memfun", 
          "extern": "1", 
          "const": "1", 
          "throws": true
        }, 
        {
          "returnType": "Handle_TColStd_HArray1OfInteger const &", 
          "arguments": [], 
          "name": "VMultiplicities", 
          "parent": "Convert_GridPolynomialToPoles", 
          "cls": "memfun", 
          "extern": "1", 
          "const": "1", 
          "throws": true
        }, 
        {
          "returnType": "Standard_Boolean", 
          "arguments": [], 
          "name": "IsDone", 
          "parent": "Convert_GridPolynomialToPoles", 
          "cls": "memfun", 
          "extern": "1", 
          "const": "1", 
          "throws": true
        }
      ], 
      "cls": "class"
    }, 
    {
      "name": "Convert_ConeToBSplineSurface", 
      "abstract": false, 
      "constructors": [
        {
          "returnType": "", 
          "arguments": [
            {
              "decl": "const gp_Cone &", 
              "type": "gp_Cone", 
              "name": "C"
            }, 
            {
              "decl": "const Standard_Real", 
              "type": "Standard_Real", 
              "name": "U1"
            }, 
            {
              "decl": "const Standard_Real", 
              "type": "Standard_Real", 
              "name": "U2"
            }, 
            {
              "decl": "const Standard_Real", 
              "type": "Standard_Real", 
              "name": "V1"
            }, 
            {
              "decl": "const Standard_Real", 
              "type": "Standard_Real", 
              "name": "V2"
            }
          ], 
          "name": "Convert_ConeToBSplineSurface", 
          "parent": "Convert_ConeToBSplineSurface", 
          "cls": "constructor", 
          "extern": "1", 
          "throws": true
        }, 
        {
          "returnType": "", 
          "arguments": [
            {
              "decl": "const gp_Cone &", 
              "type": "gp_Cone", 
              "name": "C"
            }, 
            {
              "decl": "const Standard_Real", 
              "type": "Standard_Real", 
              "name": "V1"
            }, 
            {
              "decl": "const Standard_Real", 
              "type": "Standard_Real", 
              "name": "V2"
            }
          ], 
          "name": "Convert_ConeToBSplineSurface", 
          "parent": "Convert_ConeToBSplineSurface", 
          "cls": "constructor", 
          "extern": "1", 
          "throws": true
        }
      ], 
      "artificial": "1", 
      "bases": [
        {
          "access": "public", 
          "name": "Convert_ElementarySurfaceToBSplineSurface"
        }
      ], 
      "location": [
        "/usr/local/include/oce/Convert_ConeToBSplineSurface.hxx", 
        42
      ], 
      "members": [], 
      "cls": "class"
    }, 
    {
      "name": "Convert_ElementarySurfaceToBSplineSurface", 
      "abstract": false, 
      "constructors": [], 
      "artificial": "1", 
      "bases": [], 
      "location": [
        "/usr/local/include/oce/Convert_ElementarySurfaceToBSplineSurface.hxx", 
        73
      ], 
      "members": [
        {
          "returnType": "Standard_Integer", 
          "arguments": [], 
          "name": "UDegree", 
          "parent": "Convert_ElementarySurfaceToBSplineSurface", 
          "cls": "memfun", 
          "extern": "1", 
          "const": "1", 
          "throws": true
        }, 
        {
          "returnType": "Standard_Integer", 
          "arguments": [], 
          "name": "VDegree", 
          "parent": "Convert_ElementarySurfaceToBSplineSurface", 
          "cls": "memfun", 
          "extern": "1", 
          "const": "1", 
          "throws": true
        }, 
        {
          "returnType": "Standard_Integer", 
          "arguments": [], 
          "name": "NbUPoles", 
          "parent": "Convert_ElementarySurfaceToBSplineSurface", 
          "cls": "memfun", 
          "extern": "1", 
          "const": "1", 
          "throws": true
        }, 
        {
          "returnType": "Standard_Integer", 
          "arguments": [], 
          "name": "NbVPoles", 
          "parent": "Convert_ElementarySurfaceToBSplineSurface", 
          "cls": "memfun", 
          "extern": "1", 
          "const": "1", 
          "throws": true
        }, 
        {
          "returnType": "Standard_Integer", 
          "arguments": [], 
          "name": "NbUKnots", 
          "parent": "Convert_ElementarySurfaceToBSplineSurface", 
          "cls": "memfun", 
          "extern": "1", 
          "const": "1", 
          "throws": true
        }, 
        {
          "returnType": "Standard_Integer", 
          "arguments": [], 
          "name": "NbVKnots", 
          "parent": "Convert_ElementarySurfaceToBSplineSurface", 
          "cls": "memfun", 
          "extern": "1", 
          "const": "1", 
          "throws": true
        }, 
        {
          "returnType": "Standard_Boolean", 
          "arguments": [], 
          "name": "IsUPeriodic", 
          "parent": "Convert_ElementarySurfaceToBSplineSurface", 
          "cls": "memfun", 
          "extern": "1", 
          "const": "1", 
          "throws": true
        }, 
        {
          "returnType": "Standard_Boolean", 
          "arguments": [], 
          "name": "IsVPeriodic", 
          "parent": "Convert_ElementarySurfaceToBSplineSurface", 
          "cls": "memfun", 
          "extern": "1", 
          "const": "1", 
          "throws": true
        }, 
        {
          "returnType": "gp_Pnt", 
          "arguments": [
            {
              "decl": "const Standard_Integer", 
              "type": "Standard_Integer", 
              "name": "UIndex"
            }, 
            {
              "decl": "const Standard_Integer", 
              "type": "Standard_Integer", 
              "name": "VIndex"
            }
          ], 
          "name": "Pole", 
          "parent": "Convert_ElementarySurfaceToBSplineSurface", 
          "cls": "memfun", 
          "extern": "1", 
          "const": "1", 
          "throws": true
        }, 
        {
          "returnType": "Standard_Real", 
          "arguments": [
            {
              "decl": "const Standard_Integer", 
              "type": "Standard_Integer", 
              "name": "UIndex"
            }, 
            {
              "decl": "const Standard_Integer", 
              "type": "Standard_Integer", 
              "name": "VIndex"
            }
          ], 
          "name": "Weight", 
          "parent": "Convert_ElementarySurfaceToBSplineSurface", 
          "cls": "memfun", 
          "extern": "1", 
          "const": "1", 
          "throws": true
        }, 
        {
          "returnType": "Standard_Real", 
          "arguments": [
            {
              "decl": "const Standard_Integer", 
              "type": "Standard_Integer", 
              "name": "UIndex"
            }
          ], 
          "name": "UKnot", 
          "parent": "Convert_ElementarySurfaceToBSplineSurface", 
          "cls": "memfun", 
          "extern": "1", 
          "const": "1", 
          "throws": true
        }, 
        {
          "returnType": "Standard_Real", 
          "arguments": [
            {
              "decl": "const Standard_Integer", 
              "type": "Standard_Integer", 
              "name": "UIndex"
            }
          ], 
          "name": "VKnot", 
          "parent": "Convert_ElementarySurfaceToBSplineSurface", 
          "cls": "memfun", 
          "extern": "1", 
          "const": "1", 
          "throws": true
        }, 
        {
          "returnType": "Standard_Integer", 
          "arguments": [
            {
              "decl": "const Standard_Integer", 
              "type": "Standard_Integer", 
              "name": "UIndex"
            }
          ], 
          "name": "UMultiplicity", 
          "parent": "Convert_ElementarySurfaceToBSplineSurface", 
          "cls": "memfun", 
          "extern": "1", 
          "const": "1", 
          "throws": true
        }, 
        {
          "returnType": "Standard_Integer", 
          "arguments": [
            {
              "decl": "const Standard_Integer", 
              "type": "Standard_Integer", 
              "name": "VIndex"
            }
          ], 
          "name": "VMultiplicity", 
          "parent": "Convert_ElementarySurfaceToBSplineSurface", 
          "cls": "memfun", 
          "extern": "1", 
          "const": "1", 
          "throws": true
        }
      ], 
      "cls": "class"
    }, 
    {
      "name": "Convert_TorusToBSplineSurface", 
      "abstract": false, 
      "constructors": [
        {
          "returnType": "", 
          "arguments": [
            {
              "decl": "const gp_Torus &", 
              "type": "gp_Torus", 
              "name": "T"
            }, 
            {
              "decl": "const Standard_Real", 
              "type": "Standard_Real", 
              "name": "U1"
            }, 
            {
              "decl": "const Standard_Real", 
              "type": "Standard_Real", 
              "name": "U2"
            }, 
            {
              "decl": "const Standard_Real", 
              "type": "Standard_Real", 
              "name": "V1"
            }, 
            {
              "decl": "const Standard_Real", 
              "type": "Standard_Real", 
              "name": "V2"
            }
          ], 
          "name": "Convert_TorusToBSplineSurface", 
          "parent": "Convert_TorusToBSplineSurface", 
          "cls": "constructor", 
          "extern": "1", 
          "throws": true
        }, 
        {
          "returnType": "", 
          "arguments": [
            {
              "decl": "const gp_Torus &", 
              "type": "gp_Torus", 
              "name": "T"
            }, 
            {
              "decl": "const Standard_Real", 
              "type": "Standard_Real", 
              "name": "Param1"
            }, 
            {
              "decl": "const Standard_Real", 
              "type": "Standard_Real", 
              "name": "Param2"
            }, 
            {
              "decl": "const Standard_Boolean", 
              "type": "Standard_Boolean", 
              "name": "UTrim", 
              "default": "true"
            }
          ], 
          "name": "Convert_TorusToBSplineSurface", 
          "parent": "Convert_TorusToBSplineSurface", 
          "cls": "constructor", 
          "extern": "1", 
          "throws": true
        }, 
        {
          "returnType": "", 
          "arguments": [
            {
              "decl": "const gp_Torus &", 
              "type": "gp_Torus", 
              "name": "T"
            }
          ], 
          "name": "Convert_TorusToBSplineSurface", 
          "parent": "Convert_TorusToBSplineSurface", 
          "cls": "constructor", 
          "extern": "1", 
          "throws": true
        }
      ], 
      "artificial": "1", 
      "bases": [
        {
          "access": "public", 
          "name": "Convert_ElementarySurfaceToBSplineSurface"
        }
      ], 
      "location": [
        "/usr/local/include/oce/Convert_TorusToBSplineSurface.hxx", 
        44
      ], 
      "members": [], 
      "cls": "class"
    }, 
    {
      "name": "Convert_HyperbolaToBSplineCurve", 
      "abstract": false, 
      "constructors": [
        {
          "returnType": "", 
          "arguments": [
            {
              "decl": "const Convert_HyperbolaToBSplineCurve &", 
              "type": "Convert_HyperbolaToBSplineCurve", 
              "name": "arg0"
            }
          ], 
          "name": "Convert_HyperbolaToBSplineCurve", 
          "parent": "Convert_HyperbolaToBSplineCurve", 
          "cls": "constructor", 
          "artificial": "1", 
          "throws": true, 
          "copyConstructor": true
        }, 
        {
          "returnType": "", 
          "arguments": [
            {
              "decl": "const gp_Hypr2d &", 
              "type": "gp_Hypr2d", 
              "name": "H"
            }, 
            {
              "decl": "const Standard_Real", 
              "type": "Standard_Real", 
              "name": "U1"
            }, 
            {
              "decl": "const Standard_Real", 
              "type": "Standard_Real", 
              "name": "U2"
            }
          ], 
          "name": "Convert_HyperbolaToBSplineCurve", 
          "parent": "Convert_HyperbolaToBSplineCurve", 
          "cls": "constructor", 
          "extern": "1", 
          "throws": true
        }
      ], 
      "artificial": "1", 
      "bases": [
        {
          "access": "public", 
          "name": "Convert_ConicToBSplineCurve"
        }
      ], 
      "location": [
        "/usr/local/include/oce/Convert_HyperbolaToBSplineCurve.hxx", 
        39
      ], 
      "members": [], 
      "cls": "class"
    }, 
    {
      "name": "Convert_ParabolaToBSplineCurve", 
      "abstract": false, 
      "constructors": [
        {
          "returnType": "", 
          "arguments": [
            {
              "decl": "const Convert_ParabolaToBSplineCurve &", 
              "type": "Convert_ParabolaToBSplineCurve", 
              "name": "arg0"
            }
          ], 
          "name": "Convert_ParabolaToBSplineCurve", 
          "parent": "Convert_ParabolaToBSplineCurve", 
          "cls": "constructor", 
          "artificial": "1", 
          "throws": true, 
          "copyConstructor": true
        }, 
        {
          "returnType": "", 
          "arguments": [
            {
              "decl": "const gp_Parab2d &", 
              "type": "gp_Parab2d", 
              "name": "Prb"
            }, 
            {
              "decl": "const Standard_Real", 
              "type": "Standard_Real", 
              "name": "U1"
            }, 
            {
              "decl": "const Standard_Real", 
              "type": "Standard_Real", 
              "name": "U2"
            }
          ], 
          "name": "Convert_ParabolaToBSplineCurve", 
          "parent": "Convert_ParabolaToBSplineCurve", 
          "cls": "constructor", 
          "extern": "1", 
          "throws": true
        }
      ], 
      "artificial": "1", 
      "bases": [
        {
          "access": "public", 
          "name": "Convert_ConicToBSplineCurve"
        }
      ], 
      "location": [
        "/usr/local/include/oce/Convert_ParabolaToBSplineCurve.hxx", 
        38
      ], 
      "members": [], 
      "cls": "class"
    }, 
    {
      "name": "Convert_EllipseToBSplineCurve", 
      "abstract": false, 
      "constructors": [
        {
          "returnType": "", 
          "arguments": [
            {
              "decl": "const Convert_EllipseToBSplineCurve &", 
              "type": "Convert_EllipseToBSplineCurve", 
              "name": "arg0"
            }
          ], 
          "name": "Convert_EllipseToBSplineCurve", 
          "parent": "Convert_EllipseToBSplineCurve", 
          "cls": "constructor", 
          "artificial": "1", 
          "throws": true, 
          "copyConstructor": true
        }, 
        {
          "returnType": "", 
          "arguments": [
            {
              "decl": "const gp_Elips2d &", 
              "type": "gp_Elips2d", 
              "name": "E"
            }, 
            {
              "decl": "const Convert_ParameterisationType", 
              "type": "Convert_ParameterisationType", 
              "name": "Parameterisation", 
              "default": "::Convert_TgtThetaOver2"
            }
          ], 
          "name": "Convert_EllipseToBSplineCurve", 
          "parent": "Convert_EllipseToBSplineCurve", 
          "cls": "constructor", 
          "extern": "1", 
          "throws": true
        }, 
        {
          "returnType": "", 
          "arguments": [
            {
              "decl": "const gp_Elips2d &", 
              "type": "gp_Elips2d", 
              "name": "E"
            }, 
            {
              "decl": "const Standard_Real", 
              "type": "Standard_Real", 
              "name": "U1"
            }, 
            {
              "decl": "const Standard_Real", 
              "type": "Standard_Real", 
              "name": "U2"
            }, 
            {
              "decl": "const Convert_ParameterisationType", 
              "type": "Convert_ParameterisationType", 
              "name": "Parameterisation", 
              "default": "::Convert_TgtThetaOver2"
            }
          ], 
          "name": "Convert_EllipseToBSplineCurve", 
          "parent": "Convert_EllipseToBSplineCurve", 
          "cls": "constructor", 
          "extern": "1", 
          "throws": true
        }
      ], 
      "artificial": "1", 
      "bases": [
        {
          "access": "public", 
          "name": "Convert_ConicToBSplineCurve"
        }
      ], 
      "location": [
        "/usr/local/include/oce/Convert_EllipseToBSplineCurve.hxx", 
        43
      ], 
      "members": [], 
      "cls": "class"
    }, 
    {
      "name": "Convert_SequenceOfArray1OfPoles", 
      "abstract": false, 
      "constructors": [
        {
          "returnType": "", 
          "arguments": [], 
          "name": "Convert_SequenceOfArray1OfPoles", 
          "parent": "Convert_SequenceOfArray1OfPoles", 
          "cls": "constructor", 
          "throws": true
        }
      ], 
      "artificial": "1", 
      "bases": [
        {
          "access": "public", 
          "name": "TCollection_BaseSequence"
        }
      ], 
      "location": [
        "/usr/local/include/oce/Convert_SequenceOfArray1OfPoles.hxx", 
        38
      ], 
      "members": [
        {
          "returnType": "void", 
          "arguments": [], 
          "name": "Clear", 
          "parent": "Convert_SequenceOfArray1OfPoles", 
          "cls": "memfun", 
          "extern": "1", 
          "throws": true
        }, 
        {
          "returnType": "Convert_SequenceOfArray1OfPoles const &", 
          "arguments": [
            {
              "decl": "const Convert_SequenceOfArray1OfPoles &", 
              "type": "Convert_SequenceOfArray1OfPoles", 
              "name": "Other"
            }
          ], 
          "name": "Assign", 
          "parent": "Convert_SequenceOfArray1OfPoles", 
          "cls": "memfun", 
          "extern": "1", 
          "throws": true
        }, 
        {
          "returnType": "void", 
          "arguments": [
            {
              "decl": "const Handle_TColgp_HArray1OfPnt &", 
              "type": "Handle_TColgp_HArray1OfPnt", 
              "name": "T"
            }
          ], 
          "name": "Append", 
          "parent": "Convert_SequenceOfArray1OfPoles", 
          "cls": "memfun", 
          "extern": "1", 
          "throws": true
        }, 
        {
          "returnType": "void", 
          "arguments": [
            {
              "decl": "Convert_SequenceOfArray1OfPoles &", 
              "type": "Convert_SequenceOfArray1OfPoles", 
              "name": "S"
            }
          ], 
          "name": "Append", 
          "parent": "Convert_SequenceOfArray1OfPoles", 
          "cls": "memfun", 
          "throws": true
        }, 
        {
          "returnType": "void", 
          "arguments": [
            {
              "decl": "const Handle_TColgp_HArray1OfPnt &", 
              "type": "Handle_TColgp_HArray1OfPnt", 
              "name": "T"
            }
          ], 
          "name": "Prepend", 
          "parent": "Convert_SequenceOfArray1OfPoles", 
          "cls": "memfun", 
          "extern": "1", 
          "throws": true
        }, 
        {
          "returnType": "void", 
          "arguments": [
            {
              "decl": "Convert_SequenceOfArray1OfPoles &", 
              "type": "Convert_SequenceOfArray1OfPoles", 
              "name": "S"
            }
          ], 
          "name": "Prepend", 
          "parent": "Convert_SequenceOfArray1OfPoles", 
          "cls": "memfun", 
          "throws": true
        }, 
        {
          "returnType": "void", 
          "arguments": [
            {
              "decl": "const Standard_Integer", 
              "type": "Standard_Integer", 
              "name": "Index"
            }, 
            {
              "decl": "const Handle_TColgp_HArray1OfPnt &", 
              "type": "Handle_TColgp_HArray1OfPnt", 
              "name": "I"
            }
          ], 
          "name": "InsertBefore", 
          "parent": "Convert_SequenceOfArray1OfPoles", 
          "cls": "memfun", 
          "throws": true
        }, 
        {
          "returnType": "void", 
          "arguments": [
            {
              "decl": "const Standard_Integer", 
              "type": "Standard_Integer", 
              "name": "Index"
            }, 
            {
              "decl": "Convert_SequenceOfArray1OfPoles &", 
              "type": "Convert_SequenceOfArray1OfPoles", 
              "name": "S"
            }
          ], 
          "name": "InsertBefore", 
          "parent": "Convert_SequenceOfArray1OfPoles", 
          "cls": "memfun", 
          "throws": true
        }, 
        {
          "returnType": "void", 
          "arguments": [
            {
              "decl": "const Standard_Integer", 
              "type": "Standard_Integer", 
              "name": "Index"
            }, 
            {
              "decl": "const Handle_TColgp_HArray1OfPnt &", 
              "type": "Handle_TColgp_HArray1OfPnt", 
              "name": "T"
            }
          ], 
          "name": "InsertAfter", 
          "parent": "Convert_SequenceOfArray1OfPoles", 
          "cls": "memfun", 
          "extern": "1", 
          "throws": true
        }, 
        {
          "returnType": "void", 
          "arguments": [
            {
              "decl": "const Standard_Integer", 
              "type": "Standard_Integer", 
              "name": "Index"
            }, 
            {
              "decl": "Convert_SequenceOfArray1OfPoles &", 
              "type": "Convert_SequenceOfArray1OfPoles", 
              "name": "S"
            }
          ], 
          "name": "InsertAfter", 
          "parent": "Convert_SequenceOfArray1OfPoles", 
          "cls": "memfun", 
          "throws": true
        }, 
        {
          "returnType": "Handle_TColgp_HArray1OfPnt const &", 
          "arguments": [], 
          "name": "First", 
          "parent": "Convert_SequenceOfArray1OfPoles", 
          "cls": "memfun", 
          "extern": "1", 
          "const": "1", 
          "throws": true
        }, 
        {
          "returnType": "Handle_TColgp_HArray1OfPnt const &", 
          "arguments": [], 
          "name": "Last", 
          "parent": "Convert_SequenceOfArray1OfPoles", 
          "cls": "memfun", 
          "extern": "1", 
          "const": "1", 
          "throws": true
        }, 
        {
          "returnType": "void", 
          "arguments": [
            {
              "decl": "const Standard_Integer", 
              "type": "Standard_Integer", 
              "name": "Index"
            }, 
            {
              "decl": "Convert_SequenceOfArray1OfPoles &", 
              "type": "Convert_SequenceOfArray1OfPoles", 
              "name": "S"
            }
          ], 
          "name": "Split", 
          "parent": "Convert_SequenceOfArray1OfPoles", 
          "cls": "memfun", 
          "throws": true
        }, 
        {
          "returnType": "Handle_TColgp_HArray1OfPnt const &", 
          "arguments": [
            {
              "decl": "const Standard_Integer", 
              "type": "Standard_Integer", 
              "name": "Index"
            }
          ], 
          "name": "Value", 
          "parent": "Convert_SequenceOfArray1OfPoles", 
          "cls": "memfun", 
          "extern": "1", 
          "const": "1", 
          "throws": true
        }, 
        {
          "returnType": "void", 
          "arguments": [
            {
              "decl": "const Standard_Integer", 
              "type": "Standard_Integer", 
              "name": "Index"
            }, 
            {
              "decl": "const Handle_TColgp_HArray1OfPnt &", 
              "type": "Handle_TColgp_HArray1OfPnt", 
              "name": "I"
            }
          ], 
          "name": "SetValue", 
          "parent": "Convert_SequenceOfArray1OfPoles", 
          "cls": "memfun", 
          "extern": "1", 
          "throws": true
        }, 
        {
          "returnType": "Handle_TColgp_HArray1OfPnt &", 
          "arguments": [
            {
              "decl": "const Standard_Integer", 
              "type": "Standard_Integer", 
              "name": "Index"
            }
          ], 
          "name": "ChangeValue", 
          "parent": "Convert_SequenceOfArray1OfPoles", 
          "cls": "memfun", 
          "extern": "1", 
          "throws": true
        }, 
        {
          "returnType": "void", 
          "arguments": [
            {
              "decl": "const Standard_Integer", 
              "type": "Standard_Integer", 
              "name": "Index"
            }
          ], 
          "name": "Remove", 
          "parent": "Convert_SequenceOfArray1OfPoles", 
          "cls": "memfun", 
          "extern": "1", 
          "throws": true
        }, 
        {
          "returnType": "void", 
          "arguments": [
            {
              "decl": "const Standard_Integer", 
              "type": "Standard_Integer", 
              "name": "FromIndex"
            }, 
            {
              "decl": "const Standard_Integer", 
              "type": "Standard_Integer", 
              "name": "ToIndex"
            }
          ], 
          "name": "Remove", 
          "parent": "Convert_SequenceOfArray1OfPoles", 
          "cls": "memfun", 
          "extern": "1", 
          "throws": true
        }
      ], 
      "cls": "class"
    }, 
    {
      "name": "Convert_CompPolynomialToPoles", 
      "abstract": false, 
      "constructors": [
        {
          "returnType": "", 
          "arguments": [
            {
              "decl": "const Convert_CompPolynomialToPoles &", 
              "type": "Convert_CompPolynomialToPoles", 
              "name": "arg0"
            }
          ], 
          "name": "Convert_CompPolynomialToPoles", 
          "parent": "Convert_CompPolynomialToPoles", 
          "cls": "constructor", 
          "artificial": "1", 
          "throws": true, 
          "copyConstructor": true
        }, 
        {
          "returnType": "", 
          "arguments": [
            {
              "decl": "const Standard_Integer", 
              "type": "Standard_Integer", 
              "name": "NumCurves"
            }, 
            {
              "decl": "const Standard_Integer", 
              "type": "Standard_Integer", 
              "name": "Continuity"
            }, 
            {
              "decl": "const Standard_Integer", 
              "type": "Standard_Integer", 
              "name": "Dimension"
            }, 
            {
              "decl": "const Standard_Integer", 
              "type": "Standard_Integer", 
              "name": "MaxDegree"
            }, 
            {
              "decl": "const Handle_TColStd_HArray1OfInteger &", 
              "type": "Handle_TColStd_HArray1OfInteger", 
              "name": "NumCoeffPerCurve"
            }, 
            {
              "decl": "const Handle_TColStd_HArray1OfReal &", 
              "type": "Handle_TColStd_HArray1OfReal", 
              "name": "Coefficients"
            }, 
            {
              "decl": "const Handle_TColStd_HArray2OfReal &", 
              "type": "Handle_TColStd_HArray2OfReal", 
              "name": "PolynomialIntervals"
            }, 
            {
              "decl": "const Handle_TColStd_HArray1OfReal &", 
              "type": "Handle_TColStd_HArray1OfReal", 
              "name": "TrueIntervals"
            }
          ], 
          "name": "Convert_CompPolynomialToPoles", 
          "parent": "Convert_CompPolynomialToPoles", 
          "cls": "constructor", 
          "extern": "1", 
          "throws": true
        }, 
        {
          "returnType": "", 
          "arguments": [
            {
              "decl": "const Standard_Integer", 
              "type": "Standard_Integer", 
              "name": "NumCurves"
            }, 
            {
              "decl": "const Standard_Integer", 
              "type": "Standard_Integer", 
              "name": "Dimension"
            }, 
            {
              "decl": "const Standard_Integer", 
              "type": "Standard_Integer", 
              "name": "MaxDegree"
            }, 
            {
              "decl": "const TColStd_Array1OfInteger &", 
              "type": "TColStd_Array1OfInteger", 
              "name": "Continuity"
            }, 
            {
              "decl": "const TColStd_Array1OfInteger &", 
              "type": "TColStd_Array1OfInteger", 
              "name": "NumCoeffPerCurve"
            }, 
            {
              "decl": "const TColStd_Array1OfReal &", 
              "type": "TColStd_Array1OfReal", 
              "name": "Coefficients"
            }, 
            {
              "decl": "const TColStd_Array2OfReal &", 
              "type": "TColStd_Array2OfReal", 
              "name": "PolynomialIntervals"
            }, 
            {
              "decl": "const TColStd_Array1OfReal &", 
              "type": "TColStd_Array1OfReal", 
              "name": "TrueIntervals"
            }
          ], 
          "name": "Convert_CompPolynomialToPoles", 
          "parent": "Convert_CompPolynomialToPoles", 
          "cls": "constructor", 
          "extern": "1", 
          "throws": true
        }, 
        {
          "returnType": "", 
          "arguments": [
            {
              "decl": "const Standard_Integer", 
              "type": "Standard_Integer", 
              "name": "Dimension"
            }, 
            {
              "decl": "const Standard_Integer", 
              "type": "Standard_Integer", 
              "name": "MaxDegree"
            }, 
            {
              "decl": "const Standard_Integer", 
              "type": "Standard_Integer", 
              "name": "Degree"
            }, 
            {
              "decl": "const TColStd_Array1OfReal &", 
              "type": "TColStd_Array1OfReal", 
              "name": "Coefficients"
            }, 
            {
              "decl": "const TColStd_Array1OfReal &", 
              "type": "TColStd_Array1OfReal", 
              "name": "PolynomialIntervals"
            }, 
            {
              "decl": "const TColStd_Array1OfReal &", 
              "type": "TColStd_Array1OfReal", 
              "name": "TrueIntervals"
            }
          ], 
          "name": "Convert_CompPolynomialToPoles", 
          "parent": "Convert_CompPolynomialToPoles", 
          "cls": "constructor", 
          "extern": "1", 
          "throws": true
        }
      ], 
      "artificial": "1", 
      "bases": [], 
      "location": [
        "/usr/local/include/oce/Convert_CompPolynomialToPoles.hxx", 
        65
      ], 
      "members": [
        {
          "returnType": "Standard_Integer", 
          "arguments": [], 
          "name": "NbPoles", 
          "parent": "Convert_CompPolynomialToPoles", 
          "cls": "memfun", 
          "extern": "1", 
          "const": "1", 
          "throws": true
        }, 
        {
          "returnType": "void", 
          "arguments": [
            {
              "decl": "Handle_TColStd_HArray2OfReal &", 
              "type": "Handle_TColStd_HArray2OfReal", 
              "name": "Poles"
            }
          ], 
          "name": "Poles", 
          "parent": "Convert_CompPolynomialToPoles", 
          "cls": "memfun", 
          "extern": "1", 
          "const": "1", 
          "throws": true
        }, 
        {
          "returnType": "Standard_Integer", 
          "arguments": [], 
          "name": "Degree", 
          "parent": "Convert_CompPolynomialToPoles", 
          "cls": "memfun", 
          "extern": "1", 
          "const": "1", 
          "throws": true
        }, 
        {
          "returnType": "Standard_Integer", 
          "arguments": [], 
          "name": "NbKnots", 
          "parent": "Convert_CompPolynomialToPoles", 
          "cls": "memfun", 
          "extern": "1", 
          "const": "1", 
          "throws": true
        }, 
        {
          "returnType": "void", 
          "arguments": [
            {
              "decl": "Handle_TColStd_HArray1OfReal &", 
              "type": "Handle_TColStd_HArray1OfReal", 
              "name": "K"
            }
          ], 
          "name": "Knots", 
          "parent": "Convert_CompPolynomialToPoles", 
          "cls": "memfun", 
          "extern": "1", 
          "const": "1", 
          "throws": true
        }, 
        {
          "returnType": "void", 
          "arguments": [
            {
              "decl": "Handle_TColStd_HArray1OfInteger &", 
              "type": "Handle_TColStd_HArray1OfInteger", 
              "name": "M"
            }
          ], 
          "name": "Multiplicities", 
          "parent": "Convert_CompPolynomialToPoles", 
          "cls": "memfun", 
          "extern": "1", 
          "const": "1", 
          "throws": true
        }, 
        {
          "returnType": "Standard_Boolean", 
          "arguments": [], 
          "name": "IsDone", 
          "parent": "Convert_CompPolynomialToPoles", 
          "cls": "memfun", 
          "extern": "1", 
          "const": "1", 
          "throws": true
        }
      ], 
      "cls": "class"
    }, 
    {
      "name": "Convert_CircleToBSplineCurve", 
      "abstract": false, 
      "constructors": [
        {
          "returnType": "", 
          "arguments": [
            {
              "decl": "const Convert_CircleToBSplineCurve &", 
              "type": "Convert_CircleToBSplineCurve", 
              "name": "arg0"
            }
          ], 
          "name": "Convert_CircleToBSplineCurve", 
          "parent": "Convert_CircleToBSplineCurve", 
          "cls": "constructor", 
          "artificial": "1", 
          "throws": true, 
          "copyConstructor": true
        }, 
        {
          "returnType": "", 
          "arguments": [
            {
              "decl": "const gp_Circ2d &", 
              "type": "gp_Circ2d", 
              "name": "C"
            }, 
            {
              "decl": "const Convert_ParameterisationType", 
              "type": "Convert_ParameterisationType", 
              "name": "Parameterisation", 
              "default": "::Convert_TgtThetaOver2"
            }
          ], 
          "name": "Convert_CircleToBSplineCurve", 
          "parent": "Convert_CircleToBSplineCurve", 
          "cls": "constructor", 
          "extern": "1", 
          "throws": true
        }, 
        {
          "returnType": "", 
          "arguments": [
            {
              "decl": "const gp_Circ2d &", 
              "type": "gp_Circ2d", 
              "name": "C"
            }, 
            {
              "decl": "const Standard_Real", 
              "type": "Standard_Real", 
              "name": "U1"
            }, 
            {
              "decl": "const Standard_Real", 
              "type": "Standard_Real", 
              "name": "U2"
            }, 
            {
              "decl": "const Convert_ParameterisationType", 
              "type": "Convert_ParameterisationType", 
              "name": "Parameterisation", 
              "default": "::Convert_TgtThetaOver2"
            }
          ], 
          "name": "Convert_CircleToBSplineCurve", 
          "parent": "Convert_CircleToBSplineCurve", 
          "cls": "constructor", 
          "extern": "1", 
          "throws": true
        }
      ], 
      "artificial": "1", 
      "bases": [
        {
          "access": "public", 
          "name": "Convert_ConicToBSplineCurve"
        }
      ], 
      "location": [
        "/usr/local/include/oce/Convert_CircleToBSplineCurve.hxx", 
        45
      ], 
      "members": [], 
      "cls": "class"
    }, 
    {
      "name": "Convert_CylinderToBSplineSurface", 
      "abstract": false, 
      "constructors": [
        {
          "returnType": "", 
          "arguments": [
            {
              "decl": "const gp_Cylinder &", 
              "type": "gp_Cylinder", 
              "name": "Cyl"
            }, 
            {
              "decl": "const Standard_Real", 
              "type": "Standard_Real", 
              "name": "U1"
            }, 
            {
              "decl": "const Standard_Real", 
              "type": "Standard_Real", 
              "name": "U2"
            }, 
            {
              "decl": "const Standard_Real", 
              "type": "Standard_Real", 
              "name": "V1"
            }, 
            {
              "decl": "const Standard_Real", 
              "type": "Standard_Real", 
              "name": "V2"
            }
          ], 
          "name": "Convert_CylinderToBSplineSurface", 
          "parent": "Convert_CylinderToBSplineSurface", 
          "cls": "constructor", 
          "extern": "1", 
          "throws": true
        }, 
        {
          "returnType": "", 
          "arguments": [
            {
              "decl": "const gp_Cylinder &", 
              "type": "gp_Cylinder", 
              "name": "Cyl"
            }, 
            {
              "decl": "const Standard_Real", 
              "type": "Standard_Real", 
              "name": "V1"
            }, 
            {
              "decl": "const Standard_Real", 
              "type": "Standard_Real", 
              "name": "V2"
            }
          ], 
          "name": "Convert_CylinderToBSplineSurface", 
          "parent": "Convert_CylinderToBSplineSurface", 
          "cls": "constructor", 
          "extern": "1", 
          "throws": true
        }
      ], 
      "artificial": "1", 
      "bases": [
        {
          "access": "public", 
          "name": "Convert_ElementarySurfaceToBSplineSurface"
        }
      ], 
      "location": [
        "/usr/local/include/oce/Convert_CylinderToBSplineSurface.hxx", 
        40
      ], 
      "members": [], 
      "cls": "class"
    }, 
    {
      "name": "Handle_Convert_SequenceNodeOfSequenceOfArray1OfPoles", 
      "abstract": false, 
      "constructors": [
        {
          "returnType": "", 
          "arguments": [], 
          "name": "Handle_Convert_SequenceNodeOfSequenceOfArray1OfPoles", 
          "parent": "Handle_Convert_SequenceNodeOfSequenceOfArray1OfPoles", 
          "cls": "constructor", 
          "throws": true
        }, 
        {
          "returnType": "", 
          "arguments": [
            {
              "decl": "const Handle_Convert_SequenceNodeOfSequenceOfArray1OfPoles &", 
              "type": "Handle_Convert_SequenceNodeOfSequenceOfArray1OfPoles", 
              "name": "aHandle"
            }
          ], 
          "name": "Handle_Convert_SequenceNodeOfSequenceOfArray1OfPoles", 
          "parent": "Handle_Convert_SequenceNodeOfSequenceOfArray1OfPoles", 
          "cls": "constructor", 
          "throws": true, 
          "copyConstructor": true
        }, 
        {
          "returnType": "", 
          "arguments": [
            {
              "decl": "const Convert_SequenceNodeOfSequenceOfArray1OfPoles *", 
              "type": "Convert_SequenceNodeOfSequenceOfArray1OfPoles", 
              "name": "anItem"
            }
          ], 
          "name": "Handle_Convert_SequenceNodeOfSequenceOfArray1OfPoles", 
          "parent": "Handle_Convert_SequenceNodeOfSequenceOfArray1OfPoles", 
          "cls": "constructor", 
          "throws": true
        }
      ], 
      "artificial": "1", 
      "bases": [
        {
          "access": "public", 
          "name": "Handle_TCollection_SeqNode"
        }
      ], 
      "location": [
        "/usr/local/include/oce/Handle_Convert_SequenceNodeOfSequenceOfArray1OfPoles.hxx", 
        25
      ], 
      "members": [
        {
          "returnType": "Handle_Convert_SequenceNodeOfSequenceOfArray1OfPoles", 
          "arguments": [
            {
              "decl": "const Handle_Standard_Transient &", 
              "type": "Handle_Standard_Transient", 
              "name": "AnObject"
            }
          ], 
          "name": "DownCast", 
          "parent": "Handle_Convert_SequenceNodeOfSequenceOfArray1OfPoles", 
          "cls": "memfun", 
          "static": "1", 
          "extern": "1", 
          "throws": true
        }
      ], 
      "cls": "class"
    }, 
    {
      "name": "Convert_CompBezierCurves2dToBSplineCurve2d", 
      "abstract": false, 
      "constructors": [
        {
          "returnType": "", 
          "arguments": [
            {
              "decl": "const Standard_Real", 
              "type": "Standard_Real", 
              "name": "AngularTolerance", 
              "default": "1.00000000000000004792173602385929598312941379845142364502e-4"
            }
          ], 
          "name": "Convert_CompBezierCurves2dToBSplineCurve2d", 
          "parent": "Convert_CompBezierCurves2dToBSplineCurve2d", 
          "cls": "constructor", 
          "extern": "1", 
          "throws": true
        }
      ], 
      "artificial": "1", 
      "bases": [], 
      "location": [
        "/usr/local/include/oce/Convert_CompBezierCurves2dToBSplineCurve2d.hxx", 
        50
      ], 
      "members": [
        {
          "returnType": "void", 
          "arguments": [
            {
              "decl": "const TColgp_Array1OfPnt2d &", 
              "type": "TColgp_Array1OfPnt2d", 
              "name": "Poles"
            }
          ], 
          "name": "AddCurve", 
          "parent": "Convert_CompBezierCurves2dToBSplineCurve2d", 
          "cls": "memfun", 
          "extern": "1", 
          "throws": true
        }, 
        {
          "returnType": "void", 
          "arguments": [], 
          "name": "Perform", 
          "parent": "Convert_CompBezierCurves2dToBSplineCurve2d", 
          "cls": "memfun", 
          "extern": "1", 
          "throws": true
        }, 
        {
          "returnType": "Standard_Integer", 
          "arguments": [], 
          "name": "Degree", 
          "parent": "Convert_CompBezierCurves2dToBSplineCurve2d", 
          "cls": "memfun", 
          "extern": "1", 
          "const": "1", 
          "throws": true
        }, 
        {
          "returnType": "Standard_Integer", 
          "arguments": [], 
          "name": "NbPoles", 
          "parent": "Convert_CompBezierCurves2dToBSplineCurve2d", 
          "cls": "memfun", 
          "extern": "1", 
          "const": "1", 
          "throws": true
        }, 
        {
          "returnType": "void", 
          "arguments": [
            {
              "decl": "TColgp_Array1OfPnt2d &", 
              "type": "TColgp_Array1OfPnt2d", 
              "name": "Poles"
            }
          ], 
          "name": "Poles", 
          "parent": "Convert_CompBezierCurves2dToBSplineCurve2d", 
          "cls": "memfun", 
          "extern": "1", 
          "const": "1", 
          "throws": true
        }, 
        {
          "returnType": "Standard_Integer", 
          "arguments": [], 
          "name": "NbKnots", 
          "parent": "Convert_CompBezierCurves2dToBSplineCurve2d", 
          "cls": "memfun", 
          "extern": "1", 
          "const": "1", 
          "throws": true
        }, 
        {
          "returnType": "void", 
          "arguments": [
            {
              "decl": "TColStd_Array1OfReal &", 
              "type": "TColStd_Array1OfReal", 
              "name": "Knots"
            }, 
            {
              "decl": "TColStd_Array1OfInteger &", 
              "type": "TColStd_Array1OfInteger", 
              "name": "Mults"
            }
          ], 
          "name": "KnotsAndMults", 
          "parent": "Convert_CompBezierCurves2dToBSplineCurve2d", 
          "cls": "memfun", 
          "extern": "1", 
          "const": "1", 
          "throws": true
        }
      ], 
      "cls": "class"
    }, 
    {
      "name": "Convert_SphereToBSplineSurface", 
      "abstract": false, 
      "constructors": [
        {
          "returnType": "", 
          "arguments": [
            {
              "decl": "const gp_Sphere &", 
              "type": "gp_Sphere", 
              "name": "Sph"
            }, 
            {
              "decl": "const Standard_Real", 
              "type": "Standard_Real", 
              "name": "U1"
            }, 
            {
              "decl": "const Standard_Real", 
              "type": "Standard_Real", 
              "name": "U2"
            }, 
            {
              "decl": "const Standard_Real", 
              "type": "Standard_Real", 
              "name": "V1"
            }, 
            {
              "decl": "const Standard_Real", 
              "type": "Standard_Real", 
              "name": "V2"
            }
          ], 
          "name": "Convert_SphereToBSplineSurface", 
          "parent": "Convert_SphereToBSplineSurface", 
          "cls": "constructor", 
          "extern": "1", 
          "throws": true
        }, 
        {
          "returnType": "", 
          "arguments": [
            {
              "decl": "const gp_Sphere &", 
              "type": "gp_Sphere", 
              "name": "Sph"
            }, 
            {
              "decl": "const Standard_Real", 
              "type": "Standard_Real", 
              "name": "Param1"
            }, 
            {
              "decl": "const Standard_Real", 
              "type": "Standard_Real", 
              "name": "Param2"
            }, 
            {
              "decl": "const Standard_Boolean", 
              "type": "Standard_Boolean", 
              "name": "UTrim", 
              "default": "true"
            }
          ], 
          "name": "Convert_SphereToBSplineSurface", 
          "parent": "Convert_SphereToBSplineSurface", 
          "cls": "constructor", 
          "extern": "1", 
          "throws": true
        }, 
        {
          "returnType": "", 
          "arguments": [
            {
              "decl": "const gp_Sphere &", 
              "type": "gp_Sphere", 
              "name": "Sph"
            }
          ], 
          "name": "Convert_SphereToBSplineSurface", 
          "parent": "Convert_SphereToBSplineSurface", 
          "cls": "constructor", 
          "extern": "1", 
          "throws": true
        }
      ], 
      "artificial": "1", 
      "bases": [
        {
          "access": "public", 
          "name": "Convert_ElementarySurfaceToBSplineSurface"
        }
      ], 
      "location": [
        "/usr/local/include/oce/Convert_SphereToBSplineSurface.hxx", 
        44
      ], 
      "members": [], 
      "cls": "class"
    }
  ], 
  "headers": [
    "Convert_SequenceNodeOfSequenceOfArray1OfPoles.hxx", 
    "Convert_SequenceOfArray1OfPoles.hxx", 
    "Convert_CompBezierCurvesToBSplineCurve.hxx", 
    "Convert_CylinderToBSplineSurface.hxx", 
    "Convert_CompPolynomialToPoles.hxx", 
    "Convert_EllipseToBSplineCurve.hxx", 
    "Convert_ParabolaToBSplineCurve.hxx", 
    "Convert_ConeToBSplineSurface.hxx", 
    "Convert_GridPolynomialToPoles.hxx", 
    "Convert_CircleToBSplineCurve.hxx", 
    "Convert_SphereToBSplineSurface.hxx", 
    "Convert_PolynomialCosAndSin.hxx", 
    "Convert_ConicToBSplineCurve.hxx", 
    "Convert_ElementarySurfaceToBSplineSurface.hxx", 
    "Convert_CosAndSinEvalFunction.hxx", 
    "Convert_ParameterisationType.hxx", 
    "Convert_TorusToBSplineSurface.hxx", 
    "Convert_HyperbolaToBSplineCurve.hxx", 
    "Convert_SequenceOfArray1OfPoles2d.hxx", 
    "Convert_CompBezierCurves2dToBSplineCurve2d.hxx"
  ], 
  "enums": [
    {
      "values": [
        [
          "Convert_TgtThetaOver2", 
          0
        ], 
        [
          "Convert_TgtThetaOver2_1", 
          1
        ], 
        [
          "Convert_TgtThetaOver2_2", 
          2
        ], 
        [
          "Convert_TgtThetaOver2_3", 
          3
        ], 
        [
          "Convert_TgtThetaOver2_4", 
          4
        ], 
        [
          "Convert_QuasiAngular", 
          5
        ], 
        [
          "Convert_RationalC1", 
          6
        ], 
        [
          "Convert_Polynomial", 
          7
        ]
      ], 
      "name": "Convert_ParameterisationType", 
      "cls": "enum"
    }
  ], 
  "typedefs": [
    {
      "type": "TColgp_SequenceOfArray1OfPnt2d", 
      "name": "Convert_SequenceOfArray1OfPoles2d", 
      "cls": "typedef"
    }, 
    {
      "type": "void (*)( ::Standard_Real,::Standard_Integer,::TColgp_Array1OfPnt2d const &,::TColStd_Array1OfReal const &,::TColStd_Array1OfInteger const &,::Standard_Real * )", 
      "name": "Convert_CosAndSinEvalFunction", 
      "cls": "typedef"
    }
  ], 
  "name": "Convert"
}