{
  "classes": [
    {
      "name": "CPnts_UniformDeflection", 
      "abstract": false, 
      "constructors": [
        {
          "returnType": "", 
          "arguments": [
            {
              "decl": "const CPnts_UniformDeflection &", 
              "type": "CPnts_UniformDeflection", 
              "name": "arg0"
            }
          ], 
          "name": "CPnts_UniformDeflection", 
          "parent": "CPnts_UniformDeflection", 
          "cls": "constructor", 
          "artificial": "1", 
          "copyConstructor": true
        }, 
        {
          "returnType": "", 
          "arguments": [], 
          "name": "CPnts_UniformDeflection", 
          "parent": "CPnts_UniformDeflection", 
          "cls": "constructor", 
          "extern": "1", 
          "throws": true
        }, 
        {
          "returnType": "", 
          "arguments": [
            {
              "decl": "const Adaptor3d_Curve &", 
              "type": "Adaptor3d_Curve", 
              "name": "C"
            }, 
            {
              "decl": "const Standard_Real", 
              "type": "Standard_Real", 
              "name": "Deflection"
            }, 
            {
              "decl": "const Standard_Real", 
              "type": "Standard_Real", 
              "name": "Resolution"
            }, 
            {
              "decl": "const Standard_Boolean", 
              "type": "Standard_Boolean", 
              "name": "WithControl"
            }
          ], 
          "name": "CPnts_UniformDeflection", 
          "parent": "CPnts_UniformDeflection", 
          "cls": "constructor", 
          "extern": "1", 
          "throws": true
        }, 
        {
          "returnType": "", 
          "arguments": [
            {
              "decl": "const Adaptor2d_Curve2d &", 
              "type": "Adaptor2d_Curve2d", 
              "name": "C"
            }, 
            {
              "decl": "const Standard_Real", 
              "type": "Standard_Real", 
              "name": "Deflection"
            }, 
            {
              "decl": "const Standard_Real", 
              "type": "Standard_Real", 
              "name": "Resolution"
            }, 
            {
              "decl": "const Standard_Boolean", 
              "type": "Standard_Boolean", 
              "name": "WithControl"
            }
          ], 
          "name": "CPnts_UniformDeflection", 
          "parent": "CPnts_UniformDeflection", 
          "cls": "constructor", 
          "extern": "1", 
          "throws": true
        }, 
        {
          "returnType": "", 
          "arguments": [
            {
              "decl": "const Adaptor3d_Curve &", 
              "type": "Adaptor3d_Curve", 
              "name": "C"
            }, 
            {
              "decl": "const Standard_Real", 
              "type": "Standard_Real", 
              "name": "Deflection"
            }, 
            {
              "decl": "const Standard_Real", 
              "type": "Standard_Real", 
              "name": "U1"
            }, 
            {
              "decl": "const Standard_Real", 
              "type": "Standard_Real", 
              "name": "U2"
            }, 
            {
              "decl": "const Standard_Real", 
              "type": "Standard_Real", 
              "name": "Resolution"
            }, 
            {
              "decl": "const Standard_Boolean", 
              "type": "Standard_Boolean", 
              "name": "WithControl"
            }
          ], 
          "name": "CPnts_UniformDeflection", 
          "parent": "CPnts_UniformDeflection", 
          "cls": "constructor", 
          "extern": "1", 
          "throws": true
        }, 
        {
          "returnType": "", 
          "arguments": [
            {
              "decl": "const Adaptor2d_Curve2d &", 
              "type": "Adaptor2d_Curve2d", 
              "name": "C"
            }, 
            {
              "decl": "const Standard_Real", 
              "type": "Standard_Real", 
              "name": "Deflection"
            }, 
            {
              "decl": "const Standard_Real", 
              "type": "Standard_Real", 
              "name": "U1"
            }, 
            {
              "decl": "const Standard_Real", 
              "type": "Standard_Real", 
              "name": "U2"
            }, 
            {
              "decl": "const Standard_Real", 
              "type": "Standard_Real", 
              "name": "Resolution"
            }, 
            {
              "decl": "const Standard_Boolean", 
              "type": "Standard_Boolean", 
              "name": "WithControl"
            }
          ], 
          "name": "CPnts_UniformDeflection", 
          "parent": "CPnts_UniformDeflection", 
          "cls": "constructor", 
          "extern": "1", 
          "throws": true
        }
      ], 
      "artificial": "1", 
      "bases": [], 
      "location": [
        "/usr/local/include/oce/CPnts_UniformDeflection.hxx", 
        65
      ], 
      "members": [
        {
          "returnType": "void", 
          "arguments": [
            {
              "decl": "const Adaptor3d_Curve &", 
              "type": "Adaptor3d_Curve", 
              "name": "C"
            }, 
            {
              "decl": "const Standard_Real", 
              "type": "Standard_Real", 
              "name": "Deflection"
            }, 
            {
              "decl": "const Standard_Real", 
              "type": "Standard_Real", 
              "name": "Resolution"
            }, 
            {
              "decl": "const Standard_Boolean", 
              "type": "Standard_Boolean", 
              "name": "WithControl"
            }
          ], 
          "name": "Initialize", 
          "parent": "CPnts_UniformDeflection", 
          "cls": "memfun", 
          "extern": "1", 
          "throws": true
        }, 
        {
          "returnType": "void", 
          "arguments": [
            {
              "decl": "const Adaptor2d_Curve2d &", 
              "type": "Adaptor2d_Curve2d", 
              "name": "C"
            }, 
            {
              "decl": "const Standard_Real", 
              "type": "Standard_Real", 
              "name": "Deflection"
            }, 
            {
              "decl": "const Standard_Real", 
              "type": "Standard_Real", 
              "name": "Resolution"
            }, 
            {
              "decl": "const Standard_Boolean", 
              "type": "Standard_Boolean", 
              "name": "WithControl"
            }
          ], 
          "name": "Initialize", 
          "parent": "CPnts_UniformDeflection", 
          "cls": "memfun", 
          "extern": "1", 
          "throws": true
        }, 
        {
          "returnType": "void", 
          "arguments": [
            {
              "decl": "const Adaptor3d_Curve &", 
              "type": "Adaptor3d_Curve", 
              "name": "C"
            }, 
            {
              "decl": "const Standard_Real", 
              "type": "Standard_Real", 
              "name": "Deflection"
            }, 
            {
              "decl": "const Standard_Real", 
              "type": "Standard_Real", 
              "name": "U1"
            }, 
            {
              "decl": "const Standard_Real", 
              "type": "Standard_Real", 
              "name": "U2"
            }, 
            {
              "decl": "const Standard_Real", 
              "type": "Standard_Real", 
              "name": "Resolution"
            }, 
            {
              "decl": "const Standard_Boolean", 
              "type": "Standard_Boolean", 
              "name": "WithControl"
            }
          ], 
          "name": "Initialize", 
          "parent": "CPnts_UniformDeflection", 
          "cls": "memfun", 
          "extern": "1", 
          "throws": true
        }, 
        {
          "returnType": "void", 
          "arguments": [
            {
              "decl": "const Adaptor2d_Curve2d &", 
              "type": "Adaptor2d_Curve2d", 
              "name": "C"
            }, 
            {
              "decl": "const Standard_Real", 
              "type": "Standard_Real", 
              "name": "Deflection"
            }, 
            {
              "decl": "const Standard_Real", 
              "type": "Standard_Real", 
              "name": "U1"
            }, 
            {
              "decl": "const Standard_Real", 
              "type": "Standard_Real", 
              "name": "U2"
            }, 
            {
              "decl": "const Standard_Real", 
              "type": "Standard_Real", 
              "name": "Resolution"
            }, 
            {
              "decl": "const Standard_Boolean", 
              "type": "Standard_Boolean", 
              "name": "WithControl"
            }
          ], 
          "name": "Initialize", 
          "parent": "CPnts_UniformDeflection", 
          "cls": "memfun", 
          "extern": "1", 
          "throws": true
        }, 
        {
          "returnType": "Standard_Boolean", 
          "arguments": [], 
          "name": "IsAllDone", 
          "parent": "CPnts_UniformDeflection", 
          "cls": "memfun", 
          "const": "1", 
          "throws": true
        }, 
        {
          "returnType": "void", 
          "arguments": [], 
          "name": "Next", 
          "parent": "CPnts_UniformDeflection", 
          "cls": "memfun", 
          "throws": true
        }, 
        {
          "returnType": "Standard_Boolean", 
          "arguments": [], 
          "name": "More", 
          "parent": "CPnts_UniformDeflection", 
          "cls": "memfun", 
          "extern": "1", 
          "throws": true
        }, 
        {
          "returnType": "Standard_Real", 
          "arguments": [], 
          "name": "Value", 
          "parent": "CPnts_UniformDeflection", 
          "cls": "memfun", 
          "const": "1", 
          "throws": true
        }, 
        {
          "returnType": "gp_Pnt", 
          "arguments": [], 
          "name": "Point", 
          "parent": "CPnts_UniformDeflection", 
          "cls": "memfun", 
          "const": "1", 
          "throws": true
        }
      ], 
      "cls": "class"
    }, 
    {
      "name": "CPnts_MyGaussFunction", 
      "abstract": false, 
      "constructors": [
        {
          "returnType": "", 
          "arguments": [
            {
              "decl": "const CPnts_MyGaussFunction &", 
              "type": "CPnts_MyGaussFunction", 
              "name": "arg0"
            }
          ], 
          "name": "CPnts_MyGaussFunction", 
          "parent": "CPnts_MyGaussFunction", 
          "cls": "constructor", 
          "artificial": "1", 
          "copyConstructor": true
        }, 
        {
          "returnType": "", 
          "arguments": [], 
          "name": "CPnts_MyGaussFunction", 
          "parent": "CPnts_MyGaussFunction", 
          "cls": "constructor", 
          "throws": true
        }
      ], 
      "artificial": "1", 
      "bases": [
        {
          "access": "public", 
          "name": "math_Function"
        }
      ], 
      "location": [
        "/usr/local/include/oce/CPnts_MyGaussFunction.hxx", 
        37
      ], 
      "members": [
        {
          "returnType": "void", 
          "arguments": [
            {
              "decl": "const CPnts_RealFunction &", 
              "type": "CPnts_RealFunction", 
              "name": "F"
            }, 
            {
              "decl": "const Standard_Address", 
              "type": "Standard_Address", 
              "name": "D"
            }
          ], 
          "name": "Init", 
          "parent": "CPnts_MyGaussFunction", 
          "cls": "memfun", 
          "extern": "1", 
          "throws": true
        }, 
        {
          "returnType": "Standard_Boolean", 
          "arguments": [
            {
              "decl": "const Standard_Real", 
              "type": "Standard_Real", 
              "name": "X"
            }, 
            {
              "decl": "Standard_Real &", 
              "type": "Standard_Real", 
              "name": "F"
            }
          ], 
          "name": "Value", 
          "parent": "CPnts_MyGaussFunction", 
          "cls": "memfun", 
          "extern": "1", 
          "throws": true, 
          "virtuality": "virtual"
        }
      ], 
      "cls": "class"
    }, 
    {
      "name": "CPnts_AbscissaPoint", 
      "abstract": false, 
      "constructors": [
        {
          "returnType": "", 
          "arguments": [
            {
              "decl": "const CPnts_AbscissaPoint &", 
              "type": "CPnts_AbscissaPoint", 
              "name": "arg0"
            }
          ], 
          "name": "CPnts_AbscissaPoint", 
          "parent": "CPnts_AbscissaPoint", 
          "cls": "constructor", 
          "artificial": "1", 
          "copyConstructor": true
        }, 
        {
          "returnType": "", 
          "arguments": [], 
          "name": "CPnts_AbscissaPoint", 
          "parent": "CPnts_AbscissaPoint", 
          "cls": "constructor", 
          "extern": "1", 
          "throws": true
        }, 
        {
          "returnType": "", 
          "arguments": [
            {
              "decl": "const Adaptor3d_Curve &", 
              "type": "Adaptor3d_Curve", 
              "name": "C"
            }, 
            {
              "decl": "const Standard_Real", 
              "type": "Standard_Real", 
              "name": "Abscissa"
            }, 
            {
              "decl": "const Standard_Real", 
              "type": "Standard_Real", 
              "name": "U0"
            }, 
            {
              "decl": "const Standard_Real", 
              "type": "Standard_Real", 
              "name": "Resolution"
            }
          ], 
          "name": "CPnts_AbscissaPoint", 
          "parent": "CPnts_AbscissaPoint", 
          "cls": "constructor", 
          "extern": "1", 
          "throws": true
        }, 
        {
          "returnType": "", 
          "arguments": [
            {
              "decl": "const Adaptor2d_Curve2d &", 
              "type": "Adaptor2d_Curve2d", 
              "name": "C"
            }, 
            {
              "decl": "const Standard_Real", 
              "type": "Standard_Real", 
              "name": "Abscissa"
            }, 
            {
              "decl": "const Standard_Real", 
              "type": "Standard_Real", 
              "name": "U0"
            }, 
            {
              "decl": "const Standard_Real", 
              "type": "Standard_Real", 
              "name": "Resolution"
            }
          ], 
          "name": "CPnts_AbscissaPoint", 
          "parent": "CPnts_AbscissaPoint", 
          "cls": "constructor", 
          "extern": "1", 
          "throws": true
        }, 
        {
          "returnType": "", 
          "arguments": [
            {
              "decl": "const Adaptor3d_Curve &", 
              "type": "Adaptor3d_Curve", 
              "name": "C"
            }, 
            {
              "decl": "const Standard_Real", 
              "type": "Standard_Real", 
              "name": "Abscissa"
            }, 
            {
              "decl": "const Standard_Real", 
              "type": "Standard_Real", 
              "name": "U0"
            }, 
            {
              "decl": "const Standard_Real", 
              "type": "Standard_Real", 
              "name": "Ui"
            }, 
            {
              "decl": "const Standard_Real", 
              "type": "Standard_Real", 
              "name": "Resolution"
            }
          ], 
          "name": "CPnts_AbscissaPoint", 
          "parent": "CPnts_AbscissaPoint", 
          "cls": "constructor", 
          "extern": "1", 
          "throws": true
        }, 
        {
          "returnType": "", 
          "arguments": [
            {
              "decl": "const Adaptor2d_Curve2d &", 
              "type": "Adaptor2d_Curve2d", 
              "name": "C"
            }, 
            {
              "decl": "const Standard_Real", 
              "type": "Standard_Real", 
              "name": "Abscissa"
            }, 
            {
              "decl": "const Standard_Real", 
              "type": "Standard_Real", 
              "name": "U0"
            }, 
            {
              "decl": "const Standard_Real", 
              "type": "Standard_Real", 
              "name": "Ui"
            }, 
            {
              "decl": "const Standard_Real", 
              "type": "Standard_Real", 
              "name": "Resolution"
            }
          ], 
          "name": "CPnts_AbscissaPoint", 
          "parent": "CPnts_AbscissaPoint", 
          "cls": "constructor", 
          "extern": "1", 
          "throws": true
        }
      ], 
      "artificial": "1", 
      "bases": [], 
      "location": [
        "/usr/local/include/oce/CPnts_AbscissaPoint.hxx", 
        42
      ], 
      "members": [
        {
          "returnType": "Standard_Real", 
          "arguments": [
            {
              "decl": "const Adaptor3d_Curve &", 
              "type": "Adaptor3d_Curve", 
              "name": "C"
            }
          ], 
          "name": "Length", 
          "parent": "CPnts_AbscissaPoint", 
          "cls": "memfun", 
          "static": "1", 
          "extern": "1", 
          "throws": true
        }, 
        {
          "returnType": "Standard_Real", 
          "arguments": [
            {
              "decl": "const Adaptor2d_Curve2d &", 
              "type": "Adaptor2d_Curve2d", 
              "name": "C"
            }
          ], 
          "name": "Length", 
          "parent": "CPnts_AbscissaPoint", 
          "cls": "memfun", 
          "static": "1", 
          "extern": "1", 
          "throws": true
        }, 
        {
          "returnType": "Standard_Real", 
          "arguments": [
            {
              "decl": "const Adaptor3d_Curve &", 
              "type": "Adaptor3d_Curve", 
              "name": "C"
            }, 
            {
              "decl": "const Standard_Real", 
              "type": "Standard_Real", 
              "name": "Tol"
            }
          ], 
          "name": "Length", 
          "parent": "CPnts_AbscissaPoint", 
          "cls": "memfun", 
          "static": "1", 
          "extern": "1", 
          "throws": true
        }, 
        {
          "returnType": "Standard_Real", 
          "arguments": [
            {
              "decl": "const Adaptor2d_Curve2d &", 
              "type": "Adaptor2d_Curve2d", 
              "name": "C"
            }, 
            {
              "decl": "const Standard_Real", 
              "type": "Standard_Real", 
              "name": "Tol"
            }
          ], 
          "name": "Length", 
          "parent": "CPnts_AbscissaPoint", 
          "cls": "memfun", 
          "static": "1", 
          "extern": "1", 
          "throws": true
        }, 
        {
          "returnType": "Standard_Real", 
          "arguments": [
            {
              "decl": "const Adaptor3d_Curve &", 
              "type": "Adaptor3d_Curve", 
              "name": "C"
            }, 
            {
              "decl": "const Standard_Real", 
              "type": "Standard_Real", 
              "name": "U1"
            }, 
            {
              "decl": "const Standard_Real", 
              "type": "Standard_Real", 
              "name": "U2"
            }
          ], 
          "name": "Length", 
          "parent": "CPnts_AbscissaPoint", 
          "cls": "memfun", 
          "static": "1", 
          "extern": "1", 
          "throws": true
        }, 
        {
          "returnType": "Standard_Real", 
          "arguments": [
            {
              "decl": "const Adaptor2d_Curve2d &", 
              "type": "Adaptor2d_Curve2d", 
              "name": "C"
            }, 
            {
              "decl": "const Standard_Real", 
              "type": "Standard_Real", 
              "name": "U1"
            }, 
            {
              "decl": "const Standard_Real", 
              "type": "Standard_Real", 
              "name": "U2"
            }
          ], 
          "name": "Length", 
          "parent": "CPnts_AbscissaPoint", 
          "cls": "memfun", 
          "static": "1", 
          "extern": "1", 
          "throws": true
        }, 
        {
          "returnType": "Standard_Real", 
          "arguments": [
            {
              "decl": "const Adaptor3d_Curve &", 
              "type": "Adaptor3d_Curve", 
              "name": "C"
            }, 
            {
              "decl": "const Standard_Real", 
              "type": "Standard_Real", 
              "name": "U1"
            }, 
            {
              "decl": "const Standard_Real", 
              "type": "Standard_Real", 
              "name": "U2"
            }, 
            {
              "decl": "const Standard_Real", 
              "type": "Standard_Real", 
              "name": "Tol"
            }
          ], 
          "name": "Length", 
          "parent": "CPnts_AbscissaPoint", 
          "cls": "memfun", 
          "static": "1", 
          "extern": "1", 
          "throws": true
        }, 
        {
          "returnType": "Standard_Real", 
          "arguments": [
            {
              "decl": "const Adaptor2d_Curve2d &", 
              "type": "Adaptor2d_Curve2d", 
              "name": "C"
            }, 
            {
              "decl": "const Standard_Real", 
              "type": "Standard_Real", 
              "name": "U1"
            }, 
            {
              "decl": "const Standard_Real", 
              "type": "Standard_Real", 
              "name": "U2"
            }, 
            {
              "decl": "const Standard_Real", 
              "type": "Standard_Real", 
              "name": "Tol"
            }
          ], 
          "name": "Length", 
          "parent": "CPnts_AbscissaPoint", 
          "cls": "memfun", 
          "static": "1", 
          "extern": "1", 
          "throws": true
        }, 
        {
          "returnType": "void", 
          "arguments": [
            {
              "decl": "const Adaptor3d_Curve &", 
              "type": "Adaptor3d_Curve", 
              "name": "C"
            }
          ], 
          "name": "Init", 
          "parent": "CPnts_AbscissaPoint", 
          "cls": "memfun", 
          "extern": "1", 
          "throws": true
        }, 
        {
          "returnType": "void", 
          "arguments": [
            {
              "decl": "const Adaptor2d_Curve2d &", 
              "type": "Adaptor2d_Curve2d", 
              "name": "C"
            }
          ], 
          "name": "Init", 
          "parent": "CPnts_AbscissaPoint", 
          "cls": "memfun", 
          "extern": "1", 
          "throws": true
        }, 
        {
          "returnType": "void", 
          "arguments": [
            {
              "decl": "const Adaptor3d_Curve &", 
              "type": "Adaptor3d_Curve", 
              "name": "C"
            }, 
            {
              "decl": "const Standard_Real", 
              "type": "Standard_Real", 
              "name": "Tol"
            }
          ], 
          "name": "Init", 
          "parent": "CPnts_AbscissaPoint", 
          "cls": "memfun", 
          "extern": "1", 
          "throws": true
        }, 
        {
          "returnType": "void", 
          "arguments": [
            {
              "decl": "const Adaptor2d_Curve2d &", 
              "type": "Adaptor2d_Curve2d", 
              "name": "C"
            }, 
            {
              "decl": "const Standard_Real", 
              "type": "Standard_Real", 
              "name": "Tol"
            }
          ], 
          "name": "Init", 
          "parent": "CPnts_AbscissaPoint", 
          "cls": "memfun", 
          "extern": "1", 
          "throws": true
        }, 
        {
          "returnType": "void", 
          "arguments": [
            {
              "decl": "const Adaptor3d_Curve &", 
              "type": "Adaptor3d_Curve", 
              "name": "C"
            }, 
            {
              "decl": "const Standard_Real", 
              "type": "Standard_Real", 
              "name": "U1"
            }, 
            {
              "decl": "const Standard_Real", 
              "type": "Standard_Real", 
              "name": "U2"
            }
          ], 
          "name": "Init", 
          "parent": "CPnts_AbscissaPoint", 
          "cls": "memfun", 
          "extern": "1", 
          "throws": true
        }, 
        {
          "returnType": "void", 
          "arguments": [
            {
              "decl": "const Adaptor2d_Curve2d &", 
              "type": "Adaptor2d_Curve2d", 
              "name": "C"
            }, 
            {
              "decl": "const Standard_Real", 
              "type": "Standard_Real", 
              "name": "U1"
            }, 
            {
              "decl": "const Standard_Real", 
              "type": "Standard_Real", 
              "name": "U2"
            }
          ], 
          "name": "Init", 
          "parent": "CPnts_AbscissaPoint", 
          "cls": "memfun", 
          "extern": "1", 
          "throws": true
        }, 
        {
          "returnType": "void", 
          "arguments": [
            {
              "decl": "const Adaptor3d_Curve &", 
              "type": "Adaptor3d_Curve", 
              "name": "C"
            }, 
            {
              "decl": "const Standard_Real", 
              "type": "Standard_Real", 
              "name": "U1"
            }, 
            {
              "decl": "const Standard_Real", 
              "type": "Standard_Real", 
              "name": "U2"
            }, 
            {
              "decl": "const Standard_Real", 
              "type": "Standard_Real", 
              "name": "Tol"
            }
          ], 
          "name": "Init", 
          "parent": "CPnts_AbscissaPoint", 
          "cls": "memfun", 
          "extern": "1", 
          "throws": true
        }, 
        {
          "returnType": "void", 
          "arguments": [
            {
              "decl": "const Adaptor2d_Curve2d &", 
              "type": "Adaptor2d_Curve2d", 
              "name": "C"
            }, 
            {
              "decl": "const Standard_Real", 
              "type": "Standard_Real", 
              "name": "U1"
            }, 
            {
              "decl": "const Standard_Real", 
              "type": "Standard_Real", 
              "name": "U2"
            }, 
            {
              "decl": "const Standard_Real", 
              "type": "Standard_Real", 
              "name": "Tol"
            }
          ], 
          "name": "Init", 
          "parent": "CPnts_AbscissaPoint", 
          "cls": "memfun", 
          "extern": "1", 
          "throws": true
        }, 
        {
          "returnType": "void", 
          "arguments": [
            {
              "decl": "const Standard_Real", 
              "type": "Standard_Real", 
              "name": "Abscissa"
            }, 
            {
              "decl": "const Standard_Real", 
              "type": "Standard_Real", 
              "name": "U0"
            }, 
            {
              "decl": "const Standard_Real", 
              "type": "Standard_Real", 
              "name": "Resolution"
            }
          ], 
          "name": "Perform", 
          "parent": "CPnts_AbscissaPoint", 
          "cls": "memfun", 
          "extern": "1", 
          "throws": true
        }, 
        {
          "returnType": "void", 
          "arguments": [
            {
              "decl": "const Standard_Real", 
              "type": "Standard_Real", 
              "name": "Abscissa"
            }, 
            {
              "decl": "const Standard_Real", 
              "type": "Standard_Real", 
              "name": "U0"
            }, 
            {
              "decl": "const Standard_Real", 
              "type": "Standard_Real", 
              "name": "Ui"
            }, 
            {
              "decl": "const Standard_Real", 
              "type": "Standard_Real", 
              "name": "Resolution"
            }
          ], 
          "name": "Perform", 
          "parent": "CPnts_AbscissaPoint", 
          "cls": "memfun", 
          "extern": "1", 
          "throws": true
        }, 
        {
          "returnType": "void", 
          "arguments": [
            {
              "decl": "const Standard_Real", 
              "type": "Standard_Real", 
              "name": "Abscissa"
            }, 
            {
              "decl": "const Standard_Real", 
              "type": "Standard_Real", 
              "name": "U0"
            }, 
            {
              "decl": "const Standard_Real", 
              "type": "Standard_Real", 
              "name": "Ui"
            }, 
            {
              "decl": "const Standard_Real", 
              "type": "Standard_Real", 
              "name": "Resolution"
            }
          ], 
          "name": "AdvPerform", 
          "parent": "CPnts_AbscissaPoint", 
          "cls": "memfun", 
          "extern": "1", 
          "throws": true
        }, 
        {
          "returnType": "Standard_Boolean", 
          "arguments": [], 
          "name": "IsDone", 
          "parent": "CPnts_AbscissaPoint", 
          "cls": "memfun", 
          "const": "1", 
          "throws": true
        }, 
        {
          "returnType": "Standard_Real", 
          "arguments": [], 
          "name": "Parameter", 
          "parent": "CPnts_AbscissaPoint", 
          "cls": "memfun", 
          "const": "1", 
          "throws": true
        }, 
        {
          "returnType": "void", 
          "arguments": [
            {
              "decl": "const Standard_Real", 
              "type": "Standard_Real", 
              "name": "P"
            }
          ], 
          "name": "SetParameter", 
          "parent": "CPnts_AbscissaPoint", 
          "cls": "memfun", 
          "throws": true
        }
      ], 
      "cls": "class"
    }, 
    {
      "name": "CPnts_MyRootFunction", 
      "abstract": false, 
      "constructors": [
        {
          "returnType": "", 
          "arguments": [
            {
              "decl": "const CPnts_MyRootFunction &", 
              "type": "CPnts_MyRootFunction", 
              "name": "arg0"
            }
          ], 
          "name": "CPnts_MyRootFunction", 
          "parent": "CPnts_MyRootFunction", 
          "cls": "constructor", 
          "artificial": "1", 
          "copyConstructor": true
        }, 
        {
          "returnType": "", 
          "arguments": [], 
          "name": "CPnts_MyRootFunction", 
          "parent": "CPnts_MyRootFunction", 
          "cls": "constructor", 
          "throws": true
        }
      ], 
      "artificial": "1", 
      "bases": [
        {
          "access": "public", 
          "name": "math_FunctionWithDerivative"
        }
      ], 
      "location": [
        "/usr/local/include/oce/CPnts_MyRootFunction.hxx", 
        44
      ], 
      "members": [
        {
          "returnType": "void", 
          "arguments": [
            {
              "decl": "const CPnts_RealFunction &", 
              "type": "CPnts_RealFunction", 
              "name": "F"
            }, 
            {
              "decl": "const Standard_Address", 
              "type": "Standard_Address", 
              "name": "D"
            }, 
            {
              "decl": "const Standard_Integer", 
              "type": "Standard_Integer", 
              "name": "Order"
            }
          ], 
          "name": "Init", 
          "parent": "CPnts_MyRootFunction", 
          "cls": "memfun", 
          "extern": "1", 
          "throws": true
        }, 
        {
          "returnType": "void", 
          "arguments": [
            {
              "decl": "const Standard_Real", 
              "type": "Standard_Real", 
              "name": "X0"
            }, 
            {
              "decl": "const Standard_Real", 
              "type": "Standard_Real", 
              "name": "L"
            }
          ], 
          "name": "Init", 
          "parent": "CPnts_MyRootFunction", 
          "cls": "memfun", 
          "extern": "1", 
          "throws": true
        }, 
        {
          "returnType": "void", 
          "arguments": [
            {
              "decl": "const Standard_Real", 
              "type": "Standard_Real", 
              "name": "X0"
            }, 
            {
              "decl": "const Standard_Real", 
              "type": "Standard_Real", 
              "name": "L"
            }, 
            {
              "decl": "const Standard_Real", 
              "type": "Standard_Real", 
              "name": "Tol"
            }
          ], 
          "name": "Init", 
          "parent": "CPnts_MyRootFunction", 
          "cls": "memfun", 
          "extern": "1", 
          "throws": true
        }, 
        {
          "returnType": "Standard_Boolean", 
          "arguments": [
            {
              "decl": "const Standard_Real", 
              "type": "Standard_Real", 
              "name": "X"
            }, 
            {
              "decl": "Standard_Real &", 
              "type": "Standard_Real", 
              "name": "F"
            }
          ], 
          "name": "Value", 
          "parent": "CPnts_MyRootFunction", 
          "cls": "memfun", 
          "extern": "1", 
          "throws": true, 
          "virtuality": "virtual"
        }, 
        {
          "returnType": "Standard_Boolean", 
          "arguments": [
            {
              "decl": "const Standard_Real", 
              "type": "Standard_Real", 
              "name": "X"
            }, 
            {
              "decl": "Standard_Real &", 
              "type": "Standard_Real", 
              "name": "Df"
            }
          ], 
          "name": "Derivative", 
          "parent": "CPnts_MyRootFunction", 
          "cls": "memfun", 
          "extern": "1", 
          "throws": true, 
          "virtuality": "virtual"
        }, 
        {
          "returnType": "Standard_Boolean", 
          "arguments": [
            {
              "decl": "const Standard_Real", 
              "type": "Standard_Real", 
              "name": "X"
            }, 
            {
              "decl": "Standard_Real &", 
              "type": "Standard_Real", 
              "name": "F"
            }, 
            {
              "decl": "Standard_Real &", 
              "type": "Standard_Real", 
              "name": "Df"
            }
          ], 
          "name": "Values", 
          "parent": "CPnts_MyRootFunction", 
          "cls": "memfun", 
          "extern": "1", 
          "throws": true, 
          "virtuality": "virtual"
        }
      ], 
      "cls": "class"
    }
  ], 
  "headers": [
    "CPnts_MyGaussFunction.hxx", 
    "CPnts_MyRootFunction.hxx", 
    "CPnts_AbscissaPoint.hxx", 
    "CPnts_RealFunction.hxx", 
    "CPnts_UniformDeflection.hxx"
  ], 
  "enums": [], 
  "typedefs": [
    {
      "type": "Standard_Real (*)( ::Standard_Real,::Standard_Address ) *", 
      "name": "CPnts_RealFunction", 
      "cls": "typedef"
    }
  ], 
  "name": "CPnts"
}