{
  "classes": [
    {
      "name": "CSLib_Class2d", 
      "abstract": false, 
      "constructors": [
        {
          "returnType": "", 
          "arguments": [
            {
              "decl": "const CSLib_Class2d &", 
              "type": "CSLib_Class2d", 
              "name": "arg0"
            }
          ], 
          "name": "CSLib_Class2d", 
          "parent": "CSLib_Class2d", 
          "cls": "constructor", 
          "artificial": "1", 
          "copyConstructor": true
        }, 
        {
          "returnType": "", 
          "arguments": [
            {
              "decl": "const TColgp_Array1OfPnt2d &", 
              "type": "TColgp_Array1OfPnt2d", 
              "name": "TP"
            }, 
            {
              "decl": "const Standard_Real", 
              "type": "Standard_Real", 
              "name": "aTolu"
            }, 
            {
              "decl": "const Standard_Real", 
              "type": "Standard_Real", 
              "name": "aTolv"
            }, 
            {
              "decl": "const Standard_Real", 
              "type": "Standard_Real", 
              "name": "umin"
            }, 
            {
              "decl": "const Standard_Real", 
              "type": "Standard_Real", 
              "name": "vmin"
            }, 
            {
              "decl": "const Standard_Real", 
              "type": "Standard_Real", 
              "name": "umax"
            }, 
            {
              "decl": "const Standard_Real", 
              "type": "Standard_Real", 
              "name": "vmax"
            }
          ], 
          "name": "CSLib_Class2d", 
          "parent": "CSLib_Class2d", 
          "cls": "constructor", 
          "extern": "1", 
          "throws": true
        }
      ], 
      "artificial": "1", 
      "bases": [], 
      "location": [
        "/usr/local/include/oce/CSLib_Class2d.hxx", 
        33
      ], 
      "members": [
        {
          "returnType": "Standard_Integer", 
          "arguments": [
            {
              "decl": "const gp_Pnt2d &", 
              "type": "gp_Pnt2d", 
              "name": "P"
            }
          ], 
          "name": "SiDans", 
          "parent": "CSLib_Class2d", 
          "cls": "memfun", 
          "extern": "1", 
          "const": "1", 
          "throws": true
        }, 
        {
          "returnType": "Standard_Integer", 
          "arguments": [
            {
              "decl": "const gp_Pnt2d &", 
              "type": "gp_Pnt2d", 
              "name": "P"
            }, 
            {
              "decl": "const Standard_Real", 
              "type": "Standard_Real", 
              "name": "Tol"
            }
          ], 
          "name": "SiDans_OnMode", 
          "parent": "CSLib_Class2d", 
          "cls": "memfun", 
          "extern": "1", 
          "const": "1", 
          "throws": true
        }, 
        {
          "returnType": "Standard_Integer", 
          "arguments": [
            {
              "decl": "const Standard_Real", 
              "type": "Standard_Real", 
              "name": "X"
            }, 
            {
              "decl": "const Standard_Real", 
              "type": "Standard_Real", 
              "name": "Y"
            }
          ], 
          "name": "InternalSiDans", 
          "parent": "CSLib_Class2d", 
          "cls": "memfun", 
          "extern": "1", 
          "const": "1", 
          "throws": true
        }, 
        {
          "returnType": "Standard_Integer", 
          "arguments": [
            {
              "decl": "const Standard_Real", 
              "type": "Standard_Real", 
              "name": "X"
            }, 
            {
              "decl": "const Standard_Real", 
              "type": "Standard_Real", 
              "name": "Y"
            }
          ], 
          "name": "InternalSiDansOuOn", 
          "parent": "CSLib_Class2d", 
          "cls": "memfun", 
          "extern": "1", 
          "const": "1", 
          "throws": true
        }, 
        {
          "returnType": "CSLib_Class2d const &", 
          "arguments": [
            {
              "decl": "const CSLib_Class2d &", 
              "type": "CSLib_Class2d", 
              "name": "Other"
            }
          ], 
          "name": "Copy", 
          "parent": "CSLib_Class2d", 
          "cls": "memfun", 
          "extern": "1", 
          "const": "1", 
          "throws": true
        }, 
        {
          "returnType": "void", 
          "arguments": [], 
          "name": "Destroy", 
          "parent": "CSLib_Class2d", 
          "cls": "memfun", 
          "extern": "1", 
          "throws": true
        }
      ], 
      "cls": "class"
    }, 
    {
      "name": "CSLib_NormalPolyDef", 
      "abstract": false, 
      "constructors": [
        {
          "returnType": "", 
          "arguments": [
            {
              "decl": "const Standard_Integer", 
              "type": "Standard_Integer", 
              "name": "k0"
            }, 
            {
              "decl": "const TColStd_Array1OfReal &", 
              "type": "TColStd_Array1OfReal", 
              "name": "li"
            }
          ], 
          "name": "CSLib_NormalPolyDef", 
          "parent": "CSLib_NormalPolyDef", 
          "cls": "constructor", 
          "extern": "1", 
          "throws": true
        }
      ], 
      "artificial": "1", 
      "bases": [
        {
          "access": "public", 
          "name": "math_FunctionWithDerivative"
        }
      ], 
      "location": [
        "/usr/local/include/oce/CSLib_NormalPolyDef.hxx", 
        38
      ], 
      "members": [
        {
          "returnType": "Standard_Boolean", 
          "arguments": [
            {
              "decl": "const Standard_Real", 
              "type": "Standard_Real", 
              "name": "X"
            }, 
            {
              "decl": "Standard_Real &", 
              "type": "Standard_Real", 
              "name": "F"
            }
          ], 
          "name": "Value", 
          "parent": "CSLib_NormalPolyDef", 
          "cls": "memfun", 
          "extern": "1", 
          "throws": true, 
          "virtuality": "virtual"
        }, 
        {
          "returnType": "Standard_Boolean", 
          "arguments": [
            {
              "decl": "const Standard_Real", 
              "type": "Standard_Real", 
              "name": "X"
            }, 
            {
              "decl": "Standard_Real &", 
              "type": "Standard_Real", 
              "name": "D"
            }
          ], 
          "name": "Derivative", 
          "parent": "CSLib_NormalPolyDef", 
          "cls": "memfun", 
          "extern": "1", 
          "throws": true, 
          "virtuality": "virtual"
        }, 
        {
          "returnType": "Standard_Boolean", 
          "arguments": [
            {
              "decl": "const Standard_Real", 
              "type": "Standard_Real", 
              "name": "X"
            }, 
            {
              "decl": "Standard_Real &", 
              "type": "Standard_Real", 
              "name": "F"
            }, 
            {
              "decl": "Standard_Real &", 
              "type": "Standard_Real", 
              "name": "D"
            }
          ], 
          "name": "Values", 
          "parent": "CSLib_NormalPolyDef", 
          "cls": "memfun", 
          "extern": "1", 
          "throws": true, 
          "virtuality": "virtual"
        }
      ], 
      "cls": "class"
    }
  ], 
  "headers": [
    "CSLib_NormalStatus.hxx", 
    "CSLib_Class2d.hxx", 
    "CSLib_DerivativeStatus.hxx", 
    "CSLib_NormalPolyDef.hxx"
  ], 
  "enums": [
    {
      "values": [
        [
          "CSLib_Singular", 
          0
        ], 
        [
          "CSLib_Defined", 
          1
        ], 
        [
          "CSLib_InfinityOfSolutions", 
          2
        ], 
        [
          "CSLib_D1NuIsNull", 
          3
        ], 
        [
          "CSLib_D1NvIsNull", 
          4
        ], 
        [
          "CSLib_D1NIsNull", 
          5
        ], 
        [
          "CSLib_D1NuNvRatioIsNull", 
          6
        ], 
        [
          "CSLib_D1NvNuRatioIsNull", 
          7
        ], 
        [
          "CSLib_D1NuIsParallelD1Nv", 
          8
        ]
      ], 
      "name": "CSLib_NormalStatus", 
      "cls": "enum"
    }, 
    {
      "values": [
        [
          "CSLib_Done", 
          0
        ], 
        [
          "CSLib_D1uIsNull", 
          1
        ], 
        [
          "CSLib_D1vIsNull", 
          2
        ], 
        [
          "CSLib_D1IsNull", 
          3
        ], 
        [
          "CSLib_D1uD1vRatioIsNull", 
          4
        ], 
        [
          "CSLib_D1vD1uRatioIsNull", 
          5
        ], 
        [
          "CSLib_D1uIsParallelD1v", 
          6
        ]
      ], 
      "name": "CSLib_DerivativeStatus", 
      "cls": "enum"
    }
  ], 
  "typedefs": [], 
  "name": "CSLib"
}