{
  "classes": [
    {
      "name": "Dico_DictionaryOfInteger", 
      "abstract": false, 
      "constructors": [
        {
          "returnType": "", 
          "arguments": [
            {
              "decl": "const Dico_DictionaryOfInteger &", 
              "type": "Dico_DictionaryOfInteger", 
              "name": "arg0"
            }
          ], 
          "name": "Dico_DictionaryOfInteger", 
          "parent": "Dico_DictionaryOfInteger", 
          "cls": "constructor", 
          "artificial": "1", 
          "throws": true, 
          "copyConstructor": true
        }, 
        {
          "returnType": "", 
          "arguments": [], 
          "name": "Dico_DictionaryOfInteger", 
          "parent": "Dico_DictionaryOfInteger", 
          "cls": "constructor", 
          "extern": "1", 
          "throws": true
        }
      ], 
      "artificial": "1", 
      "bases": [
        {
          "access": "public", 
          "name": "MMgt_TShared"
        }
      ], 
      "location": [
        "/usr/local/include/oce/Dico_DictionaryOfInteger.hxx", 
        50
      ], 
      "members": [
        {
          "returnType": "Standard_Boolean", 
          "arguments": [
            {
              "decl": "const Standard_CString", 
              "type": "Standard_CString", 
              "name": "name"
            }, 
            {
              "decl": "const Standard_Boolean", 
              "type": "Standard_Boolean", 
              "name": "exact", 
              "default": "false"
            }
          ], 
          "name": "HasItem", 
          "parent": "Dico_DictionaryOfInteger", 
          "cls": "memfun", 
          "extern": "1", 
          "const": "1", 
          "throws": true
        }, 
        {
          "returnType": "Standard_Boolean", 
          "arguments": [
            {
              "decl": "const TCollection_AsciiString &", 
              "type": "TCollection_AsciiString", 
              "name": "name"
            }, 
            {
              "decl": "const Standard_Boolean", 
              "type": "Standard_Boolean", 
              "name": "exact", 
              "default": "true"
            }
          ], 
          "name": "HasItem", 
          "parent": "Dico_DictionaryOfInteger", 
          "cls": "memfun", 
          "extern": "1", 
          "const": "1", 
          "throws": true
        }, 
        {
          "returnType": "Standard_Integer const &", 
          "arguments": [
            {
              "decl": "const Standard_CString", 
              "type": "Standard_CString", 
              "name": "name"
            }, 
            {
              "decl": "const Standard_Boolean", 
              "type": "Standard_Boolean", 
              "name": "exact", 
              "default": "true"
            }
          ], 
          "name": "Item", 
          "parent": "Dico_DictionaryOfInteger", 
          "cls": "memfun", 
          "extern": "1", 
          "const": "1", 
          "throws": true
        }, 
        {
          "returnType": "Standard_Integer const &", 
          "arguments": [
            {
              "decl": "const TCollection_AsciiString &", 
              "type": "TCollection_AsciiString", 
              "name": "name"
            }, 
            {
              "decl": "const Standard_Boolean", 
              "type": "Standard_Boolean", 
              "name": "exact", 
              "default": "true"
            }
          ], 
          "name": "Item", 
          "parent": "Dico_DictionaryOfInteger", 
          "cls": "memfun", 
          "extern": "1", 
          "const": "1", 
          "throws": true
        }, 
        {
          "returnType": "Standard_Boolean", 
          "arguments": [
            {
              "decl": "const Standard_CString", 
              "type": "Standard_CString", 
              "name": "name"
            }, 
            {
              "decl": "Standard_Integer &", 
              "type": "Standard_Integer", 
              "name": "anitem"
            }, 
            {
              "decl": "const Standard_Boolean", 
              "type": "Standard_Boolean", 
              "name": "exact", 
              "default": "true"
            }
          ], 
          "name": "GetItem", 
          "parent": "Dico_DictionaryOfInteger", 
          "cls": "memfun", 
          "extern": "1", 
          "const": "1", 
          "throws": true
        }, 
        {
          "returnType": "Standard_Boolean", 
          "arguments": [
            {
              "decl": "const TCollection_AsciiString &", 
              "type": "TCollection_AsciiString", 
              "name": "name"
            }, 
            {
              "decl": "Standard_Integer &", 
              "type": "Standard_Integer", 
              "name": "anitem"
            }, 
            {
              "decl": "const Standard_Boolean", 
              "type": "Standard_Boolean", 
              "name": "exact", 
              "default": "true"
            }
          ], 
          "name": "GetItem", 
          "parent": "Dico_DictionaryOfInteger", 
          "cls": "memfun", 
          "extern": "1", 
          "const": "1", 
          "throws": true
        }, 
        {
          "returnType": "void", 
          "arguments": [
            {
              "decl": "const Standard_CString", 
              "type": "Standard_CString", 
              "name": "name"
            }, 
            {
              "decl": "const Standard_Integer &", 
              "type": "Standard_Integer", 
              "name": "anitem"
            }, 
            {
              "decl": "const Standard_Boolean", 
              "type": "Standard_Boolean", 
              "name": "exact", 
              "default": "true"
            }
          ], 
          "name": "SetItem", 
          "parent": "Dico_DictionaryOfInteger", 
          "cls": "memfun", 
          "extern": "1", 
          "throws": true
        }, 
        {
          "returnType": "void", 
          "arguments": [
            {
              "decl": "const TCollection_AsciiString &", 
              "type": "TCollection_AsciiString", 
              "name": "name"
            }, 
            {
              "decl": "const Standard_Integer &", 
              "type": "Standard_Integer", 
              "name": "anitem"
            }, 
            {
              "decl": "const Standard_Boolean", 
              "type": "Standard_Boolean", 
              "name": "exact", 
              "default": "true"
            }
          ], 
          "name": "SetItem", 
          "parent": "Dico_DictionaryOfInteger", 
          "cls": "memfun", 
          "extern": "1", 
          "throws": true
        }, 
        {
          "returnType": "Standard_Integer &", 
          "arguments": [
            {
              "decl": "const Standard_CString", 
              "type": "Standard_CString", 
              "name": "name"
            }, 
            {
              "decl": "Standard_Boolean &", 
              "type": "Standard_Boolean", 
              "name": "isvalued"
            }, 
            {
              "decl": "const Standard_Boolean", 
              "type": "Standard_Boolean", 
              "name": "exact", 
              "default": "true"
            }
          ], 
          "name": "NewItem", 
          "parent": "Dico_DictionaryOfInteger", 
          "cls": "memfun", 
          "extern": "1", 
          "throws": true
        }, 
        {
          "returnType": "Standard_Integer &", 
          "arguments": [
            {
              "decl": "const TCollection_AsciiString &", 
              "type": "TCollection_AsciiString", 
              "name": "name"
            }, 
            {
              "decl": "Standard_Boolean &", 
              "type": "Standard_Boolean", 
              "name": "isvalued"
            }, 
            {
              "decl": "const Standard_Boolean", 
              "type": "Standard_Boolean", 
              "name": "exact", 
              "default": "true"
            }
          ], 
          "name": "NewItem", 
          "parent": "Dico_DictionaryOfInteger", 
          "cls": "memfun", 
          "extern": "1", 
          "throws": true
        }, 
        {
          "returnType": "Standard_Boolean", 
          "arguments": [
            {
              "decl": "const Standard_CString", 
              "type": "Standard_CString", 
              "name": "name"
            }, 
            {
              "decl": "const Standard_Boolean", 
              "type": "Standard_Boolean", 
              "name": "cln", 
              "default": "true"
            }, 
            {
              "decl": "const Standard_Boolean", 
              "type": "Standard_Boolean", 
              "name": "exact", 
              "default": "true"
            }
          ], 
          "name": "RemoveItem", 
          "parent": "Dico_DictionaryOfInteger", 
          "cls": "memfun", 
          "extern": "1", 
          "throws": true
        }, 
        {
          "returnType": "Standard_Boolean", 
          "arguments": [
            {
              "decl": "const TCollection_AsciiString &", 
              "type": "TCollection_AsciiString", 
              "name": "name"
            }, 
            {
              "decl": "const Standard_Boolean", 
              "type": "Standard_Boolean", 
              "name": "cln", 
              "default": "true"
            }, 
            {
              "decl": "const Standard_Boolean", 
              "type": "Standard_Boolean", 
              "name": "exact", 
              "default": "true"
            }
          ], 
          "name": "RemoveItem", 
          "parent": "Dico_DictionaryOfInteger", 
          "cls": "memfun", 
          "extern": "1", 
          "throws": true
        }, 
        {
          "returnType": "void", 
          "arguments": [], 
          "name": "Clean", 
          "parent": "Dico_DictionaryOfInteger", 
          "cls": "memfun", 
          "extern": "1", 
          "throws": true
        }, 
        {
          "returnType": "Standard_Boolean", 
          "arguments": [], 
          "name": "IsEmpty", 
          "parent": "Dico_DictionaryOfInteger", 
          "cls": "memfun", 
          "extern": "1", 
          "const": "1", 
          "throws": true
        }, 
        {
          "returnType": "void", 
          "arguments": [], 
          "name": "Clear", 
          "parent": "Dico_DictionaryOfInteger", 
          "cls": "memfun", 
          "extern": "1", 
          "throws": true
        }, 
        {
          "returnType": "Handle_Dico_DictionaryOfInteger", 
          "arguments": [], 
          "name": "Copy", 
          "parent": "Dico_DictionaryOfInteger", 
          "cls": "memfun", 
          "extern": "1", 
          "const": "1", 
          "throws": true
        }, 
        {
          "returnType": "Standard_Boolean", 
          "arguments": [
            {
              "decl": "Handle_Dico_DictionaryOfInteger &", 
              "type": "Handle_Dico_DictionaryOfInteger", 
              "name": "acell"
            }
          ], 
          "name": "Complete", 
          "parent": "Dico_DictionaryOfInteger", 
          "cls": "memfun", 
          "extern": "1", 
          "const": "1", 
          "throws": true
        }, 
        {
          "returnType": "Handle_Standard_Type const &", 
          "arguments": [], 
          "name": "DynamicType", 
          "parent": "Dico_DictionaryOfInteger", 
          "cls": "memfun", 
          "extern": "1", 
          "const": "1", 
          "throws": true, 
          "virtuality": "virtual"
        }
      ], 
      "cls": "class"
    }, 
    {
      "name": "Dico_IteratorOfDictionaryOfTransient", 
      "abstract": false, 
      "constructors": [
        {
          "returnType": "", 
          "arguments": [
            {
              "decl": "const Dico_IteratorOfDictionaryOfTransient &", 
              "type": "Dico_IteratorOfDictionaryOfTransient", 
              "name": "arg0"
            }
          ], 
          "name": "Dico_IteratorOfDictionaryOfTransient", 
          "parent": "Dico_IteratorOfDictionaryOfTransient", 
          "cls": "constructor", 
          "artificial": "1", 
          "throws": true, 
          "copyConstructor": true
        }, 
        {
          "returnType": "", 
          "arguments": [
            {
              "decl": "const Handle_Dico_DictionaryOfTransient &", 
              "type": "Handle_Dico_DictionaryOfTransient", 
              "name": "acell"
            }
          ], 
          "name": "Dico_IteratorOfDictionaryOfTransient", 
          "parent": "Dico_IteratorOfDictionaryOfTransient", 
          "cls": "constructor", 
          "extern": "1", 
          "throws": true
        }, 
        {
          "returnType": "", 
          "arguments": [
            {
              "decl": "const Handle_Dico_DictionaryOfTransient &", 
              "type": "Handle_Dico_DictionaryOfTransient", 
              "name": "acell"
            }, 
            {
              "decl": "const Standard_CString", 
              "type": "Standard_CString", 
              "name": "basename"
            }
          ], 
          "name": "Dico_IteratorOfDictionaryOfTransient", 
          "parent": "Dico_IteratorOfDictionaryOfTransient", 
          "cls": "constructor", 
          "extern": "1", 
          "throws": true
        }, 
        {
          "returnType": "", 
          "arguments": [
            {
              "decl": "const Handle_Dico_DictionaryOfTransient &", 
              "type": "Handle_Dico_DictionaryOfTransient", 
              "name": "acell"
            }, 
            {
              "decl": "const TCollection_AsciiString &", 
              "type": "TCollection_AsciiString", 
              "name": "basename"
            }
          ], 
          "name": "Dico_IteratorOfDictionaryOfTransient", 
          "parent": "Dico_IteratorOfDictionaryOfTransient", 
          "cls": "constructor", 
          "extern": "1", 
          "throws": true
        }
      ], 
      "artificial": "1", 
      "bases": [], 
      "location": [
        "/usr/local/include/oce/Dico_IteratorOfDictionaryOfTransient.hxx", 
        48
      ], 
      "members": [
        {
          "returnType": "void", 
          "arguments": [], 
          "name": "Start", 
          "parent": "Dico_IteratorOfDictionaryOfTransient", 
          "cls": "memfun", 
          "extern": "1", 
          "throws": true
        }, 
        {
          "returnType": "Standard_Boolean", 
          "arguments": [], 
          "name": "More", 
          "parent": "Dico_IteratorOfDictionaryOfTransient", 
          "cls": "memfun", 
          "extern": "1", 
          "throws": true
        }, 
        {
          "returnType": "void", 
          "arguments": [], 
          "name": "Next", 
          "parent": "Dico_IteratorOfDictionaryOfTransient", 
          "cls": "memfun", 
          "extern": "1", 
          "throws": true
        }, 
        {
          "returnType": "Handle_Standard_Transient const &", 
          "arguments": [], 
          "name": "Value", 
          "parent": "Dico_IteratorOfDictionaryOfTransient", 
          "cls": "memfun", 
          "extern": "1", 
          "const": "1", 
          "throws": true
        }, 
        {
          "returnType": "TCollection_AsciiString", 
          "arguments": [], 
          "name": "Name", 
          "parent": "Dico_IteratorOfDictionaryOfTransient", 
          "cls": "memfun", 
          "extern": "1", 
          "const": "1", 
          "throws": true
        }
      ], 
      "cls": "class"
    }, 
    {
      "name": "Dico_StackItemOfDictionaryOfInteger", 
      "abstract": false, 
      "constructors": [
        {
          "returnType": "", 
          "arguments": [
            {
              "decl": "const Dico_StackItemOfDictionaryOfInteger &", 
              "type": "Dico_StackItemOfDictionaryOfInteger", 
              "name": "arg0"
            }
          ], 
          "name": "Dico_StackItemOfDictionaryOfInteger", 
          "parent": "Dico_StackItemOfDictionaryOfInteger", 
          "cls": "constructor", 
          "artificial": "1", 
          "throws": true, 
          "copyConstructor": true
        }, 
        {
          "returnType": "", 
          "arguments": [], 
          "name": "Dico_StackItemOfDictionaryOfInteger", 
          "parent": "Dico_StackItemOfDictionaryOfInteger", 
          "cls": "constructor", 
          "extern": "1", 
          "throws": true
        }, 
        {
          "returnType": "", 
          "arguments": [
            {
              "decl": "const Handle_Dico_StackItemOfDictionaryOfInteger &", 
              "type": "Handle_Dico_StackItemOfDictionaryOfInteger", 
              "name": "previous"
            }
          ], 
          "name": "Dico_StackItemOfDictionaryOfInteger", 
          "parent": "Dico_StackItemOfDictionaryOfInteger", 
          "cls": "constructor", 
          "extern": "1", 
          "throws": true
        }
      ], 
      "artificial": "1", 
      "bases": [
        {
          "access": "public", 
          "name": "MMgt_TShared"
        }
      ], 
      "location": [
        "/usr/local/include/oce/Dico_StackItemOfDictionaryOfInteger.hxx", 
        36
      ], 
      "members": [
        {
          "returnType": "Handle_Dico_StackItemOfDictionaryOfInteger", 
          "arguments": [], 
          "name": "Previous", 
          "parent": "Dico_StackItemOfDictionaryOfInteger", 
          "cls": "memfun", 
          "extern": "1", 
          "const": "1", 
          "throws": true
        }, 
        {
          "returnType": "Handle_Dico_DictionaryOfInteger", 
          "arguments": [], 
          "name": "Value", 
          "parent": "Dico_StackItemOfDictionaryOfInteger", 
          "cls": "memfun", 
          "extern": "1", 
          "const": "1", 
          "throws": true
        }, 
        {
          "returnType": "void", 
          "arguments": [
            {
              "decl": "const Handle_Dico_DictionaryOfInteger &", 
              "type": "Handle_Dico_DictionaryOfInteger", 
              "name": "cval"
            }
          ], 
          "name": "SetValue", 
          "parent": "Dico_StackItemOfDictionaryOfInteger", 
          "cls": "memfun", 
          "extern": "1", 
          "throws": true
        }, 
        {
          "returnType": "Handle_Standard_Type const &", 
          "arguments": [], 
          "name": "DynamicType", 
          "parent": "Dico_StackItemOfDictionaryOfInteger", 
          "cls": "memfun", 
          "extern": "1", 
          "const": "1", 
          "throws": true, 
          "virtuality": "virtual"
        }
      ], 
      "cls": "class"
    }, 
    {
      "name": "Dico_StackItemOfDictionaryOfTransient", 
      "abstract": false, 
      "constructors": [
        {
          "returnType": "", 
          "arguments": [
            {
              "decl": "const Dico_StackItemOfDictionaryOfTransient &", 
              "type": "Dico_StackItemOfDictionaryOfTransient", 
              "name": "arg0"
            }
          ], 
          "name": "Dico_StackItemOfDictionaryOfTransient", 
          "parent": "Dico_StackItemOfDictionaryOfTransient", 
          "cls": "constructor", 
          "artificial": "1", 
          "throws": true, 
          "copyConstructor": true
        }, 
        {
          "returnType": "", 
          "arguments": [], 
          "name": "Dico_StackItemOfDictionaryOfTransient", 
          "parent": "Dico_StackItemOfDictionaryOfTransient", 
          "cls": "constructor", 
          "extern": "1", 
          "throws": true
        }, 
        {
          "returnType": "", 
          "arguments": [
            {
              "decl": "const Handle_Dico_StackItemOfDictionaryOfTransient &", 
              "type": "Handle_Dico_StackItemOfDictionaryOfTransient", 
              "name": "previous"
            }
          ], 
          "name": "Dico_StackItemOfDictionaryOfTransient", 
          "parent": "Dico_StackItemOfDictionaryOfTransient", 
          "cls": "constructor", 
          "extern": "1", 
          "throws": true
        }
      ], 
      "artificial": "1", 
      "bases": [
        {
          "access": "public", 
          "name": "MMgt_TShared"
        }
      ], 
      "location": [
        "/usr/local/include/oce/Dico_StackItemOfDictionaryOfTransient.hxx", 
        37
      ], 
      "members": [
        {
          "returnType": "Handle_Dico_StackItemOfDictionaryOfTransient", 
          "arguments": [], 
          "name": "Previous", 
          "parent": "Dico_StackItemOfDictionaryOfTransient", 
          "cls": "memfun", 
          "extern": "1", 
          "const": "1", 
          "throws": true
        }, 
        {
          "returnType": "Handle_Dico_DictionaryOfTransient", 
          "arguments": [], 
          "name": "Value", 
          "parent": "Dico_StackItemOfDictionaryOfTransient", 
          "cls": "memfun", 
          "extern": "1", 
          "const": "1", 
          "throws": true
        }, 
        {
          "returnType": "void", 
          "arguments": [
            {
              "decl": "const Handle_Dico_DictionaryOfTransient &", 
              "type": "Handle_Dico_DictionaryOfTransient", 
              "name": "cval"
            }
          ], 
          "name": "SetValue", 
          "parent": "Dico_StackItemOfDictionaryOfTransient", 
          "cls": "memfun", 
          "extern": "1", 
          "throws": true
        }, 
        {
          "returnType": "Handle_Standard_Type const &", 
          "arguments": [], 
          "name": "DynamicType", 
          "parent": "Dico_StackItemOfDictionaryOfTransient", 
          "cls": "memfun", 
          "extern": "1", 
          "const": "1", 
          "throws": true, 
          "virtuality": "virtual"
        }
      ], 
      "cls": "class"
    }, 
    {
      "name": "Dico_DictionaryOfTransient", 
      "abstract": false, 
      "constructors": [
        {
          "returnType": "", 
          "arguments": [
            {
              "decl": "const Dico_DictionaryOfTransient &", 
              "type": "Dico_DictionaryOfTransient", 
              "name": "arg0"
            }
          ], 
          "name": "Dico_DictionaryOfTransient", 
          "parent": "Dico_DictionaryOfTransient", 
          "cls": "constructor", 
          "artificial": "1", 
          "throws": true, 
          "copyConstructor": true
        }, 
        {
          "returnType": "", 
          "arguments": [], 
          "name": "Dico_DictionaryOfTransient", 
          "parent": "Dico_DictionaryOfTransient", 
          "cls": "constructor", 
          "extern": "1", 
          "throws": true
        }
      ], 
      "artificial": "1", 
      "bases": [
        {
          "access": "public", 
          "name": "MMgt_TShared"
        }
      ], 
      "location": [
        "/usr/local/include/oce/Dico_DictionaryOfTransient.hxx", 
        54
      ], 
      "members": [
        {
          "returnType": "Standard_Boolean", 
          "arguments": [
            {
              "decl": "const Standard_CString", 
              "type": "Standard_CString", 
              "name": "name"
            }, 
            {
              "decl": "const Standard_Boolean", 
              "type": "Standard_Boolean", 
              "name": "exact", 
              "default": "false"
            }
          ], 
          "name": "HasItem", 
          "parent": "Dico_DictionaryOfTransient", 
          "cls": "memfun", 
          "extern": "1", 
          "const": "1", 
          "throws": true
        }, 
        {
          "returnType": "Standard_Boolean", 
          "arguments": [
            {
              "decl": "const TCollection_AsciiString &", 
              "type": "TCollection_AsciiString", 
              "name": "name"
            }, 
            {
              "decl": "const Standard_Boolean", 
              "type": "Standard_Boolean", 
              "name": "exact", 
              "default": "true"
            }
          ], 
          "name": "HasItem", 
          "parent": "Dico_DictionaryOfTransient", 
          "cls": "memfun", 
          "extern": "1", 
          "const": "1", 
          "throws": true
        }, 
        {
          "returnType": "Handle_Standard_Transient const &", 
          "arguments": [
            {
              "decl": "const Standard_CString", 
              "type": "Standard_CString", 
              "name": "name"
            }, 
            {
              "decl": "const Standard_Boolean", 
              "type": "Standard_Boolean", 
              "name": "exact", 
              "default": "true"
            }
          ], 
          "name": "Item", 
          "parent": "Dico_DictionaryOfTransient", 
          "cls": "memfun", 
          "extern": "1", 
          "const": "1", 
          "throws": true
        }, 
        {
          "returnType": "Handle_Standard_Transient const &", 
          "arguments": [
            {
              "decl": "const TCollection_AsciiString &", 
              "type": "TCollection_AsciiString", 
              "name": "name"
            }, 
            {
              "decl": "const Standard_Boolean", 
              "type": "Standard_Boolean", 
              "name": "exact", 
              "default": "true"
            }
          ], 
          "name": "Item", 
          "parent": "Dico_DictionaryOfTransient", 
          "cls": "memfun", 
          "extern": "1", 
          "const": "1", 
          "throws": true
        }, 
        {
          "returnType": "Standard_Boolean", 
          "arguments": [
            {
              "decl": "const Standard_CString", 
              "type": "Standard_CString", 
              "name": "name"
            }, 
            {
              "decl": "Handle_Standard_Transient &", 
              "type": "Handle_Standard_Transient", 
              "name": "anitem"
            }, 
            {
              "decl": "const Standard_Boolean", 
              "type": "Standard_Boolean", 
              "name": "exact", 
              "default": "true"
            }
          ], 
          "name": "GetItem", 
          "parent": "Dico_DictionaryOfTransient", 
          "cls": "memfun", 
          "extern": "1", 
          "const": "1", 
          "throws": true
        }, 
        {
          "returnType": "Standard_Boolean", 
          "arguments": [
            {
              "decl": "const TCollection_AsciiString &", 
              "type": "TCollection_AsciiString", 
              "name": "name"
            }, 
            {
              "decl": "Handle_Standard_Transient &", 
              "type": "Handle_Standard_Transient", 
              "name": "anitem"
            }, 
            {
              "decl": "const Standard_Boolean", 
              "type": "Standard_Boolean", 
              "name": "exact", 
              "default": "true"
            }
          ], 
          "name": "GetItem", 
          "parent": "Dico_DictionaryOfTransient", 
          "cls": "memfun", 
          "extern": "1", 
          "const": "1", 
          "throws": true
        }, 
        {
          "returnType": "void", 
          "arguments": [
            {
              "decl": "const Standard_CString", 
              "type": "Standard_CString", 
              "name": "name"
            }, 
            {
              "decl": "const Handle_Standard_Transient &", 
              "type": "Handle_Standard_Transient", 
              "name": "anitem"
            }, 
            {
              "decl": "const Standard_Boolean", 
              "type": "Standard_Boolean", 
              "name": "exact", 
              "default": "true"
            }
          ], 
          "name": "SetItem", 
          "parent": "Dico_DictionaryOfTransient", 
          "cls": "memfun", 
          "extern": "1", 
          "throws": true
        }, 
        {
          "returnType": "void", 
          "arguments": [
            {
              "decl": "const TCollection_AsciiString &", 
              "type": "TCollection_AsciiString", 
              "name": "name"
            }, 
            {
              "decl": "const Handle_Standard_Transient &", 
              "type": "Handle_Standard_Transient", 
              "name": "anitem"
            }, 
            {
              "decl": "const Standard_Boolean", 
              "type": "Standard_Boolean", 
              "name": "exact", 
              "default": "true"
            }
          ], 
          "name": "SetItem", 
          "parent": "Dico_DictionaryOfTransient", 
          "cls": "memfun", 
          "extern": "1", 
          "throws": true
        }, 
        {
          "returnType": "Handle_Standard_Transient &", 
          "arguments": [
            {
              "decl": "const Standard_CString", 
              "type": "Standard_CString", 
              "name": "name"
            }, 
            {
              "decl": "Standard_Boolean &", 
              "type": "Standard_Boolean", 
              "name": "isvalued"
            }, 
            {
              "decl": "const Standard_Boolean", 
              "type": "Standard_Boolean", 
              "name": "exact", 
              "default": "true"
            }
          ], 
          "name": "NewItem", 
          "parent": "Dico_DictionaryOfTransient", 
          "cls": "memfun", 
          "extern": "1", 
          "throws": true
        }, 
        {
          "returnType": "Handle_Standard_Transient &", 
          "arguments": [
            {
              "decl": "const TCollection_AsciiString &", 
              "type": "TCollection_AsciiString", 
              "name": "name"
            }, 
            {
              "decl": "Standard_Boolean &", 
              "type": "Standard_Boolean", 
              "name": "isvalued"
            }, 
            {
              "decl": "const Standard_Boolean", 
              "type": "Standard_Boolean", 
              "name": "exact", 
              "default": "true"
            }
          ], 
          "name": "NewItem", 
          "parent": "Dico_DictionaryOfTransient", 
          "cls": "memfun", 
          "extern": "1", 
          "throws": true
        }, 
        {
          "returnType": "Standard_Boolean", 
          "arguments": [
            {
              "decl": "const Standard_CString", 
              "type": "Standard_CString", 
              "name": "name"
            }, 
            {
              "decl": "const Standard_Boolean", 
              "type": "Standard_Boolean", 
              "name": "cln", 
              "default": "true"
            }, 
            {
              "decl": "const Standard_Boolean", 
              "type": "Standard_Boolean", 
              "name": "exact", 
              "default": "true"
            }
          ], 
          "name": "RemoveItem", 
          "parent": "Dico_DictionaryOfTransient", 
          "cls": "memfun", 
          "extern": "1", 
          "throws": true
        }, 
        {
          "returnType": "Standard_Boolean", 
          "arguments": [
            {
              "decl": "const TCollection_AsciiString &", 
              "type": "TCollection_AsciiString", 
              "name": "name"
            }, 
            {
              "decl": "const Standard_Boolean", 
              "type": "Standard_Boolean", 
              "name": "cln", 
              "default": "true"
            }, 
            {
              "decl": "const Standard_Boolean", 
              "type": "Standard_Boolean", 
              "name": "exact", 
              "default": "true"
            }
          ], 
          "name": "RemoveItem", 
          "parent": "Dico_DictionaryOfTransient", 
          "cls": "memfun", 
          "extern": "1", 
          "throws": true
        }, 
        {
          "returnType": "void", 
          "arguments": [], 
          "name": "Clean", 
          "parent": "Dico_DictionaryOfTransient", 
          "cls": "memfun", 
          "extern": "1", 
          "throws": true
        }, 
        {
          "returnType": "Standard_Boolean", 
          "arguments": [], 
          "name": "IsEmpty", 
          "parent": "Dico_DictionaryOfTransient", 
          "cls": "memfun", 
          "extern": "1", 
          "const": "1", 
          "throws": true
        }, 
        {
          "returnType": "void", 
          "arguments": [], 
          "name": "Clear", 
          "parent": "Dico_DictionaryOfTransient", 
          "cls": "memfun", 
          "extern": "1", 
          "throws": true
        }, 
        {
          "returnType": "Handle_Dico_DictionaryOfTransient", 
          "arguments": [], 
          "name": "Copy", 
          "parent": "Dico_DictionaryOfTransient", 
          "cls": "memfun", 
          "extern": "1", 
          "const": "1", 
          "throws": true
        }, 
        {
          "returnType": "Standard_Boolean", 
          "arguments": [
            {
              "decl": "Handle_Dico_DictionaryOfTransient &", 
              "type": "Handle_Dico_DictionaryOfTransient", 
              "name": "acell"
            }
          ], 
          "name": "Complete", 
          "parent": "Dico_DictionaryOfTransient", 
          "cls": "memfun", 
          "extern": "1", 
          "const": "1", 
          "throws": true
        }, 
        {
          "returnType": "Handle_Standard_Type const &", 
          "arguments": [], 
          "name": "DynamicType", 
          "parent": "Dico_DictionaryOfTransient", 
          "cls": "memfun", 
          "extern": "1", 
          "const": "1", 
          "throws": true, 
          "virtuality": "virtual"
        }
      ], 
      "cls": "class"
    }, 
    {
      "name": "Dico_IteratorOfDictionaryOfInteger", 
      "abstract": false, 
      "constructors": [
        {
          "returnType": "", 
          "arguments": [
            {
              "decl": "const Dico_IteratorOfDictionaryOfInteger &", 
              "type": "Dico_IteratorOfDictionaryOfInteger", 
              "name": "arg0"
            }
          ], 
          "name": "Dico_IteratorOfDictionaryOfInteger", 
          "parent": "Dico_IteratorOfDictionaryOfInteger", 
          "cls": "constructor", 
          "artificial": "1", 
          "throws": true, 
          "copyConstructor": true
        }, 
        {
          "returnType": "", 
          "arguments": [
            {
              "decl": "const Handle_Dico_DictionaryOfInteger &", 
              "type": "Handle_Dico_DictionaryOfInteger", 
              "name": "acell"
            }
          ], 
          "name": "Dico_IteratorOfDictionaryOfInteger", 
          "parent": "Dico_IteratorOfDictionaryOfInteger", 
          "cls": "constructor", 
          "extern": "1", 
          "throws": true
        }, 
        {
          "returnType": "", 
          "arguments": [
            {
              "decl": "const Handle_Dico_DictionaryOfInteger &", 
              "type": "Handle_Dico_DictionaryOfInteger", 
              "name": "acell"
            }, 
            {
              "decl": "const Standard_CString", 
              "type": "Standard_CString", 
              "name": "basename"
            }
          ], 
          "name": "Dico_IteratorOfDictionaryOfInteger", 
          "parent": "Dico_IteratorOfDictionaryOfInteger", 
          "cls": "constructor", 
          "extern": "1", 
          "throws": true
        }, 
        {
          "returnType": "", 
          "arguments": [
            {
              "decl": "const Handle_Dico_DictionaryOfInteger &", 
              "type": "Handle_Dico_DictionaryOfInteger", 
              "name": "acell"
            }, 
            {
              "decl": "const TCollection_AsciiString &", 
              "type": "TCollection_AsciiString", 
              "name": "basename"
            }
          ], 
          "name": "Dico_IteratorOfDictionaryOfInteger", 
          "parent": "Dico_IteratorOfDictionaryOfInteger", 
          "cls": "constructor", 
          "extern": "1", 
          "throws": true
        }
      ], 
      "artificial": "1", 
      "bases": [], 
      "location": [
        "/usr/local/include/oce/Dico_IteratorOfDictionaryOfInteger.hxx", 
        44
      ], 
      "members": [
        {
          "returnType": "void", 
          "arguments": [], 
          "name": "Start", 
          "parent": "Dico_IteratorOfDictionaryOfInteger", 
          "cls": "memfun", 
          "extern": "1", 
          "throws": true
        }, 
        {
          "returnType": "Standard_Boolean", 
          "arguments": [], 
          "name": "More", 
          "parent": "Dico_IteratorOfDictionaryOfInteger", 
          "cls": "memfun", 
          "extern": "1", 
          "throws": true
        }, 
        {
          "returnType": "void", 
          "arguments": [], 
          "name": "Next", 
          "parent": "Dico_IteratorOfDictionaryOfInteger", 
          "cls": "memfun", 
          "extern": "1", 
          "throws": true
        }, 
        {
          "returnType": "Standard_Integer const &", 
          "arguments": [], 
          "name": "Value", 
          "parent": "Dico_IteratorOfDictionaryOfInteger", 
          "cls": "memfun", 
          "extern": "1", 
          "const": "1", 
          "throws": true
        }, 
        {
          "returnType": "TCollection_AsciiString", 
          "arguments": [], 
          "name": "Name", 
          "parent": "Dico_IteratorOfDictionaryOfInteger", 
          "cls": "memfun", 
          "extern": "1", 
          "const": "1", 
          "throws": true
        }
      ], 
      "cls": "class"
    }, 
    {
      "name": "Handle_Dico_StackItemOfDictionaryOfTransient", 
      "abstract": false, 
      "constructors": [
        {
          "returnType": "", 
          "arguments": [], 
          "name": "Handle_Dico_StackItemOfDictionaryOfTransient", 
          "parent": "Handle_Dico_StackItemOfDictionaryOfTransient", 
          "cls": "constructor", 
          "throws": true
        }, 
        {
          "returnType": "", 
          "arguments": [
            {
              "decl": "const Handle_Dico_StackItemOfDictionaryOfTransient &", 
              "type": "Handle_Dico_StackItemOfDictionaryOfTransient", 
              "name": "aHandle"
            }
          ], 
          "name": "Handle_Dico_StackItemOfDictionaryOfTransient", 
          "parent": "Handle_Dico_StackItemOfDictionaryOfTransient", 
          "cls": "constructor", 
          "throws": true, 
          "copyConstructor": true
        }, 
        {
          "returnType": "", 
          "arguments": [
            {
              "decl": "const Dico_StackItemOfDictionaryOfTransient *", 
              "type": "Dico_StackItemOfDictionaryOfTransient", 
              "name": "anItem"
            }
          ], 
          "name": "Handle_Dico_StackItemOfDictionaryOfTransient", 
          "parent": "Handle_Dico_StackItemOfDictionaryOfTransient", 
          "cls": "constructor", 
          "throws": true
        }
      ], 
      "artificial": "1", 
      "bases": [
        {
          "access": "public", 
          "name": "Handle_MMgt_TShared"
        }
      ], 
      "location": [
        "/usr/local/include/oce/Handle_Dico_StackItemOfDictionaryOfTransient.hxx", 
        25
      ], 
      "members": [
        {
          "returnType": "Handle_Dico_StackItemOfDictionaryOfTransient", 
          "arguments": [
            {
              "decl": "const Handle_Standard_Transient &", 
              "type": "Handle_Standard_Transient", 
              "name": "AnObject"
            }
          ], 
          "name": "DownCast", 
          "parent": "Handle_Dico_StackItemOfDictionaryOfTransient", 
          "cls": "memfun", 
          "static": "1", 
          "extern": "1", 
          "throws": true
        }
      ], 
      "cls": "class"
    }, 
    {
      "name": "Handle_Dico_DictionaryOfInteger", 
      "abstract": false, 
      "constructors": [
        {
          "returnType": "", 
          "arguments": [], 
          "name": "Handle_Dico_DictionaryOfInteger", 
          "parent": "Handle_Dico_DictionaryOfInteger", 
          "cls": "constructor", 
          "throws": true
        }, 
        {
          "returnType": "", 
          "arguments": [
            {
              "decl": "const Handle_Dico_DictionaryOfInteger &", 
              "type": "Handle_Dico_DictionaryOfInteger", 
              "name": "aHandle"
            }
          ], 
          "name": "Handle_Dico_DictionaryOfInteger", 
          "parent": "Handle_Dico_DictionaryOfInteger", 
          "cls": "constructor", 
          "throws": true, 
          "copyConstructor": true
        }, 
        {
          "returnType": "", 
          "arguments": [
            {
              "decl": "const Dico_DictionaryOfInteger *", 
              "type": "Dico_DictionaryOfInteger", 
              "name": "anItem"
            }
          ], 
          "name": "Handle_Dico_DictionaryOfInteger", 
          "parent": "Handle_Dico_DictionaryOfInteger", 
          "cls": "constructor", 
          "throws": true
        }
      ], 
      "artificial": "1", 
      "bases": [
        {
          "access": "public", 
          "name": "Handle_MMgt_TShared"
        }
      ], 
      "location": [
        "/usr/local/include/oce/Handle_Dico_DictionaryOfInteger.hxx", 
        25
      ], 
      "members": [
        {
          "returnType": "Handle_Dico_DictionaryOfInteger", 
          "arguments": [
            {
              "decl": "const Handle_Standard_Transient &", 
              "type": "Handle_Standard_Transient", 
              "name": "AnObject"
            }
          ], 
          "name": "DownCast", 
          "parent": "Handle_Dico_DictionaryOfInteger", 
          "cls": "memfun", 
          "static": "1", 
          "extern": "1", 
          "throws": true
        }
      ], 
      "cls": "class"
    }, 
    {
      "name": "Handle_Dico_DictionaryOfTransient", 
      "abstract": false, 
      "constructors": [
        {
          "returnType": "", 
          "arguments": [], 
          "name": "Handle_Dico_DictionaryOfTransient", 
          "parent": "Handle_Dico_DictionaryOfTransient", 
          "cls": "constructor", 
          "throws": true
        }, 
        {
          "returnType": "", 
          "arguments": [
            {
              "decl": "const Handle_Dico_DictionaryOfTransient &", 
              "type": "Handle_Dico_DictionaryOfTransient", 
              "name": "aHandle"
            }
          ], 
          "name": "Handle_Dico_DictionaryOfTransient", 
          "parent": "Handle_Dico_DictionaryOfTransient", 
          "cls": "constructor", 
          "throws": true, 
          "copyConstructor": true
        }, 
        {
          "returnType": "", 
          "arguments": [
            {
              "decl": "const Dico_DictionaryOfTransient *", 
              "type": "Dico_DictionaryOfTransient", 
              "name": "anItem"
            }
          ], 
          "name": "Handle_Dico_DictionaryOfTransient", 
          "parent": "Handle_Dico_DictionaryOfTransient", 
          "cls": "constructor", 
          "throws": true
        }
      ], 
      "artificial": "1", 
      "bases": [
        {
          "access": "public", 
          "name": "Handle_MMgt_TShared"
        }
      ], 
      "location": [
        "/usr/local/include/oce/Handle_Dico_DictionaryOfTransient.hxx", 
        25
      ], 
      "members": [
        {
          "returnType": "Handle_Dico_DictionaryOfTransient", 
          "arguments": [
            {
              "decl": "const Handle_Standard_Transient &", 
              "type": "Handle_Standard_Transient", 
              "name": "AnObject"
            }
          ], 
          "name": "DownCast", 
          "parent": "Handle_Dico_DictionaryOfTransient", 
          "cls": "memfun", 
          "static": "1", 
          "extern": "1", 
          "throws": true
        }
      ], 
      "cls": "class"
    }, 
    {
      "name": "Handle_Dico_StackItemOfDictionaryOfInteger", 
      "abstract": false, 
      "constructors": [
        {
          "returnType": "", 
          "arguments": [], 
          "name": "Handle_Dico_StackItemOfDictionaryOfInteger", 
          "parent": "Handle_Dico_StackItemOfDictionaryOfInteger", 
          "cls": "constructor", 
          "throws": true
        }, 
        {
          "returnType": "", 
          "arguments": [
            {
              "decl": "const Handle_Dico_StackItemOfDictionaryOfInteger &", 
              "type": "Handle_Dico_StackItemOfDictionaryOfInteger", 
              "name": "aHandle"
            }
          ], 
          "name": "Handle_Dico_StackItemOfDictionaryOfInteger", 
          "parent": "Handle_Dico_StackItemOfDictionaryOfInteger", 
          "cls": "constructor", 
          "throws": true, 
          "copyConstructor": true
        }, 
        {
          "returnType": "", 
          "arguments": [
            {
              "decl": "const Dico_StackItemOfDictionaryOfInteger *", 
              "type": "Dico_StackItemOfDictionaryOfInteger", 
              "name": "anItem"
            }
          ], 
          "name": "Handle_Dico_StackItemOfDictionaryOfInteger", 
          "parent": "Handle_Dico_StackItemOfDictionaryOfInteger", 
          "cls": "constructor", 
          "throws": true
        }
      ], 
      "artificial": "1", 
      "bases": [
        {
          "access": "public", 
          "name": "Handle_MMgt_TShared"
        }
      ], 
      "location": [
        "/usr/local/include/oce/Handle_Dico_StackItemOfDictionaryOfInteger.hxx", 
        25
      ], 
      "members": [
        {
          "returnType": "Handle_Dico_StackItemOfDictionaryOfInteger", 
          "arguments": [
            {
              "decl": "const Handle_Standard_Transient &", 
              "type": "Handle_Standard_Transient", 
              "name": "AnObject"
            }
          ], 
          "name": "DownCast", 
          "parent": "Handle_Dico_StackItemOfDictionaryOfInteger", 
          "cls": "memfun", 
          "static": "1", 
          "extern": "1", 
          "throws": true
        }
      ], 
      "cls": "class"
    }
  ], 
  "headers": [
    "Dico_StackItemOfDictionaryOfTransient.hxx", 
    "Dico_IteratorOfDictionaryOfInteger.hxx", 
    "Dico_DictionaryOfInteger.hxx", 
    "Dico_DictionaryOfTransient.hxx", 
    "Dico_StackItemOfDictionaryOfInteger.hxx", 
    "Dico_IteratorOfDictionaryOfTransient.hxx"
  ], 
  "enums": [], 
  "typedefs": [], 
  "name": "Dico"
}