{
  "classes": [
    {
      "name": "FairCurve_DistributionOfSagging", 
      "abstract": false, 
      "constructors": [
        {
          "returnType": "", 
          "arguments": [
            {
              "decl": "const FairCurve_DistributionOfSagging &", 
              "type": "FairCurve_DistributionOfSagging", 
              "name": "arg0"
            }
          ], 
          "name": "FairCurve_DistributionOfSagging", 
          "parent": "FairCurve_DistributionOfSagging", 
          "cls": "constructor", 
          "artificial": "1", 
          "throws": true, 
          "copyConstructor": true
        }, 
        {
          "returnType": "", 
          "arguments": [
            {
              "decl": "const Standard_Integer", 
              "type": "Standard_Integer", 
              "name": "BSplOrder"
            }, 
            {
              "decl": "const Handle_TColStd_HArray1OfReal &", 
              "type": "Handle_TColStd_HArray1OfReal", 
              "name": "FlatKnots"
            }, 
            {
              "decl": "const Handle_TColgp_HArray1OfPnt2d &", 
              "type": "Handle_TColgp_HArray1OfPnt2d", 
              "name": "Poles"
            }, 
            {
              "decl": "const Standard_Integer", 
              "type": "Standard_Integer", 
              "name": "DerivativeOrder"
            }, 
            {
              "decl": "const FairCurve_BattenLaw &", 
              "type": "FairCurve_BattenLaw", 
              "name": "Law"
            }, 
            {
              "decl": "const Standard_Integer", 
              "type": "Standard_Integer", 
              "name": "NbValAux", 
              "default": "0"
            }
          ], 
          "name": "FairCurve_DistributionOfSagging", 
          "parent": "FairCurve_DistributionOfSagging", 
          "cls": "constructor", 
          "extern": "1", 
          "throws": true
        }
      ], 
      "artificial": "1", 
      "bases": [
        {
          "access": "public", 
          "name": "FairCurve_DistributionOfEnergy"
        }
      ], 
      "location": [
        "/usr/local/include/oce/FairCurve_DistributionOfSagging.hxx", 
        44
      ], 
      "members": [
        {
          "returnType": "Standard_Boolean", 
          "arguments": [
            {
              "decl": "const math_Vector &", 
              "type": "math_Vector", 
              "name": "X"
            }, 
            {
              "decl": "math_Vector &", 
              "type": "math_Vector", 
              "name": "F"
            }
          ], 
          "name": "Value", 
          "parent": "FairCurve_DistributionOfSagging", 
          "cls": "memfun", 
          "extern": "1", 
          "throws": true, 
          "virtuality": "virtual"
        }
      ], 
      "cls": "class"
    }, 
    {
      "name": "FairCurve_EnergyOfBatten", 
      "abstract": false, 
      "constructors": [
        {
          "returnType": "", 
          "arguments": [
            {
              "decl": "const Standard_Integer", 
              "type": "Standard_Integer", 
              "name": "BSplOrder"
            }, 
            {
              "decl": "const Handle_TColStd_HArray1OfReal &", 
              "type": "Handle_TColStd_HArray1OfReal", 
              "name": "FlatKnots"
            }, 
            {
              "decl": "const Handle_TColgp_HArray1OfPnt2d &", 
              "type": "Handle_TColgp_HArray1OfPnt2d", 
              "name": "Poles"
            }, 
            {
              "decl": "const Standard_Integer", 
              "type": "Standard_Integer", 
              "name": "ContrOrder1"
            }, 
            {
              "decl": "const Standard_Integer", 
              "type": "Standard_Integer", 
              "name": "ContrOrder2"
            }, 
            {
              "decl": "const FairCurve_BattenLaw &", 
              "type": "FairCurve_BattenLaw", 
              "name": "Law"
            }, 
            {
              "decl": "const Standard_Real", 
              "type": "Standard_Real", 
              "name": "LengthSliding"
            }, 
            {
              "decl": "const Standard_Boolean", 
              "type": "Standard_Boolean", 
              "name": "FreeSliding", 
              "default": "true"
            }, 
            {
              "decl": "const Standard_Real", 
              "type": "Standard_Real", 
              "name": "Angle1", 
              "default": "0"
            }, 
            {
              "decl": "const Standard_Real", 
              "type": "Standard_Real", 
              "name": "Angle2", 
              "default": "0"
            }
          ], 
          "name": "FairCurve_EnergyOfBatten", 
          "parent": "FairCurve_EnergyOfBatten", 
          "cls": "constructor", 
          "extern": "1", 
          "throws": true
        }
      ], 
      "artificial": "1", 
      "bases": [
        {
          "access": "public", 
          "name": "FairCurve_Energy"
        }
      ], 
      "location": [
        "/usr/local/include/oce/FairCurve_EnergyOfBatten.hxx", 
        56
      ], 
      "members": [
        {
          "returnType": "Standard_Real", 
          "arguments": [], 
          "name": "LengthSliding", 
          "parent": "FairCurve_EnergyOfBatten", 
          "cls": "memfun", 
          "const": "1", 
          "throws": true
        }, 
        {
          "returnType": "FairCurve_AnalysisCode", 
          "arguments": [], 
          "name": "Status", 
          "parent": "FairCurve_EnergyOfBatten", 
          "cls": "memfun", 
          "const": "1", 
          "throws": true
        }, 
        {
          "returnType": "Standard_Boolean", 
          "arguments": [
            {
              "decl": "math_Vector &", 
              "type": "math_Vector", 
              "name": "X"
            }
          ], 
          "name": "Variable", 
          "parent": "FairCurve_EnergyOfBatten", 
          "cls": "memfun", 
          "extern": "1", 
          "const": "1", 
          "throws": true, 
          "virtuality": "virtual"
        }
      ], 
      "cls": "class"
    }, 
    {
      "name": "FairCurve_Newton", 
      "abstract": false, 
      "constructors": [
        {
          "returnType": "", 
          "arguments": [
            {
              "decl": "const FairCurve_Newton &", 
              "type": "FairCurve_Newton", 
              "name": "arg0"
            }
          ], 
          "name": "FairCurve_Newton", 
          "parent": "FairCurve_Newton", 
          "cls": "constructor", 
          "artificial": "1", 
          "throws": true, 
          "copyConstructor": true
        }, 
        {
          "returnType": "", 
          "arguments": [
            {
              "decl": "math_MultipleVarFunctionWithHessian &", 
              "type": "math_MultipleVarFunctionWithHessian", 
              "name": "F"
            }, 
            {
              "decl": "const math_Vector &", 
              "type": "math_Vector", 
              "name": "StartingPoint"
            }, 
            {
              "decl": "const Standard_Real", 
              "type": "Standard_Real", 
              "name": "SpatialTolerance", 
              "default": "9.99999999999999954748111825886258685613938723690807819366e-8"
            }, 
            {
              "decl": "const Standard_Real", 
              "type": "Standard_Real", 
              "name": "CriteriumTolerance", 
              "default": "1.00000000000000002081668171172168513294309377670288085938e-2"
            }, 
            {
              "decl": "const Standard_Integer", 
              "type": "Standard_Integer", 
              "name": "NbIterations", 
              "default": "40"
            }, 
            {
              "decl": "const Standard_Real", 
              "type": "Standard_Real", 
              "name": "Convexity", 
              "default": "9.99999999999999954748111825886258685613938723690807819366e-7"
            }, 
            {
              "decl": "const Standard_Boolean", 
              "type": "Standard_Boolean", 
              "name": "WithSingularity", 
              "default": "true"
            }
          ], 
          "name": "FairCurve_Newton", 
          "parent": "FairCurve_Newton", 
          "cls": "constructor", 
          "extern": "1", 
          "throws": true
        }, 
        {
          "returnType": "", 
          "arguments": [
            {
              "decl": "math_MultipleVarFunctionWithHessian &", 
              "type": "math_MultipleVarFunctionWithHessian", 
              "name": "F"
            }, 
            {
              "decl": "const Standard_Real", 
              "type": "Standard_Real", 
              "name": "SpatialTolerance", 
              "default": "9.99999999999999954748111825886258685613938723690807819366e-8"
            }, 
            {
              "decl": "const Standard_Real", 
              "type": "Standard_Real", 
              "name": "Tolerance", 
              "default": "9.99999999999999954748111825886258685613938723690807819366e-8"
            }, 
            {
              "decl": "const Standard_Integer", 
              "type": "Standard_Integer", 
              "name": "NbIterations", 
              "default": "40"
            }, 
            {
              "decl": "const Standard_Real", 
              "type": "Standard_Real", 
              "name": "Convexity", 
              "default": "9.99999999999999954748111825886258685613938723690807819366e-7"
            }, 
            {
              "decl": "const Standard_Boolean", 
              "type": "Standard_Boolean", 
              "name": "WithSingularity", 
              "default": "true"
            }
          ], 
          "name": "FairCurve_Newton", 
          "parent": "FairCurve_Newton", 
          "cls": "constructor", 
          "extern": "1", 
          "throws": true
        }
      ], 
      "artificial": "1", 
      "bases": [
        {
          "access": "public", 
          "name": "math_NewtonMinimum"
        }
      ], 
      "location": [
        "/usr/local/include/oce/FairCurve_Newton.hxx", 
        36
      ], 
      "members": [
        {
          "returnType": "Standard_Boolean", 
          "arguments": [], 
          "name": "IsConverged", 
          "parent": "FairCurve_Newton", 
          "cls": "memfun", 
          "extern": "1", 
          "const": "1", 
          "throws": true, 
          "virtuality": "virtual"
        }
      ], 
      "cls": "class"
    }, 
    {
      "name": "FairCurve_DistributionOfTension", 
      "abstract": false, 
      "constructors": [
        {
          "returnType": "", 
          "arguments": [
            {
              "decl": "const FairCurve_DistributionOfTension &", 
              "type": "FairCurve_DistributionOfTension", 
              "name": "arg0"
            }
          ], 
          "name": "FairCurve_DistributionOfTension", 
          "parent": "FairCurve_DistributionOfTension", 
          "cls": "constructor", 
          "artificial": "1", 
          "throws": true, 
          "copyConstructor": true
        }, 
        {
          "returnType": "", 
          "arguments": [
            {
              "decl": "const Standard_Integer", 
              "type": "Standard_Integer", 
              "name": "BSplOrder"
            }, 
            {
              "decl": "const Handle_TColStd_HArray1OfReal &", 
              "type": "Handle_TColStd_HArray1OfReal", 
              "name": "FlatKnots"
            }, 
            {
              "decl": "const Handle_TColgp_HArray1OfPnt2d &", 
              "type": "Handle_TColgp_HArray1OfPnt2d", 
              "name": "Poles"
            }, 
            {
              "decl": "const Standard_Integer", 
              "type": "Standard_Integer", 
              "name": "DerivativeOrder"
            }, 
            {
              "decl": "const Standard_Real", 
              "type": "Standard_Real", 
              "name": "LengthSliding"
            }, 
            {
              "decl": "const FairCurve_BattenLaw &", 
              "type": "FairCurve_BattenLaw", 
              "name": "Law"
            }, 
            {
              "decl": "const Standard_Integer", 
              "type": "Standard_Integer", 
              "name": "NbValAux", 
              "default": "0"
            }, 
            {
              "decl": "const Standard_Boolean", 
              "type": "Standard_Boolean", 
              "name": "Uniform", 
              "default": "false"
            }
          ], 
          "name": "FairCurve_DistributionOfTension", 
          "parent": "FairCurve_DistributionOfTension", 
          "cls": "constructor", 
          "extern": "1", 
          "throws": true
        }
      ], 
      "artificial": "1", 
      "bases": [
        {
          "access": "public", 
          "name": "FairCurve_DistributionOfEnergy"
        }
      ], 
      "location": [
        "/usr/local/include/oce/FairCurve_DistributionOfTension.hxx", 
        47
      ], 
      "members": [
        {
          "returnType": "void", 
          "arguments": [
            {
              "decl": "const Standard_Real", 
              "type": "Standard_Real", 
              "name": "LengthSliding"
            }
          ], 
          "name": "SetLengthSliding", 
          "parent": "FairCurve_DistributionOfTension", 
          "cls": "memfun", 
          "throws": true
        }, 
        {
          "returnType": "Standard_Boolean", 
          "arguments": [
            {
              "decl": "const math_Vector &", 
              "type": "math_Vector", 
              "name": "X"
            }, 
            {
              "decl": "math_Vector &", 
              "type": "math_Vector", 
              "name": "F"
            }
          ], 
          "name": "Value", 
          "parent": "FairCurve_DistributionOfTension", 
          "cls": "memfun", 
          "extern": "1", 
          "throws": true, 
          "virtuality": "virtual"
        }
      ], 
      "cls": "class"
    }, 
    {
      "name": "FairCurve_Batten", 
      "abstract": false, 
      "constructors": [
        {
          "returnType": "", 
          "arguments": [
            {
              "decl": "const FairCurve_Batten &", 
              "type": "FairCurve_Batten", 
              "name": "arg0"
            }
          ], 
          "name": "FairCurve_Batten", 
          "parent": "FairCurve_Batten", 
          "cls": "constructor", 
          "artificial": "1", 
          "throws": true, 
          "copyConstructor": true
        }, 
        {
          "returnType": "", 
          "arguments": [
            {
              "decl": "const gp_Pnt2d &", 
              "type": "gp_Pnt2d", 
              "name": "P1"
            }, 
            {
              "decl": "const gp_Pnt2d &", 
              "type": "gp_Pnt2d", 
              "name": "P2"
            }, 
            {
              "decl": "const Standard_Real", 
              "type": "Standard_Real", 
              "name": "Height"
            }, 
            {
              "decl": "const Standard_Real", 
              "type": "Standard_Real", 
              "name": "Slope", 
              "default": "0"
            }
          ], 
          "name": "FairCurve_Batten", 
          "parent": "FairCurve_Batten", 
          "cls": "constructor", 
          "extern": "1", 
          "throws": true
        }
      ], 
      "artificial": "1", 
      "bases": [], 
      "location": [
        "/usr/local/include/oce/FairCurve_Batten.hxx", 
        63
      ], 
      "members": [
        {
          "returnType": "void", 
          "arguments": [], 
          "name": "Delete", 
          "parent": "FairCurve_Batten", 
          "cls": "memfun", 
          "extern": "1", 
          "throws": true, 
          "virtuality": "virtual"
        }, 
        {
          "returnType": "void", 
          "arguments": [
            {
              "decl": "const Standard_Boolean", 
              "type": "Standard_Boolean", 
              "name": "FreeSliding"
            }
          ], 
          "name": "SetFreeSliding", 
          "parent": "FairCurve_Batten", 
          "cls": "memfun", 
          "throws": true
        }, 
        {
          "returnType": "void", 
          "arguments": [
            {
              "decl": "const Standard_Integer", 
              "type": "Standard_Integer", 
              "name": "ConstraintOrder"
            }
          ], 
          "name": "SetConstraintOrder1", 
          "parent": "FairCurve_Batten", 
          "cls": "memfun", 
          "throws": true
        }, 
        {
          "returnType": "void", 
          "arguments": [
            {
              "decl": "const Standard_Integer", 
              "type": "Standard_Integer", 
              "name": "ConstraintOrder"
            }
          ], 
          "name": "SetConstraintOrder2", 
          "parent": "FairCurve_Batten", 
          "cls": "memfun", 
          "throws": true
        }, 
        {
          "returnType": "void", 
          "arguments": [
            {
              "decl": "const gp_Pnt2d &", 
              "type": "gp_Pnt2d", 
              "name": "P1"
            }
          ], 
          "name": "SetP1", 
          "parent": "FairCurve_Batten", 
          "cls": "memfun", 
          "extern": "1", 
          "throws": true
        }, 
        {
          "returnType": "void", 
          "arguments": [
            {
              "decl": "const gp_Pnt2d &", 
              "type": "gp_Pnt2d", 
              "name": "P2"
            }
          ], 
          "name": "SetP2", 
          "parent": "FairCurve_Batten", 
          "cls": "memfun", 
          "extern": "1", 
          "throws": true
        }, 
        {
          "returnType": "void", 
          "arguments": [
            {
              "decl": "const Standard_Real", 
              "type": "Standard_Real", 
              "name": "Angle1"
            }
          ], 
          "name": "SetAngle1", 
          "parent": "FairCurve_Batten", 
          "cls": "memfun", 
          "throws": true
        }, 
        {
          "returnType": "void", 
          "arguments": [
            {
              "decl": "const Standard_Real", 
              "type": "Standard_Real", 
              "name": "Angle2"
            }
          ], 
          "name": "SetAngle2", 
          "parent": "FairCurve_Batten", 
          "cls": "memfun", 
          "throws": true
        }, 
        {
          "returnType": "void", 
          "arguments": [
            {
              "decl": "const Standard_Real", 
              "type": "Standard_Real", 
              "name": "Height"
            }
          ], 
          "name": "SetHeight", 
          "parent": "FairCurve_Batten", 
          "cls": "memfun", 
          "throws": true
        }, 
        {
          "returnType": "void", 
          "arguments": [
            {
              "decl": "const Standard_Real", 
              "type": "Standard_Real", 
              "name": "Slope"
            }
          ], 
          "name": "SetSlope", 
          "parent": "FairCurve_Batten", 
          "cls": "memfun", 
          "throws": true
        }, 
        {
          "returnType": "void", 
          "arguments": [
            {
              "decl": "const Standard_Real", 
              "type": "Standard_Real", 
              "name": "SlidingFactor"
            }
          ], 
          "name": "SetSlidingFactor", 
          "parent": "FairCurve_Batten", 
          "cls": "memfun", 
          "throws": true
        }, 
        {
          "returnType": "Standard_Boolean", 
          "arguments": [
            {
              "decl": "FairCurve_AnalysisCode &", 
              "type": "FairCurve_AnalysisCode", 
              "name": "Code"
            }, 
            {
              "decl": "const Standard_Integer", 
              "type": "Standard_Integer", 
              "name": "NbIterations", 
              "default": "50"
            }, 
            {
              "decl": "const Standard_Real", 
              "type": "Standard_Real", 
              "name": "Tolerance", 
              "default": "1.00000000000000002081668171172168513294309377670288085938e-3"
            }
          ], 
          "name": "Compute", 
          "parent": "FairCurve_Batten", 
          "cls": "memfun", 
          "extern": "1", 
          "throws": true, 
          "virtuality": "virtual"
        }, 
        {
          "returnType": "Standard_Real", 
          "arguments": [], 
          "name": "SlidingOfReference", 
          "parent": "FairCurve_Batten", 
          "cls": "memfun", 
          "extern": "1", 
          "const": "1", 
          "throws": true
        }, 
        {
          "returnType": "Standard_Boolean", 
          "arguments": [], 
          "name": "GetFreeSliding", 
          "parent": "FairCurve_Batten", 
          "cls": "memfun", 
          "const": "1", 
          "throws": true
        }, 
        {
          "returnType": "Standard_Integer", 
          "arguments": [], 
          "name": "GetConstraintOrder1", 
          "parent": "FairCurve_Batten", 
          "cls": "memfun", 
          "const": "1", 
          "throws": true
        }, 
        {
          "returnType": "Standard_Integer", 
          "arguments": [], 
          "name": "GetConstraintOrder2", 
          "parent": "FairCurve_Batten", 
          "cls": "memfun", 
          "const": "1", 
          "throws": true
        }, 
        {
          "returnType": "gp_Pnt2d const &", 
          "arguments": [], 
          "name": "GetP1", 
          "parent": "FairCurve_Batten", 
          "cls": "memfun", 
          "const": "1", 
          "throws": true
        }, 
        {
          "returnType": "gp_Pnt2d const &", 
          "arguments": [], 
          "name": "GetP2", 
          "parent": "FairCurve_Batten", 
          "cls": "memfun", 
          "const": "1", 
          "throws": true
        }, 
        {
          "returnType": "Standard_Real", 
          "arguments": [], 
          "name": "GetAngle1", 
          "parent": "FairCurve_Batten", 
          "cls": "memfun", 
          "const": "1", 
          "throws": true
        }, 
        {
          "returnType": "Standard_Real", 
          "arguments": [], 
          "name": "GetAngle2", 
          "parent": "FairCurve_Batten", 
          "cls": "memfun", 
          "const": "1", 
          "throws": true
        }, 
        {
          "returnType": "Standard_Real", 
          "arguments": [], 
          "name": "GetHeight", 
          "parent": "FairCurve_Batten", 
          "cls": "memfun", 
          "const": "1", 
          "throws": true
        }, 
        {
          "returnType": "Standard_Real", 
          "arguments": [], 
          "name": "GetSlope", 
          "parent": "FairCurve_Batten", 
          "cls": "memfun", 
          "const": "1", 
          "throws": true
        }, 
        {
          "returnType": "Standard_Real", 
          "arguments": [], 
          "name": "GetSlidingFactor", 
          "parent": "FairCurve_Batten", 
          "cls": "memfun", 
          "const": "1", 
          "throws": true
        }, 
        {
          "returnType": "Handle_Geom2d_BSplineCurve", 
          "arguments": [], 
          "name": "Curve", 
          "parent": "FairCurve_Batten", 
          "cls": "memfun", 
          "extern": "1", 
          "const": "1", 
          "throws": true
        }, 
        {
          "returnType": "void", 
          "arguments": [
            {
              "decl": "Standard_OStream &", 
              "type": "Standard_OStream", 
              "name": "o"
            }
          ], 
          "name": "Dump", 
          "parent": "FairCurve_Batten", 
          "cls": "memfun", 
          "extern": "1", 
          "const": "1", 
          "throws": true, 
          "virtuality": "virtual"
        }
      ], 
      "cls": "class"
    }, 
    {
      "name": "FairCurve_DistributionOfEnergy", 
      "abstract": true, 
      "constructors": [], 
      "artificial": "1", 
      "bases": [
        {
          "access": "public", 
          "name": "math_FunctionSet"
        }
      ], 
      "location": [
        "/usr/local/include/oce/FairCurve_DistributionOfEnergy.hxx", 
        36
      ], 
      "members": [
        {
          "returnType": "Standard_Integer", 
          "arguments": [], 
          "name": "NbVariables", 
          "parent": "FairCurve_DistributionOfEnergy", 
          "cls": "memfun", 
          "extern": "1", 
          "const": "1", 
          "throws": true, 
          "virtuality": "virtual"
        }, 
        {
          "returnType": "Standard_Integer", 
          "arguments": [], 
          "name": "NbEquations", 
          "parent": "FairCurve_DistributionOfEnergy", 
          "cls": "memfun", 
          "extern": "1", 
          "const": "1", 
          "throws": true, 
          "virtuality": "virtual"
        }, 
        {
          "returnType": "void", 
          "arguments": [
            {
              "decl": "const Standard_Integer", 
              "type": "Standard_Integer", 
              "name": "DerivativeOrder"
            }
          ], 
          "name": "SetDerivativeOrder", 
          "parent": "FairCurve_DistributionOfEnergy", 
          "cls": "memfun", 
          "extern": "1", 
          "throws": true
        }
      ], 
      "cls": "class"
    }, 
    {
      "name": "FairCurve_BattenLaw", 
      "abstract": false, 
      "constructors": [
        {
          "returnType": "", 
          "arguments": [
            {
              "decl": "const FairCurve_BattenLaw &", 
              "type": "FairCurve_BattenLaw", 
              "name": "arg0"
            }
          ], 
          "name": "FairCurve_BattenLaw", 
          "parent": "FairCurve_BattenLaw", 
          "cls": "constructor", 
          "artificial": "1", 
          "copyConstructor": true
        }, 
        {
          "returnType": "", 
          "arguments": [
            {
              "decl": "const Standard_Real", 
              "type": "Standard_Real", 
              "name": "Heigth"
            }, 
            {
              "decl": "const Standard_Real", 
              "type": "Standard_Real", 
              "name": "Slope"
            }, 
            {
              "decl": "const Standard_Real", 
              "type": "Standard_Real", 
              "name": "Sliding"
            }
          ], 
          "name": "FairCurve_BattenLaw", 
          "parent": "FairCurve_BattenLaw", 
          "cls": "constructor", 
          "extern": "1", 
          "throws": true
        }
      ], 
      "artificial": "1", 
      "bases": [
        {
          "access": "public", 
          "name": "math_Function"
        }
      ], 
      "location": [
        "/usr/local/include/oce/FairCurve_BattenLaw.hxx", 
        31
      ], 
      "members": [
        {
          "returnType": "void", 
          "arguments": [
            {
              "decl": "const Standard_Real", 
              "type": "Standard_Real", 
              "name": "Sliding"
            }
          ], 
          "name": "SetSliding", 
          "parent": "FairCurve_BattenLaw", 
          "cls": "memfun", 
          "throws": true
        }, 
        {
          "returnType": "void", 
          "arguments": [
            {
              "decl": "const Standard_Real", 
              "type": "Standard_Real", 
              "name": "Heigth"
            }
          ], 
          "name": "SetHeigth", 
          "parent": "FairCurve_BattenLaw", 
          "cls": "memfun", 
          "throws": true
        }, 
        {
          "returnType": "void", 
          "arguments": [
            {
              "decl": "const Standard_Real", 
              "type": "Standard_Real", 
              "name": "Slope"
            }
          ], 
          "name": "SetSlope", 
          "parent": "FairCurve_BattenLaw", 
          "cls": "memfun", 
          "throws": true
        }, 
        {
          "returnType": "Standard_Boolean", 
          "arguments": [
            {
              "decl": "const Standard_Real", 
              "type": "Standard_Real", 
              "name": "T"
            }, 
            {
              "decl": "Standard_Real &", 
              "type": "Standard_Real", 
              "name": "THeigth"
            }
          ], 
          "name": "Value", 
          "parent": "FairCurve_BattenLaw", 
          "cls": "memfun", 
          "throws": true, 
          "virtuality": "virtual"
        }
      ], 
      "cls": "class"
    }, 
    {
      "name": "FairCurve_DistributionOfJerk", 
      "abstract": false, 
      "constructors": [
        {
          "returnType": "", 
          "arguments": [
            {
              "decl": "const FairCurve_DistributionOfJerk &", 
              "type": "FairCurve_DistributionOfJerk", 
              "name": "arg0"
            }
          ], 
          "name": "FairCurve_DistributionOfJerk", 
          "parent": "FairCurve_DistributionOfJerk", 
          "cls": "constructor", 
          "artificial": "1", 
          "throws": true, 
          "copyConstructor": true
        }, 
        {
          "returnType": "", 
          "arguments": [
            {
              "decl": "const Standard_Integer", 
              "type": "Standard_Integer", 
              "name": "BSplOrder"
            }, 
            {
              "decl": "const Handle_TColStd_HArray1OfReal &", 
              "type": "Handle_TColStd_HArray1OfReal", 
              "name": "FlatKnots"
            }, 
            {
              "decl": "const Handle_TColgp_HArray1OfPnt2d &", 
              "type": "Handle_TColgp_HArray1OfPnt2d", 
              "name": "Poles"
            }, 
            {
              "decl": "const Standard_Integer", 
              "type": "Standard_Integer", 
              "name": "DerivativeOrder"
            }, 
            {
              "decl": "const FairCurve_BattenLaw &", 
              "type": "FairCurve_BattenLaw", 
              "name": "Law"
            }, 
            {
              "decl": "const Standard_Integer", 
              "type": "Standard_Integer", 
              "name": "NbValAux", 
              "default": "0"
            }
          ], 
          "name": "FairCurve_DistributionOfJerk", 
          "parent": "FairCurve_DistributionOfJerk", 
          "cls": "constructor", 
          "extern": "1", 
          "throws": true
        }
      ], 
      "artificial": "1", 
      "bases": [
        {
          "access": "public", 
          "name": "FairCurve_DistributionOfEnergy"
        }
      ], 
      "location": [
        "/usr/local/include/oce/FairCurve_DistributionOfJerk.hxx", 
        44
      ], 
      "members": [
        {
          "returnType": "Standard_Boolean", 
          "arguments": [
            {
              "decl": "const math_Vector &", 
              "type": "math_Vector", 
              "name": "X"
            }, 
            {
              "decl": "math_Vector &", 
              "type": "math_Vector", 
              "name": "F"
            }
          ], 
          "name": "Value", 
          "parent": "FairCurve_DistributionOfJerk", 
          "cls": "memfun", 
          "extern": "1", 
          "throws": true, 
          "virtuality": "virtual"
        }
      ], 
      "cls": "class"
    }, 
    {
      "name": "FairCurve_MinimalVariation", 
      "abstract": false, 
      "constructors": [
        {
          "returnType": "", 
          "arguments": [
            {
              "decl": "const FairCurve_MinimalVariation &", 
              "type": "FairCurve_MinimalVariation", 
              "name": "arg0"
            }
          ], 
          "name": "FairCurve_MinimalVariation", 
          "parent": "FairCurve_MinimalVariation", 
          "cls": "constructor", 
          "artificial": "1", 
          "throws": true, 
          "copyConstructor": true
        }, 
        {
          "returnType": "", 
          "arguments": [
            {
              "decl": "const gp_Pnt2d &", 
              "type": "gp_Pnt2d", 
              "name": "P1"
            }, 
            {
              "decl": "const gp_Pnt2d &", 
              "type": "gp_Pnt2d", 
              "name": "P2"
            }, 
            {
              "decl": "const Standard_Real", 
              "type": "Standard_Real", 
              "name": "Heigth"
            }, 
            {
              "decl": "const Standard_Real", 
              "type": "Standard_Real", 
              "name": "Slope", 
              "default": "0"
            }, 
            {
              "decl": "const Standard_Real", 
              "type": "Standard_Real", 
              "name": "PhysicalRatio", 
              "default": "0"
            }
          ], 
          "name": "FairCurve_MinimalVariation", 
          "parent": "FairCurve_MinimalVariation", 
          "cls": "constructor", 
          "extern": "1", 
          "throws": true
        }
      ], 
      "artificial": "1", 
      "bases": [
        {
          "access": "public", 
          "name": "FairCurve_Batten"
        }
      ], 
      "location": [
        "/usr/local/include/oce/FairCurve_MinimalVariation.hxx", 
        51
      ], 
      "members": [
        {
          "returnType": "void", 
          "arguments": [
            {
              "decl": "const Standard_Real", 
              "type": "Standard_Real", 
              "name": "Curvature"
            }
          ], 
          "name": "SetCurvature1", 
          "parent": "FairCurve_MinimalVariation", 
          "cls": "memfun", 
          "throws": true
        }, 
        {
          "returnType": "void", 
          "arguments": [
            {
              "decl": "const Standard_Real", 
              "type": "Standard_Real", 
              "name": "Curvature"
            }
          ], 
          "name": "SetCurvature2", 
          "parent": "FairCurve_MinimalVariation", 
          "cls": "memfun", 
          "throws": true
        }, 
        {
          "returnType": "void", 
          "arguments": [
            {
              "decl": "const Standard_Real", 
              "type": "Standard_Real", 
              "name": "Ratio"
            }
          ], 
          "name": "SetPhysicalRatio", 
          "parent": "FairCurve_MinimalVariation", 
          "cls": "memfun", 
          "throws": true
        }, 
        {
          "returnType": "Standard_Boolean", 
          "arguments": [
            {
              "decl": "FairCurve_AnalysisCode &", 
              "type": "FairCurve_AnalysisCode", 
              "name": "ACode"
            }, 
            {
              "decl": "const Standard_Integer", 
              "type": "Standard_Integer", 
              "name": "NbIterations", 
              "default": "50"
            }, 
            {
              "decl": "const Standard_Real", 
              "type": "Standard_Real", 
              "name": "Tolerance", 
              "default": "1.00000000000000002081668171172168513294309377670288085938e-3"
            }
          ], 
          "name": "Compute", 
          "parent": "FairCurve_MinimalVariation", 
          "cls": "memfun", 
          "extern": "1", 
          "throws": true, 
          "virtuality": "virtual"
        }, 
        {
          "returnType": "Standard_Real", 
          "arguments": [], 
          "name": "GetCurvature1", 
          "parent": "FairCurve_MinimalVariation", 
          "cls": "memfun", 
          "const": "1", 
          "throws": true
        }, 
        {
          "returnType": "Standard_Real", 
          "arguments": [], 
          "name": "GetCurvature2", 
          "parent": "FairCurve_MinimalVariation", 
          "cls": "memfun", 
          "const": "1", 
          "throws": true
        }, 
        {
          "returnType": "Standard_Real", 
          "arguments": [], 
          "name": "GetPhysicalRatio", 
          "parent": "FairCurve_MinimalVariation", 
          "cls": "memfun", 
          "const": "1", 
          "throws": true
        }, 
        {
          "returnType": "void", 
          "arguments": [
            {
              "decl": "Standard_OStream &", 
              "type": "Standard_OStream", 
              "name": "o"
            }
          ], 
          "name": "Dump", 
          "parent": "FairCurve_MinimalVariation", 
          "cls": "memfun", 
          "extern": "1", 
          "const": "1", 
          "throws": true, 
          "virtuality": "virtual"
        }
      ], 
      "cls": "class"
    }, 
    {
      "name": "FairCurve_EnergyOfMVC", 
      "abstract": false, 
      "constructors": [
        {
          "returnType": "", 
          "arguments": [
            {
              "decl": "const Standard_Integer", 
              "type": "Standard_Integer", 
              "name": "BSplOrder"
            }, 
            {
              "decl": "const Handle_TColStd_HArray1OfReal &", 
              "type": "Handle_TColStd_HArray1OfReal", 
              "name": "FlatKnots"
            }, 
            {
              "decl": "const Handle_TColgp_HArray1OfPnt2d &", 
              "type": "Handle_TColgp_HArray1OfPnt2d", 
              "name": "Poles"
            }, 
            {
              "decl": "const Standard_Integer", 
              "type": "Standard_Integer", 
              "name": "ContrOrder1"
            }, 
            {
              "decl": "const Standard_Integer", 
              "type": "Standard_Integer", 
              "name": "ContrOrder2"
            }, 
            {
              "decl": "const FairCurve_BattenLaw &", 
              "type": "FairCurve_BattenLaw", 
              "name": "Law"
            }, 
            {
              "decl": "const Standard_Real", 
              "type": "Standard_Real", 
              "name": "PhysicalRatio"
            }, 
            {
              "decl": "const Standard_Real", 
              "type": "Standard_Real", 
              "name": "LengthSliding"
            }, 
            {
              "decl": "const Standard_Boolean", 
              "type": "Standard_Boolean", 
              "name": "FreeSliding", 
              "default": "true"
            }, 
            {
              "decl": "const Standard_Real", 
              "type": "Standard_Real", 
              "name": "Angle1", 
              "default": "0"
            }, 
            {
              "decl": "const Standard_Real", 
              "type": "Standard_Real", 
              "name": "Angle2", 
              "default": "0"
            }, 
            {
              "decl": "const Standard_Real", 
              "type": "Standard_Real", 
              "name": "Curvature1", 
              "default": "0"
            }, 
            {
              "decl": "const Standard_Real", 
              "type": "Standard_Real", 
              "name": "Curvature2", 
              "default": "0"
            }
          ], 
          "name": "FairCurve_EnergyOfMVC", 
          "parent": "FairCurve_EnergyOfMVC", 
          "cls": "constructor", 
          "extern": "1", 
          "throws": true
        }
      ], 
      "artificial": "1", 
      "bases": [
        {
          "access": "public", 
          "name": "FairCurve_Energy"
        }
      ], 
      "location": [
        "/usr/local/include/oce/FairCurve_EnergyOfMVC.hxx", 
        60
      ], 
      "members": [
        {
          "returnType": "Standard_Real", 
          "arguments": [], 
          "name": "LengthSliding", 
          "parent": "FairCurve_EnergyOfMVC", 
          "cls": "memfun", 
          "const": "1", 
          "throws": true
        }, 
        {
          "returnType": "FairCurve_AnalysisCode", 
          "arguments": [], 
          "name": "Status", 
          "parent": "FairCurve_EnergyOfMVC", 
          "cls": "memfun", 
          "const": "1", 
          "throws": true
        }, 
        {
          "returnType": "Standard_Boolean", 
          "arguments": [
            {
              "decl": "math_Vector &", 
              "type": "math_Vector", 
              "name": "X"
            }
          ], 
          "name": "Variable", 
          "parent": "FairCurve_EnergyOfMVC", 
          "cls": "memfun", 
          "extern": "1", 
          "const": "1", 
          "throws": true, 
          "virtuality": "virtual"
        }
      ], 
      "cls": "class"
    }, 
    {
      "name": "FairCurve_Energy", 
      "abstract": true, 
      "constructors": [], 
      "artificial": "1", 
      "bases": [
        {
          "access": "public", 
          "name": "math_MultipleVarFunctionWithHessian"
        }
      ], 
      "location": [
        "/usr/local/include/oce/FairCurve_Energy.hxx", 
        47
      ], 
      "members": [
        {
          "returnType": "Standard_Integer", 
          "arguments": [], 
          "name": "NbVariables", 
          "parent": "FairCurve_Energy", 
          "cls": "memfun", 
          "const": "1", 
          "throws": true, 
          "virtuality": "virtual"
        }, 
        {
          "returnType": "Standard_Boolean", 
          "arguments": [
            {
              "decl": "const math_Vector &", 
              "type": "math_Vector", 
              "name": "X"
            }, 
            {
              "decl": "Standard_Real &", 
              "type": "Standard_Real", 
              "name": "E"
            }
          ], 
          "name": "Value", 
          "parent": "FairCurve_Energy", 
          "cls": "memfun", 
          "extern": "1", 
          "throws": true, 
          "virtuality": "virtual"
        }, 
        {
          "returnType": "Standard_Boolean", 
          "arguments": [
            {
              "decl": "const math_Vector &", 
              "type": "math_Vector", 
              "name": "X"
            }, 
            {
              "decl": "math_Vector &", 
              "type": "math_Vector", 
              "name": "G"
            }
          ], 
          "name": "Gradient", 
          "parent": "FairCurve_Energy", 
          "cls": "memfun", 
          "extern": "1", 
          "throws": true, 
          "virtuality": "virtual"
        }, 
        {
          "returnType": "Standard_Boolean", 
          "arguments": [
            {
              "decl": "const math_Vector &", 
              "type": "math_Vector", 
              "name": "X"
            }, 
            {
              "decl": "Standard_Real &", 
              "type": "Standard_Real", 
              "name": "E"
            }, 
            {
              "decl": "math_Vector &", 
              "type": "math_Vector", 
              "name": "G"
            }
          ], 
          "name": "Values", 
          "parent": "FairCurve_Energy", 
          "cls": "memfun", 
          "extern": "1", 
          "throws": true, 
          "virtuality": "virtual"
        }, 
        {
          "returnType": "Standard_Boolean", 
          "arguments": [
            {
              "decl": "const math_Vector &", 
              "type": "math_Vector", 
              "name": "X"
            }, 
            {
              "decl": "Standard_Real &", 
              "type": "Standard_Real", 
              "name": "E"
            }, 
            {
              "decl": "math_Vector &", 
              "type": "math_Vector", 
              "name": "G"
            }, 
            {
              "decl": "math_Matrix &", 
              "type": "math_Matrix", 
              "name": "H"
            }
          ], 
          "name": "Values", 
          "parent": "FairCurve_Energy", 
          "cls": "memfun", 
          "extern": "1", 
          "throws": true, 
          "virtuality": "virtual"
        }, 
        {
          "returnType": "Standard_Boolean", 
          "arguments": [
            {
              "decl": "math_Vector &", 
              "type": "math_Vector", 
              "name": "X"
            }
          ], 
          "name": "Variable", 
          "parent": "FairCurve_Energy", 
          "cls": "memfun", 
          "extern": "1", 
          "const": "1", 
          "throws": true, 
          "virtuality": "virtual"
        }, 
        {
          "returnType": "Handle_TColgp_HArray1OfPnt2d const &", 
          "arguments": [], 
          "name": "Poles", 
          "parent": "FairCurve_Energy", 
          "cls": "memfun", 
          "const": "1", 
          "throws": true
        }
      ], 
      "cls": "class"
    }
  ], 
  "headers": [
    "FairCurve_EnergyOfBatten.hxx", 
    "FairCurve_DistributionOfEnergy.hxx", 
    "FairCurve_DistributionOfTension.hxx", 
    "FairCurve_Batten.hxx", 
    "FairCurve_MinimalVariation.hxx", 
    "FairCurve_Energy.hxx", 
    "FairCurve_EnergyOfMVC.hxx", 
    "FairCurve_DistributionOfJerk.hxx", 
    "FairCurve_Newton.hxx", 
    "FairCurve_AnalysisCode.hxx", 
    "FairCurve_DistributionOfSagging.hxx", 
    "FairCurve_BattenLaw.hxx"
  ], 
  "enums": [
    {
      "values": [
        [
          "FairCurve_OK", 
          0
        ], 
        [
          "FairCurve_NotConverged", 
          1
        ], 
        [
          "FairCurve_InfiniteSliding", 
          2
        ], 
        [
          "FairCurve_NullHeight", 
          3
        ]
      ], 
      "name": "FairCurve_AnalysisCode", 
      "cls": "enum"
    }
  ], 
  "typedefs": [], 
  "name": "FairCurve"
}