{
  "classes": [
    {
      "name": "GC_MakeEllipse", 
      "abstract": false, 
      "constructors": [
        {
          "returnType": "", 
          "arguments": [
            {
              "decl": "const GC_MakeEllipse &", 
              "type": "GC_MakeEllipse", 
              "name": "arg0"
            }
          ], 
          "name": "GC_MakeEllipse", 
          "parent": "GC_MakeEllipse", 
          "cls": "constructor", 
          "artificial": "1", 
          "throws": true, 
          "copyConstructor": true
        }, 
        {
          "returnType": "", 
          "arguments": [
            {
              "decl": "const gp_Elips &", 
              "type": "gp_Elips", 
              "name": "E"
            }
          ], 
          "name": "GC_MakeEllipse", 
          "parent": "GC_MakeEllipse", 
          "cls": "constructor", 
          "extern": "1", 
          "throws": true
        }, 
        {
          "returnType": "", 
          "arguments": [
            {
              "decl": "const gp_Ax2 &", 
              "type": "gp_Ax2", 
              "name": "A2"
            }, 
            {
              "decl": "const Standard_Real", 
              "type": "Standard_Real", 
              "name": "MajorRadius"
            }, 
            {
              "decl": "const Standard_Real", 
              "type": "Standard_Real", 
              "name": "MinorRadius"
            }
          ], 
          "name": "GC_MakeEllipse", 
          "parent": "GC_MakeEllipse", 
          "cls": "constructor", 
          "extern": "1", 
          "throws": true
        }, 
        {
          "returnType": "", 
          "arguments": [
            {
              "decl": "const gp_Pnt &", 
              "type": "gp_Pnt", 
              "name": "S1"
            }, 
            {
              "decl": "const gp_Pnt &", 
              "type": "gp_Pnt", 
              "name": "S2"
            }, 
            {
              "decl": "const gp_Pnt &", 
              "type": "gp_Pnt", 
              "name": "Center"
            }
          ], 
          "name": "GC_MakeEllipse", 
          "parent": "GC_MakeEllipse", 
          "cls": "constructor", 
          "extern": "1", 
          "throws": true
        }
      ], 
      "artificial": "1", 
      "bases": [
        {
          "access": "public", 
          "name": "GC_Root"
        }
      ], 
      "location": [
        "/usr/local/include/oce/GC_MakeEllipse.hxx", 
        42
      ], 
      "members": [
        {
          "returnType": "Handle_Geom_Ellipse const &", 
          "arguments": [], 
          "name": "Value", 
          "parent": "GC_MakeEllipse", 
          "cls": "memfun", 
          "extern": "1", 
          "const": "1", 
          "throws": true
        }, 
        {
          "returnType": "Handle_Geom_Ellipse const &", 
          "arguments": [], 
          "name": "Operator", 
          "parent": "GC_MakeEllipse", 
          "cls": "memfun", 
          "extern": "1", 
          "const": "1", 
          "throws": true
        }
      ], 
      "cls": "class"
    }, 
    {
      "name": "GC_MakeConicalSurface", 
      "abstract": false, 
      "constructors": [
        {
          "returnType": "", 
          "arguments": [
            {
              "decl": "const GC_MakeConicalSurface &", 
              "type": "GC_MakeConicalSurface", 
              "name": "arg0"
            }
          ], 
          "name": "GC_MakeConicalSurface", 
          "parent": "GC_MakeConicalSurface", 
          "cls": "constructor", 
          "artificial": "1", 
          "throws": true, 
          "copyConstructor": true
        }, 
        {
          "returnType": "", 
          "arguments": [
            {
              "decl": "const gp_Ax2 &", 
              "type": "gp_Ax2", 
              "name": "A2"
            }, 
            {
              "decl": "const Standard_Real", 
              "type": "Standard_Real", 
              "name": "Ang"
            }, 
            {
              "decl": "const Standard_Real", 
              "type": "Standard_Real", 
              "name": "Radius"
            }
          ], 
          "name": "GC_MakeConicalSurface", 
          "parent": "GC_MakeConicalSurface", 
          "cls": "constructor", 
          "extern": "1", 
          "throws": true
        }, 
        {
          "returnType": "", 
          "arguments": [
            {
              "decl": "const gp_Cone &", 
              "type": "gp_Cone", 
              "name": "C"
            }
          ], 
          "name": "GC_MakeConicalSurface", 
          "parent": "GC_MakeConicalSurface", 
          "cls": "constructor", 
          "extern": "1", 
          "throws": true
        }, 
        {
          "returnType": "", 
          "arguments": [
            {
              "decl": "const gp_Cone &", 
              "type": "gp_Cone", 
              "name": "Cone"
            }, 
            {
              "decl": "const gp_Pnt &", 
              "type": "gp_Pnt", 
              "name": "Point"
            }
          ], 
          "name": "GC_MakeConicalSurface", 
          "parent": "GC_MakeConicalSurface", 
          "cls": "constructor", 
          "extern": "1", 
          "throws": true
        }, 
        {
          "returnType": "", 
          "arguments": [
            {
              "decl": "const gp_Cone &", 
              "type": "gp_Cone", 
              "name": "Cone"
            }, 
            {
              "decl": "const Standard_Real", 
              "type": "Standard_Real", 
              "name": "Dist"
            }
          ], 
          "name": "GC_MakeConicalSurface", 
          "parent": "GC_MakeConicalSurface", 
          "cls": "constructor", 
          "extern": "1", 
          "throws": true
        }, 
        {
          "returnType": "", 
          "arguments": [
            {
              "decl": "const gp_Pnt &", 
              "type": "gp_Pnt", 
              "name": "P1"
            }, 
            {
              "decl": "const gp_Pnt &", 
              "type": "gp_Pnt", 
              "name": "P2"
            }, 
            {
              "decl": "const gp_Pnt &", 
              "type": "gp_Pnt", 
              "name": "P3"
            }, 
            {
              "decl": "const gp_Pnt &", 
              "type": "gp_Pnt", 
              "name": "P4"
            }
          ], 
          "name": "GC_MakeConicalSurface", 
          "parent": "GC_MakeConicalSurface", 
          "cls": "constructor", 
          "extern": "1", 
          "throws": true
        }, 
        {
          "returnType": "", 
          "arguments": [
            {
              "decl": "const gp_Ax1 &", 
              "type": "gp_Ax1", 
              "name": "Axis"
            }, 
            {
              "decl": "const gp_Pnt &", 
              "type": "gp_Pnt", 
              "name": "P1"
            }, 
            {
              "decl": "const gp_Pnt &", 
              "type": "gp_Pnt", 
              "name": "P2"
            }
          ], 
          "name": "GC_MakeConicalSurface", 
          "parent": "GC_MakeConicalSurface", 
          "cls": "constructor", 
          "extern": "1", 
          "throws": true
        }, 
        {
          "returnType": "", 
          "arguments": [
            {
              "decl": "const gp_Lin &", 
              "type": "gp_Lin", 
              "name": "Axis"
            }, 
            {
              "decl": "const gp_Pnt &", 
              "type": "gp_Pnt", 
              "name": "P1"
            }, 
            {
              "decl": "const gp_Pnt &", 
              "type": "gp_Pnt", 
              "name": "P2"
            }
          ], 
          "name": "GC_MakeConicalSurface", 
          "parent": "GC_MakeConicalSurface", 
          "cls": "constructor", 
          "extern": "1", 
          "throws": true
        }, 
        {
          "returnType": "", 
          "arguments": [
            {
              "decl": "const gp_Pnt &", 
              "type": "gp_Pnt", 
              "name": "P1"
            }, 
            {
              "decl": "const gp_Pnt &", 
              "type": "gp_Pnt", 
              "name": "P2"
            }, 
            {
              "decl": "const Standard_Real", 
              "type": "Standard_Real", 
              "name": "R1"
            }, 
            {
              "decl": "const Standard_Real", 
              "type": "Standard_Real", 
              "name": "R2"
            }
          ], 
          "name": "GC_MakeConicalSurface", 
          "parent": "GC_MakeConicalSurface", 
          "cls": "constructor", 
          "extern": "1", 
          "throws": true
        }
      ], 
      "artificial": "1", 
      "bases": [
        {
          "access": "public", 
          "name": "GC_Root"
        }
      ], 
      "location": [
        "/usr/local/include/oce/GC_MakeConicalSurface.hxx", 
        65
      ], 
      "members": [
        {
          "returnType": "Handle_Geom_ConicalSurface const &", 
          "arguments": [], 
          "name": "Value", 
          "parent": "GC_MakeConicalSurface", 
          "cls": "memfun", 
          "extern": "1", 
          "const": "1", 
          "throws": true
        }, 
        {
          "returnType": "Handle_Geom_ConicalSurface const &", 
          "arguments": [], 
          "name": "Operator", 
          "parent": "GC_MakeConicalSurface", 
          "cls": "memfun", 
          "extern": "1", 
          "const": "1", 
          "throws": true
        }
      ], 
      "cls": "class"
    }, 
    {
      "name": "GC_MakeArcOfHyperbola", 
      "abstract": false, 
      "constructors": [
        {
          "returnType": "", 
          "arguments": [
            {
              "decl": "const GC_MakeArcOfHyperbola &", 
              "type": "GC_MakeArcOfHyperbola", 
              "name": "arg0"
            }
          ], 
          "name": "GC_MakeArcOfHyperbola", 
          "parent": "GC_MakeArcOfHyperbola", 
          "cls": "constructor", 
          "artificial": "1", 
          "throws": true, 
          "copyConstructor": true
        }, 
        {
          "returnType": "", 
          "arguments": [
            {
              "decl": "const gp_Hypr &", 
              "type": "gp_Hypr", 
              "name": "Hypr"
            }, 
            {
              "decl": "const Standard_Real", 
              "type": "Standard_Real", 
              "name": "Alpha1"
            }, 
            {
              "decl": "const Standard_Real", 
              "type": "Standard_Real", 
              "name": "Alpha2"
            }, 
            {
              "decl": "const Standard_Boolean", 
              "type": "Standard_Boolean", 
              "name": "Sense"
            }
          ], 
          "name": "GC_MakeArcOfHyperbola", 
          "parent": "GC_MakeArcOfHyperbola", 
          "cls": "constructor", 
          "extern": "1", 
          "throws": true
        }, 
        {
          "returnType": "", 
          "arguments": [
            {
              "decl": "const gp_Hypr &", 
              "type": "gp_Hypr", 
              "name": "Hypr"
            }, 
            {
              "decl": "const gp_Pnt &", 
              "type": "gp_Pnt", 
              "name": "P"
            }, 
            {
              "decl": "const Standard_Real", 
              "type": "Standard_Real", 
              "name": "Alpha"
            }, 
            {
              "decl": "const Standard_Boolean", 
              "type": "Standard_Boolean", 
              "name": "Sense"
            }
          ], 
          "name": "GC_MakeArcOfHyperbola", 
          "parent": "GC_MakeArcOfHyperbola", 
          "cls": "constructor", 
          "extern": "1", 
          "throws": true
        }, 
        {
          "returnType": "", 
          "arguments": [
            {
              "decl": "const gp_Hypr &", 
              "type": "gp_Hypr", 
              "name": "Hypr"
            }, 
            {
              "decl": "const gp_Pnt &", 
              "type": "gp_Pnt", 
              "name": "P1"
            }, 
            {
              "decl": "const gp_Pnt &", 
              "type": "gp_Pnt", 
              "name": "P2"
            }, 
            {
              "decl": "const Standard_Boolean", 
              "type": "Standard_Boolean", 
              "name": "Sense"
            }
          ], 
          "name": "GC_MakeArcOfHyperbola", 
          "parent": "GC_MakeArcOfHyperbola", 
          "cls": "constructor", 
          "extern": "1", 
          "throws": true
        }
      ], 
      "artificial": "1", 
      "bases": [
        {
          "access": "public", 
          "name": "GC_Root"
        }
      ], 
      "location": [
        "/usr/local/include/oce/GC_MakeArcOfHyperbola.hxx", 
        44
      ], 
      "members": [
        {
          "returnType": "Handle_Geom_TrimmedCurve const &", 
          "arguments": [], 
          "name": "Value", 
          "parent": "GC_MakeArcOfHyperbola", 
          "cls": "memfun", 
          "extern": "1", 
          "const": "1", 
          "throws": true
        }, 
        {
          "returnType": "Handle_Geom_TrimmedCurve const &", 
          "arguments": [], 
          "name": "Operator", 
          "parent": "GC_MakeArcOfHyperbola", 
          "cls": "memfun", 
          "extern": "1", 
          "const": "1", 
          "throws": true
        }
      ], 
      "cls": "class"
    }, 
    {
      "name": "GC_MakeHyperbola", 
      "abstract": false, 
      "constructors": [
        {
          "returnType": "", 
          "arguments": [
            {
              "decl": "const GC_MakeHyperbola &", 
              "type": "GC_MakeHyperbola", 
              "name": "arg0"
            }
          ], 
          "name": "GC_MakeHyperbola", 
          "parent": "GC_MakeHyperbola", 
          "cls": "constructor", 
          "artificial": "1", 
          "throws": true, 
          "copyConstructor": true
        }, 
        {
          "returnType": "", 
          "arguments": [
            {
              "decl": "const gp_Hypr &", 
              "type": "gp_Hypr", 
              "name": "H"
            }
          ], 
          "name": "GC_MakeHyperbola", 
          "parent": "GC_MakeHyperbola", 
          "cls": "constructor", 
          "extern": "1", 
          "throws": true
        }, 
        {
          "returnType": "", 
          "arguments": [
            {
              "decl": "const gp_Ax2 &", 
              "type": "gp_Ax2", 
              "name": "A2"
            }, 
            {
              "decl": "const Standard_Real", 
              "type": "Standard_Real", 
              "name": "MajorRadius"
            }, 
            {
              "decl": "const Standard_Real", 
              "type": "Standard_Real", 
              "name": "MinorRadius"
            }
          ], 
          "name": "GC_MakeHyperbola", 
          "parent": "GC_MakeHyperbola", 
          "cls": "constructor", 
          "extern": "1", 
          "throws": true
        }, 
        {
          "returnType": "", 
          "arguments": [
            {
              "decl": "const gp_Pnt &", 
              "type": "gp_Pnt", 
              "name": "S1"
            }, 
            {
              "decl": "const gp_Pnt &", 
              "type": "gp_Pnt", 
              "name": "S2"
            }, 
            {
              "decl": "const gp_Pnt &", 
              "type": "gp_Pnt", 
              "name": "Center"
            }
          ], 
          "name": "GC_MakeHyperbola", 
          "parent": "GC_MakeHyperbola", 
          "cls": "constructor", 
          "extern": "1", 
          "throws": true
        }
      ], 
      "artificial": "1", 
      "bases": [
        {
          "access": "public", 
          "name": "GC_Root"
        }
      ], 
      "location": [
        "/usr/local/include/oce/GC_MakeHyperbola.hxx", 
        65
      ], 
      "members": [
        {
          "returnType": "Handle_Geom_Hyperbola const &", 
          "arguments": [], 
          "name": "Value", 
          "parent": "GC_MakeHyperbola", 
          "cls": "memfun", 
          "extern": "1", 
          "const": "1", 
          "throws": true
        }, 
        {
          "returnType": "Handle_Geom_Hyperbola const &", 
          "arguments": [], 
          "name": "Operator", 
          "parent": "GC_MakeHyperbola", 
          "cls": "memfun", 
          "extern": "1", 
          "const": "1", 
          "throws": true
        }
      ], 
      "cls": "class"
    }, 
    {
      "name": "GC_MakeArcOfCircle", 
      "abstract": false, 
      "constructors": [
        {
          "returnType": "", 
          "arguments": [
            {
              "decl": "const GC_MakeArcOfCircle &", 
              "type": "GC_MakeArcOfCircle", 
              "name": "arg0"
            }
          ], 
          "name": "GC_MakeArcOfCircle", 
          "parent": "GC_MakeArcOfCircle", 
          "cls": "constructor", 
          "artificial": "1", 
          "throws": true, 
          "copyConstructor": true
        }, 
        {
          "returnType": "", 
          "arguments": [
            {
              "decl": "const gp_Circ &", 
              "type": "gp_Circ", 
              "name": "Circ"
            }, 
            {
              "decl": "const Standard_Real", 
              "type": "Standard_Real", 
              "name": "Alpha1"
            }, 
            {
              "decl": "const Standard_Real", 
              "type": "Standard_Real", 
              "name": "Alpha2"
            }, 
            {
              "decl": "const Standard_Boolean", 
              "type": "Standard_Boolean", 
              "name": "Sense"
            }
          ], 
          "name": "GC_MakeArcOfCircle", 
          "parent": "GC_MakeArcOfCircle", 
          "cls": "constructor", 
          "extern": "1", 
          "throws": true
        }, 
        {
          "returnType": "", 
          "arguments": [
            {
              "decl": "const gp_Circ &", 
              "type": "gp_Circ", 
              "name": "Circ"
            }, 
            {
              "decl": "const gp_Pnt &", 
              "type": "gp_Pnt", 
              "name": "P"
            }, 
            {
              "decl": "const Standard_Real", 
              "type": "Standard_Real", 
              "name": "Alpha"
            }, 
            {
              "decl": "const Standard_Boolean", 
              "type": "Standard_Boolean", 
              "name": "Sense"
            }
          ], 
          "name": "GC_MakeArcOfCircle", 
          "parent": "GC_MakeArcOfCircle", 
          "cls": "constructor", 
          "extern": "1", 
          "throws": true
        }, 
        {
          "returnType": "", 
          "arguments": [
            {
              "decl": "const gp_Circ &", 
              "type": "gp_Circ", 
              "name": "Circ"
            }, 
            {
              "decl": "const gp_Pnt &", 
              "type": "gp_Pnt", 
              "name": "P1"
            }, 
            {
              "decl": "const gp_Pnt &", 
              "type": "gp_Pnt", 
              "name": "P2"
            }, 
            {
              "decl": "const Standard_Boolean", 
              "type": "Standard_Boolean", 
              "name": "Sense"
            }
          ], 
          "name": "GC_MakeArcOfCircle", 
          "parent": "GC_MakeArcOfCircle", 
          "cls": "constructor", 
          "extern": "1", 
          "throws": true
        }, 
        {
          "returnType": "", 
          "arguments": [
            {
              "decl": "const gp_Pnt &", 
              "type": "gp_Pnt", 
              "name": "P1"
            }, 
            {
              "decl": "const gp_Pnt &", 
              "type": "gp_Pnt", 
              "name": "P2"
            }, 
            {
              "decl": "const gp_Pnt &", 
              "type": "gp_Pnt", 
              "name": "P3"
            }
          ], 
          "name": "GC_MakeArcOfCircle", 
          "parent": "GC_MakeArcOfCircle", 
          "cls": "constructor", 
          "extern": "1", 
          "throws": true
        }, 
        {
          "returnType": "", 
          "arguments": [
            {
              "decl": "const gp_Pnt &", 
              "type": "gp_Pnt", 
              "name": "P1"
            }, 
            {
              "decl": "const gp_Vec &", 
              "type": "gp_Vec", 
              "name": "V"
            }, 
            {
              "decl": "const gp_Pnt &", 
              "type": "gp_Pnt", 
              "name": "P2"
            }
          ], 
          "name": "GC_MakeArcOfCircle", 
          "parent": "GC_MakeArcOfCircle", 
          "cls": "constructor", 
          "extern": "1", 
          "throws": true
        }
      ], 
      "artificial": "1", 
      "bases": [
        {
          "access": "public", 
          "name": "GC_Root"
        }
      ], 
      "location": [
        "/usr/local/include/oce/GC_MakeArcOfCircle.hxx", 
        45
      ], 
      "members": [
        {
          "returnType": "Handle_Geom_TrimmedCurve const &", 
          "arguments": [], 
          "name": "Value", 
          "parent": "GC_MakeArcOfCircle", 
          "cls": "memfun", 
          "extern": "1", 
          "const": "1", 
          "throws": true
        }, 
        {
          "returnType": "Handle_Geom_TrimmedCurve const &", 
          "arguments": [], 
          "name": "Operator", 
          "parent": "GC_MakeArcOfCircle", 
          "cls": "memfun", 
          "extern": "1", 
          "const": "1", 
          "throws": true
        }
      ], 
      "cls": "class"
    }, 
    {
      "name": "GC_MakeLine", 
      "abstract": false, 
      "constructors": [
        {
          "returnType": "", 
          "arguments": [
            {
              "decl": "const GC_MakeLine &", 
              "type": "GC_MakeLine", 
              "name": "arg0"
            }
          ], 
          "name": "GC_MakeLine", 
          "parent": "GC_MakeLine", 
          "cls": "constructor", 
          "artificial": "1", 
          "throws": true, 
          "copyConstructor": true
        }, 
        {
          "returnType": "", 
          "arguments": [
            {
              "decl": "const gp_Ax1 &", 
              "type": "gp_Ax1", 
              "name": "A1"
            }
          ], 
          "name": "GC_MakeLine", 
          "parent": "GC_MakeLine", 
          "cls": "constructor", 
          "extern": "1", 
          "throws": true
        }, 
        {
          "returnType": "", 
          "arguments": [
            {
              "decl": "const gp_Lin &", 
              "type": "gp_Lin", 
              "name": "L"
            }
          ], 
          "name": "GC_MakeLine", 
          "parent": "GC_MakeLine", 
          "cls": "constructor", 
          "extern": "1", 
          "throws": true
        }, 
        {
          "returnType": "", 
          "arguments": [
            {
              "decl": "const gp_Pnt &", 
              "type": "gp_Pnt", 
              "name": "P"
            }, 
            {
              "decl": "const gp_Dir &", 
              "type": "gp_Dir", 
              "name": "V"
            }
          ], 
          "name": "GC_MakeLine", 
          "parent": "GC_MakeLine", 
          "cls": "constructor", 
          "extern": "1", 
          "throws": true
        }, 
        {
          "returnType": "", 
          "arguments": [
            {
              "decl": "const gp_Lin &", 
              "type": "gp_Lin", 
              "name": "Lin"
            }, 
            {
              "decl": "const gp_Pnt &", 
              "type": "gp_Pnt", 
              "name": "Point"
            }
          ], 
          "name": "GC_MakeLine", 
          "parent": "GC_MakeLine", 
          "cls": "constructor", 
          "extern": "1", 
          "throws": true
        }, 
        {
          "returnType": "", 
          "arguments": [
            {
              "decl": "const gp_Pnt &", 
              "type": "gp_Pnt", 
              "name": "P1"
            }, 
            {
              "decl": "const gp_Pnt &", 
              "type": "gp_Pnt", 
              "name": "P2"
            }
          ], 
          "name": "GC_MakeLine", 
          "parent": "GC_MakeLine", 
          "cls": "constructor", 
          "extern": "1", 
          "throws": true
        }
      ], 
      "artificial": "1", 
      "bases": [
        {
          "access": "public", 
          "name": "GC_Root"
        }
      ], 
      "location": [
        "/usr/local/include/oce/GC_MakeLine.hxx", 
        43
      ], 
      "members": [
        {
          "returnType": "Handle_Geom_Line const &", 
          "arguments": [], 
          "name": "Value", 
          "parent": "GC_MakeLine", 
          "cls": "memfun", 
          "extern": "1", 
          "const": "1", 
          "throws": true
        }, 
        {
          "returnType": "Handle_Geom_Line const &", 
          "arguments": [], 
          "name": "Operator", 
          "parent": "GC_MakeLine", 
          "cls": "memfun", 
          "extern": "1", 
          "const": "1", 
          "throws": true
        }
      ], 
      "cls": "class"
    }, 
    {
      "name": "GC_MakeCylindricalSurface", 
      "abstract": false, 
      "constructors": [
        {
          "returnType": "", 
          "arguments": [
            {
              "decl": "const GC_MakeCylindricalSurface &", 
              "type": "GC_MakeCylindricalSurface", 
              "name": "arg0"
            }
          ], 
          "name": "GC_MakeCylindricalSurface", 
          "parent": "GC_MakeCylindricalSurface", 
          "cls": "constructor", 
          "artificial": "1", 
          "throws": true, 
          "copyConstructor": true
        }, 
        {
          "returnType": "", 
          "arguments": [
            {
              "decl": "const gp_Ax2 &", 
              "type": "gp_Ax2", 
              "name": "A2"
            }, 
            {
              "decl": "const Standard_Real", 
              "type": "Standard_Real", 
              "name": "Radius"
            }
          ], 
          "name": "GC_MakeCylindricalSurface", 
          "parent": "GC_MakeCylindricalSurface", 
          "cls": "constructor", 
          "extern": "1", 
          "throws": true
        }, 
        {
          "returnType": "", 
          "arguments": [
            {
              "decl": "const gp_Cylinder &", 
              "type": "gp_Cylinder", 
              "name": "C"
            }
          ], 
          "name": "GC_MakeCylindricalSurface", 
          "parent": "GC_MakeCylindricalSurface", 
          "cls": "constructor", 
          "extern": "1", 
          "throws": true
        }, 
        {
          "returnType": "", 
          "arguments": [
            {
              "decl": "const gp_Cylinder &", 
              "type": "gp_Cylinder", 
              "name": "Cyl"
            }, 
            {
              "decl": "const gp_Pnt &", 
              "type": "gp_Pnt", 
              "name": "Point"
            }
          ], 
          "name": "GC_MakeCylindricalSurface", 
          "parent": "GC_MakeCylindricalSurface", 
          "cls": "constructor", 
          "extern": "1", 
          "throws": true
        }, 
        {
          "returnType": "", 
          "arguments": [
            {
              "decl": "const gp_Cylinder &", 
              "type": "gp_Cylinder", 
              "name": "Cyl"
            }, 
            {
              "decl": "const Standard_Real", 
              "type": "Standard_Real", 
              "name": "Dist"
            }
          ], 
          "name": "GC_MakeCylindricalSurface", 
          "parent": "GC_MakeCylindricalSurface", 
          "cls": "constructor", 
          "extern": "1", 
          "throws": true
        }, 
        {
          "returnType": "", 
          "arguments": [
            {
              "decl": "const gp_Pnt &", 
              "type": "gp_Pnt", 
              "name": "P1"
            }, 
            {
              "decl": "const gp_Pnt &", 
              "type": "gp_Pnt", 
              "name": "P2"
            }, 
            {
              "decl": "const gp_Pnt &", 
              "type": "gp_Pnt", 
              "name": "P3"
            }
          ], 
          "name": "GC_MakeCylindricalSurface", 
          "parent": "GC_MakeCylindricalSurface", 
          "cls": "constructor", 
          "extern": "1", 
          "throws": true
        }, 
        {
          "returnType": "", 
          "arguments": [
            {
              "decl": "const gp_Ax1 &", 
              "type": "gp_Ax1", 
              "name": "Axis"
            }, 
            {
              "decl": "const Standard_Real", 
              "type": "Standard_Real", 
              "name": "Radius"
            }
          ], 
          "name": "GC_MakeCylindricalSurface", 
          "parent": "GC_MakeCylindricalSurface", 
          "cls": "constructor", 
          "extern": "1", 
          "throws": true
        }, 
        {
          "returnType": "", 
          "arguments": [
            {
              "decl": "const gp_Circ &", 
              "type": "gp_Circ", 
              "name": "Circ"
            }
          ], 
          "name": "GC_MakeCylindricalSurface", 
          "parent": "GC_MakeCylindricalSurface", 
          "cls": "constructor", 
          "extern": "1", 
          "throws": true
        }
      ], 
      "artificial": "1", 
      "bases": [
        {
          "access": "public", 
          "name": "GC_Root"
        }
      ], 
      "location": [
        "/usr/local/include/oce/GC_MakeCylindricalSurface.hxx", 
        61
      ], 
      "members": [
        {
          "returnType": "Handle_Geom_CylindricalSurface const &", 
          "arguments": [], 
          "name": "Value", 
          "parent": "GC_MakeCylindricalSurface", 
          "cls": "memfun", 
          "extern": "1", 
          "const": "1", 
          "throws": true
        }, 
        {
          "returnType": "Handle_Geom_CylindricalSurface const &", 
          "arguments": [], 
          "name": "Operator", 
          "parent": "GC_MakeCylindricalSurface", 
          "cls": "memfun", 
          "extern": "1", 
          "const": "1", 
          "throws": true
        }
      ], 
      "cls": "class"
    }, 
    {
      "name": "GC_MakeArcOfEllipse", 
      "abstract": false, 
      "constructors": [
        {
          "returnType": "", 
          "arguments": [
            {
              "decl": "const GC_MakeArcOfEllipse &", 
              "type": "GC_MakeArcOfEllipse", 
              "name": "arg0"
            }
          ], 
          "name": "GC_MakeArcOfEllipse", 
          "parent": "GC_MakeArcOfEllipse", 
          "cls": "constructor", 
          "artificial": "1", 
          "throws": true, 
          "copyConstructor": true
        }, 
        {
          "returnType": "", 
          "arguments": [
            {
              "decl": "const gp_Elips &", 
              "type": "gp_Elips", 
              "name": "Elips"
            }, 
            {
              "decl": "const Standard_Real", 
              "type": "Standard_Real", 
              "name": "Alpha1"
            }, 
            {
              "decl": "const Standard_Real", 
              "type": "Standard_Real", 
              "name": "Alpha2"
            }, 
            {
              "decl": "const Standard_Boolean", 
              "type": "Standard_Boolean", 
              "name": "Sense"
            }
          ], 
          "name": "GC_MakeArcOfEllipse", 
          "parent": "GC_MakeArcOfEllipse", 
          "cls": "constructor", 
          "extern": "1", 
          "throws": true
        }, 
        {
          "returnType": "", 
          "arguments": [
            {
              "decl": "const gp_Elips &", 
              "type": "gp_Elips", 
              "name": "Elips"
            }, 
            {
              "decl": "const gp_Pnt &", 
              "type": "gp_Pnt", 
              "name": "P"
            }, 
            {
              "decl": "const Standard_Real", 
              "type": "Standard_Real", 
              "name": "Alpha"
            }, 
            {
              "decl": "const Standard_Boolean", 
              "type": "Standard_Boolean", 
              "name": "Sense"
            }
          ], 
          "name": "GC_MakeArcOfEllipse", 
          "parent": "GC_MakeArcOfEllipse", 
          "cls": "constructor", 
          "extern": "1", 
          "throws": true
        }, 
        {
          "returnType": "", 
          "arguments": [
            {
              "decl": "const gp_Elips &", 
              "type": "gp_Elips", 
              "name": "Elips"
            }, 
            {
              "decl": "const gp_Pnt &", 
              "type": "gp_Pnt", 
              "name": "P1"
            }, 
            {
              "decl": "const gp_Pnt &", 
              "type": "gp_Pnt", 
              "name": "P2"
            }, 
            {
              "decl": "const Standard_Boolean", 
              "type": "Standard_Boolean", 
              "name": "Sense"
            }
          ], 
          "name": "GC_MakeArcOfEllipse", 
          "parent": "GC_MakeArcOfEllipse", 
          "cls": "constructor", 
          "extern": "1", 
          "throws": true
        }
      ], 
      "artificial": "1", 
      "bases": [
        {
          "access": "public", 
          "name": "GC_Root"
        }
      ], 
      "location": [
        "/usr/local/include/oce/GC_MakeArcOfEllipse.hxx", 
        44
      ], 
      "members": [
        {
          "returnType": "Handle_Geom_TrimmedCurve const &", 
          "arguments": [], 
          "name": "Value", 
          "parent": "GC_MakeArcOfEllipse", 
          "cls": "memfun", 
          "extern": "1", 
          "const": "1", 
          "throws": true
        }, 
        {
          "returnType": "Handle_Geom_TrimmedCurve const &", 
          "arguments": [], 
          "name": "Operator", 
          "parent": "GC_MakeArcOfEllipse", 
          "cls": "memfun", 
          "extern": "1", 
          "const": "1", 
          "throws": true
        }
      ], 
      "cls": "class"
    }, 
    {
      "name": "GC_MakeMirror", 
      "abstract": false, 
      "constructors": [
        {
          "returnType": "", 
          "arguments": [
            {
              "decl": "const GC_MakeMirror &", 
              "type": "GC_MakeMirror", 
              "name": "arg0"
            }
          ], 
          "name": "GC_MakeMirror", 
          "parent": "GC_MakeMirror", 
          "cls": "constructor", 
          "artificial": "1", 
          "throws": true, 
          "copyConstructor": true
        }, 
        {
          "returnType": "", 
          "arguments": [
            {
              "decl": "const gp_Pnt &", 
              "type": "gp_Pnt", 
              "name": "Point"
            }
          ], 
          "name": "GC_MakeMirror", 
          "parent": "GC_MakeMirror", 
          "cls": "constructor", 
          "extern": "1", 
          "throws": true
        }, 
        {
          "returnType": "", 
          "arguments": [
            {
              "decl": "const gp_Ax1 &", 
              "type": "gp_Ax1", 
              "name": "Axis"
            }
          ], 
          "name": "GC_MakeMirror", 
          "parent": "GC_MakeMirror", 
          "cls": "constructor", 
          "extern": "1", 
          "throws": true
        }, 
        {
          "returnType": "", 
          "arguments": [
            {
              "decl": "const gp_Lin &", 
              "type": "gp_Lin", 
              "name": "Line"
            }
          ], 
          "name": "GC_MakeMirror", 
          "parent": "GC_MakeMirror", 
          "cls": "constructor", 
          "extern": "1", 
          "throws": true
        }, 
        {
          "returnType": "", 
          "arguments": [
            {
              "decl": "const gp_Pnt &", 
              "type": "gp_Pnt", 
              "name": "Point"
            }, 
            {
              "decl": "const gp_Dir &", 
              "type": "gp_Dir", 
              "name": "Direc"
            }
          ], 
          "name": "GC_MakeMirror", 
          "parent": "GC_MakeMirror", 
          "cls": "constructor", 
          "extern": "1", 
          "throws": true
        }, 
        {
          "returnType": "", 
          "arguments": [
            {
              "decl": "const gp_Pln &", 
              "type": "gp_Pln", 
              "name": "Plane"
            }
          ], 
          "name": "GC_MakeMirror", 
          "parent": "GC_MakeMirror", 
          "cls": "constructor", 
          "extern": "1", 
          "throws": true
        }, 
        {
          "returnType": "", 
          "arguments": [
            {
              "decl": "const gp_Ax2 &", 
              "type": "gp_Ax2", 
              "name": "Plane"
            }
          ], 
          "name": "GC_MakeMirror", 
          "parent": "GC_MakeMirror", 
          "cls": "constructor", 
          "extern": "1", 
          "throws": true
        }
      ], 
      "artificial": "1", 
      "bases": [], 
      "location": [
        "/usr/local/include/oce/GC_MakeMirror.hxx", 
        38
      ], 
      "members": [
        {
          "returnType": "Handle_Geom_Transformation const &", 
          "arguments": [], 
          "name": "Value", 
          "parent": "GC_MakeMirror", 
          "cls": "memfun", 
          "extern": "1", 
          "const": "1", 
          "throws": true
        }, 
        {
          "returnType": "Handle_Geom_Transformation const &", 
          "arguments": [], 
          "name": "Operator", 
          "parent": "GC_MakeMirror", 
          "cls": "memfun", 
          "extern": "1", 
          "const": "1", 
          "throws": true
        }
      ], 
      "cls": "class"
    }, 
    {
      "name": "GC_MakeScale", 
      "abstract": false, 
      "constructors": [
        {
          "returnType": "", 
          "arguments": [
            {
              "decl": "const GC_MakeScale &", 
              "type": "GC_MakeScale", 
              "name": "arg0"
            }
          ], 
          "name": "GC_MakeScale", 
          "parent": "GC_MakeScale", 
          "cls": "constructor", 
          "artificial": "1", 
          "throws": true, 
          "copyConstructor": true
        }, 
        {
          "returnType": "", 
          "arguments": [
            {
              "decl": "const gp_Pnt &", 
              "type": "gp_Pnt", 
              "name": "Point"
            }, 
            {
              "decl": "const Standard_Real", 
              "type": "Standard_Real", 
              "name": "Scale"
            }
          ], 
          "name": "GC_MakeScale", 
          "parent": "GC_MakeScale", 
          "cls": "constructor", 
          "extern": "1", 
          "throws": true
        }
      ], 
      "artificial": "1", 
      "bases": [], 
      "location": [
        "/usr/local/include/oce/GC_MakeScale.hxx", 
        36
      ], 
      "members": [
        {
          "returnType": "Handle_Geom_Transformation const &", 
          "arguments": [], 
          "name": "Value", 
          "parent": "GC_MakeScale", 
          "cls": "memfun", 
          "extern": "1", 
          "const": "1", 
          "throws": true
        }, 
        {
          "returnType": "Handle_Geom_Transformation const &", 
          "arguments": [], 
          "name": "Operator", 
          "parent": "GC_MakeScale", 
          "cls": "memfun", 
          "extern": "1", 
          "const": "1", 
          "throws": true
        }
      ], 
      "cls": "class"
    }, 
    {
      "name": "GC_MakeCircle", 
      "abstract": false, 
      "constructors": [
        {
          "returnType": "", 
          "arguments": [
            {
              "decl": "const GC_MakeCircle &", 
              "type": "GC_MakeCircle", 
              "name": "arg0"
            }
          ], 
          "name": "GC_MakeCircle", 
          "parent": "GC_MakeCircle", 
          "cls": "constructor", 
          "artificial": "1", 
          "throws": true, 
          "copyConstructor": true
        }, 
        {
          "returnType": "", 
          "arguments": [
            {
              "decl": "const gp_Circ &", 
              "type": "gp_Circ", 
              "name": "C"
            }
          ], 
          "name": "GC_MakeCircle", 
          "parent": "GC_MakeCircle", 
          "cls": "constructor", 
          "extern": "1", 
          "throws": true
        }, 
        {
          "returnType": "", 
          "arguments": [
            {
              "decl": "const gp_Ax2 &", 
              "type": "gp_Ax2", 
              "name": "A2"
            }, 
            {
              "decl": "const Standard_Real", 
              "type": "Standard_Real", 
              "name": "Radius"
            }
          ], 
          "name": "GC_MakeCircle", 
          "parent": "GC_MakeCircle", 
          "cls": "constructor", 
          "extern": "1", 
          "throws": true
        }, 
        {
          "returnType": "", 
          "arguments": [
            {
              "decl": "const gp_Circ &", 
              "type": "gp_Circ", 
              "name": "Circ"
            }, 
            {
              "decl": "const Standard_Real", 
              "type": "Standard_Real", 
              "name": "Dist"
            }
          ], 
          "name": "GC_MakeCircle", 
          "parent": "GC_MakeCircle", 
          "cls": "constructor", 
          "extern": "1", 
          "throws": true
        }, 
        {
          "returnType": "", 
          "arguments": [
            {
              "decl": "const gp_Circ &", 
              "type": "gp_Circ", 
              "name": "Circ"
            }, 
            {
              "decl": "const gp_Pnt &", 
              "type": "gp_Pnt", 
              "name": "Point"
            }
          ], 
          "name": "GC_MakeCircle", 
          "parent": "GC_MakeCircle", 
          "cls": "constructor", 
          "extern": "1", 
          "throws": true
        }, 
        {
          "returnType": "", 
          "arguments": [
            {
              "decl": "const gp_Pnt &", 
              "type": "gp_Pnt", 
              "name": "P1"
            }, 
            {
              "decl": "const gp_Pnt &", 
              "type": "gp_Pnt", 
              "name": "P2"
            }, 
            {
              "decl": "const gp_Pnt &", 
              "type": "gp_Pnt", 
              "name": "P3"
            }
          ], 
          "name": "GC_MakeCircle", 
          "parent": "GC_MakeCircle", 
          "cls": "constructor", 
          "extern": "1", 
          "throws": true
        }, 
        {
          "returnType": "", 
          "arguments": [
            {
              "decl": "const gp_Pnt &", 
              "type": "gp_Pnt", 
              "name": "Center"
            }, 
            {
              "decl": "const gp_Dir &", 
              "type": "gp_Dir", 
              "name": "Norm"
            }, 
            {
              "decl": "const Standard_Real", 
              "type": "Standard_Real", 
              "name": "Radius"
            }
          ], 
          "name": "GC_MakeCircle", 
          "parent": "GC_MakeCircle", 
          "cls": "constructor", 
          "extern": "1", 
          "throws": true
        }, 
        {
          "returnType": "", 
          "arguments": [
            {
              "decl": "const gp_Pnt &", 
              "type": "gp_Pnt", 
              "name": "Center"
            }, 
            {
              "decl": "const gp_Pnt &", 
              "type": "gp_Pnt", 
              "name": "PtAxis"
            }, 
            {
              "decl": "const Standard_Real", 
              "type": "Standard_Real", 
              "name": "Radius"
            }
          ], 
          "name": "GC_MakeCircle", 
          "parent": "GC_MakeCircle", 
          "cls": "constructor", 
          "extern": "1", 
          "throws": true
        }, 
        {
          "returnType": "", 
          "arguments": [
            {
              "decl": "const gp_Ax1 &", 
              "type": "gp_Ax1", 
              "name": "Axis"
            }, 
            {
              "decl": "const Standard_Real", 
              "type": "Standard_Real", 
              "name": "Radius"
            }
          ], 
          "name": "GC_MakeCircle", 
          "parent": "GC_MakeCircle", 
          "cls": "constructor", 
          "extern": "1", 
          "throws": true
        }
      ], 
      "artificial": "1", 
      "bases": [
        {
          "access": "public", 
          "name": "GC_Root"
        }
      ], 
      "location": [
        "/usr/local/include/oce/GC_MakeCircle.hxx", 
        54
      ], 
      "members": [
        {
          "returnType": "Handle_Geom_Circle const &", 
          "arguments": [], 
          "name": "Value", 
          "parent": "GC_MakeCircle", 
          "cls": "memfun", 
          "extern": "1", 
          "const": "1", 
          "throws": true
        }, 
        {
          "returnType": "Handle_Geom_Circle const &", 
          "arguments": [], 
          "name": "Operator", 
          "parent": "GC_MakeCircle", 
          "cls": "memfun", 
          "extern": "1", 
          "const": "1", 
          "throws": true
        }
      ], 
      "cls": "class"
    }, 
    {
      "name": "GC_MakeTrimmedCone", 
      "abstract": false, 
      "constructors": [
        {
          "returnType": "", 
          "arguments": [
            {
              "decl": "const GC_MakeTrimmedCone &", 
              "type": "GC_MakeTrimmedCone", 
              "name": "arg0"
            }
          ], 
          "name": "GC_MakeTrimmedCone", 
          "parent": "GC_MakeTrimmedCone", 
          "cls": "constructor", 
          "artificial": "1", 
          "throws": true, 
          "copyConstructor": true
        }, 
        {
          "returnType": "", 
          "arguments": [
            {
              "decl": "const gp_Pnt &", 
              "type": "gp_Pnt", 
              "name": "P1"
            }, 
            {
              "decl": "const gp_Pnt &", 
              "type": "gp_Pnt", 
              "name": "P2"
            }, 
            {
              "decl": "const gp_Pnt &", 
              "type": "gp_Pnt", 
              "name": "P3"
            }, 
            {
              "decl": "const gp_Pnt &", 
              "type": "gp_Pnt", 
              "name": "P4"
            }
          ], 
          "name": "GC_MakeTrimmedCone", 
          "parent": "GC_MakeTrimmedCone", 
          "cls": "constructor", 
          "extern": "1", 
          "throws": true
        }, 
        {
          "returnType": "", 
          "arguments": [
            {
              "decl": "const gp_Pnt &", 
              "type": "gp_Pnt", 
              "name": "P1"
            }, 
            {
              "decl": "const gp_Pnt &", 
              "type": "gp_Pnt", 
              "name": "P2"
            }, 
            {
              "decl": "const Standard_Real", 
              "type": "Standard_Real", 
              "name": "R1"
            }, 
            {
              "decl": "const Standard_Real", 
              "type": "Standard_Real", 
              "name": "R2"
            }
          ], 
          "name": "GC_MakeTrimmedCone", 
          "parent": "GC_MakeTrimmedCone", 
          "cls": "constructor", 
          "extern": "1", 
          "throws": true
        }
      ], 
      "artificial": "1", 
      "bases": [
        {
          "access": "public", 
          "name": "GC_Root"
        }
      ], 
      "location": [
        "/usr/local/include/oce/GC_MakeTrimmedCone.hxx", 
        41
      ], 
      "members": [
        {
          "returnType": "Handle_Geom_RectangularTrimmedSurface const &", 
          "arguments": [], 
          "name": "Value", 
          "parent": "GC_MakeTrimmedCone", 
          "cls": "memfun", 
          "extern": "1", 
          "const": "1", 
          "throws": true
        }, 
        {
          "returnType": "Handle_Geom_RectangularTrimmedSurface const &", 
          "arguments": [], 
          "name": "Operator", 
          "parent": "GC_MakeTrimmedCone", 
          "cls": "memfun", 
          "extern": "1", 
          "const": "1", 
          "throws": true
        }
      ], 
      "cls": "class"
    }, 
    {
      "name": "GC_MakeSegment", 
      "abstract": false, 
      "constructors": [
        {
          "returnType": "", 
          "arguments": [
            {
              "decl": "const GC_MakeSegment &", 
              "type": "GC_MakeSegment", 
              "name": "arg0"
            }
          ], 
          "name": "GC_MakeSegment", 
          "parent": "GC_MakeSegment", 
          "cls": "constructor", 
          "artificial": "1", 
          "throws": true, 
          "copyConstructor": true
        }, 
        {
          "returnType": "", 
          "arguments": [
            {
              "decl": "const gp_Pnt &", 
              "type": "gp_Pnt", 
              "name": "P1"
            }, 
            {
              "decl": "const gp_Pnt &", 
              "type": "gp_Pnt", 
              "name": "P2"
            }
          ], 
          "name": "GC_MakeSegment", 
          "parent": "GC_MakeSegment", 
          "cls": "constructor", 
          "extern": "1", 
          "throws": true
        }, 
        {
          "returnType": "", 
          "arguments": [
            {
              "decl": "const gp_Lin &", 
              "type": "gp_Lin", 
              "name": "Line"
            }, 
            {
              "decl": "const Standard_Real", 
              "type": "Standard_Real", 
              "name": "U1"
            }, 
            {
              "decl": "const Standard_Real", 
              "type": "Standard_Real", 
              "name": "U2"
            }
          ], 
          "name": "GC_MakeSegment", 
          "parent": "GC_MakeSegment", 
          "cls": "constructor", 
          "extern": "1", 
          "throws": true
        }, 
        {
          "returnType": "", 
          "arguments": [
            {
              "decl": "const gp_Lin &", 
              "type": "gp_Lin", 
              "name": "Line"
            }, 
            {
              "decl": "const gp_Pnt &", 
              "type": "gp_Pnt", 
              "name": "Point"
            }, 
            {
              "decl": "const Standard_Real", 
              "type": "Standard_Real", 
              "name": "Ulast"
            }
          ], 
          "name": "GC_MakeSegment", 
          "parent": "GC_MakeSegment", 
          "cls": "constructor", 
          "extern": "1", 
          "throws": true
        }, 
        {
          "returnType": "", 
          "arguments": [
            {
              "decl": "const gp_Lin &", 
              "type": "gp_Lin", 
              "name": "Line"
            }, 
            {
              "decl": "const gp_Pnt &", 
              "type": "gp_Pnt", 
              "name": "P1"
            }, 
            {
              "decl": "const gp_Pnt &", 
              "type": "gp_Pnt", 
              "name": "P2"
            }
          ], 
          "name": "GC_MakeSegment", 
          "parent": "GC_MakeSegment", 
          "cls": "constructor", 
          "extern": "1", 
          "throws": true
        }
      ], 
      "artificial": "1", 
      "bases": [
        {
          "access": "public", 
          "name": "GC_Root"
        }
      ], 
      "location": [
        "/usr/local/include/oce/GC_MakeSegment.hxx", 
        41
      ], 
      "members": [
        {
          "returnType": "Handle_Geom_TrimmedCurve const &", 
          "arguments": [], 
          "name": "Value", 
          "parent": "GC_MakeSegment", 
          "cls": "memfun", 
          "extern": "1", 
          "const": "1", 
          "throws": true
        }, 
        {
          "returnType": "Handle_Geom_TrimmedCurve const &", 
          "arguments": [], 
          "name": "Operator", 
          "parent": "GC_MakeSegment", 
          "cls": "memfun", 
          "extern": "1", 
          "const": "1", 
          "throws": true
        }
      ], 
      "cls": "class"
    }, 
    {
      "name": "GC_Root", 
      "abstract": false, 
      "constructors": [
        {
          "returnType": "", 
          "arguments": [
            {
              "decl": "const GC_Root &", 
              "type": "GC_Root", 
              "name": "arg0"
            }
          ], 
          "name": "GC_Root", 
          "parent": "GC_Root", 
          "cls": "constructor", 
          "artificial": "1", 
          "copyConstructor": true
        }, 
        {
          "returnType": "", 
          "arguments": [], 
          "name": "GC_Root", 
          "parent": "GC_Root", 
          "cls": "constructor", 
          "artificial": "1"
        }
      ], 
      "artificial": "1", 
      "bases": [], 
      "location": [
        "/usr/local/include/oce/GC_Root.hxx", 
        29
      ], 
      "members": [
        {
          "returnType": "Standard_Boolean", 
          "arguments": [], 
          "name": "IsDone", 
          "parent": "GC_Root", 
          "cls": "memfun", 
          "const": "1", 
          "throws": true
        }, 
        {
          "returnType": "gce_ErrorType", 
          "arguments": [], 
          "name": "Status", 
          "parent": "GC_Root", 
          "cls": "memfun", 
          "const": "1", 
          "throws": true
        }
      ], 
      "cls": "class"
    }, 
    {
      "name": "GC_MakeTranslation", 
      "abstract": false, 
      "constructors": [
        {
          "returnType": "", 
          "arguments": [
            {
              "decl": "const GC_MakeTranslation &", 
              "type": "GC_MakeTranslation", 
              "name": "arg0"
            }
          ], 
          "name": "GC_MakeTranslation", 
          "parent": "GC_MakeTranslation", 
          "cls": "constructor", 
          "artificial": "1", 
          "throws": true, 
          "copyConstructor": true
        }, 
        {
          "returnType": "", 
          "arguments": [
            {
              "decl": "const gp_Vec &", 
              "type": "gp_Vec", 
              "name": "Vect"
            }
          ], 
          "name": "GC_MakeTranslation", 
          "parent": "GC_MakeTranslation", 
          "cls": "constructor", 
          "extern": "1", 
          "throws": true
        }, 
        {
          "returnType": "", 
          "arguments": [
            {
              "decl": "const gp_Pnt &", 
              "type": "gp_Pnt", 
              "name": "Point1"
            }, 
            {
              "decl": "const gp_Pnt &", 
              "type": "gp_Pnt", 
              "name": "Point2"
            }
          ], 
          "name": "GC_MakeTranslation", 
          "parent": "GC_MakeTranslation", 
          "cls": "constructor", 
          "extern": "1", 
          "throws": true
        }
      ], 
      "artificial": "1", 
      "bases": [], 
      "location": [
        "/usr/local/include/oce/GC_MakeTranslation.hxx", 
        34
      ], 
      "members": [
        {
          "returnType": "Handle_Geom_Transformation const &", 
          "arguments": [], 
          "name": "Value", 
          "parent": "GC_MakeTranslation", 
          "cls": "memfun", 
          "extern": "1", 
          "const": "1", 
          "throws": true
        }, 
        {
          "returnType": "Handle_Geom_Transformation const &", 
          "arguments": [], 
          "name": "Operator", 
          "parent": "GC_MakeTranslation", 
          "cls": "memfun", 
          "extern": "1", 
          "const": "1", 
          "throws": true
        }
      ], 
      "cls": "class"
    }, 
    {
      "name": "GC_MakeRotation", 
      "abstract": false, 
      "constructors": [
        {
          "returnType": "", 
          "arguments": [
            {
              "decl": "const GC_MakeRotation &", 
              "type": "GC_MakeRotation", 
              "name": "arg0"
            }
          ], 
          "name": "GC_MakeRotation", 
          "parent": "GC_MakeRotation", 
          "cls": "constructor", 
          "artificial": "1", 
          "throws": true, 
          "copyConstructor": true
        }, 
        {
          "returnType": "", 
          "arguments": [
            {
              "decl": "const gp_Lin &", 
              "type": "gp_Lin", 
              "name": "Line"
            }, 
            {
              "decl": "const Standard_Real", 
              "type": "Standard_Real", 
              "name": "Angle"
            }
          ], 
          "name": "GC_MakeRotation", 
          "parent": "GC_MakeRotation", 
          "cls": "constructor", 
          "extern": "1", 
          "throws": true
        }, 
        {
          "returnType": "", 
          "arguments": [
            {
              "decl": "const gp_Ax1 &", 
              "type": "gp_Ax1", 
              "name": "Axis"
            }, 
            {
              "decl": "const Standard_Real", 
              "type": "Standard_Real", 
              "name": "Angle"
            }
          ], 
          "name": "GC_MakeRotation", 
          "parent": "GC_MakeRotation", 
          "cls": "constructor", 
          "extern": "1", 
          "throws": true
        }, 
        {
          "returnType": "", 
          "arguments": [
            {
              "decl": "const gp_Pnt &", 
              "type": "gp_Pnt", 
              "name": "Point"
            }, 
            {
              "decl": "const gp_Dir &", 
              "type": "gp_Dir", 
              "name": "Direc"
            }, 
            {
              "decl": "const Standard_Real", 
              "type": "Standard_Real", 
              "name": "Angle"
            }
          ], 
          "name": "GC_MakeRotation", 
          "parent": "GC_MakeRotation", 
          "cls": "constructor", 
          "extern": "1", 
          "throws": true
        }
      ], 
      "artificial": "1", 
      "bases": [], 
      "location": [
        "/usr/local/include/oce/GC_MakeRotation.hxx", 
        39
      ], 
      "members": [
        {
          "returnType": "Handle_Geom_Transformation const &", 
          "arguments": [], 
          "name": "Value", 
          "parent": "GC_MakeRotation", 
          "cls": "memfun", 
          "extern": "1", 
          "const": "1", 
          "throws": true
        }, 
        {
          "returnType": "Handle_Geom_Transformation const &", 
          "arguments": [], 
          "name": "Operator", 
          "parent": "GC_MakeRotation", 
          "cls": "memfun", 
          "extern": "1", 
          "const": "1", 
          "throws": true
        }
      ], 
      "cls": "class"
    }, 
    {
      "name": "GC_MakeArcOfParabola", 
      "abstract": false, 
      "constructors": [
        {
          "returnType": "", 
          "arguments": [
            {
              "decl": "const GC_MakeArcOfParabola &", 
              "type": "GC_MakeArcOfParabola", 
              "name": "arg0"
            }
          ], 
          "name": "GC_MakeArcOfParabola", 
          "parent": "GC_MakeArcOfParabola", 
          "cls": "constructor", 
          "artificial": "1", 
          "throws": true, 
          "copyConstructor": true
        }, 
        {
          "returnType": "", 
          "arguments": [
            {
              "decl": "const gp_Parab &", 
              "type": "gp_Parab", 
              "name": "Parab"
            }, 
            {
              "decl": "const Standard_Real", 
              "type": "Standard_Real", 
              "name": "Alpha1"
            }, 
            {
              "decl": "const Standard_Real", 
              "type": "Standard_Real", 
              "name": "Alpha2"
            }, 
            {
              "decl": "const Standard_Boolean", 
              "type": "Standard_Boolean", 
              "name": "Sense"
            }
          ], 
          "name": "GC_MakeArcOfParabola", 
          "parent": "GC_MakeArcOfParabola", 
          "cls": "constructor", 
          "extern": "1", 
          "throws": true
        }, 
        {
          "returnType": "", 
          "arguments": [
            {
              "decl": "const gp_Parab &", 
              "type": "gp_Parab", 
              "name": "Parab"
            }, 
            {
              "decl": "const gp_Pnt &", 
              "type": "gp_Pnt", 
              "name": "P"
            }, 
            {
              "decl": "const Standard_Real", 
              "type": "Standard_Real", 
              "name": "Alpha"
            }, 
            {
              "decl": "const Standard_Boolean", 
              "type": "Standard_Boolean", 
              "name": "Sense"
            }
          ], 
          "name": "GC_MakeArcOfParabola", 
          "parent": "GC_MakeArcOfParabola", 
          "cls": "constructor", 
          "extern": "1", 
          "throws": true
        }, 
        {
          "returnType": "", 
          "arguments": [
            {
              "decl": "const gp_Parab &", 
              "type": "gp_Parab", 
              "name": "Parab"
            }, 
            {
              "decl": "const gp_Pnt &", 
              "type": "gp_Pnt", 
              "name": "P1"
            }, 
            {
              "decl": "const gp_Pnt &", 
              "type": "gp_Pnt", 
              "name": "P2"
            }, 
            {
              "decl": "const Standard_Boolean", 
              "type": "Standard_Boolean", 
              "name": "Sense"
            }
          ], 
          "name": "GC_MakeArcOfParabola", 
          "parent": "GC_MakeArcOfParabola", 
          "cls": "constructor", 
          "extern": "1", 
          "throws": true
        }
      ], 
      "artificial": "1", 
      "bases": [
        {
          "access": "public", 
          "name": "GC_Root"
        }
      ], 
      "location": [
        "/usr/local/include/oce/GC_MakeArcOfParabola.hxx", 
        44
      ], 
      "members": [
        {
          "returnType": "Handle_Geom_TrimmedCurve const &", 
          "arguments": [], 
          "name": "Value", 
          "parent": "GC_MakeArcOfParabola", 
          "cls": "memfun", 
          "extern": "1", 
          "const": "1", 
          "throws": true
        }, 
        {
          "returnType": "Handle_Geom_TrimmedCurve const &", 
          "arguments": [], 
          "name": "Operator", 
          "parent": "GC_MakeArcOfParabola", 
          "cls": "memfun", 
          "extern": "1", 
          "const": "1", 
          "throws": true
        }
      ], 
      "cls": "class"
    }, 
    {
      "name": "GC_MakeTrimmedCylinder", 
      "abstract": false, 
      "constructors": [
        {
          "returnType": "", 
          "arguments": [
            {
              "decl": "const GC_MakeTrimmedCylinder &", 
              "type": "GC_MakeTrimmedCylinder", 
              "name": "arg0"
            }
          ], 
          "name": "GC_MakeTrimmedCylinder", 
          "parent": "GC_MakeTrimmedCylinder", 
          "cls": "constructor", 
          "artificial": "1", 
          "throws": true, 
          "copyConstructor": true
        }, 
        {
          "returnType": "", 
          "arguments": [
            {
              "decl": "const gp_Pnt &", 
              "type": "gp_Pnt", 
              "name": "P1"
            }, 
            {
              "decl": "const gp_Pnt &", 
              "type": "gp_Pnt", 
              "name": "P2"
            }, 
            {
              "decl": "const gp_Pnt &", 
              "type": "gp_Pnt", 
              "name": "P3"
            }
          ], 
          "name": "GC_MakeTrimmedCylinder", 
          "parent": "GC_MakeTrimmedCylinder", 
          "cls": "constructor", 
          "extern": "1", 
          "throws": true
        }, 
        {
          "returnType": "", 
          "arguments": [
            {
              "decl": "const gp_Circ &", 
              "type": "gp_Circ", 
              "name": "Circ"
            }, 
            {
              "decl": "const Standard_Real", 
              "type": "Standard_Real", 
              "name": "Height"
            }
          ], 
          "name": "GC_MakeTrimmedCylinder", 
          "parent": "GC_MakeTrimmedCylinder", 
          "cls": "constructor", 
          "extern": "1", 
          "throws": true
        }, 
        {
          "returnType": "", 
          "arguments": [
            {
              "decl": "const gp_Ax1 &", 
              "type": "gp_Ax1", 
              "name": "A1"
            }, 
            {
              "decl": "const Standard_Real", 
              "type": "Standard_Real", 
              "name": "Radius"
            }, 
            {
              "decl": "const Standard_Real", 
              "type": "Standard_Real", 
              "name": "Height"
            }
          ], 
          "name": "GC_MakeTrimmedCylinder", 
          "parent": "GC_MakeTrimmedCylinder", 
          "cls": "constructor", 
          "extern": "1", 
          "throws": true
        }, 
        {
          "returnType": "", 
          "arguments": [
            {
              "decl": "const gp_Cylinder &", 
              "type": "gp_Cylinder", 
              "name": "Cyl"
            }, 
            {
              "decl": "const gp_Pnt &", 
              "type": "gp_Pnt", 
              "name": "P"
            }, 
            {
              "decl": "const Standard_Real", 
              "type": "Standard_Real", 
              "name": "Height"
            }
          ], 
          "name": "GC_MakeTrimmedCylinder", 
          "parent": "GC_MakeTrimmedCylinder", 
          "cls": "constructor", 
          "extern": "1", 
          "throws": true
        }, 
        {
          "returnType": "", 
          "arguments": [
            {
              "decl": "const gp_Cylinder &", 
              "type": "gp_Cylinder", 
              "name": "Cyl"
            }, 
            {
              "decl": "const gp_Pnt &", 
              "type": "gp_Pnt", 
              "name": "P1"
            }, 
            {
              "decl": "const gp_Pnt &", 
              "type": "gp_Pnt", 
              "name": "P2"
            }
          ], 
          "name": "GC_MakeTrimmedCylinder", 
          "parent": "GC_MakeTrimmedCylinder", 
          "cls": "constructor", 
          "extern": "1", 
          "throws": true
        }
      ], 
      "artificial": "1", 
      "bases": [
        {
          "access": "public", 
          "name": "GC_Root"
        }
      ], 
      "location": [
        "/usr/local/include/oce/GC_MakeTrimmedCylinder.hxx", 
        44
      ], 
      "members": [
        {
          "returnType": "Handle_Geom_RectangularTrimmedSurface const &", 
          "arguments": [], 
          "name": "Value", 
          "parent": "GC_MakeTrimmedCylinder", 
          "cls": "memfun", 
          "extern": "1", 
          "const": "1", 
          "throws": true
        }, 
        {
          "returnType": "Handle_Geom_RectangularTrimmedSurface const &", 
          "arguments": [], 
          "name": "Operator", 
          "parent": "GC_MakeTrimmedCylinder", 
          "cls": "memfun", 
          "extern": "1", 
          "const": "1", 
          "throws": true
        }
      ], 
      "cls": "class"
    }, 
    {
      "name": "GC_MakePlane", 
      "abstract": false, 
      "constructors": [
        {
          "returnType": "", 
          "arguments": [
            {
              "decl": "const GC_MakePlane &", 
              "type": "GC_MakePlane", 
              "name": "arg0"
            }
          ], 
          "name": "GC_MakePlane", 
          "parent": "GC_MakePlane", 
          "cls": "constructor", 
          "artificial": "1", 
          "throws": true, 
          "copyConstructor": true
        }, 
        {
          "returnType": "", 
          "arguments": [
            {
              "decl": "const gp_Ax2 &", 
              "type": "gp_Ax2", 
              "name": "A2"
            }
          ], 
          "name": "GC_MakePlane", 
          "parent": "GC_MakePlane", 
          "cls": "constructor", 
          "extern": "1", 
          "throws": true
        }, 
        {
          "returnType": "", 
          "arguments": [
            {
              "decl": "const gp_Pln &", 
              "type": "gp_Pln", 
              "name": "Pl"
            }
          ], 
          "name": "GC_MakePlane", 
          "parent": "GC_MakePlane", 
          "cls": "constructor", 
          "extern": "1", 
          "throws": true
        }, 
        {
          "returnType": "", 
          "arguments": [
            {
              "decl": "const gp_Pnt &", 
              "type": "gp_Pnt", 
              "name": "P"
            }, 
            {
              "decl": "const gp_Dir &", 
              "type": "gp_Dir", 
              "name": "V"
            }
          ], 
          "name": "GC_MakePlane", 
          "parent": "GC_MakePlane", 
          "cls": "constructor", 
          "extern": "1", 
          "throws": true
        }, 
        {
          "returnType": "", 
          "arguments": [
            {
              "decl": "const Standard_Real", 
              "type": "Standard_Real", 
              "name": "A"
            }, 
            {
              "decl": "const Standard_Real", 
              "type": "Standard_Real", 
              "name": "B"
            }, 
            {
              "decl": "const Standard_Real", 
              "type": "Standard_Real", 
              "name": "C"
            }, 
            {
              "decl": "const Standard_Real", 
              "type": "Standard_Real", 
              "name": "D"
            }
          ], 
          "name": "GC_MakePlane", 
          "parent": "GC_MakePlane", 
          "cls": "constructor", 
          "extern": "1", 
          "throws": true
        }, 
        {
          "returnType": "", 
          "arguments": [
            {
              "decl": "const gp_Pln &", 
              "type": "gp_Pln", 
              "name": "Pln"
            }, 
            {
              "decl": "const gp_Pnt &", 
              "type": "gp_Pnt", 
              "name": "Point"
            }
          ], 
          "name": "GC_MakePlane", 
          "parent": "GC_MakePlane", 
          "cls": "constructor", 
          "extern": "1", 
          "throws": true
        }, 
        {
          "returnType": "", 
          "arguments": [
            {
              "decl": "const gp_Pln &", 
              "type": "gp_Pln", 
              "name": "Pln"
            }, 
            {
              "decl": "const Standard_Real", 
              "type": "Standard_Real", 
              "name": "Dist"
            }
          ], 
          "name": "GC_MakePlane", 
          "parent": "GC_MakePlane", 
          "cls": "constructor", 
          "extern": "1", 
          "throws": true
        }, 
        {
          "returnType": "", 
          "arguments": [
            {
              "decl": "const gp_Pnt &", 
              "type": "gp_Pnt", 
              "name": "P1"
            }, 
            {
              "decl": "const gp_Pnt &", 
              "type": "gp_Pnt", 
              "name": "P2"
            }, 
            {
              "decl": "const gp_Pnt &", 
              "type": "gp_Pnt", 
              "name": "P3"
            }
          ], 
          "name": "GC_MakePlane", 
          "parent": "GC_MakePlane", 
          "cls": "constructor", 
          "extern": "1", 
          "throws": true
        }, 
        {
          "returnType": "", 
          "arguments": [
            {
              "decl": "const gp_Ax1 &", 
              "type": "gp_Ax1", 
              "name": "Axis"
            }
          ], 
          "name": "GC_MakePlane", 
          "parent": "GC_MakePlane", 
          "cls": "constructor", 
          "extern": "1", 
          "throws": true
        }
      ], 
      "artificial": "1", 
      "bases": [
        {
          "access": "public", 
          "name": "GC_Root"
        }
      ], 
      "location": [
        "/usr/local/include/oce/GC_MakePlane.hxx", 
        48
      ], 
      "members": [
        {
          "returnType": "Handle_Geom_Plane const &", 
          "arguments": [], 
          "name": "Value", 
          "parent": "GC_MakePlane", 
          "cls": "memfun", 
          "extern": "1", 
          "const": "1", 
          "throws": true
        }, 
        {
          "returnType": "Handle_Geom_Plane const &", 
          "arguments": [], 
          "name": "Operator", 
          "parent": "GC_MakePlane", 
          "cls": "memfun", 
          "extern": "1", 
          "const": "1", 
          "throws": true
        }
      ], 
      "cls": "class"
    }
  ], 
  "headers": [
    "GC_MakeCylindricalSurface.hxx", 
    "GC_MakeEllipse.hxx", 
    "GC_MakeMirror.hxx", 
    "GC_MakeScale.hxx", 
    "GC_MakeArcOfEllipse.hxx", 
    "GC_MakePlane.hxx", 
    "GC_Root.hxx", 
    "GC_MakeSegment.hxx", 
    "GC_MakeArcOfParabola.hxx", 
    "GC_MakeLine.hxx", 
    "GC_MakeHyperbola.hxx", 
    "GC_MakeArcOfCircle.hxx", 
    "GC_MakeTrimmedCylinder.hxx", 
    "GC_MakeConicalSurface.hxx", 
    "GC_MakeTranslation.hxx", 
    "GC_MakeArcOfHyperbola.hxx", 
    "GC_MakeCircle.hxx", 
    "GC_MakeRotation.hxx", 
    "GC_MakeTrimmedCone.hxx"
  ], 
  "enums": [], 
  "typedefs": [], 
  "name": "GC"
}