{
  "classes": [
    {
      "name": "Handle_GccAna_NoSolution", 
      "abstract": false, 
      "constructors": [
        {
          "returnType": "", 
          "arguments": [], 
          "name": "Handle_GccAna_NoSolution", 
          "parent": "Handle_GccAna_NoSolution", 
          "cls": "constructor", 
          "throws": true
        }, 
        {
          "returnType": "", 
          "arguments": [
            {
              "decl": "const Handle_GccAna_NoSolution &", 
              "type": "Handle_GccAna_NoSolution", 
              "name": "aHandle"
            }
          ], 
          "name": "Handle_GccAna_NoSolution", 
          "parent": "Handle_GccAna_NoSolution", 
          "cls": "constructor", 
          "throws": true, 
          "copyConstructor": true
        }, 
        {
          "returnType": "", 
          "arguments": [
            {
              "decl": "const GccAna_NoSolution *", 
              "type": "GccAna_NoSolution", 
              "name": "anItem"
            }
          ], 
          "name": "Handle_GccAna_NoSolution", 
          "parent": "Handle_GccAna_NoSolution", 
          "cls": "constructor", 
          "throws": true
        }
      ], 
      "artificial": "1", 
      "bases": [
        {
          "access": "public", 
          "name": "Handle_Standard_Failure"
        }
      ], 
      "location": [
        "/usr/local/include/oce/Handle_GccAna_NoSolution.hxx", 
        25
      ], 
      "members": [
        {
          "returnType": "Handle_GccAna_NoSolution", 
          "arguments": [
            {
              "decl": "const Handle_Standard_Transient &", 
              "type": "Handle_Standard_Transient", 
              "name": "AnObject"
            }
          ], 
          "name": "DownCast", 
          "parent": "Handle_GccAna_NoSolution", 
          "cls": "memfun", 
          "static": "1", 
          "extern": "1", 
          "throws": true
        }
      ], 
      "cls": "class"
    }, 
    {
      "name": "GccAna_CircLin2dBisec", 
      "abstract": false, 
      "constructors": [
        {
          "returnType": "", 
          "arguments": [
            {
              "decl": "const GccAna_CircLin2dBisec &", 
              "type": "GccAna_CircLin2dBisec", 
              "name": "arg0"
            }
          ], 
          "name": "GccAna_CircLin2dBisec", 
          "parent": "GccAna_CircLin2dBisec", 
          "cls": "constructor", 
          "artificial": "1", 
          "copyConstructor": true
        }, 
        {
          "returnType": "", 
          "arguments": [
            {
              "decl": "const gp_Circ2d &", 
              "type": "gp_Circ2d", 
              "name": "Circle"
            }, 
            {
              "decl": "const gp_Lin2d &", 
              "type": "gp_Lin2d", 
              "name": "Line"
            }
          ], 
          "name": "GccAna_CircLin2dBisec", 
          "parent": "GccAna_CircLin2dBisec", 
          "cls": "constructor", 
          "extern": "1", 
          "throws": true
        }
      ], 
      "artificial": "1", 
      "bases": [], 
      "location": [
        "/usr/local/include/oce/GccAna_CircLin2dBisec.hxx", 
        51
      ], 
      "members": [
        {
          "returnType": "Standard_Boolean", 
          "arguments": [], 
          "name": "IsDone", 
          "parent": "GccAna_CircLin2dBisec", 
          "cls": "memfun", 
          "extern": "1", 
          "const": "1", 
          "throws": true
        }, 
        {
          "returnType": "Standard_Integer", 
          "arguments": [], 
          "name": "NbSolutions", 
          "parent": "GccAna_CircLin2dBisec", 
          "cls": "memfun", 
          "extern": "1", 
          "const": "1", 
          "throws": true
        }, 
        {
          "returnType": "Handle_GccInt_Bisec", 
          "arguments": [
            {
              "decl": "const Standard_Integer", 
              "type": "Standard_Integer", 
              "name": "Index"
            }
          ], 
          "name": "ThisSolution", 
          "parent": "GccAna_CircLin2dBisec", 
          "cls": "memfun", 
          "extern": "1", 
          "const": "1", 
          "throws": true
        }
      ], 
      "cls": "class"
    }, 
    {
      "name": "GccAna_Lin2dTanObl", 
      "abstract": false, 
      "constructors": [
        {
          "returnType": "", 
          "arguments": [
            {
              "decl": "const gp_Pnt2d &", 
              "type": "gp_Pnt2d", 
              "name": "ThePoint"
            }, 
            {
              "decl": "const gp_Lin2d &", 
              "type": "gp_Lin2d", 
              "name": "TheLine"
            }, 
            {
              "decl": "const Standard_Real", 
              "type": "Standard_Real", 
              "name": "TheAngle"
            }
          ], 
          "name": "GccAna_Lin2dTanObl", 
          "parent": "GccAna_Lin2dTanObl", 
          "cls": "constructor", 
          "extern": "1", 
          "throws": true
        }, 
        {
          "returnType": "", 
          "arguments": [
            {
              "decl": "const GccEnt_QualifiedCirc &", 
              "type": "GccEnt_QualifiedCirc", 
              "name": "Qualified1"
            }, 
            {
              "decl": "const gp_Lin2d &", 
              "type": "gp_Lin2d", 
              "name": "TheLine"
            }, 
            {
              "decl": "const Standard_Real", 
              "type": "Standard_Real", 
              "name": "TheAngle"
            }
          ], 
          "name": "GccAna_Lin2dTanObl", 
          "parent": "GccAna_Lin2dTanObl", 
          "cls": "constructor", 
          "extern": "1", 
          "throws": true
        }
      ], 
      "artificial": "1", 
      "bases": [], 
      "location": [
        "/usr/local/include/oce/GccAna_Lin2dTanObl.hxx", 
        59
      ], 
      "members": [
        {
          "returnType": "Standard_Boolean", 
          "arguments": [], 
          "name": "IsDone", 
          "parent": "GccAna_Lin2dTanObl", 
          "cls": "memfun", 
          "extern": "1", 
          "const": "1", 
          "throws": true
        }, 
        {
          "returnType": "Standard_Integer", 
          "arguments": [], 
          "name": "NbSolutions", 
          "parent": "GccAna_Lin2dTanObl", 
          "cls": "memfun", 
          "extern": "1", 
          "const": "1", 
          "throws": true
        }, 
        {
          "returnType": "gp_Lin2d", 
          "arguments": [
            {
              "decl": "const Standard_Integer", 
              "type": "Standard_Integer", 
              "name": "Index"
            }
          ], 
          "name": "ThisSolution", 
          "parent": "GccAna_Lin2dTanObl", 
          "cls": "memfun", 
          "extern": "1", 
          "const": "1", 
          "throws": true
        }, 
        {
          "returnType": "void", 
          "arguments": [
            {
              "decl": "const Standard_Integer", 
              "type": "Standard_Integer", 
              "name": "Index"
            }, 
            {
              "decl": "GccEnt_Position &", 
              "type": "GccEnt_Position", 
              "name": "Qualif1"
            }
          ], 
          "name": "WhichQualifier", 
          "parent": "GccAna_Lin2dTanObl", 
          "cls": "memfun", 
          "extern": "1", 
          "const": "1", 
          "throws": true
        }, 
        {
          "returnType": "void", 
          "arguments": [
            {
              "decl": "const Standard_Integer", 
              "type": "Standard_Integer", 
              "name": "Index"
            }, 
            {
              "decl": "Standard_Real &", 
              "type": "Standard_Real", 
              "name": "ParSol"
            }, 
            {
              "decl": "Standard_Real &", 
              "type": "Standard_Real", 
              "name": "ParArg"
            }, 
            {
              "decl": "gp_Pnt2d &", 
              "type": "gp_Pnt2d", 
              "name": "PntSol"
            }
          ], 
          "name": "Tangency1", 
          "parent": "GccAna_Lin2dTanObl", 
          "cls": "memfun", 
          "extern": "1", 
          "const": "1", 
          "throws": true
        }, 
        {
          "returnType": "void", 
          "arguments": [
            {
              "decl": "const Standard_Integer", 
              "type": "Standard_Integer", 
              "name": "Index"
            }, 
            {
              "decl": "Standard_Real &", 
              "type": "Standard_Real", 
              "name": "ParSol"
            }, 
            {
              "decl": "Standard_Real &", 
              "type": "Standard_Real", 
              "name": "ParArg"
            }, 
            {
              "decl": "gp_Pnt2d &", 
              "type": "gp_Pnt2d", 
              "name": "PntSol"
            }
          ], 
          "name": "Intersection2", 
          "parent": "GccAna_Lin2dTanObl", 
          "cls": "memfun", 
          "extern": "1", 
          "const": "1", 
          "throws": true
        }
      ], 
      "cls": "class"
    }, 
    {
      "name": "GccAna_Lin2dBisec", 
      "abstract": false, 
      "constructors": [
        {
          "returnType": "", 
          "arguments": [
            {
              "decl": "const gp_Lin2d &", 
              "type": "gp_Lin2d", 
              "name": "Lin1"
            }, 
            {
              "decl": "const gp_Lin2d &", 
              "type": "gp_Lin2d", 
              "name": "Lin2"
            }
          ], 
          "name": "GccAna_Lin2dBisec", 
          "parent": "GccAna_Lin2dBisec", 
          "cls": "constructor", 
          "extern": "1", 
          "throws": true
        }
      ], 
      "artificial": "1", 
      "bases": [], 
      "location": [
        "/usr/local/include/oce/GccAna_Lin2dBisec.hxx", 
        61
      ], 
      "members": [
        {
          "returnType": "Standard_Boolean", 
          "arguments": [], 
          "name": "IsDone", 
          "parent": "GccAna_Lin2dBisec", 
          "cls": "memfun", 
          "extern": "1", 
          "const": "1", 
          "throws": true
        }, 
        {
          "returnType": "Standard_Integer", 
          "arguments": [], 
          "name": "NbSolutions", 
          "parent": "GccAna_Lin2dBisec", 
          "cls": "memfun", 
          "extern": "1", 
          "const": "1", 
          "throws": true
        }, 
        {
          "returnType": "gp_Lin2d", 
          "arguments": [
            {
              "decl": "const Standard_Integer", 
              "type": "Standard_Integer", 
              "name": "Index"
            }
          ], 
          "name": "ThisSolution", 
          "parent": "GccAna_Lin2dBisec", 
          "cls": "memfun", 
          "extern": "1", 
          "const": "1", 
          "throws": true
        }, 
        {
          "returnType": "void", 
          "arguments": [
            {
              "decl": "const Standard_Integer", 
              "type": "Standard_Integer", 
              "name": "Index"
            }, 
            {
              "decl": "Standard_Real &", 
              "type": "Standard_Real", 
              "name": "ParSol"
            }, 
            {
              "decl": "Standard_Real &", 
              "type": "Standard_Real", 
              "name": "ParArg"
            }, 
            {
              "decl": "gp_Pnt2d &", 
              "type": "gp_Pnt2d", 
              "name": "PntSol"
            }
          ], 
          "name": "Intersection1", 
          "parent": "GccAna_Lin2dBisec", 
          "cls": "memfun", 
          "extern": "1", 
          "const": "1", 
          "throws": true
        }, 
        {
          "returnType": "void", 
          "arguments": [
            {
              "decl": "const Standard_Integer", 
              "type": "Standard_Integer", 
              "name": "Index"
            }, 
            {
              "decl": "Standard_Real &", 
              "type": "Standard_Real", 
              "name": "ParSol"
            }, 
            {
              "decl": "Standard_Real &", 
              "type": "Standard_Real", 
              "name": "ParArg"
            }, 
            {
              "decl": "gp_Pnt2d &", 
              "type": "gp_Pnt2d", 
              "name": "PntSol"
            }
          ], 
          "name": "Intersection2", 
          "parent": "GccAna_Lin2dBisec", 
          "cls": "memfun", 
          "extern": "1", 
          "const": "1", 
          "throws": true
        }
      ], 
      "cls": "class"
    }, 
    {
      "name": "GccAna_Pnt2dBisec", 
      "abstract": false, 
      "constructors": [
        {
          "returnType": "", 
          "arguments": [
            {
              "decl": "const GccAna_Pnt2dBisec &", 
              "type": "GccAna_Pnt2dBisec", 
              "name": "arg0"
            }
          ], 
          "name": "GccAna_Pnt2dBisec", 
          "parent": "GccAna_Pnt2dBisec", 
          "cls": "constructor", 
          "artificial": "1", 
          "copyConstructor": true
        }, 
        {
          "returnType": "", 
          "arguments": [
            {
              "decl": "const gp_Pnt2d &", 
              "type": "gp_Pnt2d", 
              "name": "Point1"
            }, 
            {
              "decl": "const gp_Pnt2d &", 
              "type": "gp_Pnt2d", 
              "name": "Point2"
            }
          ], 
          "name": "GccAna_Pnt2dBisec", 
          "parent": "GccAna_Pnt2dBisec", 
          "cls": "constructor", 
          "extern": "1", 
          "throws": true
        }
      ], 
      "artificial": "1", 
      "bases": [], 
      "location": [
        "/usr/local/include/oce/GccAna_Pnt2dBisec.hxx", 
        39
      ], 
      "members": [
        {
          "returnType": "Standard_Boolean", 
          "arguments": [], 
          "name": "IsDone", 
          "parent": "GccAna_Pnt2dBisec", 
          "cls": "memfun", 
          "extern": "1", 
          "const": "1", 
          "throws": true
        }, 
        {
          "returnType": "Standard_Boolean", 
          "arguments": [], 
          "name": "HasSolution", 
          "parent": "GccAna_Pnt2dBisec", 
          "cls": "memfun", 
          "extern": "1", 
          "const": "1", 
          "throws": true
        }, 
        {
          "returnType": "gp_Lin2d", 
          "arguments": [], 
          "name": "ThisSolution", 
          "parent": "GccAna_Pnt2dBisec", 
          "cls": "memfun", 
          "extern": "1", 
          "const": "1", 
          "throws": true
        }
      ], 
      "cls": "class"
    }, 
    {
      "name": "GccAna_Circ2dTanOnRad", 
      "abstract": false, 
      "constructors": [
        {
          "returnType": "", 
          "arguments": [
            {
              "decl": "const GccEnt_QualifiedCirc &", 
              "type": "GccEnt_QualifiedCirc", 
              "name": "Qualified1"
            }, 
            {
              "decl": "const gp_Lin2d &", 
              "type": "gp_Lin2d", 
              "name": "OnLine"
            }, 
            {
              "decl": "const Standard_Real", 
              "type": "Standard_Real", 
              "name": "Radius"
            }, 
            {
              "decl": "const Standard_Real", 
              "type": "Standard_Real", 
              "name": "Tolerance"
            }
          ], 
          "name": "GccAna_Circ2dTanOnRad", 
          "parent": "GccAna_Circ2dTanOnRad", 
          "cls": "constructor", 
          "extern": "1", 
          "throws": true
        }, 
        {
          "returnType": "", 
          "arguments": [
            {
              "decl": "const GccEnt_QualifiedLin &", 
              "type": "GccEnt_QualifiedLin", 
              "name": "Qualified1"
            }, 
            {
              "decl": "const gp_Lin2d &", 
              "type": "gp_Lin2d", 
              "name": "OnLine"
            }, 
            {
              "decl": "const Standard_Real", 
              "type": "Standard_Real", 
              "name": "Radius"
            }, 
            {
              "decl": "const Standard_Real", 
              "type": "Standard_Real", 
              "name": "Tolerance"
            }
          ], 
          "name": "GccAna_Circ2dTanOnRad", 
          "parent": "GccAna_Circ2dTanOnRad", 
          "cls": "constructor", 
          "extern": "1", 
          "throws": true
        }, 
        {
          "returnType": "", 
          "arguments": [
            {
              "decl": "const gp_Pnt2d &", 
              "type": "gp_Pnt2d", 
              "name": "Point1"
            }, 
            {
              "decl": "const gp_Lin2d &", 
              "type": "gp_Lin2d", 
              "name": "OnLine"
            }, 
            {
              "decl": "const Standard_Real", 
              "type": "Standard_Real", 
              "name": "Radius"
            }, 
            {
              "decl": "const Standard_Real", 
              "type": "Standard_Real", 
              "name": "Tolerance"
            }
          ], 
          "name": "GccAna_Circ2dTanOnRad", 
          "parent": "GccAna_Circ2dTanOnRad", 
          "cls": "constructor", 
          "extern": "1", 
          "throws": true
        }, 
        {
          "returnType": "", 
          "arguments": [
            {
              "decl": "const GccEnt_QualifiedCirc &", 
              "type": "GccEnt_QualifiedCirc", 
              "name": "Qualified1"
            }, 
            {
              "decl": "const gp_Circ2d &", 
              "type": "gp_Circ2d", 
              "name": "OnCirc"
            }, 
            {
              "decl": "const Standard_Real", 
              "type": "Standard_Real", 
              "name": "Radius"
            }, 
            {
              "decl": "const Standard_Real", 
              "type": "Standard_Real", 
              "name": "Tolerance"
            }
          ], 
          "name": "GccAna_Circ2dTanOnRad", 
          "parent": "GccAna_Circ2dTanOnRad", 
          "cls": "constructor", 
          "extern": "1", 
          "throws": true
        }, 
        {
          "returnType": "", 
          "arguments": [
            {
              "decl": "const GccEnt_QualifiedLin &", 
              "type": "GccEnt_QualifiedLin", 
              "name": "Qualified1"
            }, 
            {
              "decl": "const gp_Circ2d &", 
              "type": "gp_Circ2d", 
              "name": "OnCirc"
            }, 
            {
              "decl": "const Standard_Real", 
              "type": "Standard_Real", 
              "name": "Radius"
            }, 
            {
              "decl": "const Standard_Real", 
              "type": "Standard_Real", 
              "name": "Tolerance"
            }
          ], 
          "name": "GccAna_Circ2dTanOnRad", 
          "parent": "GccAna_Circ2dTanOnRad", 
          "cls": "constructor", 
          "extern": "1", 
          "throws": true
        }, 
        {
          "returnType": "", 
          "arguments": [
            {
              "decl": "const gp_Pnt2d &", 
              "type": "gp_Pnt2d", 
              "name": "Point1"
            }, 
            {
              "decl": "const gp_Circ2d &", 
              "type": "gp_Circ2d", 
              "name": "OnCirc"
            }, 
            {
              "decl": "const Standard_Real", 
              "type": "Standard_Real", 
              "name": "Radius"
            }, 
            {
              "decl": "const Standard_Real", 
              "type": "Standard_Real", 
              "name": "Tolerance"
            }
          ], 
          "name": "GccAna_Circ2dTanOnRad", 
          "parent": "GccAna_Circ2dTanOnRad", 
          "cls": "constructor", 
          "extern": "1", 
          "throws": true
        }
      ], 
      "artificial": "1", 
      "bases": [], 
      "location": [
        "/usr/local/include/oce/GccAna_Circ2dTanOnRad.hxx", 
        78
      ], 
      "members": [
        {
          "returnType": "Standard_Boolean", 
          "arguments": [], 
          "name": "IsDone", 
          "parent": "GccAna_Circ2dTanOnRad", 
          "cls": "memfun", 
          "extern": "1", 
          "const": "1", 
          "throws": true
        }, 
        {
          "returnType": "Standard_Integer", 
          "arguments": [], 
          "name": "NbSolutions", 
          "parent": "GccAna_Circ2dTanOnRad", 
          "cls": "memfun", 
          "extern": "1", 
          "const": "1", 
          "throws": true
        }, 
        {
          "returnType": "gp_Circ2d", 
          "arguments": [
            {
              "decl": "const Standard_Integer", 
              "type": "Standard_Integer", 
              "name": "Index"
            }
          ], 
          "name": "ThisSolution", 
          "parent": "GccAna_Circ2dTanOnRad", 
          "cls": "memfun", 
          "extern": "1", 
          "const": "1", 
          "throws": true
        }, 
        {
          "returnType": "void", 
          "arguments": [
            {
              "decl": "const Standard_Integer", 
              "type": "Standard_Integer", 
              "name": "Index"
            }, 
            {
              "decl": "GccEnt_Position &", 
              "type": "GccEnt_Position", 
              "name": "Qualif1"
            }
          ], 
          "name": "WhichQualifier", 
          "parent": "GccAna_Circ2dTanOnRad", 
          "cls": "memfun", 
          "extern": "1", 
          "const": "1", 
          "throws": true
        }, 
        {
          "returnType": "void", 
          "arguments": [
            {
              "decl": "const Standard_Integer", 
              "type": "Standard_Integer", 
              "name": "Index"
            }, 
            {
              "decl": "Standard_Real &", 
              "type": "Standard_Real", 
              "name": "ParSol"
            }, 
            {
              "decl": "Standard_Real &", 
              "type": "Standard_Real", 
              "name": "ParArg"
            }, 
            {
              "decl": "gp_Pnt2d &", 
              "type": "gp_Pnt2d", 
              "name": "PntSol"
            }
          ], 
          "name": "Tangency1", 
          "parent": "GccAna_Circ2dTanOnRad", 
          "cls": "memfun", 
          "extern": "1", 
          "const": "1", 
          "throws": true
        }, 
        {
          "returnType": "void", 
          "arguments": [
            {
              "decl": "const Standard_Integer", 
              "type": "Standard_Integer", 
              "name": "Index"
            }, 
            {
              "decl": "Standard_Real &", 
              "type": "Standard_Real", 
              "name": "ParArg"
            }, 
            {
              "decl": "gp_Pnt2d &", 
              "type": "gp_Pnt2d", 
              "name": "PntSol"
            }
          ], 
          "name": "CenterOn3", 
          "parent": "GccAna_Circ2dTanOnRad", 
          "cls": "memfun", 
          "extern": "1", 
          "const": "1", 
          "throws": true
        }, 
        {
          "returnType": "Standard_Boolean", 
          "arguments": [
            {
              "decl": "const Standard_Integer", 
              "type": "Standard_Integer", 
              "name": "Index"
            }
          ], 
          "name": "IsTheSame1", 
          "parent": "GccAna_Circ2dTanOnRad", 
          "cls": "memfun", 
          "extern": "1", 
          "const": "1", 
          "throws": true
        }
      ], 
      "cls": "class"
    }, 
    {
      "name": "GccAna_Circ2dTanCen", 
      "abstract": false, 
      "constructors": [
        {
          "returnType": "", 
          "arguments": [
            {
              "decl": "const GccEnt_QualifiedCirc &", 
              "type": "GccEnt_QualifiedCirc", 
              "name": "Qualified1"
            }, 
            {
              "decl": "const gp_Pnt2d &", 
              "type": "gp_Pnt2d", 
              "name": "Pcenter"
            }, 
            {
              "decl": "const Standard_Real", 
              "type": "Standard_Real", 
              "name": "Tolerance"
            }
          ], 
          "name": "GccAna_Circ2dTanCen", 
          "parent": "GccAna_Circ2dTanCen", 
          "cls": "constructor", 
          "extern": "1", 
          "throws": true
        }, 
        {
          "returnType": "", 
          "arguments": [
            {
              "decl": "const gp_Lin2d &", 
              "type": "gp_Lin2d", 
              "name": "Linetan"
            }, 
            {
              "decl": "const gp_Pnt2d &", 
              "type": "gp_Pnt2d", 
              "name": "Pcenter"
            }
          ], 
          "name": "GccAna_Circ2dTanCen", 
          "parent": "GccAna_Circ2dTanCen", 
          "cls": "constructor", 
          "extern": "1", 
          "throws": true
        }, 
        {
          "returnType": "", 
          "arguments": [
            {
              "decl": "const gp_Pnt2d &", 
              "type": "gp_Pnt2d", 
              "name": "Point1"
            }, 
            {
              "decl": "const gp_Pnt2d &", 
              "type": "gp_Pnt2d", 
              "name": "Pcenter"
            }
          ], 
          "name": "GccAna_Circ2dTanCen", 
          "parent": "GccAna_Circ2dTanCen", 
          "cls": "constructor", 
          "extern": "1", 
          "throws": true
        }
      ], 
      "artificial": "1", 
      "bases": [], 
      "location": [
        "/usr/local/include/oce/GccAna_Circ2dTanCen.hxx", 
        73
      ], 
      "members": [
        {
          "returnType": "Standard_Boolean", 
          "arguments": [], 
          "name": "IsDone", 
          "parent": "GccAna_Circ2dTanCen", 
          "cls": "memfun", 
          "extern": "1", 
          "const": "1", 
          "throws": true
        }, 
        {
          "returnType": "Standard_Integer", 
          "arguments": [], 
          "name": "NbSolutions", 
          "parent": "GccAna_Circ2dTanCen", 
          "cls": "memfun", 
          "extern": "1", 
          "const": "1", 
          "throws": true
        }, 
        {
          "returnType": "gp_Circ2d", 
          "arguments": [
            {
              "decl": "const Standard_Integer", 
              "type": "Standard_Integer", 
              "name": "Index"
            }
          ], 
          "name": "ThisSolution", 
          "parent": "GccAna_Circ2dTanCen", 
          "cls": "memfun", 
          "extern": "1", 
          "const": "1", 
          "throws": true
        }, 
        {
          "returnType": "void", 
          "arguments": [
            {
              "decl": "const Standard_Integer", 
              "type": "Standard_Integer", 
              "name": "Index"
            }, 
            {
              "decl": "GccEnt_Position &", 
              "type": "GccEnt_Position", 
              "name": "Qualif1"
            }
          ], 
          "name": "WhichQualifier", 
          "parent": "GccAna_Circ2dTanCen", 
          "cls": "memfun", 
          "extern": "1", 
          "const": "1", 
          "throws": true
        }, 
        {
          "returnType": "void", 
          "arguments": [
            {
              "decl": "const Standard_Integer", 
              "type": "Standard_Integer", 
              "name": "Index"
            }, 
            {
              "decl": "Standard_Real &", 
              "type": "Standard_Real", 
              "name": "ParSol"
            }, 
            {
              "decl": "Standard_Real &", 
              "type": "Standard_Real", 
              "name": "ParArg"
            }, 
            {
              "decl": "gp_Pnt2d &", 
              "type": "gp_Pnt2d", 
              "name": "PntSol"
            }
          ], 
          "name": "Tangency1", 
          "parent": "GccAna_Circ2dTanCen", 
          "cls": "memfun", 
          "extern": "1", 
          "const": "1", 
          "throws": true
        }, 
        {
          "returnType": "Standard_Boolean", 
          "arguments": [
            {
              "decl": "const Standard_Integer", 
              "type": "Standard_Integer", 
              "name": "Index"
            }
          ], 
          "name": "IsTheSame1", 
          "parent": "GccAna_Circ2dTanCen", 
          "cls": "memfun", 
          "extern": "1", 
          "const": "1", 
          "throws": true
        }
      ], 
      "cls": "class"
    }, 
    {
      "name": "GccAna_Lin2dTanPer", 
      "abstract": false, 
      "constructors": [
        {
          "returnType": "", 
          "arguments": [
            {
              "decl": "const gp_Pnt2d &", 
              "type": "gp_Pnt2d", 
              "name": "ThePnt"
            }, 
            {
              "decl": "const gp_Lin2d &", 
              "type": "gp_Lin2d", 
              "name": "TheLin"
            }
          ], 
          "name": "GccAna_Lin2dTanPer", 
          "parent": "GccAna_Lin2dTanPer", 
          "cls": "constructor", 
          "extern": "1", 
          "throws": true
        }, 
        {
          "returnType": "", 
          "arguments": [
            {
              "decl": "const gp_Pnt2d &", 
              "type": "gp_Pnt2d", 
              "name": "ThePnt"
            }, 
            {
              "decl": "const gp_Circ2d &", 
              "type": "gp_Circ2d", 
              "name": "TheCircle"
            }
          ], 
          "name": "GccAna_Lin2dTanPer", 
          "parent": "GccAna_Lin2dTanPer", 
          "cls": "constructor", 
          "extern": "1", 
          "throws": true
        }, 
        {
          "returnType": "", 
          "arguments": [
            {
              "decl": "const GccEnt_QualifiedCirc &", 
              "type": "GccEnt_QualifiedCirc", 
              "name": "Qualified1"
            }, 
            {
              "decl": "const gp_Lin2d &", 
              "type": "gp_Lin2d", 
              "name": "TheLin"
            }
          ], 
          "name": "GccAna_Lin2dTanPer", 
          "parent": "GccAna_Lin2dTanPer", 
          "cls": "constructor", 
          "extern": "1", 
          "throws": true
        }, 
        {
          "returnType": "", 
          "arguments": [
            {
              "decl": "const GccEnt_QualifiedCirc &", 
              "type": "GccEnt_QualifiedCirc", 
              "name": "Qualified1"
            }, 
            {
              "decl": "const gp_Circ2d &", 
              "type": "gp_Circ2d", 
              "name": "TheCircle"
            }
          ], 
          "name": "GccAna_Lin2dTanPer", 
          "parent": "GccAna_Lin2dTanPer", 
          "cls": "constructor", 
          "extern": "1", 
          "throws": true
        }
      ], 
      "artificial": "1", 
      "bases": [], 
      "location": [
        "/usr/local/include/oce/GccAna_Lin2dTanPer.hxx", 
        64
      ], 
      "members": [
        {
          "returnType": "Standard_Boolean", 
          "arguments": [], 
          "name": "IsDone", 
          "parent": "GccAna_Lin2dTanPer", 
          "cls": "memfun", 
          "extern": "1", 
          "const": "1", 
          "throws": true
        }, 
        {
          "returnType": "Standard_Integer", 
          "arguments": [], 
          "name": "NbSolutions", 
          "parent": "GccAna_Lin2dTanPer", 
          "cls": "memfun", 
          "extern": "1", 
          "const": "1", 
          "throws": true
        }, 
        {
          "returnType": "void", 
          "arguments": [
            {
              "decl": "const Standard_Integer", 
              "type": "Standard_Integer", 
              "name": "Index"
            }, 
            {
              "decl": "GccEnt_Position &", 
              "type": "GccEnt_Position", 
              "name": "Qualif1"
            }
          ], 
          "name": "WhichQualifier", 
          "parent": "GccAna_Lin2dTanPer", 
          "cls": "memfun", 
          "extern": "1", 
          "const": "1", 
          "throws": true
        }, 
        {
          "returnType": "gp_Lin2d", 
          "arguments": [
            {
              "decl": "const Standard_Integer", 
              "type": "Standard_Integer", 
              "name": "Index"
            }
          ], 
          "name": "ThisSolution", 
          "parent": "GccAna_Lin2dTanPer", 
          "cls": "memfun", 
          "extern": "1", 
          "const": "1", 
          "throws": true
        }, 
        {
          "returnType": "void", 
          "arguments": [
            {
              "decl": "const Standard_Integer", 
              "type": "Standard_Integer", 
              "name": "Index"
            }, 
            {
              "decl": "Standard_Real &", 
              "type": "Standard_Real", 
              "name": "ParSol"
            }, 
            {
              "decl": "Standard_Real &", 
              "type": "Standard_Real", 
              "name": "ParArg"
            }, 
            {
              "decl": "gp_Pnt2d &", 
              "type": "gp_Pnt2d", 
              "name": "Pnt"
            }
          ], 
          "name": "Tangency1", 
          "parent": "GccAna_Lin2dTanPer", 
          "cls": "memfun", 
          "extern": "1", 
          "const": "1", 
          "throws": true
        }, 
        {
          "returnType": "void", 
          "arguments": [
            {
              "decl": "const Standard_Integer", 
              "type": "Standard_Integer", 
              "name": "Index"
            }, 
            {
              "decl": "Standard_Real &", 
              "type": "Standard_Real", 
              "name": "ParSol"
            }, 
            {
              "decl": "Standard_Real &", 
              "type": "Standard_Real", 
              "name": "ParArg"
            }, 
            {
              "decl": "gp_Pnt2d &", 
              "type": "gp_Pnt2d", 
              "name": "PntSol"
            }
          ], 
          "name": "Intersection2", 
          "parent": "GccAna_Lin2dTanPer", 
          "cls": "memfun", 
          "extern": "1", 
          "const": "1", 
          "throws": true
        }
      ], 
      "cls": "class"
    }, 
    {
      "name": "GccAna_Circ2d3Tan", 
      "abstract": false, 
      "constructors": [
        {
          "returnType": "", 
          "arguments": [
            {
              "decl": "const GccEnt_QualifiedCirc &", 
              "type": "GccEnt_QualifiedCirc", 
              "name": "Qualified1"
            }, 
            {
              "decl": "const GccEnt_QualifiedCirc &", 
              "type": "GccEnt_QualifiedCirc", 
              "name": "Qualified2"
            }, 
            {
              "decl": "const GccEnt_QualifiedCirc &", 
              "type": "GccEnt_QualifiedCirc", 
              "name": "Qualified3"
            }, 
            {
              "decl": "const Standard_Real", 
              "type": "Standard_Real", 
              "name": "Tolerance"
            }
          ], 
          "name": "GccAna_Circ2d3Tan", 
          "parent": "GccAna_Circ2d3Tan", 
          "cls": "constructor", 
          "extern": "1", 
          "throws": true
        }, 
        {
          "returnType": "", 
          "arguments": [
            {
              "decl": "const GccEnt_QualifiedCirc &", 
              "type": "GccEnt_QualifiedCirc", 
              "name": "Qualified1"
            }, 
            {
              "decl": "const GccEnt_QualifiedCirc &", 
              "type": "GccEnt_QualifiedCirc", 
              "name": "Qualified2"
            }, 
            {
              "decl": "const GccEnt_QualifiedLin &", 
              "type": "GccEnt_QualifiedLin", 
              "name": "Qualified3"
            }, 
            {
              "decl": "const Standard_Real", 
              "type": "Standard_Real", 
              "name": "Tolerance"
            }
          ], 
          "name": "GccAna_Circ2d3Tan", 
          "parent": "GccAna_Circ2d3Tan", 
          "cls": "constructor", 
          "extern": "1", 
          "throws": true
        }, 
        {
          "returnType": "", 
          "arguments": [
            {
              "decl": "const GccEnt_QualifiedCirc &", 
              "type": "GccEnt_QualifiedCirc", 
              "name": "Qualified1"
            }, 
            {
              "decl": "const GccEnt_QualifiedLin &", 
              "type": "GccEnt_QualifiedLin", 
              "name": "Qualified2"
            }, 
            {
              "decl": "const GccEnt_QualifiedLin &", 
              "type": "GccEnt_QualifiedLin", 
              "name": "Qualified3"
            }, 
            {
              "decl": "const Standard_Real", 
              "type": "Standard_Real", 
              "name": "Tolerance"
            }
          ], 
          "name": "GccAna_Circ2d3Tan", 
          "parent": "GccAna_Circ2d3Tan", 
          "cls": "constructor", 
          "extern": "1", 
          "throws": true
        }, 
        {
          "returnType": "", 
          "arguments": [
            {
              "decl": "const GccEnt_QualifiedLin &", 
              "type": "GccEnt_QualifiedLin", 
              "name": "Qualified1"
            }, 
            {
              "decl": "const GccEnt_QualifiedLin &", 
              "type": "GccEnt_QualifiedLin", 
              "name": "Qualified2"
            }, 
            {
              "decl": "const GccEnt_QualifiedLin &", 
              "type": "GccEnt_QualifiedLin", 
              "name": "Qualified3"
            }, 
            {
              "decl": "const Standard_Real", 
              "type": "Standard_Real", 
              "name": "Tolerance"
            }
          ], 
          "name": "GccAna_Circ2d3Tan", 
          "parent": "GccAna_Circ2d3Tan", 
          "cls": "constructor", 
          "extern": "1", 
          "throws": true
        }, 
        {
          "returnType": "", 
          "arguments": [
            {
              "decl": "const GccEnt_QualifiedCirc &", 
              "type": "GccEnt_QualifiedCirc", 
              "name": "Qualified1"
            }, 
            {
              "decl": "const GccEnt_QualifiedCirc &", 
              "type": "GccEnt_QualifiedCirc", 
              "name": "Qualified2"
            }, 
            {
              "decl": "const gp_Pnt2d &", 
              "type": "gp_Pnt2d", 
              "name": "Point3"
            }, 
            {
              "decl": "const Standard_Real", 
              "type": "Standard_Real", 
              "name": "Tolerance"
            }
          ], 
          "name": "GccAna_Circ2d3Tan", 
          "parent": "GccAna_Circ2d3Tan", 
          "cls": "constructor", 
          "extern": "1", 
          "throws": true
        }, 
        {
          "returnType": "", 
          "arguments": [
            {
              "decl": "const GccEnt_QualifiedCirc &", 
              "type": "GccEnt_QualifiedCirc", 
              "name": "Qualified1"
            }, 
            {
              "decl": "const GccEnt_QualifiedLin &", 
              "type": "GccEnt_QualifiedLin", 
              "name": "Qualified2"
            }, 
            {
              "decl": "const gp_Pnt2d &", 
              "type": "gp_Pnt2d", 
              "name": "Point3"
            }, 
            {
              "decl": "const Standard_Real", 
              "type": "Standard_Real", 
              "name": "Tolerance"
            }
          ], 
          "name": "GccAna_Circ2d3Tan", 
          "parent": "GccAna_Circ2d3Tan", 
          "cls": "constructor", 
          "extern": "1", 
          "throws": true
        }, 
        {
          "returnType": "", 
          "arguments": [
            {
              "decl": "const GccEnt_QualifiedLin &", 
              "type": "GccEnt_QualifiedLin", 
              "name": "Qualified1"
            }, 
            {
              "decl": "const GccEnt_QualifiedLin &", 
              "type": "GccEnt_QualifiedLin", 
              "name": "Qualified2"
            }, 
            {
              "decl": "const gp_Pnt2d &", 
              "type": "gp_Pnt2d", 
              "name": "Point3"
            }, 
            {
              "decl": "const Standard_Real", 
              "type": "Standard_Real", 
              "name": "Tolerance"
            }
          ], 
          "name": "GccAna_Circ2d3Tan", 
          "parent": "GccAna_Circ2d3Tan", 
          "cls": "constructor", 
          "extern": "1", 
          "throws": true
        }, 
        {
          "returnType": "", 
          "arguments": [
            {
              "decl": "const GccEnt_QualifiedCirc &", 
              "type": "GccEnt_QualifiedCirc", 
              "name": "Qualified1"
            }, 
            {
              "decl": "const gp_Pnt2d &", 
              "type": "gp_Pnt2d", 
              "name": "Point2"
            }, 
            {
              "decl": "const gp_Pnt2d &", 
              "type": "gp_Pnt2d", 
              "name": "Point3"
            }, 
            {
              "decl": "const Standard_Real", 
              "type": "Standard_Real", 
              "name": "Tolerance"
            }
          ], 
          "name": "GccAna_Circ2d3Tan", 
          "parent": "GccAna_Circ2d3Tan", 
          "cls": "constructor", 
          "extern": "1", 
          "throws": true
        }, 
        {
          "returnType": "", 
          "arguments": [
            {
              "decl": "const GccEnt_QualifiedLin &", 
              "type": "GccEnt_QualifiedLin", 
              "name": "Qualified1"
            }, 
            {
              "decl": "const gp_Pnt2d &", 
              "type": "gp_Pnt2d", 
              "name": "Point2"
            }, 
            {
              "decl": "const gp_Pnt2d &", 
              "type": "gp_Pnt2d", 
              "name": "Point3"
            }, 
            {
              "decl": "const Standard_Real", 
              "type": "Standard_Real", 
              "name": "Tolerance"
            }
          ], 
          "name": "GccAna_Circ2d3Tan", 
          "parent": "GccAna_Circ2d3Tan", 
          "cls": "constructor", 
          "extern": "1", 
          "throws": true
        }, 
        {
          "returnType": "", 
          "arguments": [
            {
              "decl": "const gp_Pnt2d &", 
              "type": "gp_Pnt2d", 
              "name": "Point1"
            }, 
            {
              "decl": "const gp_Pnt2d &", 
              "type": "gp_Pnt2d", 
              "name": "Point2"
            }, 
            {
              "decl": "const gp_Pnt2d &", 
              "type": "gp_Pnt2d", 
              "name": "Point3"
            }, 
            {
              "decl": "const Standard_Real", 
              "type": "Standard_Real", 
              "name": "Tolerance"
            }
          ], 
          "name": "GccAna_Circ2d3Tan", 
          "parent": "GccAna_Circ2d3Tan", 
          "cls": "constructor", 
          "extern": "1", 
          "throws": true
        }
      ], 
      "artificial": "1", 
      "bases": [], 
      "location": [
        "/usr/local/include/oce/GccAna_Circ2d3Tan.hxx", 
        74
      ], 
      "members": [
        {
          "returnType": "Standard_Boolean", 
          "arguments": [], 
          "name": "IsDone", 
          "parent": "GccAna_Circ2d3Tan", 
          "cls": "memfun", 
          "extern": "1", 
          "const": "1", 
          "throws": true
        }, 
        {
          "returnType": "Standard_Integer", 
          "arguments": [], 
          "name": "NbSolutions", 
          "parent": "GccAna_Circ2d3Tan", 
          "cls": "memfun", 
          "extern": "1", 
          "const": "1", 
          "throws": true
        }, 
        {
          "returnType": "gp_Circ2d", 
          "arguments": [
            {
              "decl": "const Standard_Integer", 
              "type": "Standard_Integer", 
              "name": "Index"
            }
          ], 
          "name": "ThisSolution", 
          "parent": "GccAna_Circ2d3Tan", 
          "cls": "memfun", 
          "extern": "1", 
          "const": "1", 
          "throws": true
        }, 
        {
          "returnType": "void", 
          "arguments": [
            {
              "decl": "const Standard_Integer", 
              "type": "Standard_Integer", 
              "name": "Index"
            }, 
            {
              "decl": "GccEnt_Position &", 
              "type": "GccEnt_Position", 
              "name": "Qualif1"
            }, 
            {
              "decl": "GccEnt_Position &", 
              "type": "GccEnt_Position", 
              "name": "Qualif2"
            }, 
            {
              "decl": "GccEnt_Position &", 
              "type": "GccEnt_Position", 
              "name": "Qualif3"
            }
          ], 
          "name": "WhichQualifier", 
          "parent": "GccAna_Circ2d3Tan", 
          "cls": "memfun", 
          "extern": "1", 
          "const": "1", 
          "throws": true
        }, 
        {
          "returnType": "void", 
          "arguments": [
            {
              "decl": "const Standard_Integer", 
              "type": "Standard_Integer", 
              "name": "Index"
            }, 
            {
              "decl": "Standard_Real &", 
              "type": "Standard_Real", 
              "name": "ParSol"
            }, 
            {
              "decl": "Standard_Real &", 
              "type": "Standard_Real", 
              "name": "ParArg"
            }, 
            {
              "decl": "gp_Pnt2d &", 
              "type": "gp_Pnt2d", 
              "name": "PntSol"
            }
          ], 
          "name": "Tangency1", 
          "parent": "GccAna_Circ2d3Tan", 
          "cls": "memfun", 
          "extern": "1", 
          "const": "1", 
          "throws": true
        }, 
        {
          "returnType": "void", 
          "arguments": [
            {
              "decl": "const Standard_Integer", 
              "type": "Standard_Integer", 
              "name": "Index"
            }, 
            {
              "decl": "Standard_Real &", 
              "type": "Standard_Real", 
              "name": "ParSol"
            }, 
            {
              "decl": "Standard_Real &", 
              "type": "Standard_Real", 
              "name": "ParArg"
            }, 
            {
              "decl": "gp_Pnt2d &", 
              "type": "gp_Pnt2d", 
              "name": "PntSol"
            }
          ], 
          "name": "Tangency2", 
          "parent": "GccAna_Circ2d3Tan", 
          "cls": "memfun", 
          "extern": "1", 
          "const": "1", 
          "throws": true
        }, 
        {
          "returnType": "void", 
          "arguments": [
            {
              "decl": "const Standard_Integer", 
              "type": "Standard_Integer", 
              "name": "Index"
            }, 
            {
              "decl": "Standard_Real &", 
              "type": "Standard_Real", 
              "name": "ParSol"
            }, 
            {
              "decl": "Standard_Real &", 
              "type": "Standard_Real", 
              "name": "ParArg"
            }, 
            {
              "decl": "gp_Pnt2d &", 
              "type": "gp_Pnt2d", 
              "name": "PntSol"
            }
          ], 
          "name": "Tangency3", 
          "parent": "GccAna_Circ2d3Tan", 
          "cls": "memfun", 
          "extern": "1", 
          "const": "1", 
          "throws": true
        }, 
        {
          "returnType": "Standard_Boolean", 
          "arguments": [
            {
              "decl": "const Standard_Integer", 
              "type": "Standard_Integer", 
              "name": "Index"
            }
          ], 
          "name": "IsTheSame1", 
          "parent": "GccAna_Circ2d3Tan", 
          "cls": "memfun", 
          "extern": "1", 
          "const": "1", 
          "throws": true
        }, 
        {
          "returnType": "Standard_Boolean", 
          "arguments": [
            {
              "decl": "const Standard_Integer", 
              "type": "Standard_Integer", 
              "name": "Index"
            }
          ], 
          "name": "IsTheSame2", 
          "parent": "GccAna_Circ2d3Tan", 
          "cls": "memfun", 
          "extern": "1", 
          "const": "1", 
          "throws": true
        }, 
        {
          "returnType": "Standard_Boolean", 
          "arguments": [
            {
              "decl": "const Standard_Integer", 
              "type": "Standard_Integer", 
              "name": "Index"
            }
          ], 
          "name": "IsTheSame3", 
          "parent": "GccAna_Circ2d3Tan", 
          "cls": "memfun", 
          "extern": "1", 
          "const": "1", 
          "throws": true
        }
      ], 
      "cls": "class"
    }, 
    {
      "name": "GccAna_NoSolution", 
      "abstract": false, 
      "constructors": [
        {
          "returnType": "", 
          "arguments": [
            {
              "decl": "const GccAna_NoSolution &", 
              "type": "GccAna_NoSolution", 
              "name": "arg0"
            }
          ], 
          "name": "GccAna_NoSolution", 
          "parent": "GccAna_NoSolution", 
          "cls": "constructor", 
          "artificial": "1", 
          "throws": true, 
          "copyConstructor": true
        }, 
        {
          "returnType": "", 
          "arguments": [], 
          "name": "GccAna_NoSolution", 
          "parent": "GccAna_NoSolution", 
          "cls": "constructor", 
          "throws": true
        }, 
        {
          "returnType": "", 
          "arguments": [
            {
              "decl": "const Standard_CString", 
              "type": "Standard_CString", 
              "name": "AString"
            }
          ], 
          "name": "GccAna_NoSolution", 
          "parent": "GccAna_NoSolution", 
          "cls": "constructor", 
          "throws": true
        }
      ], 
      "artificial": "1", 
      "bases": [
        {
          "access": "public", 
          "name": "Standard_Failure"
        }
      ], 
      "location": [
        "/usr/local/include/oce/GccAna_NoSolution.hxx", 
        36
      ], 
      "members": [
        {
          "returnType": "void", 
          "arguments": [
            {
              "decl": "const Standard_CString", 
              "type": "Standard_CString", 
              "name": "aMessage", 
              "default": "\"\""
            }
          ], 
          "name": "Raise", 
          "parent": "GccAna_NoSolution", 
          "cls": "memfun", 
          "static": "1", 
          "extern": "1", 
          "throws": true
        }, 
        {
          "returnType": "void", 
          "arguments": [
            {
              "decl": "Standard_SStream &", 
              "type": "Standard_SStream", 
              "name": "aReason"
            }
          ], 
          "name": "Raise", 
          "parent": "GccAna_NoSolution", 
          "cls": "memfun", 
          "static": "1", 
          "extern": "1", 
          "throws": true
        }, 
        {
          "returnType": "Handle_GccAna_NoSolution", 
          "arguments": [
            {
              "decl": "const Standard_CString", 
              "type": "Standard_CString", 
              "name": "aMessage", 
              "default": "\"\""
            }
          ], 
          "name": "NewInstance", 
          "parent": "GccAna_NoSolution", 
          "cls": "memfun", 
          "static": "1", 
          "extern": "1", 
          "throws": true
        }, 
        {
          "returnType": "Handle_Standard_Type const &", 
          "arguments": [], 
          "name": "DynamicType", 
          "parent": "GccAna_NoSolution", 
          "cls": "memfun", 
          "extern": "1", 
          "const": "1", 
          "throws": true, 
          "virtuality": "virtual"
        }
      ], 
      "cls": "class"
    }, 
    {
      "name": "GccAna_LinPnt2dBisec", 
      "abstract": false, 
      "constructors": [
        {
          "returnType": "", 
          "arguments": [
            {
              "decl": "const GccAna_LinPnt2dBisec &", 
              "type": "GccAna_LinPnt2dBisec", 
              "name": "arg0"
            }
          ], 
          "name": "GccAna_LinPnt2dBisec", 
          "parent": "GccAna_LinPnt2dBisec", 
          "cls": "constructor", 
          "artificial": "1", 
          "throws": true, 
          "copyConstructor": true
        }, 
        {
          "returnType": "", 
          "arguments": [
            {
              "decl": "const gp_Lin2d &", 
              "type": "gp_Lin2d", 
              "name": "Line1"
            }, 
            {
              "decl": "const gp_Pnt2d &", 
              "type": "gp_Pnt2d", 
              "name": "Point2"
            }
          ], 
          "name": "GccAna_LinPnt2dBisec", 
          "parent": "GccAna_LinPnt2dBisec", 
          "cls": "constructor", 
          "extern": "1", 
          "throws": true
        }
      ], 
      "artificial": "1", 
      "bases": [], 
      "location": [
        "/usr/local/include/oce/GccAna_LinPnt2dBisec.hxx", 
        42
      ], 
      "members": [
        {
          "returnType": "Standard_Boolean", 
          "arguments": [], 
          "name": "IsDone", 
          "parent": "GccAna_LinPnt2dBisec", 
          "cls": "memfun", 
          "extern": "1", 
          "const": "1", 
          "throws": true
        }, 
        {
          "returnType": "Handle_GccInt_Bisec", 
          "arguments": [], 
          "name": "ThisSolution", 
          "parent": "GccAna_LinPnt2dBisec", 
          "cls": "memfun", 
          "extern": "1", 
          "const": "1", 
          "throws": true
        }
      ], 
      "cls": "class"
    }, 
    {
      "name": "GccAna_Circ2d2TanRad", 
      "abstract": false, 
      "constructors": [
        {
          "returnType": "", 
          "arguments": [
            {
              "decl": "const GccEnt_QualifiedCirc &", 
              "type": "GccEnt_QualifiedCirc", 
              "name": "Qualified1"
            }, 
            {
              "decl": "const GccEnt_QualifiedCirc &", 
              "type": "GccEnt_QualifiedCirc", 
              "name": "Qualified2"
            }, 
            {
              "decl": "const Standard_Real", 
              "type": "Standard_Real", 
              "name": "Radius"
            }, 
            {
              "decl": "const Standard_Real", 
              "type": "Standard_Real", 
              "name": "Tolerance"
            }
          ], 
          "name": "GccAna_Circ2d2TanRad", 
          "parent": "GccAna_Circ2d2TanRad", 
          "cls": "constructor", 
          "extern": "1", 
          "throws": true
        }, 
        {
          "returnType": "", 
          "arguments": [
            {
              "decl": "const GccEnt_QualifiedCirc &", 
              "type": "GccEnt_QualifiedCirc", 
              "name": "Qualified1"
            }, 
            {
              "decl": "const GccEnt_QualifiedLin &", 
              "type": "GccEnt_QualifiedLin", 
              "name": "Qualified2"
            }, 
            {
              "decl": "const Standard_Real", 
              "type": "Standard_Real", 
              "name": "Radius"
            }, 
            {
              "decl": "const Standard_Real", 
              "type": "Standard_Real", 
              "name": "Tolerance"
            }
          ], 
          "name": "GccAna_Circ2d2TanRad", 
          "parent": "GccAna_Circ2d2TanRad", 
          "cls": "constructor", 
          "extern": "1", 
          "throws": true
        }, 
        {
          "returnType": "", 
          "arguments": [
            {
              "decl": "const GccEnt_QualifiedCirc &", 
              "type": "GccEnt_QualifiedCirc", 
              "name": "Qualified1"
            }, 
            {
              "decl": "const gp_Pnt2d &", 
              "type": "gp_Pnt2d", 
              "name": "Point2"
            }, 
            {
              "decl": "const Standard_Real", 
              "type": "Standard_Real", 
              "name": "Radius"
            }, 
            {
              "decl": "const Standard_Real", 
              "type": "Standard_Real", 
              "name": "Tolerance"
            }
          ], 
          "name": "GccAna_Circ2d2TanRad", 
          "parent": "GccAna_Circ2d2TanRad", 
          "cls": "constructor", 
          "extern": "1", 
          "throws": true
        }, 
        {
          "returnType": "", 
          "arguments": [
            {
              "decl": "const GccEnt_QualifiedLin &", 
              "type": "GccEnt_QualifiedLin", 
              "name": "Qualified1"
            }, 
            {
              "decl": "const gp_Pnt2d &", 
              "type": "gp_Pnt2d", 
              "name": "Point2"
            }, 
            {
              "decl": "const Standard_Real", 
              "type": "Standard_Real", 
              "name": "Radius"
            }, 
            {
              "decl": "const Standard_Real", 
              "type": "Standard_Real", 
              "name": "Tolerance"
            }
          ], 
          "name": "GccAna_Circ2d2TanRad", 
          "parent": "GccAna_Circ2d2TanRad", 
          "cls": "constructor", 
          "extern": "1", 
          "throws": true
        }, 
        {
          "returnType": "", 
          "arguments": [
            {
              "decl": "const GccEnt_QualifiedLin &", 
              "type": "GccEnt_QualifiedLin", 
              "name": "Qualified1"
            }, 
            {
              "decl": "const GccEnt_QualifiedLin &", 
              "type": "GccEnt_QualifiedLin", 
              "name": "Qualified2"
            }, 
            {
              "decl": "const Standard_Real", 
              "type": "Standard_Real", 
              "name": "Radius"
            }, 
            {
              "decl": "const Standard_Real", 
              "type": "Standard_Real", 
              "name": "Tolerance"
            }
          ], 
          "name": "GccAna_Circ2d2TanRad", 
          "parent": "GccAna_Circ2d2TanRad", 
          "cls": "constructor", 
          "extern": "1", 
          "throws": true
        }, 
        {
          "returnType": "", 
          "arguments": [
            {
              "decl": "const gp_Pnt2d &", 
              "type": "gp_Pnt2d", 
              "name": "Point1"
            }, 
            {
              "decl": "const gp_Pnt2d &", 
              "type": "gp_Pnt2d", 
              "name": "Point2"
            }, 
            {
              "decl": "const Standard_Real", 
              "type": "Standard_Real", 
              "name": "Radius"
            }, 
            {
              "decl": "const Standard_Real", 
              "type": "Standard_Real", 
              "name": "Tolerance"
            }
          ], 
          "name": "GccAna_Circ2d2TanRad", 
          "parent": "GccAna_Circ2d2TanRad", 
          "cls": "constructor", 
          "extern": "1", 
          "throws": true
        }
      ], 
      "artificial": "1", 
      "bases": [], 
      "location": [
        "/usr/local/include/oce/GccAna_Circ2d2TanRad.hxx", 
        77
      ], 
      "members": [
        {
          "returnType": "Standard_Boolean", 
          "arguments": [], 
          "name": "IsDone", 
          "parent": "GccAna_Circ2d2TanRad", 
          "cls": "memfun", 
          "extern": "1", 
          "const": "1", 
          "throws": true
        }, 
        {
          "returnType": "Standard_Integer", 
          "arguments": [], 
          "name": "NbSolutions", 
          "parent": "GccAna_Circ2d2TanRad", 
          "cls": "memfun", 
          "extern": "1", 
          "const": "1", 
          "throws": true
        }, 
        {
          "returnType": "gp_Circ2d", 
          "arguments": [
            {
              "decl": "const Standard_Integer", 
              "type": "Standard_Integer", 
              "name": "Index"
            }
          ], 
          "name": "ThisSolution", 
          "parent": "GccAna_Circ2d2TanRad", 
          "cls": "memfun", 
          "extern": "1", 
          "const": "1", 
          "throws": true
        }, 
        {
          "returnType": "void", 
          "arguments": [
            {
              "decl": "const Standard_Integer", 
              "type": "Standard_Integer", 
              "name": "Index"
            }, 
            {
              "decl": "GccEnt_Position &", 
              "type": "GccEnt_Position", 
              "name": "Qualif1"
            }, 
            {
              "decl": "GccEnt_Position &", 
              "type": "GccEnt_Position", 
              "name": "Qualif2"
            }
          ], 
          "name": "WhichQualifier", 
          "parent": "GccAna_Circ2d2TanRad", 
          "cls": "memfun", 
          "extern": "1", 
          "const": "1", 
          "throws": true
        }, 
        {
          "returnType": "void", 
          "arguments": [
            {
              "decl": "const Standard_Integer", 
              "type": "Standard_Integer", 
              "name": "Index"
            }, 
            {
              "decl": "Standard_Real &", 
              "type": "Standard_Real", 
              "name": "ParSol"
            }, 
            {
              "decl": "Standard_Real &", 
              "type": "Standard_Real", 
              "name": "ParArg"
            }, 
            {
              "decl": "gp_Pnt2d &", 
              "type": "gp_Pnt2d", 
              "name": "PntSol"
            }
          ], 
          "name": "Tangency1", 
          "parent": "GccAna_Circ2d2TanRad", 
          "cls": "memfun", 
          "extern": "1", 
          "const": "1", 
          "throws": true
        }, 
        {
          "returnType": "void", 
          "arguments": [
            {
              "decl": "const Standard_Integer", 
              "type": "Standard_Integer", 
              "name": "Index"
            }, 
            {
              "decl": "Standard_Real &", 
              "type": "Standard_Real", 
              "name": "ParSol"
            }, 
            {
              "decl": "Standard_Real &", 
              "type": "Standard_Real", 
              "name": "ParArg"
            }, 
            {
              "decl": "gp_Pnt2d &", 
              "type": "gp_Pnt2d", 
              "name": "PntSol"
            }
          ], 
          "name": "Tangency2", 
          "parent": "GccAna_Circ2d2TanRad", 
          "cls": "memfun", 
          "extern": "1", 
          "const": "1", 
          "throws": true
        }, 
        {
          "returnType": "Standard_Boolean", 
          "arguments": [
            {
              "decl": "const Standard_Integer", 
              "type": "Standard_Integer", 
              "name": "Index"
            }
          ], 
          "name": "IsTheSame1", 
          "parent": "GccAna_Circ2d2TanRad", 
          "cls": "memfun", 
          "extern": "1", 
          "const": "1", 
          "throws": true
        }, 
        {
          "returnType": "Standard_Boolean", 
          "arguments": [
            {
              "decl": "const Standard_Integer", 
              "type": "Standard_Integer", 
              "name": "Index"
            }
          ], 
          "name": "IsTheSame2", 
          "parent": "GccAna_Circ2d2TanRad", 
          "cls": "memfun", 
          "extern": "1", 
          "const": "1", 
          "throws": true
        }
      ], 
      "cls": "class"
    }, 
    {
      "name": "GccAna_Lin2d2Tan", 
      "abstract": false, 
      "constructors": [
        {
          "returnType": "", 
          "arguments": [
            {
              "decl": "const gp_Pnt2d &", 
              "type": "gp_Pnt2d", 
              "name": "ThePoint1"
            }, 
            {
              "decl": "const gp_Pnt2d &", 
              "type": "gp_Pnt2d", 
              "name": "ThePoint2"
            }, 
            {
              "decl": "const Standard_Real", 
              "type": "Standard_Real", 
              "name": "Tolerance"
            }
          ], 
          "name": "GccAna_Lin2d2Tan", 
          "parent": "GccAna_Lin2d2Tan", 
          "cls": "constructor", 
          "extern": "1", 
          "throws": true
        }, 
        {
          "returnType": "", 
          "arguments": [
            {
              "decl": "const GccEnt_QualifiedCirc &", 
              "type": "GccEnt_QualifiedCirc", 
              "name": "Qualified1"
            }, 
            {
              "decl": "const gp_Pnt2d &", 
              "type": "gp_Pnt2d", 
              "name": "ThePoint"
            }, 
            {
              "decl": "const Standard_Real", 
              "type": "Standard_Real", 
              "name": "Tolerance"
            }
          ], 
          "name": "GccAna_Lin2d2Tan", 
          "parent": "GccAna_Lin2d2Tan", 
          "cls": "constructor", 
          "extern": "1", 
          "throws": true
        }, 
        {
          "returnType": "", 
          "arguments": [
            {
              "decl": "const GccEnt_QualifiedCirc &", 
              "type": "GccEnt_QualifiedCirc", 
              "name": "Qualified1"
            }, 
            {
              "decl": "const GccEnt_QualifiedCirc &", 
              "type": "GccEnt_QualifiedCirc", 
              "name": "Qualified2"
            }, 
            {
              "decl": "const Standard_Real", 
              "type": "Standard_Real", 
              "name": "Tolerance"
            }
          ], 
          "name": "GccAna_Lin2d2Tan", 
          "parent": "GccAna_Lin2d2Tan", 
          "cls": "constructor", 
          "extern": "1", 
          "throws": true
        }
      ], 
      "artificial": "1", 
      "bases": [], 
      "location": [
        "/usr/local/include/oce/GccAna_Lin2d2Tan.hxx", 
        66
      ], 
      "members": [
        {
          "returnType": "Standard_Boolean", 
          "arguments": [], 
          "name": "IsDone", 
          "parent": "GccAna_Lin2d2Tan", 
          "cls": "memfun", 
          "extern": "1", 
          "const": "1", 
          "throws": true
        }, 
        {
          "returnType": "Standard_Integer", 
          "arguments": [], 
          "name": "NbSolutions", 
          "parent": "GccAna_Lin2d2Tan", 
          "cls": "memfun", 
          "extern": "1", 
          "const": "1", 
          "throws": true
        }, 
        {
          "returnType": "gp_Lin2d", 
          "arguments": [
            {
              "decl": "const Standard_Integer", 
              "type": "Standard_Integer", 
              "name": "Index"
            }
          ], 
          "name": "ThisSolution", 
          "parent": "GccAna_Lin2d2Tan", 
          "cls": "memfun", 
          "extern": "1", 
          "const": "1", 
          "throws": true
        }, 
        {
          "returnType": "void", 
          "arguments": [
            {
              "decl": "const Standard_Integer", 
              "type": "Standard_Integer", 
              "name": "Index"
            }, 
            {
              "decl": "GccEnt_Position &", 
              "type": "GccEnt_Position", 
              "name": "Qualif1"
            }, 
            {
              "decl": "GccEnt_Position &", 
              "type": "GccEnt_Position", 
              "name": "Qualif2"
            }
          ], 
          "name": "WhichQualifier", 
          "parent": "GccAna_Lin2d2Tan", 
          "cls": "memfun", 
          "extern": "1", 
          "const": "1", 
          "throws": true
        }, 
        {
          "returnType": "void", 
          "arguments": [
            {
              "decl": "const Standard_Integer", 
              "type": "Standard_Integer", 
              "name": "Index"
            }, 
            {
              "decl": "Standard_Real &", 
              "type": "Standard_Real", 
              "name": "ParSol"
            }, 
            {
              "decl": "Standard_Real &", 
              "type": "Standard_Real", 
              "name": "ParArg"
            }, 
            {
              "decl": "gp_Pnt2d &", 
              "type": "gp_Pnt2d", 
              "name": "PntSol"
            }
          ], 
          "name": "Tangency1", 
          "parent": "GccAna_Lin2d2Tan", 
          "cls": "memfun", 
          "extern": "1", 
          "const": "1", 
          "throws": true
        }, 
        {
          "returnType": "void", 
          "arguments": [
            {
              "decl": "const Standard_Integer", 
              "type": "Standard_Integer", 
              "name": "Index"
            }, 
            {
              "decl": "Standard_Real &", 
              "type": "Standard_Real", 
              "name": "ParSol"
            }, 
            {
              "decl": "Standard_Real &", 
              "type": "Standard_Real", 
              "name": "ParArg"
            }, 
            {
              "decl": "gp_Pnt2d &", 
              "type": "gp_Pnt2d", 
              "name": "PntSol"
            }
          ], 
          "name": "Tangency2", 
          "parent": "GccAna_Lin2d2Tan", 
          "cls": "memfun", 
          "extern": "1", 
          "const": "1", 
          "throws": true
        }
      ], 
      "cls": "class"
    }, 
    {
      "name": "GccAna_Lin2dTanPar", 
      "abstract": false, 
      "constructors": [
        {
          "returnType": "", 
          "arguments": [
            {
              "decl": "const gp_Pnt2d &", 
              "type": "gp_Pnt2d", 
              "name": "ThePoint"
            }, 
            {
              "decl": "const gp_Lin2d &", 
              "type": "gp_Lin2d", 
              "name": "Lin1"
            }
          ], 
          "name": "GccAna_Lin2dTanPar", 
          "parent": "GccAna_Lin2dTanPar", 
          "cls": "constructor", 
          "extern": "1", 
          "throws": true
        }, 
        {
          "returnType": "", 
          "arguments": [
            {
              "decl": "const GccEnt_QualifiedCirc &", 
              "type": "GccEnt_QualifiedCirc", 
              "name": "Qualified1"
            }, 
            {
              "decl": "const gp_Lin2d &", 
              "type": "gp_Lin2d", 
              "name": "Lin1"
            }
          ], 
          "name": "GccAna_Lin2dTanPar", 
          "parent": "GccAna_Lin2dTanPar", 
          "cls": "constructor", 
          "extern": "1", 
          "throws": true
        }
      ], 
      "artificial": "1", 
      "bases": [], 
      "location": [
        "/usr/local/include/oce/GccAna_Lin2dTanPar.hxx", 
        62
      ], 
      "members": [
        {
          "returnType": "Standard_Boolean", 
          "arguments": [], 
          "name": "IsDone", 
          "parent": "GccAna_Lin2dTanPar", 
          "cls": "memfun", 
          "extern": "1", 
          "const": "1", 
          "throws": true
        }, 
        {
          "returnType": "Standard_Integer", 
          "arguments": [], 
          "name": "NbSolutions", 
          "parent": "GccAna_Lin2dTanPar", 
          "cls": "memfun", 
          "extern": "1", 
          "const": "1", 
          "throws": true
        }, 
        {
          "returnType": "gp_Lin2d", 
          "arguments": [
            {
              "decl": "const Standard_Integer", 
              "type": "Standard_Integer", 
              "name": "Index"
            }
          ], 
          "name": "ThisSolution", 
          "parent": "GccAna_Lin2dTanPar", 
          "cls": "memfun", 
          "extern": "1", 
          "const": "1", 
          "throws": true
        }, 
        {
          "returnType": "void", 
          "arguments": [
            {
              "decl": "const Standard_Integer", 
              "type": "Standard_Integer", 
              "name": "Index"
            }, 
            {
              "decl": "GccEnt_Position &", 
              "type": "GccEnt_Position", 
              "name": "Qualif1"
            }
          ], 
          "name": "WhichQualifier", 
          "parent": "GccAna_Lin2dTanPar", 
          "cls": "memfun", 
          "extern": "1", 
          "const": "1", 
          "throws": true
        }, 
        {
          "returnType": "void", 
          "arguments": [
            {
              "decl": "const Standard_Integer", 
              "type": "Standard_Integer", 
              "name": "Index"
            }, 
            {
              "decl": "Standard_Real &", 
              "type": "Standard_Real", 
              "name": "ParSol"
            }, 
            {
              "decl": "Standard_Real &", 
              "type": "Standard_Real", 
              "name": "ParArg"
            }, 
            {
              "decl": "gp_Pnt2d &", 
              "type": "gp_Pnt2d", 
              "name": "Pnt"
            }
          ], 
          "name": "Tangency1", 
          "parent": "GccAna_Lin2dTanPar", 
          "cls": "memfun", 
          "extern": "1", 
          "const": "1", 
          "throws": true
        }
      ], 
      "cls": "class"
    }, 
    {
      "name": "GccAna_CircPnt2dBisec", 
      "abstract": false, 
      "constructors": [
        {
          "returnType": "", 
          "arguments": [
            {
              "decl": "const GccAna_CircPnt2dBisec &", 
              "type": "GccAna_CircPnt2dBisec", 
              "name": "arg0"
            }
          ], 
          "name": "GccAna_CircPnt2dBisec", 
          "parent": "GccAna_CircPnt2dBisec", 
          "cls": "constructor", 
          "artificial": "1", 
          "copyConstructor": true
        }, 
        {
          "returnType": "", 
          "arguments": [
            {
              "decl": "const gp_Circ2d &", 
              "type": "gp_Circ2d", 
              "name": "Circle1"
            }, 
            {
              "decl": "const gp_Pnt2d &", 
              "type": "gp_Pnt2d", 
              "name": "Point2"
            }
          ], 
          "name": "GccAna_CircPnt2dBisec", 
          "parent": "GccAna_CircPnt2dBisec", 
          "cls": "constructor", 
          "extern": "1", 
          "throws": true
        }, 
        {
          "returnType": "", 
          "arguments": [
            {
              "decl": "const gp_Circ2d &", 
              "type": "gp_Circ2d", 
              "name": "Circle1"
            }, 
            {
              "decl": "const gp_Pnt2d &", 
              "type": "gp_Pnt2d", 
              "name": "Point2"
            }, 
            {
              "decl": "const Standard_Real", 
              "type": "Standard_Real", 
              "name": "Tolerance"
            }
          ], 
          "name": "GccAna_CircPnt2dBisec", 
          "parent": "GccAna_CircPnt2dBisec", 
          "cls": "constructor", 
          "extern": "1", 
          "throws": true
        }
      ], 
      "artificial": "1", 
      "bases": [], 
      "location": [
        "/usr/local/include/oce/GccAna_CircPnt2dBisec.hxx", 
        56
      ], 
      "members": [
        {
          "returnType": "Standard_Boolean", 
          "arguments": [], 
          "name": "IsDone", 
          "parent": "GccAna_CircPnt2dBisec", 
          "cls": "memfun", 
          "extern": "1", 
          "const": "1", 
          "throws": true
        }, 
        {
          "returnType": "Standard_Integer", 
          "arguments": [], 
          "name": "NbSolutions", 
          "parent": "GccAna_CircPnt2dBisec", 
          "cls": "memfun", 
          "extern": "1", 
          "const": "1", 
          "throws": true
        }, 
        {
          "returnType": "Handle_GccInt_Bisec", 
          "arguments": [
            {
              "decl": "const Standard_Integer", 
              "type": "Standard_Integer", 
              "name": "Index"
            }
          ], 
          "name": "ThisSolution", 
          "parent": "GccAna_CircPnt2dBisec", 
          "cls": "memfun", 
          "extern": "1", 
          "const": "1", 
          "throws": true
        }
      ], 
      "cls": "class"
    }, 
    {
      "name": "GccAna_Circ2dBisec", 
      "abstract": false, 
      "constructors": [
        {
          "returnType": "", 
          "arguments": [
            {
              "decl": "const GccAna_Circ2dBisec &", 
              "type": "GccAna_Circ2dBisec", 
              "name": "arg0"
            }
          ], 
          "name": "GccAna_Circ2dBisec", 
          "parent": "GccAna_Circ2dBisec", 
          "cls": "constructor", 
          "artificial": "1", 
          "copyConstructor": true
        }, 
        {
          "returnType": "", 
          "arguments": [
            {
              "decl": "const gp_Circ2d &", 
              "type": "gp_Circ2d", 
              "name": "Circ1"
            }, 
            {
              "decl": "const gp_Circ2d &", 
              "type": "gp_Circ2d", 
              "name": "Circ2"
            }
          ], 
          "name": "GccAna_Circ2dBisec", 
          "parent": "GccAna_Circ2dBisec", 
          "cls": "constructor", 
          "extern": "1", 
          "throws": true
        }
      ], 
      "artificial": "1", 
      "bases": [], 
      "location": [
        "/usr/local/include/oce/GccAna_Circ2dBisec.hxx", 
        47
      ], 
      "members": [
        {
          "returnType": "Standard_Boolean", 
          "arguments": [], 
          "name": "IsDone", 
          "parent": "GccAna_Circ2dBisec", 
          "cls": "memfun", 
          "extern": "1", 
          "const": "1", 
          "throws": true
        }, 
        {
          "returnType": "Standard_Integer", 
          "arguments": [], 
          "name": "NbSolutions", 
          "parent": "GccAna_Circ2dBisec", 
          "cls": "memfun", 
          "extern": "1", 
          "const": "1", 
          "throws": true
        }, 
        {
          "returnType": "Handle_GccInt_Bisec", 
          "arguments": [
            {
              "decl": "const Standard_Integer", 
              "type": "Standard_Integer", 
              "name": "Index"
            }
          ], 
          "name": "ThisSolution", 
          "parent": "GccAna_Circ2dBisec", 
          "cls": "memfun", 
          "extern": "1", 
          "const": "1", 
          "throws": true
        }
      ], 
      "cls": "class"
    }, 
    {
      "name": "GccAna_Circ2d2TanOn", 
      "abstract": false, 
      "constructors": [
        {
          "returnType": "", 
          "arguments": [
            {
              "decl": "const GccEnt_QualifiedCirc &", 
              "type": "GccEnt_QualifiedCirc", 
              "name": "Qualified1"
            }, 
            {
              "decl": "const GccEnt_QualifiedCirc &", 
              "type": "GccEnt_QualifiedCirc", 
              "name": "Qualified2"
            }, 
            {
              "decl": "const gp_Lin2d &", 
              "type": "gp_Lin2d", 
              "name": "OnLine"
            }, 
            {
              "decl": "const Standard_Real", 
              "type": "Standard_Real", 
              "name": "Tolerance"
            }
          ], 
          "name": "GccAna_Circ2d2TanOn", 
          "parent": "GccAna_Circ2d2TanOn", 
          "cls": "constructor", 
          "extern": "1", 
          "throws": true
        }, 
        {
          "returnType": "", 
          "arguments": [
            {
              "decl": "const GccEnt_QualifiedCirc &", 
              "type": "GccEnt_QualifiedCirc", 
              "name": "Qualified1"
            }, 
            {
              "decl": "const GccEnt_QualifiedLin &", 
              "type": "GccEnt_QualifiedLin", 
              "name": "Qualified2"
            }, 
            {
              "decl": "const gp_Lin2d &", 
              "type": "gp_Lin2d", 
              "name": "OnLine"
            }, 
            {
              "decl": "const Standard_Real", 
              "type": "Standard_Real", 
              "name": "Tolerance"
            }
          ], 
          "name": "GccAna_Circ2d2TanOn", 
          "parent": "GccAna_Circ2d2TanOn", 
          "cls": "constructor", 
          "extern": "1", 
          "throws": true
        }, 
        {
          "returnType": "", 
          "arguments": [
            {
              "decl": "const GccEnt_QualifiedLin &", 
              "type": "GccEnt_QualifiedLin", 
              "name": "Qualified1"
            }, 
            {
              "decl": "const GccEnt_QualifiedLin &", 
              "type": "GccEnt_QualifiedLin", 
              "name": "Qualified2"
            }, 
            {
              "decl": "const gp_Lin2d &", 
              "type": "gp_Lin2d", 
              "name": "OnLine"
            }, 
            {
              "decl": "const Standard_Real", 
              "type": "Standard_Real", 
              "name": "Tolerance"
            }
          ], 
          "name": "GccAna_Circ2d2TanOn", 
          "parent": "GccAna_Circ2d2TanOn", 
          "cls": "constructor", 
          "extern": "1", 
          "throws": true
        }, 
        {
          "returnType": "", 
          "arguments": [
            {
              "decl": "const GccEnt_QualifiedCirc &", 
              "type": "GccEnt_QualifiedCirc", 
              "name": "Qualified1"
            }, 
            {
              "decl": "const gp_Pnt2d &", 
              "type": "gp_Pnt2d", 
              "name": "Point2"
            }, 
            {
              "decl": "const gp_Lin2d &", 
              "type": "gp_Lin2d", 
              "name": "OnLine"
            }, 
            {
              "decl": "const Standard_Real", 
              "type": "Standard_Real", 
              "name": "Tolerance"
            }
          ], 
          "name": "GccAna_Circ2d2TanOn", 
          "parent": "GccAna_Circ2d2TanOn", 
          "cls": "constructor", 
          "extern": "1", 
          "throws": true
        }, 
        {
          "returnType": "", 
          "arguments": [
            {
              "decl": "const GccEnt_QualifiedLin &", 
              "type": "GccEnt_QualifiedLin", 
              "name": "Qualified1"
            }, 
            {
              "decl": "const gp_Pnt2d &", 
              "type": "gp_Pnt2d", 
              "name": "Point2"
            }, 
            {
              "decl": "const gp_Lin2d &", 
              "type": "gp_Lin2d", 
              "name": "OnLine"
            }, 
            {
              "decl": "const Standard_Real", 
              "type": "Standard_Real", 
              "name": "Tolerance"
            }
          ], 
          "name": "GccAna_Circ2d2TanOn", 
          "parent": "GccAna_Circ2d2TanOn", 
          "cls": "constructor", 
          "extern": "1", 
          "throws": true
        }, 
        {
          "returnType": "", 
          "arguments": [
            {
              "decl": "const gp_Pnt2d &", 
              "type": "gp_Pnt2d", 
              "name": "Point1"
            }, 
            {
              "decl": "const gp_Pnt2d &", 
              "type": "gp_Pnt2d", 
              "name": "Point2"
            }, 
            {
              "decl": "const gp_Lin2d &", 
              "type": "gp_Lin2d", 
              "name": "OnLine"
            }, 
            {
              "decl": "const Standard_Real", 
              "type": "Standard_Real", 
              "name": "Tolerance"
            }
          ], 
          "name": "GccAna_Circ2d2TanOn", 
          "parent": "GccAna_Circ2d2TanOn", 
          "cls": "constructor", 
          "extern": "1", 
          "throws": true
        }, 
        {
          "returnType": "", 
          "arguments": [
            {
              "decl": "const GccEnt_QualifiedCirc &", 
              "type": "GccEnt_QualifiedCirc", 
              "name": "Qualified1"
            }, 
            {
              "decl": "const GccEnt_QualifiedCirc &", 
              "type": "GccEnt_QualifiedCirc", 
              "name": "Qualified2"
            }, 
            {
              "decl": "const gp_Circ2d &", 
              "type": "gp_Circ2d", 
              "name": "OnCirc"
            }, 
            {
              "decl": "const Standard_Real", 
              "type": "Standard_Real", 
              "name": "Tolerance"
            }
          ], 
          "name": "GccAna_Circ2d2TanOn", 
          "parent": "GccAna_Circ2d2TanOn", 
          "cls": "constructor", 
          "extern": "1", 
          "throws": true
        }, 
        {
          "returnType": "", 
          "arguments": [
            {
              "decl": "const GccEnt_QualifiedCirc &", 
              "type": "GccEnt_QualifiedCirc", 
              "name": "Qualified1"
            }, 
            {
              "decl": "const GccEnt_QualifiedLin &", 
              "type": "GccEnt_QualifiedLin", 
              "name": "Qualified2"
            }, 
            {
              "decl": "const gp_Circ2d &", 
              "type": "gp_Circ2d", 
              "name": "OnCirc"
            }, 
            {
              "decl": "const Standard_Real", 
              "type": "Standard_Real", 
              "name": "Tolerance"
            }
          ], 
          "name": "GccAna_Circ2d2TanOn", 
          "parent": "GccAna_Circ2d2TanOn", 
          "cls": "constructor", 
          "extern": "1", 
          "throws": true
        }, 
        {
          "returnType": "", 
          "arguments": [
            {
              "decl": "const GccEnt_QualifiedCirc &", 
              "type": "GccEnt_QualifiedCirc", 
              "name": "Qualified1"
            }, 
            {
              "decl": "const gp_Pnt2d &", 
              "type": "gp_Pnt2d", 
              "name": "Point2"
            }, 
            {
              "decl": "const gp_Circ2d &", 
              "type": "gp_Circ2d", 
              "name": "OnCirc"
            }, 
            {
              "decl": "const Standard_Real", 
              "type": "Standard_Real", 
              "name": "Tolerance"
            }
          ], 
          "name": "GccAna_Circ2d2TanOn", 
          "parent": "GccAna_Circ2d2TanOn", 
          "cls": "constructor", 
          "extern": "1", 
          "throws": true
        }, 
        {
          "returnType": "", 
          "arguments": [
            {
              "decl": "const GccEnt_QualifiedLin &", 
              "type": "GccEnt_QualifiedLin", 
              "name": "Qualified1"
            }, 
            {
              "decl": "const GccEnt_QualifiedLin &", 
              "type": "GccEnt_QualifiedLin", 
              "name": "Qualified2"
            }, 
            {
              "decl": "const gp_Circ2d &", 
              "type": "gp_Circ2d", 
              "name": "OnCirc"
            }, 
            {
              "decl": "const Standard_Real", 
              "type": "Standard_Real", 
              "name": "Tolerance"
            }
          ], 
          "name": "GccAna_Circ2d2TanOn", 
          "parent": "GccAna_Circ2d2TanOn", 
          "cls": "constructor", 
          "extern": "1", 
          "throws": true
        }, 
        {
          "returnType": "", 
          "arguments": [
            {
              "decl": "const GccEnt_QualifiedLin &", 
              "type": "GccEnt_QualifiedLin", 
              "name": "Qualified1"
            }, 
            {
              "decl": "const gp_Pnt2d &", 
              "type": "gp_Pnt2d", 
              "name": "Point2"
            }, 
            {
              "decl": "const gp_Circ2d &", 
              "type": "gp_Circ2d", 
              "name": "OnCirc"
            }, 
            {
              "decl": "const Standard_Real", 
              "type": "Standard_Real", 
              "name": "Tolerance"
            }
          ], 
          "name": "GccAna_Circ2d2TanOn", 
          "parent": "GccAna_Circ2d2TanOn", 
          "cls": "constructor", 
          "extern": "1", 
          "throws": true
        }, 
        {
          "returnType": "", 
          "arguments": [
            {
              "decl": "const gp_Pnt2d &", 
              "type": "gp_Pnt2d", 
              "name": "Point1"
            }, 
            {
              "decl": "const gp_Pnt2d &", 
              "type": "gp_Pnt2d", 
              "name": "Point2"
            }, 
            {
              "decl": "const gp_Circ2d &", 
              "type": "gp_Circ2d", 
              "name": "OnCirc"
            }, 
            {
              "decl": "const Standard_Real", 
              "type": "Standard_Real", 
              "name": "Tolerance"
            }
          ], 
          "name": "GccAna_Circ2d2TanOn", 
          "parent": "GccAna_Circ2d2TanOn", 
          "cls": "constructor", 
          "extern": "1", 
          "throws": true
        }
      ], 
      "artificial": "1", 
      "bases": [], 
      "location": [
        "/usr/local/include/oce/GccAna_Circ2d2TanOn.hxx", 
        66
      ], 
      "members": [
        {
          "returnType": "Standard_Boolean", 
          "arguments": [], 
          "name": "IsDone", 
          "parent": "GccAna_Circ2d2TanOn", 
          "cls": "memfun", 
          "extern": "1", 
          "const": "1", 
          "throws": true
        }, 
        {
          "returnType": "Standard_Integer", 
          "arguments": [], 
          "name": "NbSolutions", 
          "parent": "GccAna_Circ2d2TanOn", 
          "cls": "memfun", 
          "extern": "1", 
          "const": "1", 
          "throws": true
        }, 
        {
          "returnType": "gp_Circ2d", 
          "arguments": [
            {
              "decl": "const Standard_Integer", 
              "type": "Standard_Integer", 
              "name": "Index"
            }
          ], 
          "name": "ThisSolution", 
          "parent": "GccAna_Circ2d2TanOn", 
          "cls": "memfun", 
          "extern": "1", 
          "const": "1", 
          "throws": true
        }, 
        {
          "returnType": "void", 
          "arguments": [
            {
              "decl": "const Standard_Integer", 
              "type": "Standard_Integer", 
              "name": "Index"
            }, 
            {
              "decl": "GccEnt_Position &", 
              "type": "GccEnt_Position", 
              "name": "Qualif1"
            }, 
            {
              "decl": "GccEnt_Position &", 
              "type": "GccEnt_Position", 
              "name": "Qualif2"
            }
          ], 
          "name": "WhichQualifier", 
          "parent": "GccAna_Circ2d2TanOn", 
          "cls": "memfun", 
          "extern": "1", 
          "const": "1", 
          "throws": true
        }, 
        {
          "returnType": "void", 
          "arguments": [
            {
              "decl": "const Standard_Integer", 
              "type": "Standard_Integer", 
              "name": "Index"
            }, 
            {
              "decl": "Standard_Real &", 
              "type": "Standard_Real", 
              "name": "ParSol"
            }, 
            {
              "decl": "Standard_Real &", 
              "type": "Standard_Real", 
              "name": "ParArg"
            }, 
            {
              "decl": "gp_Pnt2d &", 
              "type": "gp_Pnt2d", 
              "name": "PntSol"
            }
          ], 
          "name": "Tangency1", 
          "parent": "GccAna_Circ2d2TanOn", 
          "cls": "memfun", 
          "extern": "1", 
          "const": "1", 
          "throws": true
        }, 
        {
          "returnType": "void", 
          "arguments": [
            {
              "decl": "const Standard_Integer", 
              "type": "Standard_Integer", 
              "name": "Index"
            }, 
            {
              "decl": "Standard_Real &", 
              "type": "Standard_Real", 
              "name": "ParSol"
            }, 
            {
              "decl": "Standard_Real &", 
              "type": "Standard_Real", 
              "name": "ParArg"
            }, 
            {
              "decl": "gp_Pnt2d &", 
              "type": "gp_Pnt2d", 
              "name": "PntSol"
            }
          ], 
          "name": "Tangency2", 
          "parent": "GccAna_Circ2d2TanOn", 
          "cls": "memfun", 
          "extern": "1", 
          "const": "1", 
          "throws": true
        }, 
        {
          "returnType": "void", 
          "arguments": [
            {
              "decl": "const Standard_Integer", 
              "type": "Standard_Integer", 
              "name": "Index"
            }, 
            {
              "decl": "Standard_Real &", 
              "type": "Standard_Real", 
              "name": "ParArg"
            }, 
            {
              "decl": "gp_Pnt2d &", 
              "type": "gp_Pnt2d", 
              "name": "PntArg"
            }
          ], 
          "name": "CenterOn3", 
          "parent": "GccAna_Circ2d2TanOn", 
          "cls": "memfun", 
          "extern": "1", 
          "const": "1", 
          "throws": true
        }, 
        {
          "returnType": "Standard_Boolean", 
          "arguments": [
            {
              "decl": "const Standard_Integer", 
              "type": "Standard_Integer", 
              "name": "Index"
            }
          ], 
          "name": "IsTheSame1", 
          "parent": "GccAna_Circ2d2TanOn", 
          "cls": "memfun", 
          "extern": "1", 
          "const": "1", 
          "throws": true
        }, 
        {
          "returnType": "Standard_Boolean", 
          "arguments": [
            {
              "decl": "const Standard_Integer", 
              "type": "Standard_Integer", 
              "name": "Index"
            }
          ], 
          "name": "IsTheSame2", 
          "parent": "GccAna_Circ2d2TanOn", 
          "cls": "memfun", 
          "extern": "1", 
          "const": "1", 
          "throws": true
        }
      ], 
      "cls": "class"
    }
  ], 
  "headers": [
    "GccAna_Lin2dTanPer.hxx", 
    "GccAna_Lin2d2Tan.hxx", 
    "GccAna_Circ2dBisec.hxx", 
    "GccAna_LinPnt2dBisec.hxx", 
    "GccAna_Circ2d2TanOn.hxx", 
    "GccAna_Lin2dTanPar.hxx", 
    "GccAna_Circ2dTanCen.hxx", 
    "GccAna_Circ2d2TanRad.hxx", 
    "GccAna_Lin2dTanObl.hxx", 
    "GccAna_Pnt2dBisec.hxx", 
    "GccAna_NoSolution.hxx", 
    "GccAna_Lin2dBisec.hxx", 
    "GccAna_Circ2dTanOnRad.hxx", 
    "GccAna_Circ2d3Tan.hxx", 
    "GccAna_CircLin2dBisec.hxx", 
    "GccAna_CircPnt2dBisec.hxx"
  ], 
  "enums": [], 
  "typedefs": [], 
  "name": "GccAna"
}