{
  "classes": [
    {
      "name": "gce_MakeParab2d", 
      "abstract": false, 
      "constructors": [
        {
          "returnType": "", 
          "arguments": [
            {
              "decl": "const gce_MakeParab2d &", 
              "type": "gce_MakeParab2d", 
              "name": "arg0"
            }
          ], 
          "name": "gce_MakeParab2d", 
          "parent": "gce_MakeParab2d", 
          "cls": "constructor", 
          "artificial": "1", 
          "copyConstructor": true
        }, 
        {
          "returnType": "", 
          "arguments": [
            {
              "decl": "const gp_Ax2d &", 
              "type": "gp_Ax2d", 
              "name": "MirrorAxis"
            }, 
            {
              "decl": "const Standard_Real", 
              "type": "Standard_Real", 
              "name": "Focal"
            }, 
            {
              "decl": "const Standard_Boolean", 
              "type": "Standard_Boolean", 
              "name": "Sense", 
              "default": "true"
            }
          ], 
          "name": "gce_MakeParab2d", 
          "parent": "gce_MakeParab2d", 
          "cls": "constructor", 
          "extern": "1", 
          "throws": true
        }, 
        {
          "returnType": "", 
          "arguments": [
            {
              "decl": "const gp_Ax22d &", 
              "type": "gp_Ax22d", 
              "name": "A"
            }, 
            {
              "decl": "const Standard_Real", 
              "type": "Standard_Real", 
              "name": "Focal"
            }
          ], 
          "name": "gce_MakeParab2d", 
          "parent": "gce_MakeParab2d", 
          "cls": "constructor", 
          "extern": "1", 
          "throws": true
        }, 
        {
          "returnType": "", 
          "arguments": [
            {
              "decl": "const gp_Ax2d &", 
              "type": "gp_Ax2d", 
              "name": "D"
            }, 
            {
              "decl": "const gp_Pnt2d &", 
              "type": "gp_Pnt2d", 
              "name": "F"
            }, 
            {
              "decl": "const Standard_Boolean", 
              "type": "Standard_Boolean", 
              "name": "Sense", 
              "default": "true"
            }
          ], 
          "name": "gce_MakeParab2d", 
          "parent": "gce_MakeParab2d", 
          "cls": "constructor", 
          "extern": "1", 
          "throws": true
        }, 
        {
          "returnType": "", 
          "arguments": [
            {
              "decl": "const gp_Ax22d &", 
              "type": "gp_Ax22d", 
              "name": "D"
            }, 
            {
              "decl": "const gp_Pnt2d &", 
              "type": "gp_Pnt2d", 
              "name": "F"
            }
          ], 
          "name": "gce_MakeParab2d", 
          "parent": "gce_MakeParab2d", 
          "cls": "constructor", 
          "extern": "1", 
          "throws": true
        }, 
        {
          "returnType": "", 
          "arguments": [
            {
              "decl": "const gp_Pnt2d &", 
              "type": "gp_Pnt2d", 
              "name": "S1"
            }, 
            {
              "decl": "const gp_Pnt2d &", 
              "type": "gp_Pnt2d", 
              "name": "Center"
            }, 
            {
              "decl": "const Standard_Boolean", 
              "type": "Standard_Boolean", 
              "name": "Sense", 
              "default": "true"
            }
          ], 
          "name": "gce_MakeParab2d", 
          "parent": "gce_MakeParab2d", 
          "cls": "constructor", 
          "extern": "1", 
          "throws": true
        }
      ], 
      "artificial": "1", 
      "bases": [
        {
          "access": "public", 
          "name": "gce_Root"
        }
      ], 
      "location": [
        "/usr/local/include/oce/gce_MakeParab2d.hxx", 
        61
      ], 
      "members": [
        {
          "returnType": "gp_Parab2d const &", 
          "arguments": [], 
          "name": "Value", 
          "parent": "gce_MakeParab2d", 
          "cls": "memfun", 
          "extern": "1", 
          "const": "1", 
          "throws": true
        }, 
        {
          "returnType": "gp_Parab2d const &", 
          "arguments": [], 
          "name": "Operator", 
          "parent": "gce_MakeParab2d", 
          "cls": "memfun", 
          "extern": "1", 
          "const": "1", 
          "throws": true
        }
      ], 
      "cls": "class"
    }, 
    {
      "name": "gce_MakeScale2d", 
      "abstract": false, 
      "constructors": [
        {
          "returnType": "", 
          "arguments": [
            {
              "decl": "const gce_MakeScale2d &", 
              "type": "gce_MakeScale2d", 
              "name": "arg0"
            }
          ], 
          "name": "gce_MakeScale2d", 
          "parent": "gce_MakeScale2d", 
          "cls": "constructor", 
          "artificial": "1", 
          "copyConstructor": true
        }, 
        {
          "returnType": "", 
          "arguments": [
            {
              "decl": "const gp_Pnt2d &", 
              "type": "gp_Pnt2d", 
              "name": "Point"
            }, 
            {
              "decl": "const Standard_Real", 
              "type": "Standard_Real", 
              "name": "Scale"
            }
          ], 
          "name": "gce_MakeScale2d", 
          "parent": "gce_MakeScale2d", 
          "cls": "constructor", 
          "extern": "1", 
          "throws": true
        }
      ], 
      "artificial": "1", 
      "bases": [], 
      "location": [
        "/usr/local/include/oce/gce_MakeScale2d.hxx", 
        35
      ], 
      "members": [
        {
          "returnType": "gp_Trsf2d const &", 
          "arguments": [], 
          "name": "Value", 
          "parent": "gce_MakeScale2d", 
          "cls": "memfun", 
          "extern": "1", 
          "const": "1", 
          "throws": true
        }, 
        {
          "returnType": "gp_Trsf2d const &", 
          "arguments": [], 
          "name": "Operator", 
          "parent": "gce_MakeScale2d", 
          "cls": "memfun", 
          "extern": "1", 
          "const": "1", 
          "throws": true
        }
      ], 
      "cls": "class"
    }, 
    {
      "name": "gce_MakeLin2d", 
      "abstract": false, 
      "constructors": [
        {
          "returnType": "", 
          "arguments": [
            {
              "decl": "const gce_MakeLin2d &", 
              "type": "gce_MakeLin2d", 
              "name": "arg0"
            }
          ], 
          "name": "gce_MakeLin2d", 
          "parent": "gce_MakeLin2d", 
          "cls": "constructor", 
          "artificial": "1", 
          "copyConstructor": true
        }, 
        {
          "returnType": "", 
          "arguments": [
            {
              "decl": "const gp_Ax2d &", 
              "type": "gp_Ax2d", 
              "name": "A"
            }
          ], 
          "name": "gce_MakeLin2d", 
          "parent": "gce_MakeLin2d", 
          "cls": "constructor", 
          "extern": "1", 
          "throws": true
        }, 
        {
          "returnType": "", 
          "arguments": [
            {
              "decl": "const gp_Pnt2d &", 
              "type": "gp_Pnt2d", 
              "name": "P"
            }, 
            {
              "decl": "const gp_Dir2d &", 
              "type": "gp_Dir2d", 
              "name": "V"
            }
          ], 
          "name": "gce_MakeLin2d", 
          "parent": "gce_MakeLin2d", 
          "cls": "constructor", 
          "extern": "1", 
          "throws": true
        }, 
        {
          "returnType": "", 
          "arguments": [
            {
              "decl": "const Standard_Real", 
              "type": "Standard_Real", 
              "name": "A"
            }, 
            {
              "decl": "const Standard_Real", 
              "type": "Standard_Real", 
              "name": "B"
            }, 
            {
              "decl": "const Standard_Real", 
              "type": "Standard_Real", 
              "name": "C"
            }
          ], 
          "name": "gce_MakeLin2d", 
          "parent": "gce_MakeLin2d", 
          "cls": "constructor", 
          "extern": "1", 
          "throws": true
        }, 
        {
          "returnType": "", 
          "arguments": [
            {
              "decl": "const gp_Lin2d &", 
              "type": "gp_Lin2d", 
              "name": "Lin"
            }, 
            {
              "decl": "const Standard_Real", 
              "type": "Standard_Real", 
              "name": "Dist"
            }
          ], 
          "name": "gce_MakeLin2d", 
          "parent": "gce_MakeLin2d", 
          "cls": "constructor", 
          "extern": "1", 
          "throws": true
        }, 
        {
          "returnType": "", 
          "arguments": [
            {
              "decl": "const gp_Lin2d &", 
              "type": "gp_Lin2d", 
              "name": "Lin"
            }, 
            {
              "decl": "const gp_Pnt2d &", 
              "type": "gp_Pnt2d", 
              "name": "Point"
            }
          ], 
          "name": "gce_MakeLin2d", 
          "parent": "gce_MakeLin2d", 
          "cls": "constructor", 
          "extern": "1", 
          "throws": true
        }, 
        {
          "returnType": "", 
          "arguments": [
            {
              "decl": "const gp_Pnt2d &", 
              "type": "gp_Pnt2d", 
              "name": "P1"
            }, 
            {
              "decl": "const gp_Pnt2d &", 
              "type": "gp_Pnt2d", 
              "name": "P2"
            }
          ], 
          "name": "gce_MakeLin2d", 
          "parent": "gce_MakeLin2d", 
          "cls": "constructor", 
          "extern": "1", 
          "throws": true
        }
      ], 
      "artificial": "1", 
      "bases": [
        {
          "access": "public", 
          "name": "gce_Root"
        }
      ], 
      "location": [
        "/usr/local/include/oce/gce_MakeLin2d.hxx", 
        46
      ], 
      "members": [
        {
          "returnType": "gp_Lin2d", 
          "arguments": [], 
          "name": "Value", 
          "parent": "gce_MakeLin2d", 
          "cls": "memfun", 
          "extern": "1", 
          "const": "1", 
          "throws": true
        }, 
        {
          "returnType": "gp_Lin2d", 
          "arguments": [], 
          "name": "Operator", 
          "parent": "gce_MakeLin2d", 
          "cls": "memfun", 
          "extern": "1", 
          "const": "1", 
          "throws": true
        }
      ], 
      "cls": "class"
    }, 
    {
      "name": "gce_MakeParab", 
      "abstract": false, 
      "constructors": [
        {
          "returnType": "", 
          "arguments": [
            {
              "decl": "const gce_MakeParab &", 
              "type": "gce_MakeParab", 
              "name": "arg0"
            }
          ], 
          "name": "gce_MakeParab", 
          "parent": "gce_MakeParab", 
          "cls": "constructor", 
          "artificial": "1", 
          "copyConstructor": true
        }, 
        {
          "returnType": "", 
          "arguments": [
            {
              "decl": "const gp_Ax2 &", 
              "type": "gp_Ax2", 
              "name": "A2"
            }, 
            {
              "decl": "const Standard_Real", 
              "type": "Standard_Real", 
              "name": "Focal"
            }
          ], 
          "name": "gce_MakeParab", 
          "parent": "gce_MakeParab", 
          "cls": "constructor", 
          "extern": "1", 
          "throws": true
        }, 
        {
          "returnType": "", 
          "arguments": [
            {
              "decl": "const gp_Ax1 &", 
              "type": "gp_Ax1", 
              "name": "D"
            }, 
            {
              "decl": "const gp_Pnt &", 
              "type": "gp_Pnt", 
              "name": "F"
            }
          ], 
          "name": "gce_MakeParab", 
          "parent": "gce_MakeParab", 
          "cls": "constructor", 
          "extern": "1", 
          "throws": true
        }
      ], 
      "artificial": "1", 
      "bases": [
        {
          "access": "public", 
          "name": "gce_Root"
        }
      ], 
      "location": [
        "/usr/local/include/oce/gce_MakeParab.hxx", 
        62
      ], 
      "members": [
        {
          "returnType": "gp_Parab const &", 
          "arguments": [], 
          "name": "Value", 
          "parent": "gce_MakeParab", 
          "cls": "memfun", 
          "extern": "1", 
          "const": "1", 
          "throws": true
        }, 
        {
          "returnType": "gp_Parab const &", 
          "arguments": [], 
          "name": "Operator", 
          "parent": "gce_MakeParab", 
          "cls": "memfun", 
          "extern": "1", 
          "const": "1", 
          "throws": true
        }
      ], 
      "cls": "class"
    }, 
    {
      "name": "gce_MakeRotation", 
      "abstract": false, 
      "constructors": [
        {
          "returnType": "", 
          "arguments": [
            {
              "decl": "const gce_MakeRotation &", 
              "type": "gce_MakeRotation", 
              "name": "arg0"
            }
          ], 
          "name": "gce_MakeRotation", 
          "parent": "gce_MakeRotation", 
          "cls": "constructor", 
          "artificial": "1", 
          "copyConstructor": true
        }, 
        {
          "returnType": "", 
          "arguments": [
            {
              "decl": "const gp_Lin &", 
              "type": "gp_Lin", 
              "name": "Line"
            }, 
            {
              "decl": "const Standard_Real", 
              "type": "Standard_Real", 
              "name": "Angle"
            }
          ], 
          "name": "gce_MakeRotation", 
          "parent": "gce_MakeRotation", 
          "cls": "constructor", 
          "extern": "1", 
          "throws": true
        }, 
        {
          "returnType": "", 
          "arguments": [
            {
              "decl": "const gp_Ax1 &", 
              "type": "gp_Ax1", 
              "name": "Axis"
            }, 
            {
              "decl": "const Standard_Real", 
              "type": "Standard_Real", 
              "name": "Angle"
            }
          ], 
          "name": "gce_MakeRotation", 
          "parent": "gce_MakeRotation", 
          "cls": "constructor", 
          "extern": "1", 
          "throws": true
        }, 
        {
          "returnType": "", 
          "arguments": [
            {
              "decl": "const gp_Pnt &", 
              "type": "gp_Pnt", 
              "name": "Point"
            }, 
            {
              "decl": "const gp_Dir &", 
              "type": "gp_Dir", 
              "name": "Direc"
            }, 
            {
              "decl": "const Standard_Real", 
              "type": "Standard_Real", 
              "name": "Angle"
            }
          ], 
          "name": "gce_MakeRotation", 
          "parent": "gce_MakeRotation", 
          "cls": "constructor", 
          "extern": "1", 
          "throws": true
        }
      ], 
      "artificial": "1", 
      "bases": [], 
      "location": [
        "/usr/local/include/oce/gce_MakeRotation.hxx", 
        38
      ], 
      "members": [
        {
          "returnType": "gp_Trsf const &", 
          "arguments": [], 
          "name": "Value", 
          "parent": "gce_MakeRotation", 
          "cls": "memfun", 
          "extern": "1", 
          "const": "1", 
          "throws": true
        }, 
        {
          "returnType": "gp_Trsf const &", 
          "arguments": [], 
          "name": "Operator", 
          "parent": "gce_MakeRotation", 
          "cls": "memfun", 
          "extern": "1", 
          "const": "1", 
          "throws": true
        }
      ], 
      "cls": "class"
    }, 
    {
      "name": "gce_MakeCirc2d", 
      "abstract": false, 
      "constructors": [
        {
          "returnType": "", 
          "arguments": [
            {
              "decl": "const gce_MakeCirc2d &", 
              "type": "gce_MakeCirc2d", 
              "name": "arg0"
            }
          ], 
          "name": "gce_MakeCirc2d", 
          "parent": "gce_MakeCirc2d", 
          "cls": "constructor", 
          "artificial": "1", 
          "copyConstructor": true
        }, 
        {
          "returnType": "", 
          "arguments": [
            {
              "decl": "const gp_Ax2d &", 
              "type": "gp_Ax2d", 
              "name": "XAxis"
            }, 
            {
              "decl": "const Standard_Real", 
              "type": "Standard_Real", 
              "name": "Radius"
            }, 
            {
              "decl": "const Standard_Boolean", 
              "type": "Standard_Boolean", 
              "name": "Sense", 
              "default": "true"
            }
          ], 
          "name": "gce_MakeCirc2d", 
          "parent": "gce_MakeCirc2d", 
          "cls": "constructor", 
          "extern": "1", 
          "throws": true
        }, 
        {
          "returnType": "", 
          "arguments": [
            {
              "decl": "const gp_Ax22d &", 
              "type": "gp_Ax22d", 
              "name": "Axis"
            }, 
            {
              "decl": "const Standard_Real", 
              "type": "Standard_Real", 
              "name": "Radius"
            }
          ], 
          "name": "gce_MakeCirc2d", 
          "parent": "gce_MakeCirc2d", 
          "cls": "constructor", 
          "extern": "1", 
          "throws": true
        }, 
        {
          "returnType": "", 
          "arguments": [
            {
              "decl": "const gp_Circ2d &", 
              "type": "gp_Circ2d", 
              "name": "Circ"
            }, 
            {
              "decl": "const Standard_Real", 
              "type": "Standard_Real", 
              "name": "Dist"
            }
          ], 
          "name": "gce_MakeCirc2d", 
          "parent": "gce_MakeCirc2d", 
          "cls": "constructor", 
          "extern": "1", 
          "throws": true
        }, 
        {
          "returnType": "", 
          "arguments": [
            {
              "decl": "const gp_Circ2d &", 
              "type": "gp_Circ2d", 
              "name": "Circ"
            }, 
            {
              "decl": "const gp_Pnt2d &", 
              "type": "gp_Pnt2d", 
              "name": "Point"
            }
          ], 
          "name": "gce_MakeCirc2d", 
          "parent": "gce_MakeCirc2d", 
          "cls": "constructor", 
          "extern": "1", 
          "throws": true
        }, 
        {
          "returnType": "", 
          "arguments": [
            {
              "decl": "const gp_Pnt2d &", 
              "type": "gp_Pnt2d", 
              "name": "P1"
            }, 
            {
              "decl": "const gp_Pnt2d &", 
              "type": "gp_Pnt2d", 
              "name": "P2"
            }, 
            {
              "decl": "const gp_Pnt2d &", 
              "type": "gp_Pnt2d", 
              "name": "P3"
            }
          ], 
          "name": "gce_MakeCirc2d", 
          "parent": "gce_MakeCirc2d", 
          "cls": "constructor", 
          "extern": "1", 
          "throws": true
        }, 
        {
          "returnType": "", 
          "arguments": [
            {
              "decl": "const gp_Pnt2d &", 
              "type": "gp_Pnt2d", 
              "name": "Center"
            }, 
            {
              "decl": "const Standard_Real", 
              "type": "Standard_Real", 
              "name": "Radius"
            }, 
            {
              "decl": "const Standard_Boolean", 
              "type": "Standard_Boolean", 
              "name": "Sense", 
              "default": "true"
            }
          ], 
          "name": "gce_MakeCirc2d", 
          "parent": "gce_MakeCirc2d", 
          "cls": "constructor", 
          "extern": "1", 
          "throws": true
        }, 
        {
          "returnType": "", 
          "arguments": [
            {
              "decl": "const gp_Pnt2d &", 
              "type": "gp_Pnt2d", 
              "name": "Center"
            }, 
            {
              "decl": "const gp_Pnt2d &", 
              "type": "gp_Pnt2d", 
              "name": "Point"
            }, 
            {
              "decl": "const Standard_Boolean", 
              "type": "Standard_Boolean", 
              "name": "Sense", 
              "default": "true"
            }
          ], 
          "name": "gce_MakeCirc2d", 
          "parent": "gce_MakeCirc2d", 
          "cls": "constructor", 
          "extern": "1", 
          "throws": true
        }
      ], 
      "artificial": "1", 
      "bases": [
        {
          "access": "public", 
          "name": "gce_Root"
        }
      ], 
      "location": [
        "/usr/local/include/oce/gce_MakeCirc2d.hxx", 
        50
      ], 
      "members": [
        {
          "returnType": "gp_Circ2d const &", 
          "arguments": [], 
          "name": "Value", 
          "parent": "gce_MakeCirc2d", 
          "cls": "memfun", 
          "extern": "1", 
          "const": "1", 
          "throws": true
        }, 
        {
          "returnType": "gp_Circ2d const &", 
          "arguments": [], 
          "name": "Operator", 
          "parent": "gce_MakeCirc2d", 
          "cls": "memfun", 
          "extern": "1", 
          "const": "1", 
          "throws": true
        }
      ], 
      "cls": "class"
    }, 
    {
      "name": "gce_MakeHypr2d", 
      "abstract": false, 
      "constructors": [
        {
          "returnType": "", 
          "arguments": [
            {
              "decl": "const gce_MakeHypr2d &", 
              "type": "gce_MakeHypr2d", 
              "name": "arg0"
            }
          ], 
          "name": "gce_MakeHypr2d", 
          "parent": "gce_MakeHypr2d", 
          "cls": "constructor", 
          "artificial": "1", 
          "copyConstructor": true
        }, 
        {
          "returnType": "", 
          "arguments": [
            {
              "decl": "const gp_Pnt2d &", 
              "type": "gp_Pnt2d", 
              "name": "S1"
            }, 
            {
              "decl": "const gp_Pnt2d &", 
              "type": "gp_Pnt2d", 
              "name": "S2"
            }, 
            {
              "decl": "const gp_Pnt2d &", 
              "type": "gp_Pnt2d", 
              "name": "Center"
            }
          ], 
          "name": "gce_MakeHypr2d", 
          "parent": "gce_MakeHypr2d", 
          "cls": "constructor", 
          "extern": "1", 
          "throws": true
        }, 
        {
          "returnType": "", 
          "arguments": [
            {
              "decl": "const gp_Ax2d &", 
              "type": "gp_Ax2d", 
              "name": "MajorAxis"
            }, 
            {
              "decl": "const Standard_Real", 
              "type": "Standard_Real", 
              "name": "MajorRadius"
            }, 
            {
              "decl": "const Standard_Real", 
              "type": "Standard_Real", 
              "name": "MinorRadius"
            }, 
            {
              "decl": "const Standard_Boolean", 
              "type": "Standard_Boolean", 
              "name": "Sense"
            }
          ], 
          "name": "gce_MakeHypr2d", 
          "parent": "gce_MakeHypr2d", 
          "cls": "constructor", 
          "extern": "1", 
          "throws": true
        }, 
        {
          "returnType": "", 
          "arguments": [
            {
              "decl": "const gp_Ax22d &", 
              "type": "gp_Ax22d", 
              "name": "A"
            }, 
            {
              "decl": "const Standard_Real", 
              "type": "Standard_Real", 
              "name": "MajorRadius"
            }, 
            {
              "decl": "const Standard_Real", 
              "type": "Standard_Real", 
              "name": "MinorRadius"
            }
          ], 
          "name": "gce_MakeHypr2d", 
          "parent": "gce_MakeHypr2d", 
          "cls": "constructor", 
          "extern": "1", 
          "throws": true
        }
      ], 
      "artificial": "1", 
      "bases": [
        {
          "access": "public", 
          "name": "gce_Root"
        }
      ], 
      "location": [
        "/usr/local/include/oce/gce_MakeHypr2d.hxx", 
        71
      ], 
      "members": [
        {
          "returnType": "gp_Hypr2d const &", 
          "arguments": [], 
          "name": "Value", 
          "parent": "gce_MakeHypr2d", 
          "cls": "memfun", 
          "extern": "1", 
          "const": "1", 
          "throws": true
        }, 
        {
          "returnType": "gp_Hypr2d const &", 
          "arguments": [], 
          "name": "Operator", 
          "parent": "gce_MakeHypr2d", 
          "cls": "memfun", 
          "extern": "1", 
          "const": "1", 
          "throws": true
        }
      ], 
      "cls": "class"
    }, 
    {
      "name": "gce_MakeElips2d", 
      "abstract": false, 
      "constructors": [
        {
          "returnType": "", 
          "arguments": [
            {
              "decl": "const gce_MakeElips2d &", 
              "type": "gce_MakeElips2d", 
              "name": "arg0"
            }
          ], 
          "name": "gce_MakeElips2d", 
          "parent": "gce_MakeElips2d", 
          "cls": "constructor", 
          "artificial": "1", 
          "copyConstructor": true
        }, 
        {
          "returnType": "", 
          "arguments": [
            {
              "decl": "const gp_Ax2d &", 
              "type": "gp_Ax2d", 
              "name": "MajorAxis"
            }, 
            {
              "decl": "const Standard_Real", 
              "type": "Standard_Real", 
              "name": "MajorRadius"
            }, 
            {
              "decl": "const Standard_Real", 
              "type": "Standard_Real", 
              "name": "MinorRadius"
            }, 
            {
              "decl": "const Standard_Boolean", 
              "type": "Standard_Boolean", 
              "name": "Sense", 
              "default": "true"
            }
          ], 
          "name": "gce_MakeElips2d", 
          "parent": "gce_MakeElips2d", 
          "cls": "constructor", 
          "extern": "1", 
          "throws": true
        }, 
        {
          "returnType": "", 
          "arguments": [
            {
              "decl": "const gp_Ax22d &", 
              "type": "gp_Ax22d", 
              "name": "A"
            }, 
            {
              "decl": "const Standard_Real", 
              "type": "Standard_Real", 
              "name": "MajorRadius"
            }, 
            {
              "decl": "const Standard_Real", 
              "type": "Standard_Real", 
              "name": "MinorRadius"
            }
          ], 
          "name": "gce_MakeElips2d", 
          "parent": "gce_MakeElips2d", 
          "cls": "constructor", 
          "extern": "1", 
          "throws": true
        }, 
        {
          "returnType": "", 
          "arguments": [
            {
              "decl": "const gp_Pnt2d &", 
              "type": "gp_Pnt2d", 
              "name": "S1"
            }, 
            {
              "decl": "const gp_Pnt2d &", 
              "type": "gp_Pnt2d", 
              "name": "S2"
            }, 
            {
              "decl": "const gp_Pnt2d &", 
              "type": "gp_Pnt2d", 
              "name": "Center"
            }
          ], 
          "name": "gce_MakeElips2d", 
          "parent": "gce_MakeElips2d", 
          "cls": "constructor", 
          "extern": "1", 
          "throws": true
        }
      ], 
      "artificial": "1", 
      "bases": [
        {
          "access": "public", 
          "name": "gce_Root"
        }
      ], 
      "location": [
        "/usr/local/include/oce/gce_MakeElips2d.hxx", 
        46
      ], 
      "members": [
        {
          "returnType": "gp_Elips2d const &", 
          "arguments": [], 
          "name": "Value", 
          "parent": "gce_MakeElips2d", 
          "cls": "memfun", 
          "extern": "1", 
          "const": "1", 
          "throws": true
        }, 
        {
          "returnType": "gp_Elips2d const &", 
          "arguments": [], 
          "name": "Operator", 
          "parent": "gce_MakeElips2d", 
          "cls": "memfun", 
          "extern": "1", 
          "const": "1", 
          "throws": true
        }
      ], 
      "cls": "class"
    }, 
    {
      "name": "gce_MakeCirc", 
      "abstract": false, 
      "constructors": [
        {
          "returnType": "", 
          "arguments": [
            {
              "decl": "const gce_MakeCirc &", 
              "type": "gce_MakeCirc", 
              "name": "arg0"
            }
          ], 
          "name": "gce_MakeCirc", 
          "parent": "gce_MakeCirc", 
          "cls": "constructor", 
          "artificial": "1", 
          "copyConstructor": true
        }, 
        {
          "returnType": "", 
          "arguments": [
            {
              "decl": "const gp_Ax2 &", 
              "type": "gp_Ax2", 
              "name": "A2"
            }, 
            {
              "decl": "const Standard_Real", 
              "type": "Standard_Real", 
              "name": "Radius"
            }
          ], 
          "name": "gce_MakeCirc", 
          "parent": "gce_MakeCirc", 
          "cls": "constructor", 
          "extern": "1", 
          "throws": true
        }, 
        {
          "returnType": "", 
          "arguments": [
            {
              "decl": "const gp_Circ &", 
              "type": "gp_Circ", 
              "name": "Circ"
            }, 
            {
              "decl": "const Standard_Real", 
              "type": "Standard_Real", 
              "name": "Dist"
            }
          ], 
          "name": "gce_MakeCirc", 
          "parent": "gce_MakeCirc", 
          "cls": "constructor", 
          "extern": "1", 
          "throws": true
        }, 
        {
          "returnType": "", 
          "arguments": [
            {
              "decl": "const gp_Circ &", 
              "type": "gp_Circ", 
              "name": "Circ"
            }, 
            {
              "decl": "const gp_Pnt &", 
              "type": "gp_Pnt", 
              "name": "Point"
            }
          ], 
          "name": "gce_MakeCirc", 
          "parent": "gce_MakeCirc", 
          "cls": "constructor", 
          "extern": "1", 
          "throws": true
        }, 
        {
          "returnType": "", 
          "arguments": [
            {
              "decl": "const gp_Pnt &", 
              "type": "gp_Pnt", 
              "name": "P1"
            }, 
            {
              "decl": "const gp_Pnt &", 
              "type": "gp_Pnt", 
              "name": "P2"
            }, 
            {
              "decl": "const gp_Pnt &", 
              "type": "gp_Pnt", 
              "name": "P3"
            }
          ], 
          "name": "gce_MakeCirc", 
          "parent": "gce_MakeCirc", 
          "cls": "constructor", 
          "extern": "1", 
          "throws": true
        }, 
        {
          "returnType": "", 
          "arguments": [
            {
              "decl": "const gp_Pnt &", 
              "type": "gp_Pnt", 
              "name": "Center"
            }, 
            {
              "decl": "const gp_Dir &", 
              "type": "gp_Dir", 
              "name": "Norm"
            }, 
            {
              "decl": "const Standard_Real", 
              "type": "Standard_Real", 
              "name": "Radius"
            }
          ], 
          "name": "gce_MakeCirc", 
          "parent": "gce_MakeCirc", 
          "cls": "constructor", 
          "extern": "1", 
          "throws": true
        }, 
        {
          "returnType": "", 
          "arguments": [
            {
              "decl": "const gp_Pnt &", 
              "type": "gp_Pnt", 
              "name": "Center"
            }, 
            {
              "decl": "const gp_Pln &", 
              "type": "gp_Pln", 
              "name": "Plane"
            }, 
            {
              "decl": "const Standard_Real", 
              "type": "Standard_Real", 
              "name": "Radius"
            }
          ], 
          "name": "gce_MakeCirc", 
          "parent": "gce_MakeCirc", 
          "cls": "constructor", 
          "extern": "1", 
          "throws": true
        }, 
        {
          "returnType": "", 
          "arguments": [
            {
              "decl": "const gp_Pnt &", 
              "type": "gp_Pnt", 
              "name": "Center"
            }, 
            {
              "decl": "const gp_Pnt &", 
              "type": "gp_Pnt", 
              "name": "Ptaxis"
            }, 
            {
              "decl": "const Standard_Real", 
              "type": "Standard_Real", 
              "name": "Radius"
            }
          ], 
          "name": "gce_MakeCirc", 
          "parent": "gce_MakeCirc", 
          "cls": "constructor", 
          "extern": "1", 
          "throws": true
        }, 
        {
          "returnType": "", 
          "arguments": [
            {
              "decl": "const gp_Ax1 &", 
              "type": "gp_Ax1", 
              "name": "Axis"
            }, 
            {
              "decl": "const Standard_Real", 
              "type": "Standard_Real", 
              "name": "Radius"
            }
          ], 
          "name": "gce_MakeCirc", 
          "parent": "gce_MakeCirc", 
          "cls": "constructor", 
          "extern": "1", 
          "throws": true
        }
      ], 
      "artificial": "1", 
      "bases": [
        {
          "access": "public", 
          "name": "gce_Root"
        }
      ], 
      "location": [
        "/usr/local/include/oce/gce_MakeCirc.hxx", 
        53
      ], 
      "members": [
        {
          "returnType": "gp_Circ const &", 
          "arguments": [], 
          "name": "Value", 
          "parent": "gce_MakeCirc", 
          "cls": "memfun", 
          "extern": "1", 
          "const": "1", 
          "throws": true
        }, 
        {
          "returnType": "gp_Circ const &", 
          "arguments": [], 
          "name": "Operator", 
          "parent": "gce_MakeCirc", 
          "cls": "memfun", 
          "extern": "1", 
          "const": "1", 
          "throws": true
        }
      ], 
      "cls": "class"
    }, 
    {
      "name": "gce_MakeTranslation", 
      "abstract": false, 
      "constructors": [
        {
          "returnType": "", 
          "arguments": [
            {
              "decl": "const gce_MakeTranslation &", 
              "type": "gce_MakeTranslation", 
              "name": "arg0"
            }
          ], 
          "name": "gce_MakeTranslation", 
          "parent": "gce_MakeTranslation", 
          "cls": "constructor", 
          "artificial": "1", 
          "copyConstructor": true
        }, 
        {
          "returnType": "", 
          "arguments": [
            {
              "decl": "const gp_Vec &", 
              "type": "gp_Vec", 
              "name": "Vect"
            }
          ], 
          "name": "gce_MakeTranslation", 
          "parent": "gce_MakeTranslation", 
          "cls": "constructor", 
          "extern": "1", 
          "throws": true
        }, 
        {
          "returnType": "", 
          "arguments": [
            {
              "decl": "const gp_Pnt &", 
              "type": "gp_Pnt", 
              "name": "Point1"
            }, 
            {
              "decl": "const gp_Pnt &", 
              "type": "gp_Pnt", 
              "name": "Point2"
            }
          ], 
          "name": "gce_MakeTranslation", 
          "parent": "gce_MakeTranslation", 
          "cls": "constructor", 
          "extern": "1", 
          "throws": true
        }
      ], 
      "artificial": "1", 
      "bases": [], 
      "location": [
        "/usr/local/include/oce/gce_MakeTranslation.hxx", 
        33
      ], 
      "members": [
        {
          "returnType": "gp_Trsf const &", 
          "arguments": [], 
          "name": "Value", 
          "parent": "gce_MakeTranslation", 
          "cls": "memfun", 
          "extern": "1", 
          "const": "1", 
          "throws": true
        }, 
        {
          "returnType": "gp_Trsf const &", 
          "arguments": [], 
          "name": "Operator", 
          "parent": "gce_MakeTranslation", 
          "cls": "memfun", 
          "extern": "1", 
          "const": "1", 
          "throws": true
        }
      ], 
      "cls": "class"
    }, 
    {
      "name": "gce_Root", 
      "abstract": false, 
      "constructors": [
        {
          "returnType": "", 
          "arguments": [
            {
              "decl": "const gce_Root &", 
              "type": "gce_Root", 
              "name": "arg0"
            }
          ], 
          "name": "gce_Root", 
          "parent": "gce_Root", 
          "cls": "constructor", 
          "artificial": "1", 
          "copyConstructor": true
        }, 
        {
          "returnType": "", 
          "arguments": [], 
          "name": "gce_Root", 
          "parent": "gce_Root", 
          "cls": "constructor", 
          "artificial": "1"
        }
      ], 
      "artificial": "1", 
      "bases": [], 
      "location": [
        "/usr/local/include/oce/gce_Root.hxx", 
        29
      ], 
      "members": [
        {
          "returnType": "Standard_Boolean", 
          "arguments": [], 
          "name": "IsDone", 
          "parent": "gce_Root", 
          "cls": "memfun", 
          "const": "1", 
          "throws": true
        }, 
        {
          "returnType": "gce_ErrorType", 
          "arguments": [], 
          "name": "Status", 
          "parent": "gce_Root", 
          "cls": "memfun", 
          "const": "1", 
          "throws": true
        }
      ], 
      "cls": "class"
    }, 
    {
      "name": "gce_MakeHypr", 
      "abstract": false, 
      "constructors": [
        {
          "returnType": "", 
          "arguments": [
            {
              "decl": "const gce_MakeHypr &", 
              "type": "gce_MakeHypr", 
              "name": "arg0"
            }
          ], 
          "name": "gce_MakeHypr", 
          "parent": "gce_MakeHypr", 
          "cls": "constructor", 
          "artificial": "1", 
          "copyConstructor": true
        }, 
        {
          "returnType": "", 
          "arguments": [
            {
              "decl": "const gp_Ax2 &", 
              "type": "gp_Ax2", 
              "name": "A2"
            }, 
            {
              "decl": "const Standard_Real", 
              "type": "Standard_Real", 
              "name": "MajorRadius"
            }, 
            {
              "decl": "const Standard_Real", 
              "type": "Standard_Real", 
              "name": "MinorRadius"
            }
          ], 
          "name": "gce_MakeHypr", 
          "parent": "gce_MakeHypr", 
          "cls": "constructor", 
          "extern": "1", 
          "throws": true
        }, 
        {
          "returnType": "", 
          "arguments": [
            {
              "decl": "const gp_Pnt &", 
              "type": "gp_Pnt", 
              "name": "S1"
            }, 
            {
              "decl": "const gp_Pnt &", 
              "type": "gp_Pnt", 
              "name": "S2"
            }, 
            {
              "decl": "const gp_Pnt &", 
              "type": "gp_Pnt", 
              "name": "Center"
            }
          ], 
          "name": "gce_MakeHypr", 
          "parent": "gce_MakeHypr", 
          "cls": "constructor", 
          "extern": "1", 
          "throws": true
        }
      ], 
      "artificial": "1", 
      "bases": [
        {
          "access": "public", 
          "name": "gce_Root"
        }
      ], 
      "location": [
        "/usr/local/include/oce/gce_MakeHypr.hxx", 
        72
      ], 
      "members": [
        {
          "returnType": "gp_Hypr const &", 
          "arguments": [], 
          "name": "Value", 
          "parent": "gce_MakeHypr", 
          "cls": "memfun", 
          "extern": "1", 
          "const": "1", 
          "throws": true
        }, 
        {
          "returnType": "gp_Hypr const &", 
          "arguments": [], 
          "name": "Operator", 
          "parent": "gce_MakeHypr", 
          "cls": "memfun", 
          "extern": "1", 
          "const": "1", 
          "throws": true
        }
      ], 
      "cls": "class"
    }, 
    {
      "name": "gce_MakeMirror2d", 
      "abstract": false, 
      "constructors": [
        {
          "returnType": "", 
          "arguments": [
            {
              "decl": "const gce_MakeMirror2d &", 
              "type": "gce_MakeMirror2d", 
              "name": "arg0"
            }
          ], 
          "name": "gce_MakeMirror2d", 
          "parent": "gce_MakeMirror2d", 
          "cls": "constructor", 
          "artificial": "1", 
          "copyConstructor": true
        }, 
        {
          "returnType": "", 
          "arguments": [
            {
              "decl": "const gp_Pnt2d &", 
              "type": "gp_Pnt2d", 
              "name": "Point"
            }
          ], 
          "name": "gce_MakeMirror2d", 
          "parent": "gce_MakeMirror2d", 
          "cls": "constructor", 
          "extern": "1", 
          "throws": true
        }, 
        {
          "returnType": "", 
          "arguments": [
            {
              "decl": "const gp_Ax2d &", 
              "type": "gp_Ax2d", 
              "name": "Axis"
            }
          ], 
          "name": "gce_MakeMirror2d", 
          "parent": "gce_MakeMirror2d", 
          "cls": "constructor", 
          "extern": "1", 
          "throws": true
        }, 
        {
          "returnType": "", 
          "arguments": [
            {
              "decl": "const gp_Lin2d &", 
              "type": "gp_Lin2d", 
              "name": "Line"
            }
          ], 
          "name": "gce_MakeMirror2d", 
          "parent": "gce_MakeMirror2d", 
          "cls": "constructor", 
          "extern": "1", 
          "throws": true
        }, 
        {
          "returnType": "", 
          "arguments": [
            {
              "decl": "const gp_Pnt2d &", 
              "type": "gp_Pnt2d", 
              "name": "Point"
            }, 
            {
              "decl": "const gp_Dir2d &", 
              "type": "gp_Dir2d", 
              "name": "Direc"
            }
          ], 
          "name": "gce_MakeMirror2d", 
          "parent": "gce_MakeMirror2d", 
          "cls": "constructor", 
          "extern": "1", 
          "throws": true
        }
      ], 
      "artificial": "1", 
      "bases": [], 
      "location": [
        "/usr/local/include/oce/gce_MakeMirror2d.hxx", 
        35
      ], 
      "members": [
        {
          "returnType": "gp_Trsf2d const &", 
          "arguments": [], 
          "name": "Value", 
          "parent": "gce_MakeMirror2d", 
          "cls": "memfun", 
          "extern": "1", 
          "const": "1", 
          "throws": true
        }, 
        {
          "returnType": "gp_Trsf2d const &", 
          "arguments": [], 
          "name": "Operator", 
          "parent": "gce_MakeMirror2d", 
          "cls": "memfun", 
          "extern": "1", 
          "const": "1", 
          "throws": true
        }
      ], 
      "cls": "class"
    }, 
    {
      "name": "gce_MakeDir", 
      "abstract": false, 
      "constructors": [
        {
          "returnType": "", 
          "arguments": [
            {
              "decl": "const gce_MakeDir &", 
              "type": "gce_MakeDir", 
              "name": "arg0"
            }
          ], 
          "name": "gce_MakeDir", 
          "parent": "gce_MakeDir", 
          "cls": "constructor", 
          "artificial": "1", 
          "copyConstructor": true
        }, 
        {
          "returnType": "", 
          "arguments": [
            {
              "decl": "const gp_Vec &", 
              "type": "gp_Vec", 
              "name": "V"
            }
          ], 
          "name": "gce_MakeDir", 
          "parent": "gce_MakeDir", 
          "cls": "constructor", 
          "extern": "1", 
          "throws": true
        }, 
        {
          "returnType": "", 
          "arguments": [
            {
              "decl": "const gp_XYZ &", 
              "type": "gp_XYZ", 
              "name": "Coord"
            }
          ], 
          "name": "gce_MakeDir", 
          "parent": "gce_MakeDir", 
          "cls": "constructor", 
          "extern": "1", 
          "throws": true
        }, 
        {
          "returnType": "", 
          "arguments": [
            {
              "decl": "const Standard_Real", 
              "type": "Standard_Real", 
              "name": "Xv"
            }, 
            {
              "decl": "const Standard_Real", 
              "type": "Standard_Real", 
              "name": "Yv"
            }, 
            {
              "decl": "const Standard_Real", 
              "type": "Standard_Real", 
              "name": "Zv"
            }
          ], 
          "name": "gce_MakeDir", 
          "parent": "gce_MakeDir", 
          "cls": "constructor", 
          "extern": "1", 
          "throws": true
        }, 
        {
          "returnType": "", 
          "arguments": [
            {
              "decl": "const gp_Pnt &", 
              "type": "gp_Pnt", 
              "name": "P1"
            }, 
            {
              "decl": "const gp_Pnt &", 
              "type": "gp_Pnt", 
              "name": "P2"
            }
          ], 
          "name": "gce_MakeDir", 
          "parent": "gce_MakeDir", 
          "cls": "constructor", 
          "extern": "1", 
          "throws": true
        }
      ], 
      "artificial": "1", 
      "bases": [
        {
          "access": "public", 
          "name": "gce_Root"
        }
      ], 
      "location": [
        "/usr/local/include/oce/gce_MakeDir.hxx", 
        42
      ], 
      "members": [
        {
          "returnType": "gp_Dir const &", 
          "arguments": [], 
          "name": "Value", 
          "parent": "gce_MakeDir", 
          "cls": "memfun", 
          "extern": "1", 
          "const": "1", 
          "throws": true
        }, 
        {
          "returnType": "gp_Dir const &", 
          "arguments": [], 
          "name": "Operator", 
          "parent": "gce_MakeDir", 
          "cls": "memfun", 
          "extern": "1", 
          "const": "1", 
          "throws": true
        }
      ], 
      "cls": "class"
    }, 
    {
      "name": "gce_MakeRotation2d", 
      "abstract": false, 
      "constructors": [
        {
          "returnType": "", 
          "arguments": [
            {
              "decl": "const gce_MakeRotation2d &", 
              "type": "gce_MakeRotation2d", 
              "name": "arg0"
            }
          ], 
          "name": "gce_MakeRotation2d", 
          "parent": "gce_MakeRotation2d", 
          "cls": "constructor", 
          "artificial": "1", 
          "copyConstructor": true
        }, 
        {
          "returnType": "", 
          "arguments": [
            {
              "decl": "const gp_Pnt2d &", 
              "type": "gp_Pnt2d", 
              "name": "Point"
            }, 
            {
              "decl": "const Standard_Real", 
              "type": "Standard_Real", 
              "name": "Angle"
            }
          ], 
          "name": "gce_MakeRotation2d", 
          "parent": "gce_MakeRotation2d", 
          "cls": "constructor", 
          "extern": "1", 
          "throws": true
        }
      ], 
      "artificial": "1", 
      "bases": [], 
      "location": [
        "/usr/local/include/oce/gce_MakeRotation2d.hxx", 
        35
      ], 
      "members": [
        {
          "returnType": "gp_Trsf2d const &", 
          "arguments": [], 
          "name": "Value", 
          "parent": "gce_MakeRotation2d", 
          "cls": "memfun", 
          "extern": "1", 
          "const": "1", 
          "throws": true
        }, 
        {
          "returnType": "gp_Trsf2d const &", 
          "arguments": [], 
          "name": "Operator", 
          "parent": "gce_MakeRotation2d", 
          "cls": "memfun", 
          "extern": "1", 
          "const": "1", 
          "throws": true
        }
      ], 
      "cls": "class"
    }, 
    {
      "name": "gce_MakeTranslation2d", 
      "abstract": false, 
      "constructors": [
        {
          "returnType": "", 
          "arguments": [
            {
              "decl": "const gce_MakeTranslation2d &", 
              "type": "gce_MakeTranslation2d", 
              "name": "arg0"
            }
          ], 
          "name": "gce_MakeTranslation2d", 
          "parent": "gce_MakeTranslation2d", 
          "cls": "constructor", 
          "artificial": "1", 
          "copyConstructor": true
        }, 
        {
          "returnType": "", 
          "arguments": [
            {
              "decl": "const gp_Vec2d &", 
              "type": "gp_Vec2d", 
              "name": "Vect"
            }
          ], 
          "name": "gce_MakeTranslation2d", 
          "parent": "gce_MakeTranslation2d", 
          "cls": "constructor", 
          "extern": "1", 
          "throws": true
        }, 
        {
          "returnType": "", 
          "arguments": [
            {
              "decl": "const gp_Pnt2d &", 
              "type": "gp_Pnt2d", 
              "name": "Point1"
            }, 
            {
              "decl": "const gp_Pnt2d &", 
              "type": "gp_Pnt2d", 
              "name": "Point2"
            }
          ], 
          "name": "gce_MakeTranslation2d", 
          "parent": "gce_MakeTranslation2d", 
          "cls": "constructor", 
          "extern": "1", 
          "throws": true
        }
      ], 
      "artificial": "1", 
      "bases": [], 
      "location": [
        "/usr/local/include/oce/gce_MakeTranslation2d.hxx", 
        33
      ], 
      "members": [
        {
          "returnType": "gp_Trsf2d const &", 
          "arguments": [], 
          "name": "Value", 
          "parent": "gce_MakeTranslation2d", 
          "cls": "memfun", 
          "extern": "1", 
          "const": "1", 
          "throws": true
        }, 
        {
          "returnType": "gp_Trsf2d const &", 
          "arguments": [], 
          "name": "Operator", 
          "parent": "gce_MakeTranslation2d", 
          "cls": "memfun", 
          "extern": "1", 
          "const": "1", 
          "throws": true
        }
      ], 
      "cls": "class"
    }, 
    {
      "name": "gce_MakeDir2d", 
      "abstract": false, 
      "constructors": [
        {
          "returnType": "", 
          "arguments": [
            {
              "decl": "const gce_MakeDir2d &", 
              "type": "gce_MakeDir2d", 
              "name": "arg0"
            }
          ], 
          "name": "gce_MakeDir2d", 
          "parent": "gce_MakeDir2d", 
          "cls": "constructor", 
          "artificial": "1", 
          "copyConstructor": true
        }, 
        {
          "returnType": "", 
          "arguments": [
            {
              "decl": "const gp_Vec2d &", 
              "type": "gp_Vec2d", 
              "name": "V"
            }
          ], 
          "name": "gce_MakeDir2d", 
          "parent": "gce_MakeDir2d", 
          "cls": "constructor", 
          "extern": "1", 
          "throws": true
        }, 
        {
          "returnType": "", 
          "arguments": [
            {
              "decl": "const gp_XY &", 
              "type": "gp_XY", 
              "name": "Coord"
            }
          ], 
          "name": "gce_MakeDir2d", 
          "parent": "gce_MakeDir2d", 
          "cls": "constructor", 
          "extern": "1", 
          "throws": true
        }, 
        {
          "returnType": "", 
          "arguments": [
            {
              "decl": "const Standard_Real", 
              "type": "Standard_Real", 
              "name": "Xv"
            }, 
            {
              "decl": "const Standard_Real", 
              "type": "Standard_Real", 
              "name": "Yv"
            }
          ], 
          "name": "gce_MakeDir2d", 
          "parent": "gce_MakeDir2d", 
          "cls": "constructor", 
          "extern": "1", 
          "throws": true
        }, 
        {
          "returnType": "", 
          "arguments": [
            {
              "decl": "const gp_Pnt2d &", 
              "type": "gp_Pnt2d", 
              "name": "P1"
            }, 
            {
              "decl": "const gp_Pnt2d &", 
              "type": "gp_Pnt2d", 
              "name": "P2"
            }
          ], 
          "name": "gce_MakeDir2d", 
          "parent": "gce_MakeDir2d", 
          "cls": "constructor", 
          "extern": "1", 
          "throws": true
        }
      ], 
      "artificial": "1", 
      "bases": [
        {
          "access": "public", 
          "name": "gce_Root"
        }
      ], 
      "location": [
        "/usr/local/include/oce/gce_MakeDir2d.hxx", 
        41
      ], 
      "members": [
        {
          "returnType": "gp_Dir2d const &", 
          "arguments": [], 
          "name": "Value", 
          "parent": "gce_MakeDir2d", 
          "cls": "memfun", 
          "extern": "1", 
          "const": "1", 
          "throws": true
        }, 
        {
          "returnType": "gp_Dir2d const &", 
          "arguments": [], 
          "name": "Operator", 
          "parent": "gce_MakeDir2d", 
          "cls": "memfun", 
          "extern": "1", 
          "const": "1", 
          "throws": true
        }
      ], 
      "cls": "class"
    }, 
    {
      "name": "gce_MakeElips", 
      "abstract": false, 
      "constructors": [
        {
          "returnType": "", 
          "arguments": [
            {
              "decl": "const gce_MakeElips &", 
              "type": "gce_MakeElips", 
              "name": "arg0"
            }
          ], 
          "name": "gce_MakeElips", 
          "parent": "gce_MakeElips", 
          "cls": "constructor", 
          "artificial": "1", 
          "copyConstructor": true
        }, 
        {
          "returnType": "", 
          "arguments": [
            {
              "decl": "const gp_Ax2 &", 
              "type": "gp_Ax2", 
              "name": "A2"
            }, 
            {
              "decl": "const Standard_Real", 
              "type": "Standard_Real", 
              "name": "MajorRadius"
            }, 
            {
              "decl": "const Standard_Real", 
              "type": "Standard_Real", 
              "name": "MinorRadius"
            }
          ], 
          "name": "gce_MakeElips", 
          "parent": "gce_MakeElips", 
          "cls": "constructor", 
          "extern": "1", 
          "throws": true
        }, 
        {
          "returnType": "", 
          "arguments": [
            {
              "decl": "const gp_Pnt &", 
              "type": "gp_Pnt", 
              "name": "S1"
            }, 
            {
              "decl": "const gp_Pnt &", 
              "type": "gp_Pnt", 
              "name": "S2"
            }, 
            {
              "decl": "const gp_Pnt &", 
              "type": "gp_Pnt", 
              "name": "Center"
            }
          ], 
          "name": "gce_MakeElips", 
          "parent": "gce_MakeElips", 
          "cls": "constructor", 
          "extern": "1", 
          "throws": true
        }
      ], 
      "artificial": "1", 
      "bases": [
        {
          "access": "public", 
          "name": "gce_Root"
        }
      ], 
      "location": [
        "/usr/local/include/oce/gce_MakeElips.hxx", 
        40
      ], 
      "members": [
        {
          "returnType": "gp_Elips const &", 
          "arguments": [], 
          "name": "Value", 
          "parent": "gce_MakeElips", 
          "cls": "memfun", 
          "extern": "1", 
          "const": "1", 
          "throws": true
        }, 
        {
          "returnType": "gp_Elips const &", 
          "arguments": [], 
          "name": "Operator", 
          "parent": "gce_MakeElips", 
          "cls": "memfun", 
          "extern": "1", 
          "const": "1", 
          "throws": true
        }
      ], 
      "cls": "class"
    }, 
    {
      "name": "gce_MakeMirror", 
      "abstract": false, 
      "constructors": [
        {
          "returnType": "", 
          "arguments": [
            {
              "decl": "const gce_MakeMirror &", 
              "type": "gce_MakeMirror", 
              "name": "arg0"
            }
          ], 
          "name": "gce_MakeMirror", 
          "parent": "gce_MakeMirror", 
          "cls": "constructor", 
          "artificial": "1", 
          "copyConstructor": true
        }, 
        {
          "returnType": "", 
          "arguments": [
            {
              "decl": "const gp_Pnt &", 
              "type": "gp_Pnt", 
              "name": "Point"
            }
          ], 
          "name": "gce_MakeMirror", 
          "parent": "gce_MakeMirror", 
          "cls": "constructor", 
          "extern": "1", 
          "throws": true
        }, 
        {
          "returnType": "", 
          "arguments": [
            {
              "decl": "const gp_Ax1 &", 
              "type": "gp_Ax1", 
              "name": "Axis"
            }
          ], 
          "name": "gce_MakeMirror", 
          "parent": "gce_MakeMirror", 
          "cls": "constructor", 
          "extern": "1", 
          "throws": true
        }, 
        {
          "returnType": "", 
          "arguments": [
            {
              "decl": "const gp_Lin &", 
              "type": "gp_Lin", 
              "name": "Line"
            }
          ], 
          "name": "gce_MakeMirror", 
          "parent": "gce_MakeMirror", 
          "cls": "constructor", 
          "extern": "1", 
          "throws": true
        }, 
        {
          "returnType": "", 
          "arguments": [
            {
              "decl": "const gp_Pnt &", 
              "type": "gp_Pnt", 
              "name": "Point"
            }, 
            {
              "decl": "const gp_Dir &", 
              "type": "gp_Dir", 
              "name": "Direc"
            }
          ], 
          "name": "gce_MakeMirror", 
          "parent": "gce_MakeMirror", 
          "cls": "constructor", 
          "extern": "1", 
          "throws": true
        }, 
        {
          "returnType": "", 
          "arguments": [
            {
              "decl": "const gp_Pln &", 
              "type": "gp_Pln", 
              "name": "Plane"
            }
          ], 
          "name": "gce_MakeMirror", 
          "parent": "gce_MakeMirror", 
          "cls": "constructor", 
          "extern": "1", 
          "throws": true
        }, 
        {
          "returnType": "", 
          "arguments": [
            {
              "decl": "const gp_Ax2 &", 
              "type": "gp_Ax2", 
              "name": "Plane"
            }
          ], 
          "name": "gce_MakeMirror", 
          "parent": "gce_MakeMirror", 
          "cls": "constructor", 
          "extern": "1", 
          "throws": true
        }
      ], 
      "artificial": "1", 
      "bases": [], 
      "location": [
        "/usr/local/include/oce/gce_MakeMirror.hxx", 
        38
      ], 
      "members": [
        {
          "returnType": "gp_Trsf const &", 
          "arguments": [], 
          "name": "Value", 
          "parent": "gce_MakeMirror", 
          "cls": "memfun", 
          "extern": "1", 
          "const": "1", 
          "throws": true
        }, 
        {
          "returnType": "gp_Trsf const &", 
          "arguments": [], 
          "name": "Operator", 
          "parent": "gce_MakeMirror", 
          "cls": "memfun", 
          "extern": "1", 
          "const": "1", 
          "throws": true
        }
      ], 
      "cls": "class"
    }, 
    {
      "name": "gce_MakePln", 
      "abstract": false, 
      "constructors": [
        {
          "returnType": "", 
          "arguments": [
            {
              "decl": "const gce_MakePln &", 
              "type": "gce_MakePln", 
              "name": "arg0"
            }
          ], 
          "name": "gce_MakePln", 
          "parent": "gce_MakePln", 
          "cls": "constructor", 
          "artificial": "1", 
          "copyConstructor": true
        }, 
        {
          "returnType": "", 
          "arguments": [
            {
              "decl": "const gp_Ax2 &", 
              "type": "gp_Ax2", 
              "name": "A2"
            }
          ], 
          "name": "gce_MakePln", 
          "parent": "gce_MakePln", 
          "cls": "constructor", 
          "extern": "1", 
          "throws": true
        }, 
        {
          "returnType": "", 
          "arguments": [
            {
              "decl": "const gp_Pnt &", 
              "type": "gp_Pnt", 
              "name": "P"
            }, 
            {
              "decl": "const gp_Dir &", 
              "type": "gp_Dir", 
              "name": "V"
            }
          ], 
          "name": "gce_MakePln", 
          "parent": "gce_MakePln", 
          "cls": "constructor", 
          "extern": "1", 
          "throws": true
        }, 
        {
          "returnType": "", 
          "arguments": [
            {
              "decl": "const Standard_Real", 
              "type": "Standard_Real", 
              "name": "A"
            }, 
            {
              "decl": "const Standard_Real", 
              "type": "Standard_Real", 
              "name": "B"
            }, 
            {
              "decl": "const Standard_Real", 
              "type": "Standard_Real", 
              "name": "C"
            }, 
            {
              "decl": "const Standard_Real", 
              "type": "Standard_Real", 
              "name": "D"
            }
          ], 
          "name": "gce_MakePln", 
          "parent": "gce_MakePln", 
          "cls": "constructor", 
          "extern": "1", 
          "throws": true
        }, 
        {
          "returnType": "", 
          "arguments": [
            {
              "decl": "const gp_Pln &", 
              "type": "gp_Pln", 
              "name": "Pln"
            }, 
            {
              "decl": "const gp_Pnt &", 
              "type": "gp_Pnt", 
              "name": "Point"
            }
          ], 
          "name": "gce_MakePln", 
          "parent": "gce_MakePln", 
          "cls": "constructor", 
          "extern": "1", 
          "throws": true
        }, 
        {
          "returnType": "", 
          "arguments": [
            {
              "decl": "const gp_Pln &", 
              "type": "gp_Pln", 
              "name": "Pln"
            }, 
            {
              "decl": "const Standard_Real", 
              "type": "Standard_Real", 
              "name": "Dist"
            }
          ], 
          "name": "gce_MakePln", 
          "parent": "gce_MakePln", 
          "cls": "constructor", 
          "extern": "1", 
          "throws": true
        }, 
        {
          "returnType": "", 
          "arguments": [
            {
              "decl": "const gp_Pnt &", 
              "type": "gp_Pnt", 
              "name": "P1"
            }, 
            {
              "decl": "const gp_Pnt &", 
              "type": "gp_Pnt", 
              "name": "P2"
            }, 
            {
              "decl": "const gp_Pnt &", 
              "type": "gp_Pnt", 
              "name": "P3"
            }
          ], 
          "name": "gce_MakePln", 
          "parent": "gce_MakePln", 
          "cls": "constructor", 
          "extern": "1", 
          "throws": true
        }, 
        {
          "returnType": "", 
          "arguments": [
            {
              "decl": "const gp_Pnt &", 
              "type": "gp_Pnt", 
              "name": "P1"
            }, 
            {
              "decl": "const gp_Pnt &", 
              "type": "gp_Pnt", 
              "name": "P2"
            }
          ], 
          "name": "gce_MakePln", 
          "parent": "gce_MakePln", 
          "cls": "constructor", 
          "extern": "1", 
          "throws": true
        }, 
        {
          "returnType": "", 
          "arguments": [
            {
              "decl": "const gp_Ax1 &", 
              "type": "gp_Ax1", 
              "name": "Axis"
            }
          ], 
          "name": "gce_MakePln", 
          "parent": "gce_MakePln", 
          "cls": "constructor", 
          "extern": "1", 
          "throws": true
        }
      ], 
      "artificial": "1", 
      "bases": [
        {
          "access": "public", 
          "name": "gce_Root"
        }
      ], 
      "location": [
        "/usr/local/include/oce/gce_MakePln.hxx", 
        53
      ], 
      "members": [
        {
          "returnType": "gp_Pln const &", 
          "arguments": [], 
          "name": "Value", 
          "parent": "gce_MakePln", 
          "cls": "memfun", 
          "extern": "1", 
          "const": "1", 
          "throws": true
        }, 
        {
          "returnType": "gp_Pln const &", 
          "arguments": [], 
          "name": "Operator", 
          "parent": "gce_MakePln", 
          "cls": "memfun", 
          "extern": "1", 
          "const": "1", 
          "throws": true
        }
      ], 
      "cls": "class"
    }, 
    {
      "name": "gce_MakeLin", 
      "abstract": false, 
      "constructors": [
        {
          "returnType": "", 
          "arguments": [
            {
              "decl": "const gce_MakeLin &", 
              "type": "gce_MakeLin", 
              "name": "arg0"
            }
          ], 
          "name": "gce_MakeLin", 
          "parent": "gce_MakeLin", 
          "cls": "constructor", 
          "artificial": "1", 
          "copyConstructor": true
        }, 
        {
          "returnType": "", 
          "arguments": [
            {
              "decl": "const gp_Ax1 &", 
              "type": "gp_Ax1", 
              "name": "A1"
            }
          ], 
          "name": "gce_MakeLin", 
          "parent": "gce_MakeLin", 
          "cls": "constructor", 
          "extern": "1", 
          "throws": true
        }, 
        {
          "returnType": "", 
          "arguments": [
            {
              "decl": "const gp_Pnt &", 
              "type": "gp_Pnt", 
              "name": "P"
            }, 
            {
              "decl": "const gp_Dir &", 
              "type": "gp_Dir", 
              "name": "V"
            }
          ], 
          "name": "gce_MakeLin", 
          "parent": "gce_MakeLin", 
          "cls": "constructor", 
          "extern": "1", 
          "throws": true
        }, 
        {
          "returnType": "", 
          "arguments": [
            {
              "decl": "const gp_Lin &", 
              "type": "gp_Lin", 
              "name": "Lin"
            }, 
            {
              "decl": "const gp_Pnt &", 
              "type": "gp_Pnt", 
              "name": "Point"
            }
          ], 
          "name": "gce_MakeLin", 
          "parent": "gce_MakeLin", 
          "cls": "constructor", 
          "extern": "1", 
          "throws": true
        }, 
        {
          "returnType": "", 
          "arguments": [
            {
              "decl": "const gp_Pnt &", 
              "type": "gp_Pnt", 
              "name": "P1"
            }, 
            {
              "decl": "const gp_Pnt &", 
              "type": "gp_Pnt", 
              "name": "P2"
            }
          ], 
          "name": "gce_MakeLin", 
          "parent": "gce_MakeLin", 
          "cls": "constructor", 
          "extern": "1", 
          "throws": true
        }
      ], 
      "artificial": "1", 
      "bases": [
        {
          "access": "public", 
          "name": "gce_Root"
        }
      ], 
      "location": [
        "/usr/local/include/oce/gce_MakeLin.hxx", 
        39
      ], 
      "members": [
        {
          "returnType": "gp_Lin const &", 
          "arguments": [], 
          "name": "Value", 
          "parent": "gce_MakeLin", 
          "cls": "memfun", 
          "extern": "1", 
          "const": "1", 
          "throws": true
        }, 
        {
          "returnType": "gp_Lin const &", 
          "arguments": [], 
          "name": "Operator", 
          "parent": "gce_MakeLin", 
          "cls": "memfun", 
          "extern": "1", 
          "const": "1", 
          "throws": true
        }
      ], 
      "cls": "class"
    }, 
    {
      "name": "gce_MakeCylinder", 
      "abstract": false, 
      "constructors": [
        {
          "returnType": "", 
          "arguments": [
            {
              "decl": "const gce_MakeCylinder &", 
              "type": "gce_MakeCylinder", 
              "name": "arg0"
            }
          ], 
          "name": "gce_MakeCylinder", 
          "parent": "gce_MakeCylinder", 
          "cls": "constructor", 
          "artificial": "1", 
          "copyConstructor": true
        }, 
        {
          "returnType": "", 
          "arguments": [
            {
              "decl": "const gp_Ax2 &", 
              "type": "gp_Ax2", 
              "name": "A2"
            }, 
            {
              "decl": "const Standard_Real", 
              "type": "Standard_Real", 
              "name": "Radius"
            }
          ], 
          "name": "gce_MakeCylinder", 
          "parent": "gce_MakeCylinder", 
          "cls": "constructor", 
          "extern": "1", 
          "throws": true
        }, 
        {
          "returnType": "", 
          "arguments": [
            {
              "decl": "const gp_Cylinder &", 
              "type": "gp_Cylinder", 
              "name": "Cyl"
            }, 
            {
              "decl": "const gp_Pnt &", 
              "type": "gp_Pnt", 
              "name": "Point"
            }
          ], 
          "name": "gce_MakeCylinder", 
          "parent": "gce_MakeCylinder", 
          "cls": "constructor", 
          "extern": "1", 
          "throws": true
        }, 
        {
          "returnType": "", 
          "arguments": [
            {
              "decl": "const gp_Cylinder &", 
              "type": "gp_Cylinder", 
              "name": "Cyl"
            }, 
            {
              "decl": "const Standard_Real", 
              "type": "Standard_Real", 
              "name": "Dist"
            }
          ], 
          "name": "gce_MakeCylinder", 
          "parent": "gce_MakeCylinder", 
          "cls": "constructor", 
          "extern": "1", 
          "throws": true
        }, 
        {
          "returnType": "", 
          "arguments": [
            {
              "decl": "const gp_Pnt &", 
              "type": "gp_Pnt", 
              "name": "P1"
            }, 
            {
              "decl": "const gp_Pnt &", 
              "type": "gp_Pnt", 
              "name": "P2"
            }, 
            {
              "decl": "const gp_Pnt &", 
              "type": "gp_Pnt", 
              "name": "P3"
            }
          ], 
          "name": "gce_MakeCylinder", 
          "parent": "gce_MakeCylinder", 
          "cls": "constructor", 
          "extern": "1", 
          "throws": true
        }, 
        {
          "returnType": "", 
          "arguments": [
            {
              "decl": "const gp_Ax1 &", 
              "type": "gp_Ax1", 
              "name": "Axis"
            }, 
            {
              "decl": "const Standard_Real", 
              "type": "Standard_Real", 
              "name": "Radius"
            }
          ], 
          "name": "gce_MakeCylinder", 
          "parent": "gce_MakeCylinder", 
          "cls": "constructor", 
          "extern": "1", 
          "throws": true
        }, 
        {
          "returnType": "", 
          "arguments": [
            {
              "decl": "const gp_Circ &", 
              "type": "gp_Circ", 
              "name": "Circ"
            }
          ], 
          "name": "gce_MakeCylinder", 
          "parent": "gce_MakeCylinder", 
          "cls": "constructor", 
          "extern": "1", 
          "throws": true
        }
      ], 
      "artificial": "1", 
      "bases": [
        {
          "access": "public", 
          "name": "gce_Root"
        }
      ], 
      "location": [
        "/usr/local/include/oce/gce_MakeCylinder.hxx", 
        45
      ], 
      "members": [
        {
          "returnType": "gp_Cylinder const &", 
          "arguments": [], 
          "name": "Value", 
          "parent": "gce_MakeCylinder", 
          "cls": "memfun", 
          "extern": "1", 
          "const": "1", 
          "throws": true
        }, 
        {
          "returnType": "gp_Cylinder const &", 
          "arguments": [], 
          "name": "Operator", 
          "parent": "gce_MakeCylinder", 
          "cls": "memfun", 
          "extern": "1", 
          "const": "1", 
          "throws": true
        }
      ], 
      "cls": "class"
    }, 
    {
      "name": "gce_MakeScale", 
      "abstract": false, 
      "constructors": [
        {
          "returnType": "", 
          "arguments": [
            {
              "decl": "const gce_MakeScale &", 
              "type": "gce_MakeScale", 
              "name": "arg0"
            }
          ], 
          "name": "gce_MakeScale", 
          "parent": "gce_MakeScale", 
          "cls": "constructor", 
          "artificial": "1", 
          "copyConstructor": true
        }, 
        {
          "returnType": "", 
          "arguments": [
            {
              "decl": "const gp_Pnt &", 
              "type": "gp_Pnt", 
              "name": "Point"
            }, 
            {
              "decl": "const Standard_Real", 
              "type": "Standard_Real", 
              "name": "Scale"
            }
          ], 
          "name": "gce_MakeScale", 
          "parent": "gce_MakeScale", 
          "cls": "constructor", 
          "extern": "1", 
          "throws": true
        }
      ], 
      "artificial": "1", 
      "bases": [], 
      "location": [
        "/usr/local/include/oce/gce_MakeScale.hxx", 
        35
      ], 
      "members": [
        {
          "returnType": "gp_Trsf const &", 
          "arguments": [], 
          "name": "Value", 
          "parent": "gce_MakeScale", 
          "cls": "memfun", 
          "extern": "1", 
          "const": "1", 
          "throws": true
        }, 
        {
          "returnType": "gp_Trsf const &", 
          "arguments": [], 
          "name": "Operator", 
          "parent": "gce_MakeScale", 
          "cls": "memfun", 
          "extern": "1", 
          "const": "1", 
          "throws": true
        }
      ], 
      "cls": "class"
    }, 
    {
      "name": "gce_MakeCone", 
      "abstract": false, 
      "constructors": [
        {
          "returnType": "", 
          "arguments": [
            {
              "decl": "const gce_MakeCone &", 
              "type": "gce_MakeCone", 
              "name": "arg0"
            }
          ], 
          "name": "gce_MakeCone", 
          "parent": "gce_MakeCone", 
          "cls": "constructor", 
          "artificial": "1", 
          "copyConstructor": true
        }, 
        {
          "returnType": "", 
          "arguments": [
            {
              "decl": "const gp_Ax2 &", 
              "type": "gp_Ax2", 
              "name": "A2"
            }, 
            {
              "decl": "const Standard_Real", 
              "type": "Standard_Real", 
              "name": "Ang"
            }, 
            {
              "decl": "const Standard_Real", 
              "type": "Standard_Real", 
              "name": "Radius"
            }
          ], 
          "name": "gce_MakeCone", 
          "parent": "gce_MakeCone", 
          "cls": "constructor", 
          "extern": "1", 
          "throws": true
        }, 
        {
          "returnType": "", 
          "arguments": [
            {
              "decl": "const gp_Cone &", 
              "type": "gp_Cone", 
              "name": "Cone"
            }, 
            {
              "decl": "const gp_Pnt &", 
              "type": "gp_Pnt", 
              "name": "Point"
            }
          ], 
          "name": "gce_MakeCone", 
          "parent": "gce_MakeCone", 
          "cls": "constructor", 
          "extern": "1", 
          "throws": true
        }, 
        {
          "returnType": "", 
          "arguments": [
            {
              "decl": "const gp_Cone &", 
              "type": "gp_Cone", 
              "name": "Cone"
            }, 
            {
              "decl": "const Standard_Real", 
              "type": "Standard_Real", 
              "name": "Dist"
            }
          ], 
          "name": "gce_MakeCone", 
          "parent": "gce_MakeCone", 
          "cls": "constructor", 
          "extern": "1", 
          "throws": true
        }, 
        {
          "returnType": "", 
          "arguments": [
            {
              "decl": "const gp_Pnt &", 
              "type": "gp_Pnt", 
              "name": "P1"
            }, 
            {
              "decl": "const gp_Pnt &", 
              "type": "gp_Pnt", 
              "name": "P2"
            }, 
            {
              "decl": "const gp_Pnt &", 
              "type": "gp_Pnt", 
              "name": "P3"
            }, 
            {
              "decl": "const gp_Pnt &", 
              "type": "gp_Pnt", 
              "name": "P4"
            }
          ], 
          "name": "gce_MakeCone", 
          "parent": "gce_MakeCone", 
          "cls": "constructor", 
          "extern": "1", 
          "throws": true
        }, 
        {
          "returnType": "", 
          "arguments": [
            {
              "decl": "const gp_Ax1 &", 
              "type": "gp_Ax1", 
              "name": "Axis"
            }, 
            {
              "decl": "const gp_Pnt &", 
              "type": "gp_Pnt", 
              "name": "P1"
            }, 
            {
              "decl": "const gp_Pnt &", 
              "type": "gp_Pnt", 
              "name": "P2"
            }
          ], 
          "name": "gce_MakeCone", 
          "parent": "gce_MakeCone", 
          "cls": "constructor", 
          "extern": "1", 
          "throws": true
        }, 
        {
          "returnType": "", 
          "arguments": [
            {
              "decl": "const gp_Lin &", 
              "type": "gp_Lin", 
              "name": "Axis"
            }, 
            {
              "decl": "const gp_Pnt &", 
              "type": "gp_Pnt", 
              "name": "P1"
            }, 
            {
              "decl": "const gp_Pnt &", 
              "type": "gp_Pnt", 
              "name": "P2"
            }
          ], 
          "name": "gce_MakeCone", 
          "parent": "gce_MakeCone", 
          "cls": "constructor", 
          "extern": "1", 
          "throws": true
        }, 
        {
          "returnType": "", 
          "arguments": [
            {
              "decl": "const gp_Pnt &", 
              "type": "gp_Pnt", 
              "name": "P1"
            }, 
            {
              "decl": "const gp_Pnt &", 
              "type": "gp_Pnt", 
              "name": "P2"
            }, 
            {
              "decl": "const Standard_Real", 
              "type": "Standard_Real", 
              "name": "R1"
            }, 
            {
              "decl": "const Standard_Real", 
              "type": "Standard_Real", 
              "name": "R2"
            }
          ], 
          "name": "gce_MakeCone", 
          "parent": "gce_MakeCone", 
          "cls": "constructor", 
          "extern": "1", 
          "throws": true
        }
      ], 
      "artificial": "1", 
      "bases": [
        {
          "access": "public", 
          "name": "gce_Root"
        }
      ], 
      "location": [
        "/usr/local/include/oce/gce_MakeCone.hxx", 
        47
      ], 
      "members": [
        {
          "returnType": "gp_Cone const &", 
          "arguments": [], 
          "name": "Value", 
          "parent": "gce_MakeCone", 
          "cls": "memfun", 
          "extern": "1", 
          "const": "1", 
          "throws": true
        }, 
        {
          "returnType": "gp_Cone const &", 
          "arguments": [], 
          "name": "Operator", 
          "parent": "gce_MakeCone", 
          "cls": "memfun", 
          "extern": "1", 
          "const": "1", 
          "throws": true
        }
      ], 
      "cls": "class"
    }
  ], 
  "headers": [
    "gce_MakeDir.hxx", 
    "gce_MakeMirror.hxx", 
    "gce_MakeHypr.hxx", 
    "gce_MakeTranslation2d.hxx", 
    "gce_MakeParab2d.hxx", 
    "gce_MakeCone.hxx", 
    "gce_MakePln.hxx", 
    "gce_MakeLin.hxx", 
    "gce_ErrorType.hxx", 
    "gce_MakeCirc2d.hxx", 
    "gce_MakeMirror2d.hxx", 
    "gce_MakeTranslation.hxx", 
    "gce_MakeLin2d.hxx", 
    "gce_Root.hxx", 
    "gce_MakeHypr2d.hxx", 
    "gce_MakeParab.hxx", 
    "gce_MakeCylinder.hxx", 
    "gce_MakeScale.hxx", 
    "gce_MakeElips.hxx", 
    "gce_MakeCirc.hxx", 
    "gce_MakeRotation2d.hxx", 
    "gce_MakeDir2d.hxx", 
    "gce_MakeRotation.hxx", 
    "gce_MakeElips2d.hxx", 
    "gce_MakeScale2d.hxx"
  ], 
  "enums": [
    {
      "values": [
        [
          "gce_Done", 
          0
        ], 
        [
          "gce_ConfusedPoints", 
          1
        ], 
        [
          "gce_NegativeRadius", 
          2
        ], 
        [
          "gce_ColinearPoints", 
          3
        ], 
        [
          "gce_IntersectionError", 
          4
        ], 
        [
          "gce_NullAxis", 
          5
        ], 
        [
          "gce_NullAngle", 
          6
        ], 
        [
          "gce_NullRadius", 
          7
        ], 
        [
          "gce_InvertAxis", 
          8
        ], 
        [
          "gce_BadAngle", 
          9
        ], 
        [
          "gce_InvertRadius", 
          10
        ], 
        [
          "gce_NullFocusLength", 
          11
        ], 
        [
          "gce_NullVector", 
          12
        ], 
        [
          "gce_BadEquation", 
          13
        ]
      ], 
      "name": "gce_ErrorType", 
      "cls": "enum"
    }
  ], 
  "typedefs": [], 
  "name": "gce"
}