{
  "classes": [
    {
      "name": "GCE2d_MakeLine", 
      "abstract": false, 
      "constructors": [
        {
          "returnType": "", 
          "arguments": [
            {
              "decl": "const GCE2d_MakeLine &", 
              "type": "GCE2d_MakeLine", 
              "name": "arg0"
            }
          ], 
          "name": "GCE2d_MakeLine", 
          "parent": "GCE2d_MakeLine", 
          "cls": "constructor", 
          "artificial": "1", 
          "throws": true, 
          "copyConstructor": true
        }, 
        {
          "returnType": "", 
          "arguments": [
            {
              "decl": "const gp_Ax2d &", 
              "type": "gp_Ax2d", 
              "name": "A"
            }
          ], 
          "name": "GCE2d_MakeLine", 
          "parent": "GCE2d_MakeLine", 
          "cls": "constructor", 
          "extern": "1", 
          "throws": true
        }, 
        {
          "returnType": "", 
          "arguments": [
            {
              "decl": "const gp_Lin2d &", 
              "type": "gp_Lin2d", 
              "name": "L"
            }
          ], 
          "name": "GCE2d_MakeLine", 
          "parent": "GCE2d_MakeLine", 
          "cls": "constructor", 
          "extern": "1", 
          "throws": true
        }, 
        {
          "returnType": "", 
          "arguments": [
            {
              "decl": "const gp_Pnt2d &", 
              "type": "gp_Pnt2d", 
              "name": "P"
            }, 
            {
              "decl": "const gp_Dir2d &", 
              "type": "gp_Dir2d", 
              "name": "V"
            }
          ], 
          "name": "GCE2d_MakeLine", 
          "parent": "GCE2d_MakeLine", 
          "cls": "constructor", 
          "extern": "1", 
          "throws": true
        }, 
        {
          "returnType": "", 
          "arguments": [
            {
              "decl": "const gp_Lin2d &", 
              "type": "gp_Lin2d", 
              "name": "Lin"
            }, 
            {
              "decl": "const gp_Pnt2d &", 
              "type": "gp_Pnt2d", 
              "name": "Point"
            }
          ], 
          "name": "GCE2d_MakeLine", 
          "parent": "GCE2d_MakeLine", 
          "cls": "constructor", 
          "extern": "1", 
          "throws": true
        }, 
        {
          "returnType": "", 
          "arguments": [
            {
              "decl": "const gp_Lin2d &", 
              "type": "gp_Lin2d", 
              "name": "Lin"
            }, 
            {
              "decl": "const Standard_Real", 
              "type": "Standard_Real", 
              "name": "Dist"
            }
          ], 
          "name": "GCE2d_MakeLine", 
          "parent": "GCE2d_MakeLine", 
          "cls": "constructor", 
          "extern": "1", 
          "throws": true
        }, 
        {
          "returnType": "", 
          "arguments": [
            {
              "decl": "const gp_Pnt2d &", 
              "type": "gp_Pnt2d", 
              "name": "P1"
            }, 
            {
              "decl": "const gp_Pnt2d &", 
              "type": "gp_Pnt2d", 
              "name": "P2"
            }
          ], 
          "name": "GCE2d_MakeLine", 
          "parent": "GCE2d_MakeLine", 
          "cls": "constructor", 
          "extern": "1", 
          "throws": true
        }
      ], 
      "artificial": "1", 
      "bases": [
        {
          "access": "public", 
          "name": "GCE2d_Root"
        }
      ], 
      "location": [
        "/usr/local/include/oce/GCE2d_MakeLine.hxx", 
        41
      ], 
      "members": [
        {
          "returnType": "Handle_Geom2d_Line const &", 
          "arguments": [], 
          "name": "Value", 
          "parent": "GCE2d_MakeLine", 
          "cls": "memfun", 
          "extern": "1", 
          "const": "1", 
          "throws": true
        }, 
        {
          "returnType": "Handle_Geom2d_Line const &", 
          "arguments": [], 
          "name": "Operator", 
          "parent": "GCE2d_MakeLine", 
          "cls": "memfun", 
          "extern": "1", 
          "const": "1", 
          "throws": true
        }
      ], 
      "cls": "class"
    }, 
    {
      "name": "GCE2d_MakeArcOfHyperbola", 
      "abstract": false, 
      "constructors": [
        {
          "returnType": "", 
          "arguments": [
            {
              "decl": "const GCE2d_MakeArcOfHyperbola &", 
              "type": "GCE2d_MakeArcOfHyperbola", 
              "name": "arg0"
            }
          ], 
          "name": "GCE2d_MakeArcOfHyperbola", 
          "parent": "GCE2d_MakeArcOfHyperbola", 
          "cls": "constructor", 
          "artificial": "1", 
          "throws": true, 
          "copyConstructor": true
        }, 
        {
          "returnType": "", 
          "arguments": [
            {
              "decl": "const gp_Hypr2d &", 
              "type": "gp_Hypr2d", 
              "name": "Hypr"
            }, 
            {
              "decl": "const Standard_Real", 
              "type": "Standard_Real", 
              "name": "Alpha1"
            }, 
            {
              "decl": "const Standard_Real", 
              "type": "Standard_Real", 
              "name": "Alpha2"
            }, 
            {
              "decl": "const Standard_Boolean", 
              "type": "Standard_Boolean", 
              "name": "Sense", 
              "default": "true"
            }
          ], 
          "name": "GCE2d_MakeArcOfHyperbola", 
          "parent": "GCE2d_MakeArcOfHyperbola", 
          "cls": "constructor", 
          "extern": "1", 
          "throws": true
        }, 
        {
          "returnType": "", 
          "arguments": [
            {
              "decl": "const gp_Hypr2d &", 
              "type": "gp_Hypr2d", 
              "name": "Hypr"
            }, 
            {
              "decl": "const gp_Pnt2d &", 
              "type": "gp_Pnt2d", 
              "name": "P"
            }, 
            {
              "decl": "const Standard_Real", 
              "type": "Standard_Real", 
              "name": "Alpha"
            }, 
            {
              "decl": "const Standard_Boolean", 
              "type": "Standard_Boolean", 
              "name": "Sense", 
              "default": "true"
            }
          ], 
          "name": "GCE2d_MakeArcOfHyperbola", 
          "parent": "GCE2d_MakeArcOfHyperbola", 
          "cls": "constructor", 
          "extern": "1", 
          "throws": true
        }, 
        {
          "returnType": "", 
          "arguments": [
            {
              "decl": "const gp_Hypr2d &", 
              "type": "gp_Hypr2d", 
              "name": "Hypr"
            }, 
            {
              "decl": "const gp_Pnt2d &", 
              "type": "gp_Pnt2d", 
              "name": "P1"
            }, 
            {
              "decl": "const gp_Pnt2d &", 
              "type": "gp_Pnt2d", 
              "name": "P2"
            }, 
            {
              "decl": "const Standard_Boolean", 
              "type": "Standard_Boolean", 
              "name": "Sense", 
              "default": "true"
            }
          ], 
          "name": "GCE2d_MakeArcOfHyperbola", 
          "parent": "GCE2d_MakeArcOfHyperbola", 
          "cls": "constructor", 
          "extern": "1", 
          "throws": true
        }
      ], 
      "artificial": "1", 
      "bases": [
        {
          "access": "public", 
          "name": "GCE2d_Root"
        }
      ], 
      "location": [
        "/usr/local/include/oce/GCE2d_MakeArcOfHyperbola.hxx", 
        44
      ], 
      "members": [
        {
          "returnType": "Handle_Geom2d_TrimmedCurve const &", 
          "arguments": [], 
          "name": "Value", 
          "parent": "GCE2d_MakeArcOfHyperbola", 
          "cls": "memfun", 
          "extern": "1", 
          "const": "1", 
          "throws": true
        }, 
        {
          "returnType": "Handle_Geom2d_TrimmedCurve const &", 
          "arguments": [], 
          "name": "Operator", 
          "parent": "GCE2d_MakeArcOfHyperbola", 
          "cls": "memfun", 
          "extern": "1", 
          "const": "1", 
          "throws": true
        }
      ], 
      "cls": "class"
    }, 
    {
      "name": "GCE2d_MakeParabola", 
      "abstract": false, 
      "constructors": [
        {
          "returnType": "", 
          "arguments": [
            {
              "decl": "const GCE2d_MakeParabola &", 
              "type": "GCE2d_MakeParabola", 
              "name": "arg0"
            }
          ], 
          "name": "GCE2d_MakeParabola", 
          "parent": "GCE2d_MakeParabola", 
          "cls": "constructor", 
          "artificial": "1", 
          "throws": true, 
          "copyConstructor": true
        }, 
        {
          "returnType": "", 
          "arguments": [
            {
              "decl": "const gp_Parab2d &", 
              "type": "gp_Parab2d", 
              "name": "Prb"
            }
          ], 
          "name": "GCE2d_MakeParabola", 
          "parent": "GCE2d_MakeParabola", 
          "cls": "constructor", 
          "extern": "1", 
          "throws": true
        }, 
        {
          "returnType": "", 
          "arguments": [
            {
              "decl": "const gp_Ax22d &", 
              "type": "gp_Ax22d", 
              "name": "Axis"
            }, 
            {
              "decl": "const Standard_Real", 
              "type": "Standard_Real", 
              "name": "Focal"
            }
          ], 
          "name": "GCE2d_MakeParabola", 
          "parent": "GCE2d_MakeParabola", 
          "cls": "constructor", 
          "extern": "1", 
          "throws": true
        }, 
        {
          "returnType": "", 
          "arguments": [
            {
              "decl": "const gp_Ax2d &", 
              "type": "gp_Ax2d", 
              "name": "MirrorAxis"
            }, 
            {
              "decl": "const Standard_Real", 
              "type": "Standard_Real", 
              "name": "Focal"
            }, 
            {
              "decl": "const Standard_Boolean", 
              "type": "Standard_Boolean", 
              "name": "Sense"
            }
          ], 
          "name": "GCE2d_MakeParabola", 
          "parent": "GCE2d_MakeParabola", 
          "cls": "constructor", 
          "extern": "1", 
          "throws": true
        }, 
        {
          "returnType": "", 
          "arguments": [
            {
              "decl": "const gp_Ax22d &", 
              "type": "gp_Ax22d", 
              "name": "D"
            }, 
            {
              "decl": "const gp_Pnt2d &", 
              "type": "gp_Pnt2d", 
              "name": "F"
            }
          ], 
          "name": "GCE2d_MakeParabola", 
          "parent": "GCE2d_MakeParabola", 
          "cls": "constructor", 
          "extern": "1", 
          "throws": true
        }, 
        {
          "returnType": "", 
          "arguments": [
            {
              "decl": "const gp_Ax2d &", 
              "type": "gp_Ax2d", 
              "name": "D"
            }, 
            {
              "decl": "const gp_Pnt2d &", 
              "type": "gp_Pnt2d", 
              "name": "F"
            }, 
            {
              "decl": "const Standard_Boolean", 
              "type": "Standard_Boolean", 
              "name": "Sense", 
              "default": "true"
            }
          ], 
          "name": "GCE2d_MakeParabola", 
          "parent": "GCE2d_MakeParabola", 
          "cls": "constructor", 
          "extern": "1", 
          "throws": true
        }, 
        {
          "returnType": "", 
          "arguments": [
            {
              "decl": "const gp_Pnt2d &", 
              "type": "gp_Pnt2d", 
              "name": "S1"
            }, 
            {
              "decl": "const gp_Pnt2d &", 
              "type": "gp_Pnt2d", 
              "name": "O"
            }
          ], 
          "name": "GCE2d_MakeParabola", 
          "parent": "GCE2d_MakeParabola", 
          "cls": "constructor", 
          "extern": "1", 
          "throws": true
        }
      ], 
      "artificial": "1", 
      "bases": [
        {
          "access": "public", 
          "name": "GCE2d_Root"
        }
      ], 
      "location": [
        "/usr/local/include/oce/GCE2d_MakeParabola.hxx", 
        55
      ], 
      "members": [
        {
          "returnType": "Handle_Geom2d_Parabola const &", 
          "arguments": [], 
          "name": "Value", 
          "parent": "GCE2d_MakeParabola", 
          "cls": "memfun", 
          "extern": "1", 
          "const": "1", 
          "throws": true
        }, 
        {
          "returnType": "Handle_Geom2d_Parabola const &", 
          "arguments": [], 
          "name": "Operator", 
          "parent": "GCE2d_MakeParabola", 
          "cls": "memfun", 
          "extern": "1", 
          "const": "1", 
          "throws": true
        }
      ], 
      "cls": "class"
    }, 
    {
      "name": "GCE2d_MakeArcOfCircle", 
      "abstract": false, 
      "constructors": [
        {
          "returnType": "", 
          "arguments": [
            {
              "decl": "const GCE2d_MakeArcOfCircle &", 
              "type": "GCE2d_MakeArcOfCircle", 
              "name": "arg0"
            }
          ], 
          "name": "GCE2d_MakeArcOfCircle", 
          "parent": "GCE2d_MakeArcOfCircle", 
          "cls": "constructor", 
          "artificial": "1", 
          "throws": true, 
          "copyConstructor": true
        }, 
        {
          "returnType": "", 
          "arguments": [
            {
              "decl": "const gp_Circ2d &", 
              "type": "gp_Circ2d", 
              "name": "Circ"
            }, 
            {
              "decl": "const Standard_Real", 
              "type": "Standard_Real", 
              "name": "Alpha1"
            }, 
            {
              "decl": "const Standard_Real", 
              "type": "Standard_Real", 
              "name": "Alpha2"
            }, 
            {
              "decl": "const Standard_Boolean", 
              "type": "Standard_Boolean", 
              "name": "Sense", 
              "default": "true"
            }
          ], 
          "name": "GCE2d_MakeArcOfCircle", 
          "parent": "GCE2d_MakeArcOfCircle", 
          "cls": "constructor", 
          "extern": "1", 
          "throws": true
        }, 
        {
          "returnType": "", 
          "arguments": [
            {
              "decl": "const gp_Circ2d &", 
              "type": "gp_Circ2d", 
              "name": "Circ"
            }, 
            {
              "decl": "const gp_Pnt2d &", 
              "type": "gp_Pnt2d", 
              "name": "P"
            }, 
            {
              "decl": "const Standard_Real", 
              "type": "Standard_Real", 
              "name": "Alpha"
            }, 
            {
              "decl": "const Standard_Boolean", 
              "type": "Standard_Boolean", 
              "name": "Sense", 
              "default": "true"
            }
          ], 
          "name": "GCE2d_MakeArcOfCircle", 
          "parent": "GCE2d_MakeArcOfCircle", 
          "cls": "constructor", 
          "extern": "1", 
          "throws": true
        }, 
        {
          "returnType": "", 
          "arguments": [
            {
              "decl": "const gp_Circ2d &", 
              "type": "gp_Circ2d", 
              "name": "Circ"
            }, 
            {
              "decl": "const gp_Pnt2d &", 
              "type": "gp_Pnt2d", 
              "name": "P1"
            }, 
            {
              "decl": "const gp_Pnt2d &", 
              "type": "gp_Pnt2d", 
              "name": "P2"
            }, 
            {
              "decl": "const Standard_Boolean", 
              "type": "Standard_Boolean", 
              "name": "Sense", 
              "default": "true"
            }
          ], 
          "name": "GCE2d_MakeArcOfCircle", 
          "parent": "GCE2d_MakeArcOfCircle", 
          "cls": "constructor", 
          "extern": "1", 
          "throws": true
        }, 
        {
          "returnType": "", 
          "arguments": [
            {
              "decl": "const gp_Pnt2d &", 
              "type": "gp_Pnt2d", 
              "name": "P1"
            }, 
            {
              "decl": "const gp_Pnt2d &", 
              "type": "gp_Pnt2d", 
              "name": "P2"
            }, 
            {
              "decl": "const gp_Pnt2d &", 
              "type": "gp_Pnt2d", 
              "name": "P3"
            }
          ], 
          "name": "GCE2d_MakeArcOfCircle", 
          "parent": "GCE2d_MakeArcOfCircle", 
          "cls": "constructor", 
          "extern": "1", 
          "throws": true
        }, 
        {
          "returnType": "", 
          "arguments": [
            {
              "decl": "const gp_Pnt2d &", 
              "type": "gp_Pnt2d", 
              "name": "P1"
            }, 
            {
              "decl": "const gp_Vec2d &", 
              "type": "gp_Vec2d", 
              "name": "V"
            }, 
            {
              "decl": "const gp_Pnt2d &", 
              "type": "gp_Pnt2d", 
              "name": "P2"
            }
          ], 
          "name": "GCE2d_MakeArcOfCircle", 
          "parent": "GCE2d_MakeArcOfCircle", 
          "cls": "constructor", 
          "extern": "1", 
          "throws": true
        }
      ], 
      "artificial": "1", 
      "bases": [
        {
          "access": "public", 
          "name": "GCE2d_Root"
        }
      ], 
      "location": [
        "/usr/local/include/oce/GCE2d_MakeArcOfCircle.hxx", 
        45
      ], 
      "members": [
        {
          "returnType": "Handle_Geom2d_TrimmedCurve const &", 
          "arguments": [], 
          "name": "Value", 
          "parent": "GCE2d_MakeArcOfCircle", 
          "cls": "memfun", 
          "extern": "1", 
          "const": "1", 
          "throws": true
        }, 
        {
          "returnType": "Handle_Geom2d_TrimmedCurve const &", 
          "arguments": [], 
          "name": "Operator", 
          "parent": "GCE2d_MakeArcOfCircle", 
          "cls": "memfun", 
          "extern": "1", 
          "const": "1", 
          "throws": true
        }
      ], 
      "cls": "class"
    }, 
    {
      "name": "GCE2d_Root", 
      "abstract": false, 
      "constructors": [
        {
          "returnType": "", 
          "arguments": [
            {
              "decl": "const GCE2d_Root &", 
              "type": "GCE2d_Root", 
              "name": "arg0"
            }
          ], 
          "name": "GCE2d_Root", 
          "parent": "GCE2d_Root", 
          "cls": "constructor", 
          "artificial": "1", 
          "copyConstructor": true
        }, 
        {
          "returnType": "", 
          "arguments": [], 
          "name": "GCE2d_Root", 
          "parent": "GCE2d_Root", 
          "cls": "constructor", 
          "artificial": "1"
        }
      ], 
      "artificial": "1", 
      "bases": [], 
      "location": [
        "/usr/local/include/oce/GCE2d_Root.hxx", 
        29
      ], 
      "members": [
        {
          "returnType": "Standard_Boolean", 
          "arguments": [], 
          "name": "IsDone", 
          "parent": "GCE2d_Root", 
          "cls": "memfun", 
          "const": "1", 
          "throws": true
        }, 
        {
          "returnType": "gce_ErrorType", 
          "arguments": [], 
          "name": "Status", 
          "parent": "GCE2d_Root", 
          "cls": "memfun", 
          "const": "1", 
          "throws": true
        }
      ], 
      "cls": "class"
    }, 
    {
      "name": "GCE2d_MakeCircle", 
      "abstract": false, 
      "constructors": [
        {
          "returnType": "", 
          "arguments": [
            {
              "decl": "const GCE2d_MakeCircle &", 
              "type": "GCE2d_MakeCircle", 
              "name": "arg0"
            }
          ], 
          "name": "GCE2d_MakeCircle", 
          "parent": "GCE2d_MakeCircle", 
          "cls": "constructor", 
          "artificial": "1", 
          "throws": true, 
          "copyConstructor": true
        }, 
        {
          "returnType": "", 
          "arguments": [
            {
              "decl": "const gp_Circ2d &", 
              "type": "gp_Circ2d", 
              "name": "C"
            }
          ], 
          "name": "GCE2d_MakeCircle", 
          "parent": "GCE2d_MakeCircle", 
          "cls": "constructor", 
          "extern": "1", 
          "throws": true
        }, 
        {
          "returnType": "", 
          "arguments": [
            {
              "decl": "const gp_Ax2d &", 
              "type": "gp_Ax2d", 
              "name": "A"
            }, 
            {
              "decl": "const Standard_Real", 
              "type": "Standard_Real", 
              "name": "Radius"
            }, 
            {
              "decl": "const Standard_Boolean", 
              "type": "Standard_Boolean", 
              "name": "Sense", 
              "default": "true"
            }
          ], 
          "name": "GCE2d_MakeCircle", 
          "parent": "GCE2d_MakeCircle", 
          "cls": "constructor", 
          "extern": "1", 
          "throws": true
        }, 
        {
          "returnType": "", 
          "arguments": [
            {
              "decl": "const gp_Ax22d &", 
              "type": "gp_Ax22d", 
              "name": "A"
            }, 
            {
              "decl": "const Standard_Real", 
              "type": "Standard_Real", 
              "name": "Radius"
            }
          ], 
          "name": "GCE2d_MakeCircle", 
          "parent": "GCE2d_MakeCircle", 
          "cls": "constructor", 
          "extern": "1", 
          "throws": true
        }, 
        {
          "returnType": "", 
          "arguments": [
            {
              "decl": "const gp_Circ2d &", 
              "type": "gp_Circ2d", 
              "name": "Circ"
            }, 
            {
              "decl": "const Standard_Real", 
              "type": "Standard_Real", 
              "name": "Dist"
            }
          ], 
          "name": "GCE2d_MakeCircle", 
          "parent": "GCE2d_MakeCircle", 
          "cls": "constructor", 
          "extern": "1", 
          "throws": true
        }, 
        {
          "returnType": "", 
          "arguments": [
            {
              "decl": "const gp_Circ2d &", 
              "type": "gp_Circ2d", 
              "name": "Circ"
            }, 
            {
              "decl": "const gp_Pnt2d &", 
              "type": "gp_Pnt2d", 
              "name": "Point"
            }
          ], 
          "name": "GCE2d_MakeCircle", 
          "parent": "GCE2d_MakeCircle", 
          "cls": "constructor", 
          "extern": "1", 
          "throws": true
        }, 
        {
          "returnType": "", 
          "arguments": [
            {
              "decl": "const gp_Pnt2d &", 
              "type": "gp_Pnt2d", 
              "name": "P1"
            }, 
            {
              "decl": "const gp_Pnt2d &", 
              "type": "gp_Pnt2d", 
              "name": "P2"
            }, 
            {
              "decl": "const gp_Pnt2d &", 
              "type": "gp_Pnt2d", 
              "name": "P3"
            }
          ], 
          "name": "GCE2d_MakeCircle", 
          "parent": "GCE2d_MakeCircle", 
          "cls": "constructor", 
          "extern": "1", 
          "throws": true
        }, 
        {
          "returnType": "", 
          "arguments": [
            {
              "decl": "const gp_Pnt2d &", 
              "type": "gp_Pnt2d", 
              "name": "P"
            }, 
            {
              "decl": "const Standard_Real", 
              "type": "Standard_Real", 
              "name": "Radius"
            }, 
            {
              "decl": "const Standard_Boolean", 
              "type": "Standard_Boolean", 
              "name": "Sense", 
              "default": "true"
            }
          ], 
          "name": "GCE2d_MakeCircle", 
          "parent": "GCE2d_MakeCircle", 
          "cls": "constructor", 
          "extern": "1", 
          "throws": true
        }, 
        {
          "returnType": "", 
          "arguments": [
            {
              "decl": "const gp_Pnt2d &", 
              "type": "gp_Pnt2d", 
              "name": "Center"
            }, 
            {
              "decl": "const gp_Pnt2d &", 
              "type": "gp_Pnt2d", 
              "name": "Point"
            }, 
            {
              "decl": "const Standard_Boolean", 
              "type": "Standard_Boolean", 
              "name": "Sense", 
              "default": "true"
            }
          ], 
          "name": "GCE2d_MakeCircle", 
          "parent": "GCE2d_MakeCircle", 
          "cls": "constructor", 
          "extern": "1", 
          "throws": true
        }
      ], 
      "artificial": "1", 
      "bases": [
        {
          "access": "public", 
          "name": "GCE2d_Root"
        }
      ], 
      "location": [
        "/usr/local/include/oce/GCE2d_MakeCircle.hxx", 
        50
      ], 
      "members": [
        {
          "returnType": "Handle_Geom2d_Circle const &", 
          "arguments": [], 
          "name": "Value", 
          "parent": "GCE2d_MakeCircle", 
          "cls": "memfun", 
          "extern": "1", 
          "const": "1", 
          "throws": true
        }, 
        {
          "returnType": "Handle_Geom2d_Circle const &", 
          "arguments": [], 
          "name": "Operator", 
          "parent": "GCE2d_MakeCircle", 
          "cls": "memfun", 
          "extern": "1", 
          "const": "1", 
          "throws": true
        }
      ], 
      "cls": "class"
    }, 
    {
      "name": "GCE2d_MakeScale", 
      "abstract": false, 
      "constructors": [
        {
          "returnType": "", 
          "arguments": [
            {
              "decl": "const GCE2d_MakeScale &", 
              "type": "GCE2d_MakeScale", 
              "name": "arg0"
            }
          ], 
          "name": "GCE2d_MakeScale", 
          "parent": "GCE2d_MakeScale", 
          "cls": "constructor", 
          "artificial": "1", 
          "throws": true, 
          "copyConstructor": true
        }, 
        {
          "returnType": "", 
          "arguments": [
            {
              "decl": "const gp_Pnt2d &", 
              "type": "gp_Pnt2d", 
              "name": "Point"
            }, 
            {
              "decl": "const Standard_Real", 
              "type": "Standard_Real", 
              "name": "Scale"
            }
          ], 
          "name": "GCE2d_MakeScale", 
          "parent": "GCE2d_MakeScale", 
          "cls": "constructor", 
          "extern": "1", 
          "throws": true
        }
      ], 
      "artificial": "1", 
      "bases": [], 
      "location": [
        "/usr/local/include/oce/GCE2d_MakeScale.hxx", 
        36
      ], 
      "members": [
        {
          "returnType": "Handle_Geom2d_Transformation const &", 
          "arguments": [], 
          "name": "Value", 
          "parent": "GCE2d_MakeScale", 
          "cls": "memfun", 
          "extern": "1", 
          "const": "1", 
          "throws": true
        }, 
        {
          "returnType": "Handle_Geom2d_Transformation const &", 
          "arguments": [], 
          "name": "Operator", 
          "parent": "GCE2d_MakeScale", 
          "cls": "memfun", 
          "extern": "1", 
          "const": "1", 
          "throws": true
        }
      ], 
      "cls": "class"
    }, 
    {
      "name": "GCE2d_MakeHyperbola", 
      "abstract": false, 
      "constructors": [
        {
          "returnType": "", 
          "arguments": [
            {
              "decl": "const GCE2d_MakeHyperbola &", 
              "type": "GCE2d_MakeHyperbola", 
              "name": "arg0"
            }
          ], 
          "name": "GCE2d_MakeHyperbola", 
          "parent": "GCE2d_MakeHyperbola", 
          "cls": "constructor", 
          "artificial": "1", 
          "throws": true, 
          "copyConstructor": true
        }, 
        {
          "returnType": "", 
          "arguments": [
            {
              "decl": "const gp_Hypr2d &", 
              "type": "gp_Hypr2d", 
              "name": "H"
            }
          ], 
          "name": "GCE2d_MakeHyperbola", 
          "parent": "GCE2d_MakeHyperbola", 
          "cls": "constructor", 
          "extern": "1", 
          "throws": true
        }, 
        {
          "returnType": "", 
          "arguments": [
            {
              "decl": "const gp_Ax2d &", 
              "type": "gp_Ax2d", 
              "name": "MajorAxis"
            }, 
            {
              "decl": "const Standard_Real", 
              "type": "Standard_Real", 
              "name": "MajorRadius"
            }, 
            {
              "decl": "const Standard_Real", 
              "type": "Standard_Real", 
              "name": "MinorRadius"
            }, 
            {
              "decl": "const Standard_Boolean", 
              "type": "Standard_Boolean", 
              "name": "Sense"
            }
          ], 
          "name": "GCE2d_MakeHyperbola", 
          "parent": "GCE2d_MakeHyperbola", 
          "cls": "constructor", 
          "extern": "1", 
          "throws": true
        }, 
        {
          "returnType": "", 
          "arguments": [
            {
              "decl": "const gp_Ax22d &", 
              "type": "gp_Ax22d", 
              "name": "Axis"
            }, 
            {
              "decl": "const Standard_Real", 
              "type": "Standard_Real", 
              "name": "MajorRadius"
            }, 
            {
              "decl": "const Standard_Real", 
              "type": "Standard_Real", 
              "name": "MinorRadius"
            }
          ], 
          "name": "GCE2d_MakeHyperbola", 
          "parent": "GCE2d_MakeHyperbola", 
          "cls": "constructor", 
          "extern": "1", 
          "throws": true
        }, 
        {
          "returnType": "", 
          "arguments": [
            {
              "decl": "const gp_Pnt2d &", 
              "type": "gp_Pnt2d", 
              "name": "S1"
            }, 
            {
              "decl": "const gp_Pnt2d &", 
              "type": "gp_Pnt2d", 
              "name": "S2"
            }, 
            {
              "decl": "const gp_Pnt2d &", 
              "type": "gp_Pnt2d", 
              "name": "Center"
            }
          ], 
          "name": "GCE2d_MakeHyperbola", 
          "parent": "GCE2d_MakeHyperbola", 
          "cls": "constructor", 
          "extern": "1", 
          "throws": true
        }
      ], 
      "artificial": "1", 
      "bases": [
        {
          "access": "public", 
          "name": "GCE2d_Root"
        }
      ], 
      "location": [
        "/usr/local/include/oce/GCE2d_MakeHyperbola.hxx", 
        65
      ], 
      "members": [
        {
          "returnType": "Handle_Geom2d_Hyperbola const &", 
          "arguments": [], 
          "name": "Value", 
          "parent": "GCE2d_MakeHyperbola", 
          "cls": "memfun", 
          "extern": "1", 
          "const": "1", 
          "throws": true
        }, 
        {
          "returnType": "Handle_Geom2d_Hyperbola const &", 
          "arguments": [], 
          "name": "Operator", 
          "parent": "GCE2d_MakeHyperbola", 
          "cls": "memfun", 
          "extern": "1", 
          "const": "1", 
          "throws": true
        }
      ], 
      "cls": "class"
    }, 
    {
      "name": "GCE2d_MakeMirror", 
      "abstract": false, 
      "constructors": [
        {
          "returnType": "", 
          "arguments": [
            {
              "decl": "const GCE2d_MakeMirror &", 
              "type": "GCE2d_MakeMirror", 
              "name": "arg0"
            }
          ], 
          "name": "GCE2d_MakeMirror", 
          "parent": "GCE2d_MakeMirror", 
          "cls": "constructor", 
          "artificial": "1", 
          "throws": true, 
          "copyConstructor": true
        }, 
        {
          "returnType": "", 
          "arguments": [
            {
              "decl": "const gp_Pnt2d &", 
              "type": "gp_Pnt2d", 
              "name": "Point"
            }
          ], 
          "name": "GCE2d_MakeMirror", 
          "parent": "GCE2d_MakeMirror", 
          "cls": "constructor", 
          "extern": "1", 
          "throws": true
        }, 
        {
          "returnType": "", 
          "arguments": [
            {
              "decl": "const gp_Ax2d &", 
              "type": "gp_Ax2d", 
              "name": "Axis"
            }
          ], 
          "name": "GCE2d_MakeMirror", 
          "parent": "GCE2d_MakeMirror", 
          "cls": "constructor", 
          "extern": "1", 
          "throws": true
        }, 
        {
          "returnType": "", 
          "arguments": [
            {
              "decl": "const gp_Lin2d &", 
              "type": "gp_Lin2d", 
              "name": "Line"
            }
          ], 
          "name": "GCE2d_MakeMirror", 
          "parent": "GCE2d_MakeMirror", 
          "cls": "constructor", 
          "extern": "1", 
          "throws": true
        }, 
        {
          "returnType": "", 
          "arguments": [
            {
              "decl": "const gp_Pnt2d &", 
              "type": "gp_Pnt2d", 
              "name": "Point"
            }, 
            {
              "decl": "const gp_Dir2d &", 
              "type": "gp_Dir2d", 
              "name": "Direc"
            }
          ], 
          "name": "GCE2d_MakeMirror", 
          "parent": "GCE2d_MakeMirror", 
          "cls": "constructor", 
          "extern": "1", 
          "throws": true
        }
      ], 
      "artificial": "1", 
      "bases": [], 
      "location": [
        "/usr/local/include/oce/GCE2d_MakeMirror.hxx", 
        36
      ], 
      "members": [
        {
          "returnType": "Handle_Geom2d_Transformation const &", 
          "arguments": [], 
          "name": "Value", 
          "parent": "GCE2d_MakeMirror", 
          "cls": "memfun", 
          "extern": "1", 
          "const": "1", 
          "throws": true
        }, 
        {
          "returnType": "Handle_Geom2d_Transformation const &", 
          "arguments": [], 
          "name": "Operator", 
          "parent": "GCE2d_MakeMirror", 
          "cls": "memfun", 
          "extern": "1", 
          "const": "1", 
          "throws": true
        }
      ], 
      "cls": "class"
    }, 
    {
      "name": "GCE2d_MakeArcOfEllipse", 
      "abstract": false, 
      "constructors": [
        {
          "returnType": "", 
          "arguments": [
            {
              "decl": "const GCE2d_MakeArcOfEllipse &", 
              "type": "GCE2d_MakeArcOfEllipse", 
              "name": "arg0"
            }
          ], 
          "name": "GCE2d_MakeArcOfEllipse", 
          "parent": "GCE2d_MakeArcOfEllipse", 
          "cls": "constructor", 
          "artificial": "1", 
          "throws": true, 
          "copyConstructor": true
        }, 
        {
          "returnType": "", 
          "arguments": [
            {
              "decl": "const gp_Elips2d &", 
              "type": "gp_Elips2d", 
              "name": "Elips"
            }, 
            {
              "decl": "const Standard_Real", 
              "type": "Standard_Real", 
              "name": "Alpha1"
            }, 
            {
              "decl": "const Standard_Real", 
              "type": "Standard_Real", 
              "name": "Alpha2"
            }, 
            {
              "decl": "const Standard_Boolean", 
              "type": "Standard_Boolean", 
              "name": "Sense", 
              "default": "true"
            }
          ], 
          "name": "GCE2d_MakeArcOfEllipse", 
          "parent": "GCE2d_MakeArcOfEllipse", 
          "cls": "constructor", 
          "extern": "1", 
          "throws": true
        }, 
        {
          "returnType": "", 
          "arguments": [
            {
              "decl": "const gp_Elips2d &", 
              "type": "gp_Elips2d", 
              "name": "Elips"
            }, 
            {
              "decl": "const gp_Pnt2d &", 
              "type": "gp_Pnt2d", 
              "name": "P"
            }, 
            {
              "decl": "const Standard_Real", 
              "type": "Standard_Real", 
              "name": "Alpha"
            }, 
            {
              "decl": "const Standard_Boolean", 
              "type": "Standard_Boolean", 
              "name": "Sense", 
              "default": "true"
            }
          ], 
          "name": "GCE2d_MakeArcOfEllipse", 
          "parent": "GCE2d_MakeArcOfEllipse", 
          "cls": "constructor", 
          "extern": "1", 
          "throws": true
        }, 
        {
          "returnType": "", 
          "arguments": [
            {
              "decl": "const gp_Elips2d &", 
              "type": "gp_Elips2d", 
              "name": "Elips"
            }, 
            {
              "decl": "const gp_Pnt2d &", 
              "type": "gp_Pnt2d", 
              "name": "P1"
            }, 
            {
              "decl": "const gp_Pnt2d &", 
              "type": "gp_Pnt2d", 
              "name": "P2"
            }, 
            {
              "decl": "const Standard_Boolean", 
              "type": "Standard_Boolean", 
              "name": "Sense", 
              "default": "true"
            }
          ], 
          "name": "GCE2d_MakeArcOfEllipse", 
          "parent": "GCE2d_MakeArcOfEllipse", 
          "cls": "constructor", 
          "extern": "1", 
          "throws": true
        }
      ], 
      "artificial": "1", 
      "bases": [
        {
          "access": "public", 
          "name": "GCE2d_Root"
        }
      ], 
      "location": [
        "/usr/local/include/oce/GCE2d_MakeArcOfEllipse.hxx", 
        44
      ], 
      "members": [
        {
          "returnType": "Handle_Geom2d_TrimmedCurve const &", 
          "arguments": [], 
          "name": "Value", 
          "parent": "GCE2d_MakeArcOfEllipse", 
          "cls": "memfun", 
          "extern": "1", 
          "const": "1", 
          "throws": true
        }, 
        {
          "returnType": "Handle_Geom2d_TrimmedCurve const &", 
          "arguments": [], 
          "name": "Operator", 
          "parent": "GCE2d_MakeArcOfEllipse", 
          "cls": "memfun", 
          "extern": "1", 
          "const": "1", 
          "throws": true
        }
      ], 
      "cls": "class"
    }, 
    {
      "name": "GCE2d_MakeSegment", 
      "abstract": false, 
      "constructors": [
        {
          "returnType": "", 
          "arguments": [
            {
              "decl": "const GCE2d_MakeSegment &", 
              "type": "GCE2d_MakeSegment", 
              "name": "arg0"
            }
          ], 
          "name": "GCE2d_MakeSegment", 
          "parent": "GCE2d_MakeSegment", 
          "cls": "constructor", 
          "artificial": "1", 
          "throws": true, 
          "copyConstructor": true
        }, 
        {
          "returnType": "", 
          "arguments": [
            {
              "decl": "const gp_Pnt2d &", 
              "type": "gp_Pnt2d", 
              "name": "P1"
            }, 
            {
              "decl": "const gp_Pnt2d &", 
              "type": "gp_Pnt2d", 
              "name": "P2"
            }
          ], 
          "name": "GCE2d_MakeSegment", 
          "parent": "GCE2d_MakeSegment", 
          "cls": "constructor", 
          "extern": "1", 
          "throws": true
        }, 
        {
          "returnType": "", 
          "arguments": [
            {
              "decl": "const gp_Pnt2d &", 
              "type": "gp_Pnt2d", 
              "name": "P1"
            }, 
            {
              "decl": "const gp_Dir2d &", 
              "type": "gp_Dir2d", 
              "name": "V"
            }, 
            {
              "decl": "const gp_Pnt2d &", 
              "type": "gp_Pnt2d", 
              "name": "P2"
            }
          ], 
          "name": "GCE2d_MakeSegment", 
          "parent": "GCE2d_MakeSegment", 
          "cls": "constructor", 
          "extern": "1", 
          "throws": true
        }, 
        {
          "returnType": "", 
          "arguments": [
            {
              "decl": "const gp_Lin2d &", 
              "type": "gp_Lin2d", 
              "name": "Line"
            }, 
            {
              "decl": "const Standard_Real", 
              "type": "Standard_Real", 
              "name": "U1"
            }, 
            {
              "decl": "const Standard_Real", 
              "type": "Standard_Real", 
              "name": "U2"
            }
          ], 
          "name": "GCE2d_MakeSegment", 
          "parent": "GCE2d_MakeSegment", 
          "cls": "constructor", 
          "extern": "1", 
          "throws": true
        }, 
        {
          "returnType": "", 
          "arguments": [
            {
              "decl": "const gp_Lin2d &", 
              "type": "gp_Lin2d", 
              "name": "Line"
            }, 
            {
              "decl": "const gp_Pnt2d &", 
              "type": "gp_Pnt2d", 
              "name": "Point"
            }, 
            {
              "decl": "const Standard_Real", 
              "type": "Standard_Real", 
              "name": "Ulast"
            }
          ], 
          "name": "GCE2d_MakeSegment", 
          "parent": "GCE2d_MakeSegment", 
          "cls": "constructor", 
          "extern": "1", 
          "throws": true
        }, 
        {
          "returnType": "", 
          "arguments": [
            {
              "decl": "const gp_Lin2d &", 
              "type": "gp_Lin2d", 
              "name": "Line"
            }, 
            {
              "decl": "const gp_Pnt2d &", 
              "type": "gp_Pnt2d", 
              "name": "P1"
            }, 
            {
              "decl": "const gp_Pnt2d &", 
              "type": "gp_Pnt2d", 
              "name": "P2"
            }
          ], 
          "name": "GCE2d_MakeSegment", 
          "parent": "GCE2d_MakeSegment", 
          "cls": "constructor", 
          "extern": "1", 
          "throws": true
        }
      ], 
      "artificial": "1", 
      "bases": [
        {
          "access": "public", 
          "name": "GCE2d_Root"
        }
      ], 
      "location": [
        "/usr/local/include/oce/GCE2d_MakeSegment.hxx", 
        43
      ], 
      "members": [
        {
          "returnType": "Handle_Geom2d_TrimmedCurve const &", 
          "arguments": [], 
          "name": "Value", 
          "parent": "GCE2d_MakeSegment", 
          "cls": "memfun", 
          "extern": "1", 
          "const": "1", 
          "throws": true
        }, 
        {
          "returnType": "Handle_Geom2d_TrimmedCurve const &", 
          "arguments": [], 
          "name": "Operator", 
          "parent": "GCE2d_MakeSegment", 
          "cls": "memfun", 
          "extern": "1", 
          "const": "1", 
          "throws": true
        }
      ], 
      "cls": "class"
    }, 
    {
      "name": "GCE2d_MakeEllipse", 
      "abstract": false, 
      "constructors": [
        {
          "returnType": "", 
          "arguments": [
            {
              "decl": "const GCE2d_MakeEllipse &", 
              "type": "GCE2d_MakeEllipse", 
              "name": "arg0"
            }
          ], 
          "name": "GCE2d_MakeEllipse", 
          "parent": "GCE2d_MakeEllipse", 
          "cls": "constructor", 
          "artificial": "1", 
          "throws": true, 
          "copyConstructor": true
        }, 
        {
          "returnType": "", 
          "arguments": [
            {
              "decl": "const gp_Elips2d &", 
              "type": "gp_Elips2d", 
              "name": "E"
            }
          ], 
          "name": "GCE2d_MakeEllipse", 
          "parent": "GCE2d_MakeEllipse", 
          "cls": "constructor", 
          "extern": "1", 
          "throws": true
        }, 
        {
          "returnType": "", 
          "arguments": [
            {
              "decl": "const gp_Ax2d &", 
              "type": "gp_Ax2d", 
              "name": "MajorAxis"
            }, 
            {
              "decl": "const Standard_Real", 
              "type": "Standard_Real", 
              "name": "MajorRadius"
            }, 
            {
              "decl": "const Standard_Real", 
              "type": "Standard_Real", 
              "name": "MinorRadius"
            }, 
            {
              "decl": "const Standard_Boolean", 
              "type": "Standard_Boolean", 
              "name": "Sense", 
              "default": "true"
            }
          ], 
          "name": "GCE2d_MakeEllipse", 
          "parent": "GCE2d_MakeEllipse", 
          "cls": "constructor", 
          "extern": "1", 
          "throws": true
        }, 
        {
          "returnType": "", 
          "arguments": [
            {
              "decl": "const gp_Ax22d &", 
              "type": "gp_Ax22d", 
              "name": "Axis"
            }, 
            {
              "decl": "const Standard_Real", 
              "type": "Standard_Real", 
              "name": "MajorRadius"
            }, 
            {
              "decl": "const Standard_Real", 
              "type": "Standard_Real", 
              "name": "MinorRadius"
            }
          ], 
          "name": "GCE2d_MakeEllipse", 
          "parent": "GCE2d_MakeEllipse", 
          "cls": "constructor", 
          "extern": "1", 
          "throws": true
        }, 
        {
          "returnType": "", 
          "arguments": [
            {
              "decl": "const gp_Pnt2d &", 
              "type": "gp_Pnt2d", 
              "name": "S1"
            }, 
            {
              "decl": "const gp_Pnt2d &", 
              "type": "gp_Pnt2d", 
              "name": "S2"
            }, 
            {
              "decl": "const gp_Pnt2d &", 
              "type": "gp_Pnt2d", 
              "name": "Center"
            }
          ], 
          "name": "GCE2d_MakeEllipse", 
          "parent": "GCE2d_MakeEllipse", 
          "cls": "constructor", 
          "extern": "1", 
          "throws": true
        }
      ], 
      "artificial": "1", 
      "bases": [
        {
          "access": "public", 
          "name": "GCE2d_Root"
        }
      ], 
      "location": [
        "/usr/local/include/oce/GCE2d_MakeEllipse.hxx", 
        50
      ], 
      "members": [
        {
          "returnType": "Handle_Geom2d_Ellipse const &", 
          "arguments": [], 
          "name": "Value", 
          "parent": "GCE2d_MakeEllipse", 
          "cls": "memfun", 
          "extern": "1", 
          "const": "1", 
          "throws": true
        }, 
        {
          "returnType": "Handle_Geom2d_Ellipse const &", 
          "arguments": [], 
          "name": "Operator", 
          "parent": "GCE2d_MakeEllipse", 
          "cls": "memfun", 
          "extern": "1", 
          "const": "1", 
          "throws": true
        }
      ], 
      "cls": "class"
    }, 
    {
      "name": "GCE2d_MakeArcOfParabola", 
      "abstract": false, 
      "constructors": [
        {
          "returnType": "", 
          "arguments": [
            {
              "decl": "const GCE2d_MakeArcOfParabola &", 
              "type": "GCE2d_MakeArcOfParabola", 
              "name": "arg0"
            }
          ], 
          "name": "GCE2d_MakeArcOfParabola", 
          "parent": "GCE2d_MakeArcOfParabola", 
          "cls": "constructor", 
          "artificial": "1", 
          "throws": true, 
          "copyConstructor": true
        }, 
        {
          "returnType": "", 
          "arguments": [
            {
              "decl": "const gp_Parab2d &", 
              "type": "gp_Parab2d", 
              "name": "Parab"
            }, 
            {
              "decl": "const Standard_Real", 
              "type": "Standard_Real", 
              "name": "Alpha1"
            }, 
            {
              "decl": "const Standard_Real", 
              "type": "Standard_Real", 
              "name": "Alpha2"
            }, 
            {
              "decl": "const Standard_Boolean", 
              "type": "Standard_Boolean", 
              "name": "Sense", 
              "default": "true"
            }
          ], 
          "name": "GCE2d_MakeArcOfParabola", 
          "parent": "GCE2d_MakeArcOfParabola", 
          "cls": "constructor", 
          "extern": "1", 
          "throws": true
        }, 
        {
          "returnType": "", 
          "arguments": [
            {
              "decl": "const gp_Parab2d &", 
              "type": "gp_Parab2d", 
              "name": "Parab"
            }, 
            {
              "decl": "const gp_Pnt2d &", 
              "type": "gp_Pnt2d", 
              "name": "P"
            }, 
            {
              "decl": "const Standard_Real", 
              "type": "Standard_Real", 
              "name": "Alpha"
            }, 
            {
              "decl": "const Standard_Boolean", 
              "type": "Standard_Boolean", 
              "name": "Sense", 
              "default": "true"
            }
          ], 
          "name": "GCE2d_MakeArcOfParabola", 
          "parent": "GCE2d_MakeArcOfParabola", 
          "cls": "constructor", 
          "extern": "1", 
          "throws": true
        }, 
        {
          "returnType": "", 
          "arguments": [
            {
              "decl": "const gp_Parab2d &", 
              "type": "gp_Parab2d", 
              "name": "Parab"
            }, 
            {
              "decl": "const gp_Pnt2d &", 
              "type": "gp_Pnt2d", 
              "name": "P1"
            }, 
            {
              "decl": "const gp_Pnt2d &", 
              "type": "gp_Pnt2d", 
              "name": "P2"
            }, 
            {
              "decl": "const Standard_Boolean", 
              "type": "Standard_Boolean", 
              "name": "Sense", 
              "default": "true"
            }
          ], 
          "name": "GCE2d_MakeArcOfParabola", 
          "parent": "GCE2d_MakeArcOfParabola", 
          "cls": "constructor", 
          "extern": "1", 
          "throws": true
        }
      ], 
      "artificial": "1", 
      "bases": [
        {
          "access": "public", 
          "name": "GCE2d_Root"
        }
      ], 
      "location": [
        "/usr/local/include/oce/GCE2d_MakeArcOfParabola.hxx", 
        44
      ], 
      "members": [
        {
          "returnType": "Handle_Geom2d_TrimmedCurve const &", 
          "arguments": [], 
          "name": "Value", 
          "parent": "GCE2d_MakeArcOfParabola", 
          "cls": "memfun", 
          "extern": "1", 
          "const": "1", 
          "throws": true
        }, 
        {
          "returnType": "Handle_Geom2d_TrimmedCurve const &", 
          "arguments": [], 
          "name": "Operator", 
          "parent": "GCE2d_MakeArcOfParabola", 
          "cls": "memfun", 
          "extern": "1", 
          "const": "1", 
          "throws": true
        }
      ], 
      "cls": "class"
    }, 
    {
      "name": "GCE2d_MakeRotation", 
      "abstract": false, 
      "constructors": [
        {
          "returnType": "", 
          "arguments": [
            {
              "decl": "const GCE2d_MakeRotation &", 
              "type": "GCE2d_MakeRotation", 
              "name": "arg0"
            }
          ], 
          "name": "GCE2d_MakeRotation", 
          "parent": "GCE2d_MakeRotation", 
          "cls": "constructor", 
          "artificial": "1", 
          "throws": true, 
          "copyConstructor": true
        }, 
        {
          "returnType": "", 
          "arguments": [
            {
              "decl": "const gp_Pnt2d &", 
              "type": "gp_Pnt2d", 
              "name": "Point"
            }, 
            {
              "decl": "const Standard_Real", 
              "type": "Standard_Real", 
              "name": "Angle"
            }
          ], 
          "name": "GCE2d_MakeRotation", 
          "parent": "GCE2d_MakeRotation", 
          "cls": "constructor", 
          "extern": "1", 
          "throws": true
        }
      ], 
      "artificial": "1", 
      "bases": [], 
      "location": [
        "/usr/local/include/oce/GCE2d_MakeRotation.hxx", 
        35
      ], 
      "members": [
        {
          "returnType": "Handle_Geom2d_Transformation const &", 
          "arguments": [], 
          "name": "Value", 
          "parent": "GCE2d_MakeRotation", 
          "cls": "memfun", 
          "extern": "1", 
          "const": "1", 
          "throws": true
        }, 
        {
          "returnType": "Handle_Geom2d_Transformation const &", 
          "arguments": [], 
          "name": "Operator", 
          "parent": "GCE2d_MakeRotation", 
          "cls": "memfun", 
          "extern": "1", 
          "const": "1", 
          "throws": true
        }
      ], 
      "cls": "class"
    }, 
    {
      "name": "GCE2d_MakeTranslation", 
      "abstract": false, 
      "constructors": [
        {
          "returnType": "", 
          "arguments": [
            {
              "decl": "const GCE2d_MakeTranslation &", 
              "type": "GCE2d_MakeTranslation", 
              "name": "arg0"
            }
          ], 
          "name": "GCE2d_MakeTranslation", 
          "parent": "GCE2d_MakeTranslation", 
          "cls": "constructor", 
          "artificial": "1", 
          "throws": true, 
          "copyConstructor": true
        }, 
        {
          "returnType": "", 
          "arguments": [
            {
              "decl": "const gp_Vec2d &", 
              "type": "gp_Vec2d", 
              "name": "Vect"
            }
          ], 
          "name": "GCE2d_MakeTranslation", 
          "parent": "GCE2d_MakeTranslation", 
          "cls": "constructor", 
          "extern": "1", 
          "throws": true
        }, 
        {
          "returnType": "", 
          "arguments": [
            {
              "decl": "const gp_Pnt2d &", 
              "type": "gp_Pnt2d", 
              "name": "Point1"
            }, 
            {
              "decl": "const gp_Pnt2d &", 
              "type": "gp_Pnt2d", 
              "name": "Point2"
            }
          ], 
          "name": "GCE2d_MakeTranslation", 
          "parent": "GCE2d_MakeTranslation", 
          "cls": "constructor", 
          "extern": "1", 
          "throws": true
        }
      ], 
      "artificial": "1", 
      "bases": [], 
      "location": [
        "/usr/local/include/oce/GCE2d_MakeTranslation.hxx", 
        34
      ], 
      "members": [
        {
          "returnType": "Handle_Geom2d_Transformation const &", 
          "arguments": [], 
          "name": "Value", 
          "parent": "GCE2d_MakeTranslation", 
          "cls": "memfun", 
          "extern": "1", 
          "const": "1", 
          "throws": true
        }, 
        {
          "returnType": "Handle_Geom2d_Transformation const &", 
          "arguments": [], 
          "name": "Operator", 
          "parent": "GCE2d_MakeTranslation", 
          "cls": "memfun", 
          "extern": "1", 
          "const": "1", 
          "throws": true
        }
      ], 
      "cls": "class"
    }
  ], 
  "headers": [
    "GCE2d_MakeParabola.hxx", 
    "GCE2d_MakeMirror.hxx", 
    "GCE2d_MakeArcOfHyperbola.hxx", 
    "GCE2d_Root.hxx", 
    "GCE2d_MakeHyperbola.hxx", 
    "GCE2d_MakeArcOfCircle.hxx", 
    "GCE2d_MakeSegment.hxx", 
    "GCE2d_MakeCircle.hxx", 
    "GCE2d_MakeScale.hxx", 
    "GCE2d_MakeRotation.hxx", 
    "GCE2d_MakeLine.hxx", 
    "GCE2d_MakeArcOfEllipse.hxx", 
    "GCE2d_MakeEllipse.hxx", 
    "GCE2d_MakeTranslation.hxx", 
    "GCE2d_MakeArcOfParabola.hxx"
  ], 
  "enums": [], 
  "typedefs": [], 
  "name": "GCE2d"
}