{
  "classes": [
    {
      "name": "GeomAdaptor_HCurve", 
      "abstract": false, 
      "constructors": [
        {
          "returnType": "", 
          "arguments": [
            {
              "decl": "const GeomAdaptor_HCurve &", 
              "type": "GeomAdaptor_HCurve", 
              "name": "arg0"
            }
          ], 
          "name": "GeomAdaptor_HCurve", 
          "parent": "GeomAdaptor_HCurve", 
          "cls": "constructor", 
          "artificial": "1", 
          "throws": true, 
          "copyConstructor": true
        }, 
        {
          "returnType": "", 
          "arguments": [], 
          "name": "GeomAdaptor_HCurve", 
          "parent": "GeomAdaptor_HCurve", 
          "cls": "constructor", 
          "throws": true
        }, 
        {
          "returnType": "", 
          "arguments": [
            {
              "decl": "const GeomAdaptor_Curve &", 
              "type": "GeomAdaptor_Curve", 
              "name": "AS"
            }
          ], 
          "name": "GeomAdaptor_HCurve", 
          "parent": "GeomAdaptor_HCurve", 
          "cls": "constructor", 
          "throws": true
        }, 
        {
          "returnType": "", 
          "arguments": [
            {
              "decl": "const Handle_Geom_Curve &", 
              "type": "Handle_Geom_Curve", 
              "name": "S"
            }
          ], 
          "name": "GeomAdaptor_HCurve", 
          "parent": "GeomAdaptor_HCurve", 
          "cls": "constructor", 
          "throws": true
        }, 
        {
          "returnType": "", 
          "arguments": [
            {
              "decl": "const Handle_Geom_Curve &", 
              "type": "Handle_Geom_Curve", 
              "name": "S"
            }, 
            {
              "decl": "const Standard_Real", 
              "type": "Standard_Real", 
              "name": "UFirst"
            }, 
            {
              "decl": "const Standard_Real", 
              "type": "Standard_Real", 
              "name": "ULast"
            }
          ], 
          "name": "GeomAdaptor_HCurve", 
          "parent": "GeomAdaptor_HCurve", 
          "cls": "constructor", 
          "throws": true
        }
      ], 
      "artificial": "1", 
      "bases": [
        {
          "access": "public", 
          "name": "GeomAdaptor_GHCurve"
        }
      ], 
      "location": [
        "/usr/local/include/oce/GeomAdaptor_HCurve.hxx", 
        36
      ], 
      "members": [
        {
          "returnType": "Handle_Standard_Type const &", 
          "arguments": [], 
          "name": "DynamicType", 
          "parent": "GeomAdaptor_HCurve", 
          "cls": "memfun", 
          "extern": "1", 
          "const": "1", 
          "throws": true, 
          "virtuality": "virtual"
        }
      ], 
      "cls": "class"
    }, 
    {
      "name": "GeomAdaptor_GHSurface", 
      "abstract": false, 
      "constructors": [
        {
          "returnType": "", 
          "arguments": [
            {
              "decl": "const GeomAdaptor_GHSurface &", 
              "type": "GeomAdaptor_GHSurface", 
              "name": "arg0"
            }
          ], 
          "name": "GeomAdaptor_GHSurface", 
          "parent": "GeomAdaptor_GHSurface", 
          "cls": "constructor", 
          "artificial": "1", 
          "throws": true, 
          "copyConstructor": true
        }, 
        {
          "returnType": "", 
          "arguments": [], 
          "name": "GeomAdaptor_GHSurface", 
          "parent": "GeomAdaptor_GHSurface", 
          "cls": "constructor", 
          "extern": "1", 
          "throws": true
        }, 
        {
          "returnType": "", 
          "arguments": [
            {
              "decl": "const GeomAdaptor_Surface &", 
              "type": "GeomAdaptor_Surface", 
              "name": "S"
            }
          ], 
          "name": "GeomAdaptor_GHSurface", 
          "parent": "GeomAdaptor_GHSurface", 
          "cls": "constructor", 
          "extern": "1", 
          "throws": true
        }
      ], 
      "artificial": "1", 
      "bases": [
        {
          "access": "public", 
          "name": "Adaptor3d_HSurface"
        }
      ], 
      "location": [
        "/usr/local/include/oce/GeomAdaptor_GHSurface.hxx", 
        33
      ], 
      "members": [
        {
          "returnType": "void", 
          "arguments": [
            {
              "decl": "const GeomAdaptor_Surface &", 
              "type": "GeomAdaptor_Surface", 
              "name": "S"
            }
          ], 
          "name": "Set", 
          "parent": "GeomAdaptor_GHSurface", 
          "cls": "memfun", 
          "extern": "1", 
          "throws": true
        }, 
        {
          "returnType": "Adaptor3d_Surface const &", 
          "arguments": [], 
          "name": "Surface", 
          "parent": "GeomAdaptor_GHSurface", 
          "cls": "memfun", 
          "extern": "1", 
          "const": "1", 
          "throws": true, 
          "virtuality": "virtual"
        }, 
        {
          "returnType": "GeomAdaptor_Surface &", 
          "arguments": [], 
          "name": "ChangeSurface", 
          "parent": "GeomAdaptor_GHSurface", 
          "cls": "memfun", 
          "throws": true
        }, 
        {
          "returnType": "Handle_Standard_Type const &", 
          "arguments": [], 
          "name": "DynamicType", 
          "parent": "GeomAdaptor_GHSurface", 
          "cls": "memfun", 
          "extern": "1", 
          "const": "1", 
          "throws": true, 
          "virtuality": "virtual"
        }
      ], 
      "cls": "class"
    }, 
    {
      "name": "Handle_GeomAdaptor_HCurve", 
      "abstract": false, 
      "constructors": [
        {
          "returnType": "", 
          "arguments": [], 
          "name": "Handle_GeomAdaptor_HCurve", 
          "parent": "Handle_GeomAdaptor_HCurve", 
          "cls": "constructor", 
          "throws": true
        }, 
        {
          "returnType": "", 
          "arguments": [
            {
              "decl": "const Handle_GeomAdaptor_HCurve &", 
              "type": "Handle_GeomAdaptor_HCurve", 
              "name": "aHandle"
            }
          ], 
          "name": "Handle_GeomAdaptor_HCurve", 
          "parent": "Handle_GeomAdaptor_HCurve", 
          "cls": "constructor", 
          "throws": true, 
          "copyConstructor": true
        }, 
        {
          "returnType": "", 
          "arguments": [
            {
              "decl": "const GeomAdaptor_HCurve *", 
              "type": "GeomAdaptor_HCurve", 
              "name": "anItem"
            }
          ], 
          "name": "Handle_GeomAdaptor_HCurve", 
          "parent": "Handle_GeomAdaptor_HCurve", 
          "cls": "constructor", 
          "throws": true
        }
      ], 
      "artificial": "1", 
      "bases": [
        {
          "access": "public", 
          "name": "Handle_GeomAdaptor_GHCurve"
        }
      ], 
      "location": [
        "/usr/local/include/oce/Handle_GeomAdaptor_HCurve.hxx", 
        25
      ], 
      "members": [
        {
          "returnType": "Handle_GeomAdaptor_HCurve", 
          "arguments": [
            {
              "decl": "const Handle_Standard_Transient &", 
              "type": "Handle_Standard_Transient", 
              "name": "AnObject"
            }
          ], 
          "name": "DownCast", 
          "parent": "Handle_GeomAdaptor_HCurve", 
          "cls": "memfun", 
          "static": "1", 
          "extern": "1", 
          "throws": true
        }
      ], 
      "cls": "class"
    }, 
    {
      "name": "GeomAdaptor_GHCurve", 
      "abstract": false, 
      "constructors": [
        {
          "returnType": "", 
          "arguments": [
            {
              "decl": "const GeomAdaptor_GHCurve &", 
              "type": "GeomAdaptor_GHCurve", 
              "name": "arg0"
            }
          ], 
          "name": "GeomAdaptor_GHCurve", 
          "parent": "GeomAdaptor_GHCurve", 
          "cls": "constructor", 
          "artificial": "1", 
          "throws": true, 
          "copyConstructor": true
        }, 
        {
          "returnType": "", 
          "arguments": [], 
          "name": "GeomAdaptor_GHCurve", 
          "parent": "GeomAdaptor_GHCurve", 
          "cls": "constructor", 
          "extern": "1", 
          "throws": true
        }, 
        {
          "returnType": "", 
          "arguments": [
            {
              "decl": "const GeomAdaptor_Curve &", 
              "type": "GeomAdaptor_Curve", 
              "name": "C"
            }
          ], 
          "name": "GeomAdaptor_GHCurve", 
          "parent": "GeomAdaptor_GHCurve", 
          "cls": "constructor", 
          "extern": "1", 
          "throws": true
        }
      ], 
      "artificial": "1", 
      "bases": [
        {
          "access": "public", 
          "name": "Adaptor3d_HCurve"
        }
      ], 
      "location": [
        "/usr/local/include/oce/GeomAdaptor_GHCurve.hxx", 
        33
      ], 
      "members": [
        {
          "returnType": "void", 
          "arguments": [
            {
              "decl": "const GeomAdaptor_Curve &", 
              "type": "GeomAdaptor_Curve", 
              "name": "C"
            }
          ], 
          "name": "Set", 
          "parent": "GeomAdaptor_GHCurve", 
          "cls": "memfun", 
          "extern": "1", 
          "throws": true
        }, 
        {
          "returnType": "Adaptor3d_Curve const &", 
          "arguments": [], 
          "name": "Curve", 
          "parent": "GeomAdaptor_GHCurve", 
          "cls": "memfun", 
          "extern": "1", 
          "const": "1", 
          "throws": true, 
          "virtuality": "virtual"
        }, 
        {
          "returnType": "Adaptor3d_Curve &", 
          "arguments": [], 
          "name": "GetCurve", 
          "parent": "GeomAdaptor_GHCurve", 
          "cls": "memfun", 
          "extern": "1", 
          "throws": true, 
          "virtuality": "virtual"
        }, 
        {
          "returnType": "GeomAdaptor_Curve &", 
          "arguments": [], 
          "name": "ChangeCurve", 
          "parent": "GeomAdaptor_GHCurve", 
          "cls": "memfun", 
          "throws": true
        }, 
        {
          "returnType": "Handle_Standard_Type const &", 
          "arguments": [], 
          "name": "DynamicType", 
          "parent": "GeomAdaptor_GHCurve", 
          "cls": "memfun", 
          "extern": "1", 
          "const": "1", 
          "throws": true, 
          "virtuality": "virtual"
        }
      ], 
      "cls": "class"
    }, 
    {
      "name": "Handle_GeomAdaptor_HSurface", 
      "abstract": false, 
      "constructors": [
        {
          "returnType": "", 
          "arguments": [], 
          "name": "Handle_GeomAdaptor_HSurface", 
          "parent": "Handle_GeomAdaptor_HSurface", 
          "cls": "constructor", 
          "throws": true
        }, 
        {
          "returnType": "", 
          "arguments": [
            {
              "decl": "const Handle_GeomAdaptor_HSurface &", 
              "type": "Handle_GeomAdaptor_HSurface", 
              "name": "aHandle"
            }
          ], 
          "name": "Handle_GeomAdaptor_HSurface", 
          "parent": "Handle_GeomAdaptor_HSurface", 
          "cls": "constructor", 
          "throws": true, 
          "copyConstructor": true
        }, 
        {
          "returnType": "", 
          "arguments": [
            {
              "decl": "const GeomAdaptor_HSurface *", 
              "type": "GeomAdaptor_HSurface", 
              "name": "anItem"
            }
          ], 
          "name": "Handle_GeomAdaptor_HSurface", 
          "parent": "Handle_GeomAdaptor_HSurface", 
          "cls": "constructor", 
          "throws": true
        }
      ], 
      "artificial": "1", 
      "bases": [
        {
          "access": "public", 
          "name": "Handle_GeomAdaptor_GHSurface"
        }
      ], 
      "location": [
        "/usr/local/include/oce/Handle_GeomAdaptor_HSurface.hxx", 
        25
      ], 
      "members": [
        {
          "returnType": "Handle_GeomAdaptor_HSurface", 
          "arguments": [
            {
              "decl": "const Handle_Standard_Transient &", 
              "type": "Handle_Standard_Transient", 
              "name": "AnObject"
            }
          ], 
          "name": "DownCast", 
          "parent": "Handle_GeomAdaptor_HSurface", 
          "cls": "memfun", 
          "static": "1", 
          "extern": "1", 
          "throws": true
        }
      ], 
      "cls": "class"
    }, 
    {
      "name": "GeomAdaptor_HSurface", 
      "abstract": false, 
      "constructors": [
        {
          "returnType": "", 
          "arguments": [
            {
              "decl": "const GeomAdaptor_HSurface &", 
              "type": "GeomAdaptor_HSurface", 
              "name": "arg0"
            }
          ], 
          "name": "GeomAdaptor_HSurface", 
          "parent": "GeomAdaptor_HSurface", 
          "cls": "constructor", 
          "artificial": "1", 
          "throws": true, 
          "copyConstructor": true
        }, 
        {
          "returnType": "", 
          "arguments": [], 
          "name": "GeomAdaptor_HSurface", 
          "parent": "GeomAdaptor_HSurface", 
          "cls": "constructor", 
          "throws": true
        }, 
        {
          "returnType": "", 
          "arguments": [
            {
              "decl": "const GeomAdaptor_Surface &", 
              "type": "GeomAdaptor_Surface", 
              "name": "AS"
            }
          ], 
          "name": "GeomAdaptor_HSurface", 
          "parent": "GeomAdaptor_HSurface", 
          "cls": "constructor", 
          "throws": true
        }, 
        {
          "returnType": "", 
          "arguments": [
            {
              "decl": "const Handle_Geom_Surface &", 
              "type": "Handle_Geom_Surface", 
              "name": "S"
            }
          ], 
          "name": "GeomAdaptor_HSurface", 
          "parent": "GeomAdaptor_HSurface", 
          "cls": "constructor", 
          "throws": true
        }, 
        {
          "returnType": "", 
          "arguments": [
            {
              "decl": "const Handle_Geom_Surface &", 
              "type": "Handle_Geom_Surface", 
              "name": "S"
            }, 
            {
              "decl": "const Standard_Real", 
              "type": "Standard_Real", 
              "name": "UFirst"
            }, 
            {
              "decl": "const Standard_Real", 
              "type": "Standard_Real", 
              "name": "ULast"
            }, 
            {
              "decl": "const Standard_Real", 
              "type": "Standard_Real", 
              "name": "VFirst"
            }, 
            {
              "decl": "const Standard_Real", 
              "type": "Standard_Real", 
              "name": "VLast"
            }, 
            {
              "decl": "const Standard_Real", 
              "type": "Standard_Real", 
              "name": "TolU", 
              "default": "0.0"
            }, 
            {
              "decl": "const Standard_Real", 
              "type": "Standard_Real", 
              "name": "TolV", 
              "default": "0.0"
            }
          ], 
          "name": "GeomAdaptor_HSurface", 
          "parent": "GeomAdaptor_HSurface", 
          "cls": "constructor", 
          "throws": true
        }
      ], 
      "artificial": "1", 
      "bases": [
        {
          "access": "public", 
          "name": "GeomAdaptor_GHSurface"
        }
      ], 
      "location": [
        "/usr/local/include/oce/GeomAdaptor_HSurface.hxx", 
        36
      ], 
      "members": [
        {
          "returnType": "Handle_Standard_Type const &", 
          "arguments": [], 
          "name": "DynamicType", 
          "parent": "GeomAdaptor_HSurface", 
          "cls": "memfun", 
          "extern": "1", 
          "const": "1", 
          "throws": true, 
          "virtuality": "virtual"
        }
      ], 
      "cls": "class"
    }, 
    {
      "name": "Handle_GeomAdaptor_GHSurface", 
      "abstract": false, 
      "constructors": [
        {
          "returnType": "", 
          "arguments": [], 
          "name": "Handle_GeomAdaptor_GHSurface", 
          "parent": "Handle_GeomAdaptor_GHSurface", 
          "cls": "constructor", 
          "throws": true
        }, 
        {
          "returnType": "", 
          "arguments": [
            {
              "decl": "const Handle_GeomAdaptor_GHSurface &", 
              "type": "Handle_GeomAdaptor_GHSurface", 
              "name": "aHandle"
            }
          ], 
          "name": "Handle_GeomAdaptor_GHSurface", 
          "parent": "Handle_GeomAdaptor_GHSurface", 
          "cls": "constructor", 
          "throws": true, 
          "copyConstructor": true
        }, 
        {
          "returnType": "", 
          "arguments": [
            {
              "decl": "const GeomAdaptor_GHSurface *", 
              "type": "GeomAdaptor_GHSurface", 
              "name": "anItem"
            }
          ], 
          "name": "Handle_GeomAdaptor_GHSurface", 
          "parent": "Handle_GeomAdaptor_GHSurface", 
          "cls": "constructor", 
          "throws": true
        }
      ], 
      "artificial": "1", 
      "bases": [
        {
          "access": "public", 
          "name": "Handle_Adaptor3d_HSurface"
        }
      ], 
      "location": [
        "/usr/local/include/oce/Handle_GeomAdaptor_GHSurface.hxx", 
        25
      ], 
      "members": [
        {
          "returnType": "Handle_GeomAdaptor_GHSurface", 
          "arguments": [
            {
              "decl": "const Handle_Standard_Transient &", 
              "type": "Handle_Standard_Transient", 
              "name": "AnObject"
            }
          ], 
          "name": "DownCast", 
          "parent": "Handle_GeomAdaptor_GHSurface", 
          "cls": "memfun", 
          "static": "1", 
          "extern": "1", 
          "throws": true
        }
      ], 
      "cls": "class"
    }, 
    {
      "name": "GeomAdaptor_Curve", 
      "abstract": false, 
      "constructors": [
        {
          "returnType": "", 
          "arguments": [
            {
              "decl": "const GeomAdaptor_Curve &", 
              "type": "GeomAdaptor_Curve", 
              "name": "arg0"
            }
          ], 
          "name": "GeomAdaptor_Curve", 
          "parent": "GeomAdaptor_Curve", 
          "cls": "constructor", 
          "artificial": "1", 
          "throws": true, 
          "copyConstructor": true
        }, 
        {
          "returnType": "", 
          "arguments": [], 
          "name": "GeomAdaptor_Curve", 
          "parent": "GeomAdaptor_Curve", 
          "cls": "constructor", 
          "throws": true
        }, 
        {
          "returnType": "", 
          "arguments": [
            {
              "decl": "const Handle_Geom_Curve &", 
              "type": "Handle_Geom_Curve", 
              "name": "C"
            }
          ], 
          "name": "GeomAdaptor_Curve", 
          "parent": "GeomAdaptor_Curve", 
          "cls": "constructor", 
          "throws": true
        }, 
        {
          "returnType": "", 
          "arguments": [
            {
              "decl": "const Handle_Geom_Curve &", 
              "type": "Handle_Geom_Curve", 
              "name": "C"
            }, 
            {
              "decl": "const Standard_Real", 
              "type": "Standard_Real", 
              "name": "UFirst"
            }, 
            {
              "decl": "const Standard_Real", 
              "type": "Standard_Real", 
              "name": "ULast"
            }
          ], 
          "name": "GeomAdaptor_Curve", 
          "parent": "GeomAdaptor_Curve", 
          "cls": "constructor", 
          "throws": true
        }
      ], 
      "artificial": "1", 
      "bases": [
        {
          "access": "public", 
          "name": "Adaptor3d_Curve"
        }
      ], 
      "location": [
        "/usr/local/include/oce/GeomAdaptor_Curve.hxx", 
        70
      ], 
      "members": [
        {
          "returnType": "void", 
          "arguments": [
            {
              "decl": "const Handle_Geom_Curve &", 
              "type": "Handle_Geom_Curve", 
              "name": "C"
            }
          ], 
          "name": "Load", 
          "parent": "GeomAdaptor_Curve", 
          "cls": "memfun", 
          "throws": true
        }, 
        {
          "returnType": "void", 
          "arguments": [
            {
              "decl": "const Handle_Geom_Curve &", 
              "type": "Handle_Geom_Curve", 
              "name": "C"
            }, 
            {
              "decl": "const Standard_Real", 
              "type": "Standard_Real", 
              "name": "UFirst"
            }, 
            {
              "decl": "const Standard_Real", 
              "type": "Standard_Real", 
              "name": "ULast"
            }
          ], 
          "name": "Load", 
          "parent": "GeomAdaptor_Curve", 
          "cls": "memfun", 
          "throws": true
        }, 
        {
          "returnType": "Handle_Geom_Curve const &", 
          "arguments": [], 
          "name": "Curve", 
          "parent": "GeomAdaptor_Curve", 
          "cls": "memfun", 
          "const": "1", 
          "throws": true
        }, 
        {
          "returnType": "Standard_Real", 
          "arguments": [], 
          "name": "FirstParameter", 
          "parent": "GeomAdaptor_Curve", 
          "cls": "memfun", 
          "const": "1", 
          "throws": true, 
          "virtuality": "virtual"
        }, 
        {
          "returnType": "Standard_Real", 
          "arguments": [], 
          "name": "LastParameter", 
          "parent": "GeomAdaptor_Curve", 
          "cls": "memfun", 
          "const": "1", 
          "throws": true, 
          "virtuality": "virtual"
        }, 
        {
          "returnType": "GeomAbs_Shape", 
          "arguments": [], 
          "name": "Continuity", 
          "parent": "GeomAdaptor_Curve", 
          "cls": "memfun", 
          "extern": "1", 
          "const": "1", 
          "throws": true, 
          "virtuality": "virtual"
        }, 
        {
          "returnType": "Standard_Integer", 
          "arguments": [
            {
              "decl": "const GeomAbs_Shape", 
              "type": "GeomAbs_Shape", 
              "name": "S"
            }
          ], 
          "name": "NbIntervals", 
          "parent": "GeomAdaptor_Curve", 
          "cls": "memfun", 
          "extern": "1", 
          "throws": true, 
          "virtuality": "virtual"
        }, 
        {
          "returnType": "void", 
          "arguments": [
            {
              "decl": "TColStd_Array1OfReal &", 
              "type": "TColStd_Array1OfReal", 
              "name": "T"
            }, 
            {
              "decl": "const GeomAbs_Shape", 
              "type": "GeomAbs_Shape", 
              "name": "S"
            }
          ], 
          "name": "Intervals", 
          "parent": "GeomAdaptor_Curve", 
          "cls": "memfun", 
          "extern": "1", 
          "throws": true, 
          "virtuality": "virtual"
        }, 
        {
          "returnType": "Handle_Adaptor3d_HCurve", 
          "arguments": [
            {
              "decl": "const Standard_Real", 
              "type": "Standard_Real", 
              "name": "First"
            }, 
            {
              "decl": "const Standard_Real", 
              "type": "Standard_Real", 
              "name": "Last"
            }, 
            {
              "decl": "const Standard_Real", 
              "type": "Standard_Real", 
              "name": "Tol"
            }
          ], 
          "name": "Trim", 
          "parent": "GeomAdaptor_Curve", 
          "cls": "memfun", 
          "extern": "1", 
          "const": "1", 
          "throws": true, 
          "virtuality": "virtual"
        }, 
        {
          "returnType": "Standard_Boolean", 
          "arguments": [], 
          "name": "IsClosed", 
          "parent": "GeomAdaptor_Curve", 
          "cls": "memfun", 
          "extern": "1", 
          "const": "1", 
          "throws": true, 
          "virtuality": "virtual"
        }, 
        {
          "returnType": "Standard_Boolean", 
          "arguments": [], 
          "name": "IsPeriodic", 
          "parent": "GeomAdaptor_Curve", 
          "cls": "memfun", 
          "extern": "1", 
          "const": "1", 
          "throws": true, 
          "virtuality": "virtual"
        }, 
        {
          "returnType": "Standard_Real", 
          "arguments": [], 
          "name": "Period", 
          "parent": "GeomAdaptor_Curve", 
          "cls": "memfun", 
          "extern": "1", 
          "const": "1", 
          "throws": true, 
          "virtuality": "virtual"
        }, 
        {
          "returnType": "gp_Pnt", 
          "arguments": [
            {
              "decl": "const Standard_Real", 
              "type": "Standard_Real", 
              "name": "U"
            }
          ], 
          "name": "Value", 
          "parent": "GeomAdaptor_Curve", 
          "cls": "memfun", 
          "extern": "1", 
          "const": "1", 
          "throws": true, 
          "virtuality": "virtual"
        }, 
        {
          "returnType": "void", 
          "arguments": [
            {
              "decl": "const Standard_Real", 
              "type": "Standard_Real", 
              "name": "U"
            }, 
            {
              "decl": "gp_Pnt &", 
              "type": "gp_Pnt", 
              "name": "P"
            }
          ], 
          "name": "D0", 
          "parent": "GeomAdaptor_Curve", 
          "cls": "memfun", 
          "extern": "1", 
          "const": "1", 
          "throws": true, 
          "virtuality": "virtual"
        }, 
        {
          "returnType": "void", 
          "arguments": [
            {
              "decl": "const Standard_Real", 
              "type": "Standard_Real", 
              "name": "U"
            }, 
            {
              "decl": "gp_Pnt &", 
              "type": "gp_Pnt", 
              "name": "P"
            }, 
            {
              "decl": "gp_Vec &", 
              "type": "gp_Vec", 
              "name": "V"
            }
          ], 
          "name": "D1", 
          "parent": "GeomAdaptor_Curve", 
          "cls": "memfun", 
          "extern": "1", 
          "const": "1", 
          "throws": true, 
          "virtuality": "virtual"
        }, 
        {
          "returnType": "void", 
          "arguments": [
            {
              "decl": "const Standard_Real", 
              "type": "Standard_Real", 
              "name": "U"
            }, 
            {
              "decl": "gp_Pnt &", 
              "type": "gp_Pnt", 
              "name": "P"
            }, 
            {
              "decl": "gp_Vec &", 
              "type": "gp_Vec", 
              "name": "V1"
            }, 
            {
              "decl": "gp_Vec &", 
              "type": "gp_Vec", 
              "name": "V2"
            }
          ], 
          "name": "D2", 
          "parent": "GeomAdaptor_Curve", 
          "cls": "memfun", 
          "extern": "1", 
          "const": "1", 
          "throws": true, 
          "virtuality": "virtual"
        }, 
        {
          "returnType": "void", 
          "arguments": [
            {
              "decl": "const Standard_Real", 
              "type": "Standard_Real", 
              "name": "U"
            }, 
            {
              "decl": "gp_Pnt &", 
              "type": "gp_Pnt", 
              "name": "P"
            }, 
            {
              "decl": "gp_Vec &", 
              "type": "gp_Vec", 
              "name": "V1"
            }, 
            {
              "decl": "gp_Vec &", 
              "type": "gp_Vec", 
              "name": "V2"
            }, 
            {
              "decl": "gp_Vec &", 
              "type": "gp_Vec", 
              "name": "V3"
            }
          ], 
          "name": "D3", 
          "parent": "GeomAdaptor_Curve", 
          "cls": "memfun", 
          "extern": "1", 
          "const": "1", 
          "throws": true, 
          "virtuality": "virtual"
        }, 
        {
          "returnType": "gp_Vec", 
          "arguments": [
            {
              "decl": "const Standard_Real", 
              "type": "Standard_Real", 
              "name": "U"
            }, 
            {
              "decl": "const Standard_Integer", 
              "type": "Standard_Integer", 
              "name": "N"
            }
          ], 
          "name": "DN", 
          "parent": "GeomAdaptor_Curve", 
          "cls": "memfun", 
          "extern": "1", 
          "const": "1", 
          "throws": true, 
          "virtuality": "virtual"
        }, 
        {
          "returnType": "Standard_Real", 
          "arguments": [
            {
              "decl": "const Standard_Real", 
              "type": "Standard_Real", 
              "name": "R3d"
            }
          ], 
          "name": "Resolution", 
          "parent": "GeomAdaptor_Curve", 
          "cls": "memfun", 
          "extern": "1", 
          "const": "1", 
          "throws": true, 
          "virtuality": "virtual"
        }, 
        {
          "returnType": "GeomAbs_CurveType", 
          "arguments": [], 
          "name": "GetType", 
          "parent": "GeomAdaptor_Curve", 
          "cls": "memfun", 
          "const": "1", 
          "throws": true, 
          "virtuality": "virtual"
        }, 
        {
          "returnType": "gp_Lin", 
          "arguments": [], 
          "name": "Line", 
          "parent": "GeomAdaptor_Curve", 
          "cls": "memfun", 
          "extern": "1", 
          "const": "1", 
          "throws": true, 
          "virtuality": "virtual"
        }, 
        {
          "returnType": "gp_Circ", 
          "arguments": [], 
          "name": "Circle", 
          "parent": "GeomAdaptor_Curve", 
          "cls": "memfun", 
          "extern": "1", 
          "const": "1", 
          "throws": true, 
          "virtuality": "virtual"
        }, 
        {
          "returnType": "gp_Elips", 
          "arguments": [], 
          "name": "Ellipse", 
          "parent": "GeomAdaptor_Curve", 
          "cls": "memfun", 
          "extern": "1", 
          "const": "1", 
          "throws": true, 
          "virtuality": "virtual"
        }, 
        {
          "returnType": "gp_Hypr", 
          "arguments": [], 
          "name": "Hyperbola", 
          "parent": "GeomAdaptor_Curve", 
          "cls": "memfun", 
          "extern": "1", 
          "const": "1", 
          "throws": true, 
          "virtuality": "virtual"
        }, 
        {
          "returnType": "gp_Parab", 
          "arguments": [], 
          "name": "Parabola", 
          "parent": "GeomAdaptor_Curve", 
          "cls": "memfun", 
          "extern": "1", 
          "const": "1", 
          "throws": true, 
          "virtuality": "virtual"
        }, 
        {
          "returnType": "Standard_Integer", 
          "arguments": [], 
          "name": "Degree", 
          "parent": "GeomAdaptor_Curve", 
          "cls": "memfun", 
          "extern": "1", 
          "const": "1", 
          "throws": true, 
          "virtuality": "virtual"
        }, 
        {
          "returnType": "Standard_Boolean", 
          "arguments": [], 
          "name": "IsRational", 
          "parent": "GeomAdaptor_Curve", 
          "cls": "memfun", 
          "extern": "1", 
          "const": "1", 
          "throws": true, 
          "virtuality": "virtual"
        }, 
        {
          "returnType": "Standard_Integer", 
          "arguments": [], 
          "name": "NbPoles", 
          "parent": "GeomAdaptor_Curve", 
          "cls": "memfun", 
          "extern": "1", 
          "const": "1", 
          "throws": true, 
          "virtuality": "virtual"
        }, 
        {
          "returnType": "Standard_Integer", 
          "arguments": [], 
          "name": "NbKnots", 
          "parent": "GeomAdaptor_Curve", 
          "cls": "memfun", 
          "extern": "1", 
          "const": "1", 
          "throws": true, 
          "virtuality": "virtual"
        }, 
        {
          "returnType": "Handle_Geom_BezierCurve", 
          "arguments": [], 
          "name": "Bezier", 
          "parent": "GeomAdaptor_Curve", 
          "cls": "memfun", 
          "extern": "1", 
          "const": "1", 
          "throws": true, 
          "virtuality": "virtual"
        }, 
        {
          "returnType": "Handle_Geom_BSplineCurve", 
          "arguments": [], 
          "name": "BSpline", 
          "parent": "GeomAdaptor_Curve", 
          "cls": "memfun", 
          "extern": "1", 
          "const": "1", 
          "throws": true, 
          "virtuality": "virtual"
        }
      ], 
      "cls": "class"
    }, 
    {
      "name": "GeomAdaptor_Surface", 
      "abstract": false, 
      "constructors": [
        {
          "returnType": "", 
          "arguments": [
            {
              "decl": "const GeomAdaptor_Surface &", 
              "type": "GeomAdaptor_Surface", 
              "name": "arg0"
            }
          ], 
          "name": "GeomAdaptor_Surface", 
          "parent": "GeomAdaptor_Surface", 
          "cls": "constructor", 
          "artificial": "1", 
          "throws": true, 
          "copyConstructor": true
        }, 
        {
          "returnType": "", 
          "arguments": [], 
          "name": "GeomAdaptor_Surface", 
          "parent": "GeomAdaptor_Surface", 
          "cls": "constructor", 
          "throws": true
        }, 
        {
          "returnType": "", 
          "arguments": [
            {
              "decl": "const Handle_Geom_Surface &", 
              "type": "Handle_Geom_Surface", 
              "name": "S"
            }
          ], 
          "name": "GeomAdaptor_Surface", 
          "parent": "GeomAdaptor_Surface", 
          "cls": "constructor", 
          "throws": true
        }, 
        {
          "returnType": "", 
          "arguments": [
            {
              "decl": "const Handle_Geom_Surface &", 
              "type": "Handle_Geom_Surface", 
              "name": "S"
            }, 
            {
              "decl": "const Standard_Real", 
              "type": "Standard_Real", 
              "name": "UFirst"
            }, 
            {
              "decl": "const Standard_Real", 
              "type": "Standard_Real", 
              "name": "ULast"
            }, 
            {
              "decl": "const Standard_Real", 
              "type": "Standard_Real", 
              "name": "VFirst"
            }, 
            {
              "decl": "const Standard_Real", 
              "type": "Standard_Real", 
              "name": "VLast"
            }, 
            {
              "decl": "const Standard_Real", 
              "type": "Standard_Real", 
              "name": "TolU", 
              "default": "0.0"
            }, 
            {
              "decl": "const Standard_Real", 
              "type": "Standard_Real", 
              "name": "TolV", 
              "default": "0.0"
            }
          ], 
          "name": "GeomAdaptor_Surface", 
          "parent": "GeomAdaptor_Surface", 
          "cls": "constructor", 
          "throws": true
        }
      ], 
      "artificial": "1", 
      "bases": [
        {
          "access": "public", 
          "name": "Adaptor3d_Surface"
        }
      ], 
      "location": [
        "/usr/local/include/oce/GeomAdaptor_Surface.hxx", 
        76
      ], 
      "members": [
        {
          "returnType": "void", 
          "arguments": [
            {
              "decl": "const Handle_Geom_Surface &", 
              "type": "Handle_Geom_Surface", 
              "name": "S"
            }
          ], 
          "name": "Load", 
          "parent": "GeomAdaptor_Surface", 
          "cls": "memfun", 
          "throws": true
        }, 
        {
          "returnType": "void", 
          "arguments": [
            {
              "decl": "const Handle_Geom_Surface &", 
              "type": "Handle_Geom_Surface", 
              "name": "S"
            }, 
            {
              "decl": "const Standard_Real", 
              "type": "Standard_Real", 
              "name": "UFirst"
            }, 
            {
              "decl": "const Standard_Real", 
              "type": "Standard_Real", 
              "name": "ULast"
            }, 
            {
              "decl": "const Standard_Real", 
              "type": "Standard_Real", 
              "name": "VFirst"
            }, 
            {
              "decl": "const Standard_Real", 
              "type": "Standard_Real", 
              "name": "VLast"
            }, 
            {
              "decl": "const Standard_Real", 
              "type": "Standard_Real", 
              "name": "TolU", 
              "default": "0.0"
            }, 
            {
              "decl": "const Standard_Real", 
              "type": "Standard_Real", 
              "name": "TolV", 
              "default": "0.0"
            }
          ], 
          "name": "Load", 
          "parent": "GeomAdaptor_Surface", 
          "cls": "memfun", 
          "throws": true
        }, 
        {
          "returnType": "Handle_Geom_Surface const &", 
          "arguments": [], 
          "name": "Surface", 
          "parent": "GeomAdaptor_Surface", 
          "cls": "memfun", 
          "const": "1", 
          "throws": true
        }, 
        {
          "returnType": "Standard_Real", 
          "arguments": [], 
          "name": "FirstUParameter", 
          "parent": "GeomAdaptor_Surface", 
          "cls": "memfun", 
          "const": "1", 
          "throws": true, 
          "virtuality": "virtual"
        }, 
        {
          "returnType": "Standard_Real", 
          "arguments": [], 
          "name": "LastUParameter", 
          "parent": "GeomAdaptor_Surface", 
          "cls": "memfun", 
          "const": "1", 
          "throws": true, 
          "virtuality": "virtual"
        }, 
        {
          "returnType": "Standard_Real", 
          "arguments": [], 
          "name": "FirstVParameter", 
          "parent": "GeomAdaptor_Surface", 
          "cls": "memfun", 
          "const": "1", 
          "throws": true, 
          "virtuality": "virtual"
        }, 
        {
          "returnType": "Standard_Real", 
          "arguments": [], 
          "name": "LastVParameter", 
          "parent": "GeomAdaptor_Surface", 
          "cls": "memfun", 
          "const": "1", 
          "throws": true, 
          "virtuality": "virtual"
        }, 
        {
          "returnType": "GeomAbs_Shape", 
          "arguments": [], 
          "name": "UContinuity", 
          "parent": "GeomAdaptor_Surface", 
          "cls": "memfun", 
          "extern": "1", 
          "const": "1", 
          "throws": true, 
          "virtuality": "virtual"
        }, 
        {
          "returnType": "GeomAbs_Shape", 
          "arguments": [], 
          "name": "VContinuity", 
          "parent": "GeomAdaptor_Surface", 
          "cls": "memfun", 
          "extern": "1", 
          "const": "1", 
          "throws": true, 
          "virtuality": "virtual"
        }, 
        {
          "returnType": "Standard_Integer", 
          "arguments": [
            {
              "decl": "const GeomAbs_Shape", 
              "type": "GeomAbs_Shape", 
              "name": "S"
            }
          ], 
          "name": "NbUIntervals", 
          "parent": "GeomAdaptor_Surface", 
          "cls": "memfun", 
          "extern": "1", 
          "const": "1", 
          "throws": true, 
          "virtuality": "virtual"
        }, 
        {
          "returnType": "Standard_Integer", 
          "arguments": [
            {
              "decl": "const GeomAbs_Shape", 
              "type": "GeomAbs_Shape", 
              "name": "S"
            }
          ], 
          "name": "NbVIntervals", 
          "parent": "GeomAdaptor_Surface", 
          "cls": "memfun", 
          "extern": "1", 
          "const": "1", 
          "throws": true, 
          "virtuality": "virtual"
        }, 
        {
          "returnType": "void", 
          "arguments": [
            {
              "decl": "TColStd_Array1OfReal &", 
              "type": "TColStd_Array1OfReal", 
              "name": "T"
            }, 
            {
              "decl": "const GeomAbs_Shape", 
              "type": "GeomAbs_Shape", 
              "name": "S"
            }
          ], 
          "name": "UIntervals", 
          "parent": "GeomAdaptor_Surface", 
          "cls": "memfun", 
          "extern": "1", 
          "const": "1", 
          "throws": true, 
          "virtuality": "virtual"
        }, 
        {
          "returnType": "void", 
          "arguments": [
            {
              "decl": "TColStd_Array1OfReal &", 
              "type": "TColStd_Array1OfReal", 
              "name": "T"
            }, 
            {
              "decl": "const GeomAbs_Shape", 
              "type": "GeomAbs_Shape", 
              "name": "S"
            }
          ], 
          "name": "VIntervals", 
          "parent": "GeomAdaptor_Surface", 
          "cls": "memfun", 
          "extern": "1", 
          "const": "1", 
          "throws": true, 
          "virtuality": "virtual"
        }, 
        {
          "returnType": "Handle_Adaptor3d_HSurface", 
          "arguments": [
            {
              "decl": "const Standard_Real", 
              "type": "Standard_Real", 
              "name": "First"
            }, 
            {
              "decl": "const Standard_Real", 
              "type": "Standard_Real", 
              "name": "Last"
            }, 
            {
              "decl": "const Standard_Real", 
              "type": "Standard_Real", 
              "name": "Tol"
            }
          ], 
          "name": "UTrim", 
          "parent": "GeomAdaptor_Surface", 
          "cls": "memfun", 
          "extern": "1", 
          "const": "1", 
          "throws": true, 
          "virtuality": "virtual"
        }, 
        {
          "returnType": "Handle_Adaptor3d_HSurface", 
          "arguments": [
            {
              "decl": "const Standard_Real", 
              "type": "Standard_Real", 
              "name": "First"
            }, 
            {
              "decl": "const Standard_Real", 
              "type": "Standard_Real", 
              "name": "Last"
            }, 
            {
              "decl": "const Standard_Real", 
              "type": "Standard_Real", 
              "name": "Tol"
            }
          ], 
          "name": "VTrim", 
          "parent": "GeomAdaptor_Surface", 
          "cls": "memfun", 
          "extern": "1", 
          "const": "1", 
          "throws": true, 
          "virtuality": "virtual"
        }, 
        {
          "returnType": "Standard_Boolean", 
          "arguments": [], 
          "name": "IsUClosed", 
          "parent": "GeomAdaptor_Surface", 
          "cls": "memfun", 
          "extern": "1", 
          "const": "1", 
          "throws": true, 
          "virtuality": "virtual"
        }, 
        {
          "returnType": "Standard_Boolean", 
          "arguments": [], 
          "name": "IsVClosed", 
          "parent": "GeomAdaptor_Surface", 
          "cls": "memfun", 
          "extern": "1", 
          "const": "1", 
          "throws": true, 
          "virtuality": "virtual"
        }, 
        {
          "returnType": "Standard_Boolean", 
          "arguments": [], 
          "name": "IsUPeriodic", 
          "parent": "GeomAdaptor_Surface", 
          "cls": "memfun", 
          "extern": "1", 
          "const": "1", 
          "throws": true, 
          "virtuality": "virtual"
        }, 
        {
          "returnType": "Standard_Real", 
          "arguments": [], 
          "name": "UPeriod", 
          "parent": "GeomAdaptor_Surface", 
          "cls": "memfun", 
          "extern": "1", 
          "const": "1", 
          "throws": true, 
          "virtuality": "virtual"
        }, 
        {
          "returnType": "Standard_Boolean", 
          "arguments": [], 
          "name": "IsVPeriodic", 
          "parent": "GeomAdaptor_Surface", 
          "cls": "memfun", 
          "extern": "1", 
          "const": "1", 
          "throws": true, 
          "virtuality": "virtual"
        }, 
        {
          "returnType": "Standard_Real", 
          "arguments": [], 
          "name": "VPeriod", 
          "parent": "GeomAdaptor_Surface", 
          "cls": "memfun", 
          "extern": "1", 
          "const": "1", 
          "throws": true, 
          "virtuality": "virtual"
        }, 
        {
          "returnType": "gp_Pnt", 
          "arguments": [
            {
              "decl": "const Standard_Real", 
              "type": "Standard_Real", 
              "name": "U"
            }, 
            {
              "decl": "const Standard_Real", 
              "type": "Standard_Real", 
              "name": "V"
            }
          ], 
          "name": "Value", 
          "parent": "GeomAdaptor_Surface", 
          "cls": "memfun", 
          "extern": "1", 
          "const": "1", 
          "throws": true, 
          "virtuality": "virtual"
        }, 
        {
          "returnType": "void", 
          "arguments": [
            {
              "decl": "const Standard_Real", 
              "type": "Standard_Real", 
              "name": "U"
            }, 
            {
              "decl": "const Standard_Real", 
              "type": "Standard_Real", 
              "name": "V"
            }, 
            {
              "decl": "gp_Pnt &", 
              "type": "gp_Pnt", 
              "name": "P"
            }
          ], 
          "name": "D0", 
          "parent": "GeomAdaptor_Surface", 
          "cls": "memfun", 
          "extern": "1", 
          "const": "1", 
          "throws": true, 
          "virtuality": "virtual"
        }, 
        {
          "returnType": "void", 
          "arguments": [
            {
              "decl": "const Standard_Real", 
              "type": "Standard_Real", 
              "name": "U"
            }, 
            {
              "decl": "const Standard_Real", 
              "type": "Standard_Real", 
              "name": "V"
            }, 
            {
              "decl": "gp_Pnt &", 
              "type": "gp_Pnt", 
              "name": "P"
            }, 
            {
              "decl": "gp_Vec &", 
              "type": "gp_Vec", 
              "name": "D1U"
            }, 
            {
              "decl": "gp_Vec &", 
              "type": "gp_Vec", 
              "name": "D1V"
            }
          ], 
          "name": "D1", 
          "parent": "GeomAdaptor_Surface", 
          "cls": "memfun", 
          "extern": "1", 
          "const": "1", 
          "throws": true, 
          "virtuality": "virtual"
        }, 
        {
          "returnType": "void", 
          "arguments": [
            {
              "decl": "const Standard_Real", 
              "type": "Standard_Real", 
              "name": "U"
            }, 
            {
              "decl": "const Standard_Real", 
              "type": "Standard_Real", 
              "name": "V"
            }, 
            {
              "decl": "gp_Pnt &", 
              "type": "gp_Pnt", 
              "name": "P"
            }, 
            {
              "decl": "gp_Vec &", 
              "type": "gp_Vec", 
              "name": "D1U"
            }, 
            {
              "decl": "gp_Vec &", 
              "type": "gp_Vec", 
              "name": "D1V"
            }, 
            {
              "decl": "gp_Vec &", 
              "type": "gp_Vec", 
              "name": "D2U"
            }, 
            {
              "decl": "gp_Vec &", 
              "type": "gp_Vec", 
              "name": "D2V"
            }, 
            {
              "decl": "gp_Vec &", 
              "type": "gp_Vec", 
              "name": "D2UV"
            }
          ], 
          "name": "D2", 
          "parent": "GeomAdaptor_Surface", 
          "cls": "memfun", 
          "extern": "1", 
          "const": "1", 
          "throws": true, 
          "virtuality": "virtual"
        }, 
        {
          "returnType": "void", 
          "arguments": [
            {
              "decl": "const Standard_Real", 
              "type": "Standard_Real", 
              "name": "U"
            }, 
            {
              "decl": "const Standard_Real", 
              "type": "Standard_Real", 
              "name": "V"
            }, 
            {
              "decl": "gp_Pnt &", 
              "type": "gp_Pnt", 
              "name": "P"
            }, 
            {
              "decl": "gp_Vec &", 
              "type": "gp_Vec", 
              "name": "D1U"
            }, 
            {
              "decl": "gp_Vec &", 
              "type": "gp_Vec", 
              "name": "D1V"
            }, 
            {
              "decl": "gp_Vec &", 
              "type": "gp_Vec", 
              "name": "D2U"
            }, 
            {
              "decl": "gp_Vec &", 
              "type": "gp_Vec", 
              "name": "D2V"
            }, 
            {
              "decl": "gp_Vec &", 
              "type": "gp_Vec", 
              "name": "D2UV"
            }, 
            {
              "decl": "gp_Vec &", 
              "type": "gp_Vec", 
              "name": "D3U"
            }, 
            {
              "decl": "gp_Vec &", 
              "type": "gp_Vec", 
              "name": "D3V"
            }, 
            {
              "decl": "gp_Vec &", 
              "type": "gp_Vec", 
              "name": "D3UUV"
            }, 
            {
              "decl": "gp_Vec &", 
              "type": "gp_Vec", 
              "name": "D3UVV"
            }
          ], 
          "name": "D3", 
          "parent": "GeomAdaptor_Surface", 
          "cls": "memfun", 
          "extern": "1", 
          "const": "1", 
          "throws": true, 
          "virtuality": "virtual"
        }, 
        {
          "returnType": "gp_Vec", 
          "arguments": [
            {
              "decl": "const Standard_Real", 
              "type": "Standard_Real", 
              "name": "U"
            }, 
            {
              "decl": "const Standard_Real", 
              "type": "Standard_Real", 
              "name": "V"
            }, 
            {
              "decl": "const Standard_Integer", 
              "type": "Standard_Integer", 
              "name": "Nu"
            }, 
            {
              "decl": "const Standard_Integer", 
              "type": "Standard_Integer", 
              "name": "Nv"
            }
          ], 
          "name": "DN", 
          "parent": "GeomAdaptor_Surface", 
          "cls": "memfun", 
          "extern": "1", 
          "const": "1", 
          "throws": true, 
          "virtuality": "virtual"
        }, 
        {
          "returnType": "Standard_Real", 
          "arguments": [
            {
              "decl": "const Standard_Real", 
              "type": "Standard_Real", 
              "name": "R3d"
            }
          ], 
          "name": "UResolution", 
          "parent": "GeomAdaptor_Surface", 
          "cls": "memfun", 
          "extern": "1", 
          "const": "1", 
          "throws": true, 
          "virtuality": "virtual"
        }, 
        {
          "returnType": "Standard_Real", 
          "arguments": [
            {
              "decl": "const Standard_Real", 
              "type": "Standard_Real", 
              "name": "R3d"
            }
          ], 
          "name": "VResolution", 
          "parent": "GeomAdaptor_Surface", 
          "cls": "memfun", 
          "extern": "1", 
          "const": "1", 
          "throws": true, 
          "virtuality": "virtual"
        }, 
        {
          "returnType": "GeomAbs_SurfaceType", 
          "arguments": [], 
          "name": "GetType", 
          "parent": "GeomAdaptor_Surface", 
          "cls": "memfun", 
          "const": "1", 
          "throws": true, 
          "virtuality": "virtual"
        }, 
        {
          "returnType": "gp_Pln", 
          "arguments": [], 
          "name": "Plane", 
          "parent": "GeomAdaptor_Surface", 
          "cls": "memfun", 
          "extern": "1", 
          "const": "1", 
          "throws": true, 
          "virtuality": "virtual"
        }, 
        {
          "returnType": "gp_Cylinder", 
          "arguments": [], 
          "name": "Cylinder", 
          "parent": "GeomAdaptor_Surface", 
          "cls": "memfun", 
          "extern": "1", 
          "const": "1", 
          "throws": true, 
          "virtuality": "virtual"
        }, 
        {
          "returnType": "gp_Cone", 
          "arguments": [], 
          "name": "Cone", 
          "parent": "GeomAdaptor_Surface", 
          "cls": "memfun", 
          "extern": "1", 
          "const": "1", 
          "throws": true, 
          "virtuality": "virtual"
        }, 
        {
          "returnType": "gp_Sphere", 
          "arguments": [], 
          "name": "Sphere", 
          "parent": "GeomAdaptor_Surface", 
          "cls": "memfun", 
          "extern": "1", 
          "const": "1", 
          "throws": true, 
          "virtuality": "virtual"
        }, 
        {
          "returnType": "gp_Torus", 
          "arguments": [], 
          "name": "Torus", 
          "parent": "GeomAdaptor_Surface", 
          "cls": "memfun", 
          "extern": "1", 
          "const": "1", 
          "throws": true, 
          "virtuality": "virtual"
        }, 
        {
          "returnType": "Standard_Integer", 
          "arguments": [], 
          "name": "UDegree", 
          "parent": "GeomAdaptor_Surface", 
          "cls": "memfun", 
          "extern": "1", 
          "const": "1", 
          "throws": true, 
          "virtuality": "virtual"
        }, 
        {
          "returnType": "Standard_Integer", 
          "arguments": [], 
          "name": "NbUPoles", 
          "parent": "GeomAdaptor_Surface", 
          "cls": "memfun", 
          "extern": "1", 
          "const": "1", 
          "throws": true, 
          "virtuality": "virtual"
        }, 
        {
          "returnType": "Standard_Integer", 
          "arguments": [], 
          "name": "VDegree", 
          "parent": "GeomAdaptor_Surface", 
          "cls": "memfun", 
          "extern": "1", 
          "const": "1", 
          "throws": true, 
          "virtuality": "virtual"
        }, 
        {
          "returnType": "Standard_Integer", 
          "arguments": [], 
          "name": "NbVPoles", 
          "parent": "GeomAdaptor_Surface", 
          "cls": "memfun", 
          "extern": "1", 
          "const": "1", 
          "throws": true, 
          "virtuality": "virtual"
        }, 
        {
          "returnType": "Standard_Integer", 
          "arguments": [], 
          "name": "NbUKnots", 
          "parent": "GeomAdaptor_Surface", 
          "cls": "memfun", 
          "extern": "1", 
          "const": "1", 
          "throws": true, 
          "virtuality": "virtual"
        }, 
        {
          "returnType": "Standard_Integer", 
          "arguments": [], 
          "name": "NbVKnots", 
          "parent": "GeomAdaptor_Surface", 
          "cls": "memfun", 
          "extern": "1", 
          "const": "1", 
          "throws": true, 
          "virtuality": "virtual"
        }, 
        {
          "returnType": "Standard_Boolean", 
          "arguments": [], 
          "name": "IsURational", 
          "parent": "GeomAdaptor_Surface", 
          "cls": "memfun", 
          "extern": "1", 
          "const": "1", 
          "throws": true, 
          "virtuality": "virtual"
        }, 
        {
          "returnType": "Standard_Boolean", 
          "arguments": [], 
          "name": "IsVRational", 
          "parent": "GeomAdaptor_Surface", 
          "cls": "memfun", 
          "extern": "1", 
          "const": "1", 
          "throws": true, 
          "virtuality": "virtual"
        }, 
        {
          "returnType": "Handle_Geom_BezierSurface", 
          "arguments": [], 
          "name": "Bezier", 
          "parent": "GeomAdaptor_Surface", 
          "cls": "memfun", 
          "extern": "1", 
          "const": "1", 
          "throws": true, 
          "virtuality": "virtual"
        }, 
        {
          "returnType": "Handle_Geom_BSplineSurface", 
          "arguments": [], 
          "name": "BSpline", 
          "parent": "GeomAdaptor_Surface", 
          "cls": "memfun", 
          "extern": "1", 
          "const": "1", 
          "throws": true, 
          "virtuality": "virtual"
        }, 
        {
          "returnType": "gp_Ax1", 
          "arguments": [], 
          "name": "AxeOfRevolution", 
          "parent": "GeomAdaptor_Surface", 
          "cls": "memfun", 
          "extern": "1", 
          "const": "1", 
          "throws": true, 
          "virtuality": "virtual"
        }, 
        {
          "returnType": "gp_Dir", 
          "arguments": [], 
          "name": "Direction", 
          "parent": "GeomAdaptor_Surface", 
          "cls": "memfun", 
          "extern": "1", 
          "const": "1", 
          "throws": true, 
          "virtuality": "virtual"
        }, 
        {
          "returnType": "Handle_Adaptor3d_HCurve", 
          "arguments": [], 
          "name": "BasisCurve", 
          "parent": "GeomAdaptor_Surface", 
          "cls": "memfun", 
          "extern": "1", 
          "const": "1", 
          "throws": true, 
          "virtuality": "virtual"
        }, 
        {
          "returnType": "Handle_Adaptor3d_HSurface", 
          "arguments": [], 
          "name": "BasisSurface", 
          "parent": "GeomAdaptor_Surface", 
          "cls": "memfun", 
          "extern": "1", 
          "const": "1", 
          "throws": true, 
          "virtuality": "virtual"
        }, 
        {
          "returnType": "Standard_Real", 
          "arguments": [], 
          "name": "OffsetValue", 
          "parent": "GeomAdaptor_Surface", 
          "cls": "memfun", 
          "extern": "1", 
          "const": "1", 
          "throws": true, 
          "virtuality": "virtual"
        }
      ], 
      "cls": "class"
    }, 
    {
      "name": "Handle_GeomAdaptor_GHCurve", 
      "abstract": false, 
      "constructors": [
        {
          "returnType": "", 
          "arguments": [], 
          "name": "Handle_GeomAdaptor_GHCurve", 
          "parent": "Handle_GeomAdaptor_GHCurve", 
          "cls": "constructor", 
          "throws": true
        }, 
        {
          "returnType": "", 
          "arguments": [
            {
              "decl": "const Handle_GeomAdaptor_GHCurve &", 
              "type": "Handle_GeomAdaptor_GHCurve", 
              "name": "aHandle"
            }
          ], 
          "name": "Handle_GeomAdaptor_GHCurve", 
          "parent": "Handle_GeomAdaptor_GHCurve", 
          "cls": "constructor", 
          "throws": true, 
          "copyConstructor": true
        }, 
        {
          "returnType": "", 
          "arguments": [
            {
              "decl": "const GeomAdaptor_GHCurve *", 
              "type": "GeomAdaptor_GHCurve", 
              "name": "anItem"
            }
          ], 
          "name": "Handle_GeomAdaptor_GHCurve", 
          "parent": "Handle_GeomAdaptor_GHCurve", 
          "cls": "constructor", 
          "throws": true
        }
      ], 
      "artificial": "1", 
      "bases": [
        {
          "access": "public", 
          "name": "Handle_Adaptor3d_HCurve"
        }
      ], 
      "location": [
        "/usr/local/include/oce/Handle_GeomAdaptor_GHCurve.hxx", 
        25
      ], 
      "members": [
        {
          "returnType": "Handle_GeomAdaptor_GHCurve", 
          "arguments": [
            {
              "decl": "const Handle_Standard_Transient &", 
              "type": "Handle_Standard_Transient", 
              "name": "AnObject"
            }
          ], 
          "name": "DownCast", 
          "parent": "Handle_GeomAdaptor_GHCurve", 
          "cls": "memfun", 
          "static": "1", 
          "extern": "1", 
          "throws": true
        }
      ], 
      "cls": "class"
    }
  ], 
  "headers": [
    "GeomAdaptor_Curve.hxx", 
    "GeomAdaptor_HCurve.hxx", 
    "GeomAdaptor_Surface.hxx", 
    "GeomAdaptor_GHSurface.hxx", 
    "GeomAdaptor_HSurface.hxx", 
    "GeomAdaptor_GHCurve.hxx"
  ], 
  "enums": [], 
  "typedefs": [], 
  "name": "GeomAdaptor"
}