{
  "classes": [], 
  "headers": [
    "GeomAbs_IsoType.hxx", 
    "GeomAbs_CurveForm.hxx", 
    "GeomAbs_JoinType.hxx", 
    "GeomAbs_Shape.hxx", 
    "GeomAbs_UVSense.hxx", 
    "GeomAbs_BSplKnotDistribution.hxx", 
    "GeomAbs_SurfaceType.hxx", 
    "GeomAbs_SurfaceForm.hxx", 
    "GeomAbs_CurveType.hxx"
  ], 
  "enums": [
    {
      "values": [
        [
          "GeomAbs_C0", 
          0
        ], 
        [
          "GeomAbs_G1", 
          1
        ], 
        [
          "GeomAbs_C1", 
          2
        ], 
        [
          "GeomAbs_G2", 
          3
        ], 
        [
          "GeomAbs_C2", 
          4
        ], 
        [
          "GeomAbs_C3", 
          5
        ], 
        [
          "GeomAbs_CN", 
          6
        ]
      ], 
      "name": "GeomAbs_Shape", 
      "cls": "enum"
    }, 
    {
      "values": [
        [
          "GeomAbs_Arc", 
          0
        ], 
        [
          "GeomAbs_Tangent", 
          1
        ], 
        [
          "GeomAbs_Intersection", 
          2
        ]
      ], 
      "name": "GeomAbs_JoinType", 
      "cls": "enum"
    }, 
    {
      "values": [
        [
          "GeomAbs_Plane", 
          0
        ], 
        [
          "GeomAbs_Cylinder", 
          1
        ], 
        [
          "GeomAbs_Cone", 
          2
        ], 
        [
          "GeomAbs_Sphere", 
          3
        ], 
        [
          "GeomAbs_Torus", 
          4
        ], 
        [
          "GeomAbs_BezierSurface", 
          5
        ], 
        [
          "GeomAbs_BSplineSurface", 
          6
        ], 
        [
          "GeomAbs_SurfaceOfRevolution", 
          7
        ], 
        [
          "GeomAbs_SurfaceOfExtrusion", 
          8
        ], 
        [
          "GeomAbs_OffsetSurface", 
          9
        ], 
        [
          "GeomAbs_OtherSurface", 
          10
        ]
      ], 
      "name": "GeomAbs_SurfaceType", 
      "cls": "enum"
    }, 
    {
      "values": [
        [
          "GeomAbs_PolylineForm", 
          0
        ], 
        [
          "GeomAbs_CircularForm", 
          1
        ], 
        [
          "GeomAbs_EllipticForm", 
          2
        ], 
        [
          "GeomAbs_HyperbolicForm", 
          3
        ], 
        [
          "GeomAbs_ParabolicForm", 
          4
        ], 
        [
          "GeomAbs_OtherCurveForm", 
          5
        ]
      ], 
      "name": "GeomAbs_CurveForm", 
      "cls": "enum"
    }, 
    {
      "values": [
        [
          "GeomAbs_IsoU", 
          0
        ], 
        [
          "GeomAbs_IsoV", 
          1
        ], 
        [
          "GeomAbs_NoneIso", 
          2
        ]
      ], 
      "name": "GeomAbs_IsoType", 
      "cls": "enum"
    }, 
    {
      "values": [
        [
          "GeomAbs_NonUniform", 
          0
        ], 
        [
          "GeomAbs_Uniform", 
          1
        ], 
        [
          "GeomAbs_QuasiUniform", 
          2
        ], 
        [
          "GeomAbs_PiecewiseBezier", 
          3
        ]
      ], 
      "name": "GeomAbs_BSplKnotDistribution", 
      "cls": "enum"
    }, 
    {
      "values": [
        [
          "GeomAbs_SameUV", 
          0
        ], 
        [
          "GeomAbs_SameU", 
          1
        ], 
        [
          "GeomAbs_SameV", 
          2
        ], 
        [
          "GeomAbs_OppositeUV", 
          3
        ]
      ], 
      "name": "GeomAbs_UVSense", 
      "cls": "enum"
    }, 
    {
      "values": [
        [
          "GeomAbs_PlanarForm", 
          0
        ], 
        [
          "GeomAbs_ConicalForm", 
          1
        ], 
        [
          "GeomAbs_CylindricalForm", 
          2
        ], 
        [
          "GeomAbs_ToroidalForm", 
          3
        ], 
        [
          "GeomAbs_SphericalForm", 
          4
        ], 
        [
          "GeomAbs_RevolutionForm", 
          5
        ], 
        [
          "GeomAbs_RuledForm", 
          6
        ], 
        [
          "GeomAbs_QuadricForm", 
          7
        ], 
        [
          "GeomAbs_OtherSurfaceForm", 
          8
        ]
      ], 
      "name": "GeomAbs_SurfaceForm", 
      "cls": "enum"
    }, 
    {
      "values": [
        [
          "GeomAbs_Line", 
          0
        ], 
        [
          "GeomAbs_Circle", 
          1
        ], 
        [
          "GeomAbs_Ellipse", 
          2
        ], 
        [
          "GeomAbs_Hyperbola", 
          3
        ], 
        [
          "GeomAbs_Parabola", 
          4
        ], 
        [
          "GeomAbs_BezierCurve", 
          5
        ], 
        [
          "GeomAbs_BSplineCurve", 
          6
        ], 
        [
          "GeomAbs_OtherCurve", 
          7
        ]
      ], 
      "name": "GeomAbs_CurveType", 
      "cls": "enum"
    }
  ], 
  "typedefs": [], 
  "name": "GeomAbs"
}