{
  "classes": [
    {
      "name": "Geom2dConvert_CompCurveToBSplineCurve", 
      "abstract": false, 
      "constructors": [
        {
          "returnType": "", 
          "arguments": [
            {
              "decl": "const Geom2dConvert_CompCurveToBSplineCurve &", 
              "type": "Geom2dConvert_CompCurveToBSplineCurve", 
              "name": "arg0"
            }
          ], 
          "name": "Geom2dConvert_CompCurveToBSplineCurve", 
          "parent": "Geom2dConvert_CompCurveToBSplineCurve", 
          "cls": "constructor", 
          "artificial": "1", 
          "throws": true, 
          "copyConstructor": true
        }, 
        {
          "returnType": "", 
          "arguments": [
            {
              "decl": "const Convert_ParameterisationType", 
              "type": "Convert_ParameterisationType", 
              "name": "Parameterisation", 
              "default": "::Convert_TgtThetaOver2"
            }
          ], 
          "name": "Geom2dConvert_CompCurveToBSplineCurve", 
          "parent": "Geom2dConvert_CompCurveToBSplineCurve", 
          "cls": "constructor", 
          "extern": "1", 
          "throws": true
        }, 
        {
          "returnType": "", 
          "arguments": [
            {
              "decl": "const Handle_Geom2d_BoundedCurve &", 
              "type": "Handle_Geom2d_BoundedCurve", 
              "name": "BasisCurve"
            }, 
            {
              "decl": "const Convert_ParameterisationType", 
              "type": "Convert_ParameterisationType", 
              "name": "Parameterisation", 
              "default": "::Convert_TgtThetaOver2"
            }
          ], 
          "name": "Geom2dConvert_CompCurveToBSplineCurve", 
          "parent": "Geom2dConvert_CompCurveToBSplineCurve", 
          "cls": "constructor", 
          "extern": "1", 
          "throws": true
        }
      ], 
      "artificial": "1", 
      "bases": [], 
      "location": [
        "/usr/local/include/oce/Geom2dConvert_CompCurveToBSplineCurve.hxx", 
        39
      ], 
      "members": [
        {
          "returnType": "Standard_Boolean", 
          "arguments": [
            {
              "decl": "const Handle_Geom2d_BoundedCurve &", 
              "type": "Handle_Geom2d_BoundedCurve", 
              "name": "NewCurve"
            }, 
            {
              "decl": "const Standard_Real", 
              "type": "Standard_Real", 
              "name": "Tolerance"
            }, 
            {
              "decl": "const Standard_Boolean", 
              "type": "Standard_Boolean", 
              "name": "After", 
              "default": "false"
            }
          ], 
          "name": "Add", 
          "parent": "Geom2dConvert_CompCurveToBSplineCurve", 
          "cls": "memfun", 
          "extern": "1", 
          "throws": true
        }, 
        {
          "returnType": "Handle_Geom2d_BSplineCurve", 
          "arguments": [], 
          "name": "BSplineCurve", 
          "parent": "Geom2dConvert_CompCurveToBSplineCurve", 
          "cls": "memfun", 
          "extern": "1", 
          "const": "1", 
          "throws": true
        }, 
        {
          "returnType": "void", 
          "arguments": [], 
          "name": "Clear", 
          "parent": "Geom2dConvert_CompCurveToBSplineCurve", 
          "cls": "memfun", 
          "extern": "1", 
          "throws": true
        }
      ], 
      "cls": "class"
    }, 
    {
      "name": "Geom2dConvert_BSplineCurveKnotSplitting", 
      "abstract": false, 
      "constructors": [
        {
          "returnType": "", 
          "arguments": [
            {
              "decl": "const Geom2dConvert_BSplineCurveKnotSplitting &", 
              "type": "Geom2dConvert_BSplineCurveKnotSplitting", 
              "name": "arg0"
            }
          ], 
          "name": "Geom2dConvert_BSplineCurveKnotSplitting", 
          "parent": "Geom2dConvert_BSplineCurveKnotSplitting", 
          "cls": "constructor", 
          "artificial": "1", 
          "throws": true, 
          "copyConstructor": true
        }, 
        {
          "returnType": "", 
          "arguments": [
            {
              "decl": "const Handle_Geom2d_BSplineCurve &", 
              "type": "Handle_Geom2d_BSplineCurve", 
              "name": "BasisCurve"
            }, 
            {
              "decl": "const Standard_Integer", 
              "type": "Standard_Integer", 
              "name": "ContinuityRange"
            }
          ], 
          "name": "Geom2dConvert_BSplineCurveKnotSplitting", 
          "parent": "Geom2dConvert_BSplineCurveKnotSplitting", 
          "cls": "constructor", 
          "extern": "1", 
          "throws": true
        }
      ], 
      "artificial": "1", 
      "bases": [], 
      "location": [
        "/usr/local/include/oce/Geom2dConvert_BSplineCurveKnotSplitting.hxx", 
        53
      ], 
      "members": [
        {
          "returnType": "Standard_Integer", 
          "arguments": [], 
          "name": "NbSplits", 
          "parent": "Geom2dConvert_BSplineCurveKnotSplitting", 
          "cls": "memfun", 
          "extern": "1", 
          "const": "1", 
          "throws": true
        }, 
        {
          "returnType": "void", 
          "arguments": [
            {
              "decl": "TColStd_Array1OfInteger &", 
              "type": "TColStd_Array1OfInteger", 
              "name": "SplitValues"
            }
          ], 
          "name": "Splitting", 
          "parent": "Geom2dConvert_BSplineCurveKnotSplitting", 
          "cls": "memfun", 
          "extern": "1", 
          "const": "1", 
          "throws": true
        }, 
        {
          "returnType": "Standard_Integer", 
          "arguments": [
            {
              "decl": "const Standard_Integer", 
              "type": "Standard_Integer", 
              "name": "Index"
            }
          ], 
          "name": "SplitValue", 
          "parent": "Geom2dConvert_BSplineCurveKnotSplitting", 
          "cls": "memfun", 
          "extern": "1", 
          "const": "1", 
          "throws": true
        }
      ], 
      "cls": "class"
    }, 
    {
      "name": "Geom2dConvert_BSplineCurveToBezierCurve", 
      "abstract": false, 
      "constructors": [
        {
          "returnType": "", 
          "arguments": [
            {
              "decl": "const Geom2dConvert_BSplineCurveToBezierCurve &", 
              "type": "Geom2dConvert_BSplineCurveToBezierCurve", 
              "name": "arg0"
            }
          ], 
          "name": "Geom2dConvert_BSplineCurveToBezierCurve", 
          "parent": "Geom2dConvert_BSplineCurveToBezierCurve", 
          "cls": "constructor", 
          "artificial": "1", 
          "throws": true, 
          "copyConstructor": true
        }, 
        {
          "returnType": "", 
          "arguments": [
            {
              "decl": "const Handle_Geom2d_BSplineCurve &", 
              "type": "Handle_Geom2d_BSplineCurve", 
              "name": "BasisCurve"
            }
          ], 
          "name": "Geom2dConvert_BSplineCurveToBezierCurve", 
          "parent": "Geom2dConvert_BSplineCurveToBezierCurve", 
          "cls": "constructor", 
          "extern": "1", 
          "throws": true
        }, 
        {
          "returnType": "", 
          "arguments": [
            {
              "decl": "const Handle_Geom2d_BSplineCurve &", 
              "type": "Handle_Geom2d_BSplineCurve", 
              "name": "BasisCurve"
            }, 
            {
              "decl": "const Standard_Real", 
              "type": "Standard_Real", 
              "name": "U1"
            }, 
            {
              "decl": "const Standard_Real", 
              "type": "Standard_Real", 
              "name": "U2"
            }, 
            {
              "decl": "const Standard_Real", 
              "type": "Standard_Real", 
              "name": "ParametricTolerance"
            }
          ], 
          "name": "Geom2dConvert_BSplineCurveToBezierCurve", 
          "parent": "Geom2dConvert_BSplineCurveToBezierCurve", 
          "cls": "constructor", 
          "extern": "1", 
          "throws": true
        }
      ], 
      "artificial": "1", 
      "bases": [], 
      "location": [
        "/usr/local/include/oce/Geom2dConvert_BSplineCurveToBezierCurve.hxx", 
        49
      ], 
      "members": [
        {
          "returnType": "Handle_Geom2d_BezierCurve", 
          "arguments": [
            {
              "decl": "const Standard_Integer", 
              "type": "Standard_Integer", 
              "name": "Index"
            }
          ], 
          "name": "Arc", 
          "parent": "Geom2dConvert_BSplineCurveToBezierCurve", 
          "cls": "memfun", 
          "extern": "1", 
          "throws": true
        }, 
        {
          "returnType": "void", 
          "arguments": [
            {
              "decl": "TColGeom2d_Array1OfBezierCurve &", 
              "type": "TColGeom2d_Array1OfBezierCurve", 
              "name": "Curves"
            }
          ], 
          "name": "Arcs", 
          "parent": "Geom2dConvert_BSplineCurveToBezierCurve", 
          "cls": "memfun", 
          "extern": "1", 
          "throws": true
        }, 
        {
          "returnType": "void", 
          "arguments": [
            {
              "decl": "TColStd_Array1OfReal &", 
              "type": "TColStd_Array1OfReal", 
              "name": "TKnots"
            }
          ], 
          "name": "Knots", 
          "parent": "Geom2dConvert_BSplineCurveToBezierCurve", 
          "cls": "memfun", 
          "extern": "1", 
          "const": "1", 
          "throws": true
        }, 
        {
          "returnType": "Standard_Integer", 
          "arguments": [], 
          "name": "NbArcs", 
          "parent": "Geom2dConvert_BSplineCurveToBezierCurve", 
          "cls": "memfun", 
          "extern": "1", 
          "const": "1", 
          "throws": true
        }
      ], 
      "cls": "class"
    }, 
    {
      "name": "Geom2dConvert_ApproxCurve", 
      "abstract": false, 
      "constructors": [
        {
          "returnType": "", 
          "arguments": [
            {
              "decl": "const Geom2dConvert_ApproxCurve &", 
              "type": "Geom2dConvert_ApproxCurve", 
              "name": "arg0"
            }
          ], 
          "name": "Geom2dConvert_ApproxCurve", 
          "parent": "Geom2dConvert_ApproxCurve", 
          "cls": "constructor", 
          "artificial": "1", 
          "throws": true, 
          "copyConstructor": true
        }, 
        {
          "returnType": "", 
          "arguments": [
            {
              "decl": "const Handle_Geom2d_Curve &", 
              "type": "Handle_Geom2d_Curve", 
              "name": "Curve"
            }, 
            {
              "decl": "const Standard_Real", 
              "type": "Standard_Real", 
              "name": "Tol2d"
            }, 
            {
              "decl": "const GeomAbs_Shape", 
              "type": "GeomAbs_Shape", 
              "name": "Order"
            }, 
            {
              "decl": "const Standard_Integer", 
              "type": "Standard_Integer", 
              "name": "MaxSegments"
            }, 
            {
              "decl": "const Standard_Integer", 
              "type": "Standard_Integer", 
              "name": "MaxDegree"
            }
          ], 
          "name": "Geom2dConvert_ApproxCurve", 
          "parent": "Geom2dConvert_ApproxCurve", 
          "cls": "constructor", 
          "extern": "1", 
          "throws": true
        }
      ], 
      "artificial": "1", 
      "bases": [], 
      "location": [
        "/usr/local/include/oce/Geom2dConvert_ApproxCurve.hxx", 
        47
      ], 
      "members": [
        {
          "returnType": "Handle_Geom2d_BSplineCurve", 
          "arguments": [], 
          "name": "Curve", 
          "parent": "Geom2dConvert_ApproxCurve", 
          "cls": "memfun", 
          "extern": "1", 
          "const": "1", 
          "throws": true
        }, 
        {
          "returnType": "Standard_Boolean", 
          "arguments": [], 
          "name": "IsDone", 
          "parent": "Geom2dConvert_ApproxCurve", 
          "cls": "memfun", 
          "extern": "1", 
          "const": "1", 
          "throws": true
        }, 
        {
          "returnType": "Standard_Boolean", 
          "arguments": [], 
          "name": "HasResult", 
          "parent": "Geom2dConvert_ApproxCurve", 
          "cls": "memfun", 
          "extern": "1", 
          "const": "1", 
          "throws": true
        }, 
        {
          "returnType": "Standard_Real", 
          "arguments": [], 
          "name": "MaxError", 
          "parent": "Geom2dConvert_ApproxCurve", 
          "cls": "memfun", 
          "extern": "1", 
          "const": "1", 
          "throws": true
        }, 
        {
          "returnType": "void", 
          "arguments": [
            {
              "decl": "Standard_OStream &", 
              "type": "Standard_OStream", 
              "name": "o"
            }
          ], 
          "name": "Dump", 
          "parent": "Geom2dConvert_ApproxCurve", 
          "cls": "memfun", 
          "extern": "1", 
          "const": "1", 
          "throws": true
        }
      ], 
      "cls": "class"
    }
  ], 
  "headers": [
    "Geom2dConvert_CompCurveToBSplineCurve.hxx", 
    "Geom2dConvert_BSplineCurveToBezierCurve.hxx", 
    "Geom2dConvert_ApproxCurve.hxx", 
    "Geom2dConvert_BSplineCurveKnotSplitting.hxx"
  ], 
  "enums": [], 
  "typedefs": [], 
  "name": "Geom2dConvert"
}