{
  "classes": [
    {
      "name": "GeomConvert_ApproxSurface", 
      "abstract": false, 
      "constructors": [
        {
          "returnType": "", 
          "arguments": [
            {
              "decl": "const GeomConvert_ApproxSurface &", 
              "type": "GeomConvert_ApproxSurface", 
              "name": "arg0"
            }
          ], 
          "name": "GeomConvert_ApproxSurface", 
          "parent": "GeomConvert_ApproxSurface", 
          "cls": "constructor", 
          "artificial": "1", 
          "throws": true, 
          "copyConstructor": true
        }, 
        {
          "returnType": "", 
          "arguments": [
            {
              "decl": "const Handle_Geom_Surface &", 
              "type": "Handle_Geom_Surface", 
              "name": "Surf"
            }, 
            {
              "decl": "const Standard_Real", 
              "type": "Standard_Real", 
              "name": "Tol3d"
            }, 
            {
              "decl": "const GeomAbs_Shape", 
              "type": "GeomAbs_Shape", 
              "name": "UContinuity"
            }, 
            {
              "decl": "const GeomAbs_Shape", 
              "type": "GeomAbs_Shape", 
              "name": "VContinuity"
            }, 
            {
              "decl": "const Standard_Integer", 
              "type": "Standard_Integer", 
              "name": "MaxDegU"
            }, 
            {
              "decl": "const Standard_Integer", 
              "type": "Standard_Integer", 
              "name": "MaxDegV"
            }, 
            {
              "decl": "const Standard_Integer", 
              "type": "Standard_Integer", 
              "name": "MaxSegments"
            }, 
            {
              "decl": "const Standard_Integer", 
              "type": "Standard_Integer", 
              "name": "PrecisCode"
            }
          ], 
          "name": "GeomConvert_ApproxSurface", 
          "parent": "GeomConvert_ApproxSurface", 
          "cls": "constructor", 
          "extern": "1", 
          "throws": true
        }
      ], 
      "artificial": "1", 
      "bases": [], 
      "location": [
        "/usr/local/include/oce/GeomConvert_ApproxSurface.hxx", 
        48
      ], 
      "members": [
        {
          "returnType": "Handle_Geom_BSplineSurface", 
          "arguments": [], 
          "name": "Surface", 
          "parent": "GeomConvert_ApproxSurface", 
          "cls": "memfun", 
          "extern": "1", 
          "const": "1", 
          "throws": true
        }, 
        {
          "returnType": "Standard_Boolean", 
          "arguments": [], 
          "name": "IsDone", 
          "parent": "GeomConvert_ApproxSurface", 
          "cls": "memfun", 
          "extern": "1", 
          "const": "1", 
          "throws": true
        }, 
        {
          "returnType": "Standard_Boolean", 
          "arguments": [], 
          "name": "HasResult", 
          "parent": "GeomConvert_ApproxSurface", 
          "cls": "memfun", 
          "extern": "1", 
          "const": "1", 
          "throws": true
        }, 
        {
          "returnType": "Standard_Real", 
          "arguments": [], 
          "name": "MaxError", 
          "parent": "GeomConvert_ApproxSurface", 
          "cls": "memfun", 
          "extern": "1", 
          "const": "1", 
          "throws": true
        }, 
        {
          "returnType": "void", 
          "arguments": [
            {
              "decl": "Standard_OStream &", 
              "type": "Standard_OStream", 
              "name": "o"
            }
          ], 
          "name": "Dump", 
          "parent": "GeomConvert_ApproxSurface", 
          "cls": "memfun", 
          "extern": "1", 
          "const": "1", 
          "throws": true
        }
      ], 
      "cls": "class"
    }, 
    {
      "name": "GeomConvert_ApproxCurve", 
      "abstract": false, 
      "constructors": [
        {
          "returnType": "", 
          "arguments": [
            {
              "decl": "const GeomConvert_ApproxCurve &", 
              "type": "GeomConvert_ApproxCurve", 
              "name": "arg0"
            }
          ], 
          "name": "GeomConvert_ApproxCurve", 
          "parent": "GeomConvert_ApproxCurve", 
          "cls": "constructor", 
          "artificial": "1", 
          "throws": true, 
          "copyConstructor": true
        }, 
        {
          "returnType": "", 
          "arguments": [
            {
              "decl": "const Handle_Geom_Curve &", 
              "type": "Handle_Geom_Curve", 
              "name": "Curve"
            }, 
            {
              "decl": "const Standard_Real", 
              "type": "Standard_Real", 
              "name": "Tol3d"
            }, 
            {
              "decl": "const GeomAbs_Shape", 
              "type": "GeomAbs_Shape", 
              "name": "Order"
            }, 
            {
              "decl": "const Standard_Integer", 
              "type": "Standard_Integer", 
              "name": "MaxSegments"
            }, 
            {
              "decl": "const Standard_Integer", 
              "type": "Standard_Integer", 
              "name": "MaxDegree"
            }
          ], 
          "name": "GeomConvert_ApproxCurve", 
          "parent": "GeomConvert_ApproxCurve", 
          "cls": "constructor", 
          "extern": "1", 
          "throws": true
        }
      ], 
      "artificial": "1", 
      "bases": [], 
      "location": [
        "/usr/local/include/oce/GeomConvert_ApproxCurve.hxx", 
        48
      ], 
      "members": [
        {
          "returnType": "Handle_Geom_BSplineCurve", 
          "arguments": [], 
          "name": "Curve", 
          "parent": "GeomConvert_ApproxCurve", 
          "cls": "memfun", 
          "extern": "1", 
          "const": "1", 
          "throws": true
        }, 
        {
          "returnType": "Standard_Boolean", 
          "arguments": [], 
          "name": "IsDone", 
          "parent": "GeomConvert_ApproxCurve", 
          "cls": "memfun", 
          "extern": "1", 
          "const": "1", 
          "throws": true
        }, 
        {
          "returnType": "Standard_Boolean", 
          "arguments": [], 
          "name": "HasResult", 
          "parent": "GeomConvert_ApproxCurve", 
          "cls": "memfun", 
          "extern": "1", 
          "const": "1", 
          "throws": true
        }, 
        {
          "returnType": "Standard_Real", 
          "arguments": [], 
          "name": "MaxError", 
          "parent": "GeomConvert_ApproxCurve", 
          "cls": "memfun", 
          "extern": "1", 
          "const": "1", 
          "throws": true
        }, 
        {
          "returnType": "void", 
          "arguments": [
            {
              "decl": "Standard_OStream &", 
              "type": "Standard_OStream", 
              "name": "o"
            }
          ], 
          "name": "Dump", 
          "parent": "GeomConvert_ApproxCurve", 
          "cls": "memfun", 
          "extern": "1", 
          "const": "1", 
          "throws": true
        }
      ], 
      "cls": "class"
    }, 
    {
      "name": "GeomConvert_BSplineSurfaceKnotSplitting", 
      "abstract": false, 
      "constructors": [
        {
          "returnType": "", 
          "arguments": [
            {
              "decl": "const GeomConvert_BSplineSurfaceKnotSplitting &", 
              "type": "GeomConvert_BSplineSurfaceKnotSplitting", 
              "name": "arg0"
            }
          ], 
          "name": "GeomConvert_BSplineSurfaceKnotSplitting", 
          "parent": "GeomConvert_BSplineSurfaceKnotSplitting", 
          "cls": "constructor", 
          "artificial": "1", 
          "throws": true, 
          "copyConstructor": true
        }, 
        {
          "returnType": "", 
          "arguments": [
            {
              "decl": "const Handle_Geom_BSplineSurface &", 
              "type": "Handle_Geom_BSplineSurface", 
              "name": "BasisSurface"
            }, 
            {
              "decl": "const Standard_Integer", 
              "type": "Standard_Integer", 
              "name": "UContinuityRange"
            }, 
            {
              "decl": "const Standard_Integer", 
              "type": "Standard_Integer", 
              "name": "VContinuityRange"
            }
          ], 
          "name": "GeomConvert_BSplineSurfaceKnotSplitting", 
          "parent": "GeomConvert_BSplineSurfaceKnotSplitting", 
          "cls": "constructor", 
          "extern": "1", 
          "throws": true
        }
      ], 
      "artificial": "1", 
      "bases": [], 
      "location": [
        "/usr/local/include/oce/GeomConvert_BSplineSurfaceKnotSplitting.hxx", 
        54
      ], 
      "members": [
        {
          "returnType": "Standard_Integer", 
          "arguments": [], 
          "name": "NbUSplits", 
          "parent": "GeomConvert_BSplineSurfaceKnotSplitting", 
          "cls": "memfun", 
          "extern": "1", 
          "const": "1", 
          "throws": true
        }, 
        {
          "returnType": "Standard_Integer", 
          "arguments": [], 
          "name": "NbVSplits", 
          "parent": "GeomConvert_BSplineSurfaceKnotSplitting", 
          "cls": "memfun", 
          "extern": "1", 
          "const": "1", 
          "throws": true
        }, 
        {
          "returnType": "void", 
          "arguments": [
            {
              "decl": "TColStd_Array1OfInteger &", 
              "type": "TColStd_Array1OfInteger", 
              "name": "USplit"
            }, 
            {
              "decl": "TColStd_Array1OfInteger &", 
              "type": "TColStd_Array1OfInteger", 
              "name": "VSplit"
            }
          ], 
          "name": "Splitting", 
          "parent": "GeomConvert_BSplineSurfaceKnotSplitting", 
          "cls": "memfun", 
          "extern": "1", 
          "const": "1", 
          "throws": true
        }, 
        {
          "returnType": "Standard_Integer", 
          "arguments": [
            {
              "decl": "const Standard_Integer", 
              "type": "Standard_Integer", 
              "name": "UIndex"
            }
          ], 
          "name": "USplitValue", 
          "parent": "GeomConvert_BSplineSurfaceKnotSplitting", 
          "cls": "memfun", 
          "extern": "1", 
          "const": "1", 
          "throws": true
        }, 
        {
          "returnType": "Standard_Integer", 
          "arguments": [
            {
              "decl": "const Standard_Integer", 
              "type": "Standard_Integer", 
              "name": "VIndex"
            }
          ], 
          "name": "VSplitValue", 
          "parent": "GeomConvert_BSplineSurfaceKnotSplitting", 
          "cls": "memfun", 
          "extern": "1", 
          "const": "1", 
          "throws": true
        }
      ], 
      "cls": "class"
    }, 
    {
      "name": "GeomConvert_BSplineCurveKnotSplitting", 
      "abstract": false, 
      "constructors": [
        {
          "returnType": "", 
          "arguments": [
            {
              "decl": "const GeomConvert_BSplineCurveKnotSplitting &", 
              "type": "GeomConvert_BSplineCurveKnotSplitting", 
              "name": "arg0"
            }
          ], 
          "name": "GeomConvert_BSplineCurveKnotSplitting", 
          "parent": "GeomConvert_BSplineCurveKnotSplitting", 
          "cls": "constructor", 
          "artificial": "1", 
          "throws": true, 
          "copyConstructor": true
        }, 
        {
          "returnType": "", 
          "arguments": [
            {
              "decl": "const Handle_Geom_BSplineCurve &", 
              "type": "Handle_Geom_BSplineCurve", 
              "name": "BasisCurve"
            }, 
            {
              "decl": "const Standard_Integer", 
              "type": "Standard_Integer", 
              "name": "ContinuityRange"
            }
          ], 
          "name": "GeomConvert_BSplineCurveKnotSplitting", 
          "parent": "GeomConvert_BSplineCurveKnotSplitting", 
          "cls": "constructor", 
          "extern": "1", 
          "throws": true
        }
      ], 
      "artificial": "1", 
      "bases": [], 
      "location": [
        "/usr/local/include/oce/GeomConvert_BSplineCurveKnotSplitting.hxx", 
        54
      ], 
      "members": [
        {
          "returnType": "Standard_Integer", 
          "arguments": [], 
          "name": "NbSplits", 
          "parent": "GeomConvert_BSplineCurveKnotSplitting", 
          "cls": "memfun", 
          "extern": "1", 
          "const": "1", 
          "throws": true
        }, 
        {
          "returnType": "void", 
          "arguments": [
            {
              "decl": "TColStd_Array1OfInteger &", 
              "type": "TColStd_Array1OfInteger", 
              "name": "SplitValues"
            }
          ], 
          "name": "Splitting", 
          "parent": "GeomConvert_BSplineCurveKnotSplitting", 
          "cls": "memfun", 
          "extern": "1", 
          "const": "1", 
          "throws": true
        }, 
        {
          "returnType": "Standard_Integer", 
          "arguments": [
            {
              "decl": "const Standard_Integer", 
              "type": "Standard_Integer", 
              "name": "Index"
            }
          ], 
          "name": "SplitValue", 
          "parent": "GeomConvert_BSplineCurveKnotSplitting", 
          "cls": "memfun", 
          "extern": "1", 
          "const": "1", 
          "throws": true
        }
      ], 
      "cls": "class"
    }, 
    {
      "name": "GeomConvert_BSplineSurfaceToBezierSurface", 
      "abstract": false, 
      "constructors": [
        {
          "returnType": "", 
          "arguments": [
            {
              "decl": "const GeomConvert_BSplineSurfaceToBezierSurface &", 
              "type": "GeomConvert_BSplineSurfaceToBezierSurface", 
              "name": "arg0"
            }
          ], 
          "name": "GeomConvert_BSplineSurfaceToBezierSurface", 
          "parent": "GeomConvert_BSplineSurfaceToBezierSurface", 
          "cls": "constructor", 
          "artificial": "1", 
          "throws": true, 
          "copyConstructor": true
        }, 
        {
          "returnType": "", 
          "arguments": [
            {
              "decl": "const Handle_Geom_BSplineSurface &", 
              "type": "Handle_Geom_BSplineSurface", 
              "name": "BasisSurface"
            }
          ], 
          "name": "GeomConvert_BSplineSurfaceToBezierSurface", 
          "parent": "GeomConvert_BSplineSurfaceToBezierSurface", 
          "cls": "constructor", 
          "extern": "1", 
          "throws": true
        }, 
        {
          "returnType": "", 
          "arguments": [
            {
              "decl": "const Handle_Geom_BSplineSurface &", 
              "type": "Handle_Geom_BSplineSurface", 
              "name": "BasisSurface"
            }, 
            {
              "decl": "const Standard_Real", 
              "type": "Standard_Real", 
              "name": "U1"
            }, 
            {
              "decl": "const Standard_Real", 
              "type": "Standard_Real", 
              "name": "U2"
            }, 
            {
              "decl": "const Standard_Real", 
              "type": "Standard_Real", 
              "name": "V1"
            }, 
            {
              "decl": "const Standard_Real", 
              "type": "Standard_Real", 
              "name": "V2"
            }, 
            {
              "decl": "const Standard_Real", 
              "type": "Standard_Real", 
              "name": "ParametricTolerance"
            }
          ], 
          "name": "GeomConvert_BSplineSurfaceToBezierSurface", 
          "parent": "GeomConvert_BSplineSurfaceToBezierSurface", 
          "cls": "constructor", 
          "extern": "1", 
          "throws": true
        }
      ], 
      "artificial": "1", 
      "bases": [], 
      "location": [
        "/usr/local/include/oce/GeomConvert_BSplineSurfaceToBezierSurface.hxx", 
        50
      ], 
      "members": [
        {
          "returnType": "Handle_Geom_BezierSurface", 
          "arguments": [
            {
              "decl": "const Standard_Integer", 
              "type": "Standard_Integer", 
              "name": "UIndex"
            }, 
            {
              "decl": "const Standard_Integer", 
              "type": "Standard_Integer", 
              "name": "VIndex"
            }
          ], 
          "name": "Patch", 
          "parent": "GeomConvert_BSplineSurfaceToBezierSurface", 
          "cls": "memfun", 
          "extern": "1", 
          "throws": true
        }, 
        {
          "returnType": "void", 
          "arguments": [
            {
              "decl": "TColGeom_Array2OfBezierSurface &", 
              "type": "TColGeom_Array2OfBezierSurface", 
              "name": "Surfaces"
            }
          ], 
          "name": "Patches", 
          "parent": "GeomConvert_BSplineSurfaceToBezierSurface", 
          "cls": "memfun", 
          "extern": "1", 
          "throws": true
        }, 
        {
          "returnType": "void", 
          "arguments": [
            {
              "decl": "TColStd_Array1OfReal &", 
              "type": "TColStd_Array1OfReal", 
              "name": "TKnots"
            }
          ], 
          "name": "UKnots", 
          "parent": "GeomConvert_BSplineSurfaceToBezierSurface", 
          "cls": "memfun", 
          "extern": "1", 
          "const": "1", 
          "throws": true
        }, 
        {
          "returnType": "void", 
          "arguments": [
            {
              "decl": "TColStd_Array1OfReal &", 
              "type": "TColStd_Array1OfReal", 
              "name": "TKnots"
            }
          ], 
          "name": "VKnots", 
          "parent": "GeomConvert_BSplineSurfaceToBezierSurface", 
          "cls": "memfun", 
          "extern": "1", 
          "const": "1", 
          "throws": true
        }, 
        {
          "returnType": "Standard_Integer", 
          "arguments": [], 
          "name": "NbUPatches", 
          "parent": "GeomConvert_BSplineSurfaceToBezierSurface", 
          "cls": "memfun", 
          "extern": "1", 
          "const": "1", 
          "throws": true
        }, 
        {
          "returnType": "Standard_Integer", 
          "arguments": [], 
          "name": "NbVPatches", 
          "parent": "GeomConvert_BSplineSurfaceToBezierSurface", 
          "cls": "memfun", 
          "extern": "1", 
          "const": "1", 
          "throws": true
        }
      ], 
      "cls": "class"
    }, 
    {
      "name": "GeomConvert_BSplineCurveToBezierCurve", 
      "abstract": false, 
      "constructors": [
        {
          "returnType": "", 
          "arguments": [
            {
              "decl": "const GeomConvert_BSplineCurveToBezierCurve &", 
              "type": "GeomConvert_BSplineCurveToBezierCurve", 
              "name": "arg0"
            }
          ], 
          "name": "GeomConvert_BSplineCurveToBezierCurve", 
          "parent": "GeomConvert_BSplineCurveToBezierCurve", 
          "cls": "constructor", 
          "artificial": "1", 
          "throws": true, 
          "copyConstructor": true
        }, 
        {
          "returnType": "", 
          "arguments": [
            {
              "decl": "const Handle_Geom_BSplineCurve &", 
              "type": "Handle_Geom_BSplineCurve", 
              "name": "BasisCurve"
            }
          ], 
          "name": "GeomConvert_BSplineCurveToBezierCurve", 
          "parent": "GeomConvert_BSplineCurveToBezierCurve", 
          "cls": "constructor", 
          "extern": "1", 
          "throws": true
        }, 
        {
          "returnType": "", 
          "arguments": [
            {
              "decl": "const Handle_Geom_BSplineCurve &", 
              "type": "Handle_Geom_BSplineCurve", 
              "name": "BasisCurve"
            }, 
            {
              "decl": "const Standard_Real", 
              "type": "Standard_Real", 
              "name": "U1"
            }, 
            {
              "decl": "const Standard_Real", 
              "type": "Standard_Real", 
              "name": "U2"
            }, 
            {
              "decl": "const Standard_Real", 
              "type": "Standard_Real", 
              "name": "ParametricTolerance"
            }
          ], 
          "name": "GeomConvert_BSplineCurveToBezierCurve", 
          "parent": "GeomConvert_BSplineCurveToBezierCurve", 
          "cls": "constructor", 
          "extern": "1", 
          "throws": true
        }
      ], 
      "artificial": "1", 
      "bases": [], 
      "location": [
        "/usr/local/include/oce/GeomConvert_BSplineCurveToBezierCurve.hxx", 
        49
      ], 
      "members": [
        {
          "returnType": "Handle_Geom_BezierCurve", 
          "arguments": [
            {
              "decl": "const Standard_Integer", 
              "type": "Standard_Integer", 
              "name": "Index"
            }
          ], 
          "name": "Arc", 
          "parent": "GeomConvert_BSplineCurveToBezierCurve", 
          "cls": "memfun", 
          "extern": "1", 
          "throws": true
        }, 
        {
          "returnType": "void", 
          "arguments": [
            {
              "decl": "TColGeom_Array1OfBezierCurve &", 
              "type": "TColGeom_Array1OfBezierCurve", 
              "name": "Curves"
            }
          ], 
          "name": "Arcs", 
          "parent": "GeomConvert_BSplineCurveToBezierCurve", 
          "cls": "memfun", 
          "extern": "1", 
          "throws": true
        }, 
        {
          "returnType": "void", 
          "arguments": [
            {
              "decl": "TColStd_Array1OfReal &", 
              "type": "TColStd_Array1OfReal", 
              "name": "TKnots"
            }
          ], 
          "name": "Knots", 
          "parent": "GeomConvert_BSplineCurveToBezierCurve", 
          "cls": "memfun", 
          "extern": "1", 
          "const": "1", 
          "throws": true
        }, 
        {
          "returnType": "Standard_Integer", 
          "arguments": [], 
          "name": "NbArcs", 
          "parent": "GeomConvert_BSplineCurveToBezierCurve", 
          "cls": "memfun", 
          "extern": "1", 
          "const": "1", 
          "throws": true
        }
      ], 
      "cls": "class"
    }, 
    {
      "name": "GeomConvert_CompCurveToBSplineCurve", 
      "abstract": false, 
      "constructors": [
        {
          "returnType": "", 
          "arguments": [
            {
              "decl": "const GeomConvert_CompCurveToBSplineCurve &", 
              "type": "GeomConvert_CompCurveToBSplineCurve", 
              "name": "arg0"
            }
          ], 
          "name": "GeomConvert_CompCurveToBSplineCurve", 
          "parent": "GeomConvert_CompCurveToBSplineCurve", 
          "cls": "constructor", 
          "artificial": "1", 
          "throws": true, 
          "copyConstructor": true
        }, 
        {
          "returnType": "", 
          "arguments": [
            {
              "decl": "const Convert_ParameterisationType", 
              "type": "Convert_ParameterisationType", 
              "name": "Parameterisation", 
              "default": "::Convert_TgtThetaOver2"
            }
          ], 
          "name": "GeomConvert_CompCurveToBSplineCurve", 
          "parent": "GeomConvert_CompCurveToBSplineCurve", 
          "cls": "constructor", 
          "extern": "1", 
          "throws": true
        }, 
        {
          "returnType": "", 
          "arguments": [
            {
              "decl": "const Handle_Geom_BoundedCurve &", 
              "type": "Handle_Geom_BoundedCurve", 
              "name": "BasisCurve"
            }, 
            {
              "decl": "const Convert_ParameterisationType", 
              "type": "Convert_ParameterisationType", 
              "name": "Parameterisation", 
              "default": "::Convert_TgtThetaOver2"
            }
          ], 
          "name": "GeomConvert_CompCurveToBSplineCurve", 
          "parent": "GeomConvert_CompCurveToBSplineCurve", 
          "cls": "constructor", 
          "extern": "1", 
          "throws": true
        }
      ], 
      "artificial": "1", 
      "bases": [], 
      "location": [
        "/usr/local/include/oce/GeomConvert_CompCurveToBSplineCurve.hxx", 
        42
      ], 
      "members": [
        {
          "returnType": "Standard_Boolean", 
          "arguments": [
            {
              "decl": "const Handle_Geom_BoundedCurve &", 
              "type": "Handle_Geom_BoundedCurve", 
              "name": "NewCurve"
            }, 
            {
              "decl": "const Standard_Real", 
              "type": "Standard_Real", 
              "name": "Tolerance"
            }, 
            {
              "decl": "const Standard_Boolean", 
              "type": "Standard_Boolean", 
              "name": "After", 
              "default": "false"
            }, 
            {
              "decl": "const Standard_Boolean", 
              "type": "Standard_Boolean", 
              "name": "WithRatio", 
              "default": "true"
            }, 
            {
              "decl": "const Standard_Integer", 
              "type": "Standard_Integer", 
              "name": "MinM", 
              "default": "0"
            }
          ], 
          "name": "Add", 
          "parent": "GeomConvert_CompCurveToBSplineCurve", 
          "cls": "memfun", 
          "extern": "1", 
          "throws": true
        }, 
        {
          "returnType": "Handle_Geom_BSplineCurve", 
          "arguments": [], 
          "name": "BSplineCurve", 
          "parent": "GeomConvert_CompCurveToBSplineCurve", 
          "cls": "memfun", 
          "extern": "1", 
          "const": "1", 
          "throws": true
        }, 
        {
          "returnType": "void", 
          "arguments": [], 
          "name": "Clear", 
          "parent": "GeomConvert_CompCurveToBSplineCurve", 
          "cls": "memfun", 
          "extern": "1", 
          "throws": true
        }
      ], 
      "cls": "class"
    }, 
    {
      "name": "GeomConvert_CompBezierSurfacesToBSplineSurface", 
      "abstract": false, 
      "constructors": [
        {
          "returnType": "", 
          "arguments": [
            {
              "decl": "const GeomConvert_CompBezierSurfacesToBSplineSurface &", 
              "type": "GeomConvert_CompBezierSurfacesToBSplineSurface", 
              "name": "arg0"
            }
          ], 
          "name": "GeomConvert_CompBezierSurfacesToBSplineSurface", 
          "parent": "GeomConvert_CompBezierSurfacesToBSplineSurface", 
          "cls": "constructor", 
          "artificial": "1", 
          "throws": true, 
          "copyConstructor": true
        }, 
        {
          "returnType": "", 
          "arguments": [
            {
              "decl": "const TColGeom_Array2OfBezierSurface &", 
              "type": "TColGeom_Array2OfBezierSurface", 
              "name": "Beziers"
            }
          ], 
          "name": "GeomConvert_CompBezierSurfacesToBSplineSurface", 
          "parent": "GeomConvert_CompBezierSurfacesToBSplineSurface", 
          "cls": "constructor", 
          "extern": "1", 
          "throws": true
        }, 
        {
          "returnType": "", 
          "arguments": [
            {
              "decl": "const TColGeom_Array2OfBezierSurface &", 
              "type": "TColGeom_Array2OfBezierSurface", 
              "name": "Beziers"
            }, 
            {
              "decl": "const Standard_Real", 
              "type": "Standard_Real", 
              "name": "Tolerance"
            }, 
            {
              "decl": "const Standard_Boolean", 
              "type": "Standard_Boolean", 
              "name": "RemoveKnots", 
              "default": "true"
            }
          ], 
          "name": "GeomConvert_CompBezierSurfacesToBSplineSurface", 
          "parent": "GeomConvert_CompBezierSurfacesToBSplineSurface", 
          "cls": "constructor", 
          "extern": "1", 
          "throws": true
        }, 
        {
          "returnType": "", 
          "arguments": [
            {
              "decl": "const TColGeom_Array2OfBezierSurface &", 
              "type": "TColGeom_Array2OfBezierSurface", 
              "name": "Beziers"
            }, 
            {
              "decl": "const TColStd_Array1OfReal &", 
              "type": "TColStd_Array1OfReal", 
              "name": "UKnots"
            }, 
            {
              "decl": "const TColStd_Array1OfReal &", 
              "type": "TColStd_Array1OfReal", 
              "name": "VKnots"
            }, 
            {
              "decl": "const GeomAbs_Shape", 
              "type": "GeomAbs_Shape", 
              "name": "UContinuity", 
              "default": "::GeomAbs_C0"
            }, 
            {
              "decl": "const GeomAbs_Shape", 
              "type": "GeomAbs_Shape", 
              "name": "VContinuity", 
              "default": "::GeomAbs_C0"
            }, 
            {
              "decl": "const Standard_Real", 
              "type": "Standard_Real", 
              "name": "Tolerance", 
              "default": "1.00000000000000004792173602385929598312941379845142364502e-4"
            }
          ], 
          "name": "GeomConvert_CompBezierSurfacesToBSplineSurface", 
          "parent": "GeomConvert_CompBezierSurfacesToBSplineSurface", 
          "cls": "constructor", 
          "extern": "1", 
          "throws": true
        }
      ], 
      "artificial": "1", 
      "bases": [], 
      "location": [
        "/usr/local/include/oce/GeomConvert_CompBezierSurfacesToBSplineSurface.hxx", 
        72
      ], 
      "members": [
        {
          "returnType": "Standard_Integer", 
          "arguments": [], 
          "name": "NbUKnots", 
          "parent": "GeomConvert_CompBezierSurfacesToBSplineSurface", 
          "cls": "memfun", 
          "const": "1", 
          "throws": true
        }, 
        {
          "returnType": "Standard_Integer", 
          "arguments": [], 
          "name": "NbUPoles", 
          "parent": "GeomConvert_CompBezierSurfacesToBSplineSurface", 
          "cls": "memfun", 
          "const": "1", 
          "throws": true
        }, 
        {
          "returnType": "Standard_Integer", 
          "arguments": [], 
          "name": "NbVKnots", 
          "parent": "GeomConvert_CompBezierSurfacesToBSplineSurface", 
          "cls": "memfun", 
          "const": "1", 
          "throws": true
        }, 
        {
          "returnType": "Standard_Integer", 
          "arguments": [], 
          "name": "NbVPoles", 
          "parent": "GeomConvert_CompBezierSurfacesToBSplineSurface", 
          "cls": "memfun", 
          "const": "1", 
          "throws": true
        }, 
        {
          "returnType": "Handle_TColgp_HArray2OfPnt const &", 
          "arguments": [], 
          "name": "Poles", 
          "parent": "GeomConvert_CompBezierSurfacesToBSplineSurface", 
          "cls": "memfun", 
          "const": "1", 
          "throws": true
        }, 
        {
          "returnType": "Handle_TColStd_HArray1OfReal const &", 
          "arguments": [], 
          "name": "UKnots", 
          "parent": "GeomConvert_CompBezierSurfacesToBSplineSurface", 
          "cls": "memfun", 
          "const": "1", 
          "throws": true
        }, 
        {
          "returnType": "Standard_Integer", 
          "arguments": [], 
          "name": "UDegree", 
          "parent": "GeomConvert_CompBezierSurfacesToBSplineSurface", 
          "cls": "memfun", 
          "const": "1", 
          "throws": true
        }, 
        {
          "returnType": "Handle_TColStd_HArray1OfReal const &", 
          "arguments": [], 
          "name": "VKnots", 
          "parent": "GeomConvert_CompBezierSurfacesToBSplineSurface", 
          "cls": "memfun", 
          "const": "1", 
          "throws": true
        }, 
        {
          "returnType": "Standard_Integer", 
          "arguments": [], 
          "name": "VDegree", 
          "parent": "GeomConvert_CompBezierSurfacesToBSplineSurface", 
          "cls": "memfun", 
          "const": "1", 
          "throws": true
        }, 
        {
          "returnType": "Handle_TColStd_HArray1OfInteger const &", 
          "arguments": [], 
          "name": "UMultiplicities", 
          "parent": "GeomConvert_CompBezierSurfacesToBSplineSurface", 
          "cls": "memfun", 
          "const": "1", 
          "throws": true
        }, 
        {
          "returnType": "Handle_TColStd_HArray1OfInteger const &", 
          "arguments": [], 
          "name": "VMultiplicities", 
          "parent": "GeomConvert_CompBezierSurfacesToBSplineSurface", 
          "cls": "memfun", 
          "const": "1", 
          "throws": true
        }, 
        {
          "returnType": "Standard_Boolean", 
          "arguments": [], 
          "name": "IsDone", 
          "parent": "GeomConvert_CompBezierSurfacesToBSplineSurface", 
          "cls": "memfun", 
          "extern": "1", 
          "const": "1", 
          "throws": true
        }
      ], 
      "cls": "class"
    }
  ], 
  "headers": [
    "GeomConvert_BSplineSurfaceToBezierSurface.hxx", 
    "GeomConvert_BSplineCurveToBezierCurve.hxx", 
    "GeomConvert_ApproxCurve.hxx", 
    "GeomConvert_BSplineCurveKnotSplitting.hxx", 
    "GeomConvert_ApproxSurface.hxx", 
    "GeomConvert_CompCurveToBSplineCurve.hxx", 
    "GeomConvert_CompBezierSurfacesToBSplineSurface.hxx", 
    "GeomConvert_BSplineSurfaceKnotSplitting.hxx"
  ], 
  "enums": [], 
  "typedefs": [], 
  "name": "GeomConvert"
}