{
  "classes": [
    {
      "name": "Geom2dAPI_InterCurveCurve", 
      "abstract": false, 
      "constructors": [
        {
          "returnType": "", 
          "arguments": [
            {
              "decl": "const Geom2dAPI_InterCurveCurve &", 
              "type": "Geom2dAPI_InterCurveCurve", 
              "name": "arg0"
            }
          ], 
          "name": "Geom2dAPI_InterCurveCurve", 
          "parent": "Geom2dAPI_InterCurveCurve", 
          "cls": "constructor", 
          "artificial": "1", 
          "throws": true, 
          "copyConstructor": true
        }, 
        {
          "returnType": "", 
          "arguments": [], 
          "name": "Geom2dAPI_InterCurveCurve", 
          "parent": "Geom2dAPI_InterCurveCurve", 
          "cls": "constructor", 
          "extern": "1", 
          "throws": true
        }, 
        {
          "returnType": "", 
          "arguments": [
            {
              "decl": "const Handle_Geom2d_Curve &", 
              "type": "Handle_Geom2d_Curve", 
              "name": "C1"
            }, 
            {
              "decl": "const Handle_Geom2d_Curve &", 
              "type": "Handle_Geom2d_Curve", 
              "name": "C2"
            }, 
            {
              "decl": "const Standard_Real", 
              "type": "Standard_Real", 
              "name": "Tol", 
              "default": "9.99999999999999954748111825886258685613938723690807819366e-7"
            }
          ], 
          "name": "Geom2dAPI_InterCurveCurve", 
          "parent": "Geom2dAPI_InterCurveCurve", 
          "cls": "constructor", 
          "extern": "1", 
          "throws": true
        }, 
        {
          "returnType": "", 
          "arguments": [
            {
              "decl": "const Handle_Geom2d_Curve &", 
              "type": "Handle_Geom2d_Curve", 
              "name": "C1"
            }, 
            {
              "decl": "const Standard_Real", 
              "type": "Standard_Real", 
              "name": "Tol", 
              "default": "9.99999999999999954748111825886258685613938723690807819366e-7"
            }
          ], 
          "name": "Geom2dAPI_InterCurveCurve", 
          "parent": "Geom2dAPI_InterCurveCurve", 
          "cls": "constructor", 
          "extern": "1", 
          "throws": true
        }
      ], 
      "artificial": "1", 
      "bases": [], 
      "location": [
        "/usr/local/include/oce/Geom2dAPI_InterCurveCurve.hxx", 
        48
      ], 
      "members": [
        {
          "returnType": "void", 
          "arguments": [
            {
              "decl": "const Handle_Geom2d_Curve &", 
              "type": "Handle_Geom2d_Curve", 
              "name": "C1"
            }, 
            {
              "decl": "const Handle_Geom2d_Curve &", 
              "type": "Handle_Geom2d_Curve", 
              "name": "C2"
            }, 
            {
              "decl": "const Standard_Real", 
              "type": "Standard_Real", 
              "name": "Tol", 
              "default": "9.99999999999999954748111825886258685613938723690807819366e-7"
            }
          ], 
          "name": "Init", 
          "parent": "Geom2dAPI_InterCurveCurve", 
          "cls": "memfun", 
          "extern": "1", 
          "throws": true
        }, 
        {
          "returnType": "void", 
          "arguments": [
            {
              "decl": "const Handle_Geom2d_Curve &", 
              "type": "Handle_Geom2d_Curve", 
              "name": "C1"
            }, 
            {
              "decl": "const Standard_Real", 
              "type": "Standard_Real", 
              "name": "Tol", 
              "default": "9.99999999999999954748111825886258685613938723690807819366e-7"
            }
          ], 
          "name": "Init", 
          "parent": "Geom2dAPI_InterCurveCurve", 
          "cls": "memfun", 
          "extern": "1", 
          "throws": true
        }, 
        {
          "returnType": "Standard_Integer", 
          "arguments": [], 
          "name": "NbPoints", 
          "parent": "Geom2dAPI_InterCurveCurve", 
          "cls": "memfun", 
          "extern": "1", 
          "const": "1", 
          "throws": true
        }, 
        {
          "returnType": "gp_Pnt2d", 
          "arguments": [
            {
              "decl": "const Standard_Integer", 
              "type": "Standard_Integer", 
              "name": "Index"
            }
          ], 
          "name": "Point", 
          "parent": "Geom2dAPI_InterCurveCurve", 
          "cls": "memfun", 
          "extern": "1", 
          "const": "1", 
          "throws": true
        }, 
        {
          "returnType": "Standard_Integer", 
          "arguments": [], 
          "name": "NbSegments", 
          "parent": "Geom2dAPI_InterCurveCurve", 
          "cls": "memfun", 
          "extern": "1", 
          "const": "1", 
          "throws": true
        }, 
        {
          "returnType": "void", 
          "arguments": [
            {
              "decl": "const Standard_Integer", 
              "type": "Standard_Integer", 
              "name": "Index"
            }, 
            {
              "decl": "Handle_Geom2d_Curve &", 
              "type": "Handle_Geom2d_Curve", 
              "name": "Curve1"
            }, 
            {
              "decl": "Handle_Geom2d_Curve &", 
              "type": "Handle_Geom2d_Curve", 
              "name": "Curve2"
            }
          ], 
          "name": "Segment", 
          "parent": "Geom2dAPI_InterCurveCurve", 
          "cls": "memfun", 
          "extern": "1", 
          "const": "1", 
          "throws": true
        }, 
        {
          "returnType": "void", 
          "arguments": [
            {
              "decl": "const Standard_Integer", 
              "type": "Standard_Integer", 
              "name": "Index"
            }, 
            {
              "decl": "Handle_Geom2d_Curve &", 
              "type": "Handle_Geom2d_Curve", 
              "name": "Curve1"
            }
          ], 
          "name": "Segment", 
          "parent": "Geom2dAPI_InterCurveCurve", 
          "cls": "memfun", 
          "extern": "1", 
          "const": "1", 
          "throws": true
        }, 
        {
          "returnType": "Geom2dInt_GInter const &", 
          "arguments": [], 
          "name": "Intersector", 
          "parent": "Geom2dAPI_InterCurveCurve", 
          "cls": "memfun", 
          "const": "1", 
          "throws": true
        }
      ], 
      "cls": "class"
    }, 
    {
      "name": "Geom2dAPI_Interpolate", 
      "abstract": false, 
      "constructors": [
        {
          "returnType": "", 
          "arguments": [
            {
              "decl": "const Geom2dAPI_Interpolate &", 
              "type": "Geom2dAPI_Interpolate", 
              "name": "arg0"
            }
          ], 
          "name": "Geom2dAPI_Interpolate", 
          "parent": "Geom2dAPI_Interpolate", 
          "cls": "constructor", 
          "artificial": "1", 
          "throws": true, 
          "copyConstructor": true
        }, 
        {
          "returnType": "", 
          "arguments": [
            {
              "decl": "const Handle_TColgp_HArray1OfPnt2d &", 
              "type": "Handle_TColgp_HArray1OfPnt2d", 
              "name": "Points"
            }, 
            {
              "decl": "const Standard_Boolean", 
              "type": "Standard_Boolean", 
              "name": "PeriodicFlag"
            }, 
            {
              "decl": "const Standard_Real", 
              "type": "Standard_Real", 
              "name": "Tolerance"
            }
          ], 
          "name": "Geom2dAPI_Interpolate", 
          "parent": "Geom2dAPI_Interpolate", 
          "cls": "constructor", 
          "extern": "1", 
          "throws": true
        }, 
        {
          "returnType": "", 
          "arguments": [
            {
              "decl": "const Handle_TColgp_HArray1OfPnt2d &", 
              "type": "Handle_TColgp_HArray1OfPnt2d", 
              "name": "Points"
            }, 
            {
              "decl": "const Handle_TColStd_HArray1OfReal &", 
              "type": "Handle_TColStd_HArray1OfReal", 
              "name": "Parameters"
            }, 
            {
              "decl": "const Standard_Boolean", 
              "type": "Standard_Boolean", 
              "name": "PeriodicFlag"
            }, 
            {
              "decl": "const Standard_Real", 
              "type": "Standard_Real", 
              "name": "Tolerance"
            }
          ], 
          "name": "Geom2dAPI_Interpolate", 
          "parent": "Geom2dAPI_Interpolate", 
          "cls": "constructor", 
          "extern": "1", 
          "throws": true
        }
      ], 
      "artificial": "1", 
      "bases": [], 
      "location": [
        "/usr/local/include/oce/Geom2dAPI_Interpolate.hxx", 
        62
      ], 
      "members": [
        {
          "returnType": "void", 
          "arguments": [
            {
              "decl": "const gp_Vec2d &", 
              "type": "gp_Vec2d", 
              "name": "InitialTangent"
            }, 
            {
              "decl": "const gp_Vec2d &", 
              "type": "gp_Vec2d", 
              "name": "FinalTangent"
            }
          ], 
          "name": "Load", 
          "parent": "Geom2dAPI_Interpolate", 
          "cls": "memfun", 
          "extern": "1", 
          "throws": true
        }, 
        {
          "returnType": "void", 
          "arguments": [
            {
              "decl": "const TColgp_Array1OfVec2d &", 
              "type": "TColgp_Array1OfVec2d", 
              "name": "Tangents"
            }, 
            {
              "decl": "const Handle_TColStd_HArray1OfBoolean &", 
              "type": "Handle_TColStd_HArray1OfBoolean", 
              "name": "TangentFlags"
            }
          ], 
          "name": "Load", 
          "parent": "Geom2dAPI_Interpolate", 
          "cls": "memfun", 
          "extern": "1", 
          "throws": true
        }, 
        {
          "returnType": "void", 
          "arguments": [], 
          "name": "ClearTangents", 
          "parent": "Geom2dAPI_Interpolate", 
          "cls": "memfun", 
          "extern": "1", 
          "throws": true
        }, 
        {
          "returnType": "void", 
          "arguments": [], 
          "name": "Perform", 
          "parent": "Geom2dAPI_Interpolate", 
          "cls": "memfun", 
          "extern": "1", 
          "throws": true
        }, 
        {
          "returnType": "Handle_Geom2d_BSplineCurve const &", 
          "arguments": [], 
          "name": "Curve", 
          "parent": "Geom2dAPI_Interpolate", 
          "cls": "memfun", 
          "extern": "1", 
          "const": "1", 
          "throws": true
        }, 
        {
          "returnType": "Standard_Boolean", 
          "arguments": [], 
          "name": "IsDone", 
          "parent": "Geom2dAPI_Interpolate", 
          "cls": "memfun", 
          "extern": "1", 
          "const": "1", 
          "throws": true
        }
      ], 
      "cls": "class"
    }, 
    {
      "name": "Geom2dAPI_ProjectPointOnCurve", 
      "abstract": false, 
      "constructors": [
        {
          "returnType": "", 
          "arguments": [], 
          "name": "Geom2dAPI_ProjectPointOnCurve", 
          "parent": "Geom2dAPI_ProjectPointOnCurve", 
          "cls": "constructor", 
          "extern": "1", 
          "throws": true
        }, 
        {
          "returnType": "", 
          "arguments": [
            {
              "decl": "const gp_Pnt2d &", 
              "type": "gp_Pnt2d", 
              "name": "P"
            }, 
            {
              "decl": "const Handle_Geom2d_Curve &", 
              "type": "Handle_Geom2d_Curve", 
              "name": "Curve"
            }
          ], 
          "name": "Geom2dAPI_ProjectPointOnCurve", 
          "parent": "Geom2dAPI_ProjectPointOnCurve", 
          "cls": "constructor", 
          "extern": "1", 
          "throws": true
        }, 
        {
          "returnType": "", 
          "arguments": [
            {
              "decl": "const gp_Pnt2d &", 
              "type": "gp_Pnt2d", 
              "name": "P"
            }, 
            {
              "decl": "const Handle_Geom2d_Curve &", 
              "type": "Handle_Geom2d_Curve", 
              "name": "Curve"
            }, 
            {
              "decl": "const Quantity_Parameter", 
              "type": "Quantity_Parameter", 
              "name": "Umin"
            }, 
            {
              "decl": "const Quantity_Parameter", 
              "type": "Quantity_Parameter", 
              "name": "Usup"
            }
          ], 
          "name": "Geom2dAPI_ProjectPointOnCurve", 
          "parent": "Geom2dAPI_ProjectPointOnCurve", 
          "cls": "constructor", 
          "extern": "1", 
          "throws": true
        }
      ], 
      "artificial": "1", 
      "bases": [], 
      "location": [
        "/usr/local/include/oce/Geom2dAPI_ProjectPointOnCurve.hxx", 
        50
      ], 
      "members": [
        {
          "returnType": "void", 
          "arguments": [
            {
              "decl": "const gp_Pnt2d &", 
              "type": "gp_Pnt2d", 
              "name": "P"
            }, 
            {
              "decl": "const Handle_Geom2d_Curve &", 
              "type": "Handle_Geom2d_Curve", 
              "name": "Curve"
            }
          ], 
          "name": "Init", 
          "parent": "Geom2dAPI_ProjectPointOnCurve", 
          "cls": "memfun", 
          "extern": "1", 
          "throws": true
        }, 
        {
          "returnType": "void", 
          "arguments": [
            {
              "decl": "const gp_Pnt2d &", 
              "type": "gp_Pnt2d", 
              "name": "P"
            }, 
            {
              "decl": "const Handle_Geom2d_Curve &", 
              "type": "Handle_Geom2d_Curve", 
              "name": "Curve"
            }, 
            {
              "decl": "const Quantity_Parameter", 
              "type": "Quantity_Parameter", 
              "name": "Umin"
            }, 
            {
              "decl": "const Quantity_Parameter", 
              "type": "Quantity_Parameter", 
              "name": "Usup"
            }
          ], 
          "name": "Init", 
          "parent": "Geom2dAPI_ProjectPointOnCurve", 
          "cls": "memfun", 
          "extern": "1", 
          "throws": true
        }, 
        {
          "returnType": "Standard_Integer", 
          "arguments": [], 
          "name": "NbPoints", 
          "parent": "Geom2dAPI_ProjectPointOnCurve", 
          "cls": "memfun", 
          "extern": "1", 
          "const": "1", 
          "throws": true
        }, 
        {
          "returnType": "gp_Pnt2d", 
          "arguments": [
            {
              "decl": "const Standard_Integer", 
              "type": "Standard_Integer", 
              "name": "Index"
            }
          ], 
          "name": "Point", 
          "parent": "Geom2dAPI_ProjectPointOnCurve", 
          "cls": "memfun", 
          "extern": "1", 
          "const": "1", 
          "throws": true
        }, 
        {
          "returnType": "Quantity_Parameter", 
          "arguments": [
            {
              "decl": "const Standard_Integer", 
              "type": "Standard_Integer", 
              "name": "Index"
            }
          ], 
          "name": "Parameter", 
          "parent": "Geom2dAPI_ProjectPointOnCurve", 
          "cls": "memfun", 
          "extern": "1", 
          "const": "1", 
          "throws": true
        }, 
        {
          "returnType": "void", 
          "arguments": [
            {
              "decl": "const Standard_Integer", 
              "type": "Standard_Integer", 
              "name": "Index"
            }, 
            {
              "decl": "Quantity_Parameter &", 
              "type": "Quantity_Parameter", 
              "name": "U"
            }
          ], 
          "name": "Parameter", 
          "parent": "Geom2dAPI_ProjectPointOnCurve", 
          "cls": "memfun", 
          "extern": "1", 
          "const": "1", 
          "throws": true
        }, 
        {
          "returnType": "Quantity_Length", 
          "arguments": [
            {
              "decl": "const Standard_Integer", 
              "type": "Standard_Integer", 
              "name": "Index"
            }
          ], 
          "name": "Distance", 
          "parent": "Geom2dAPI_ProjectPointOnCurve", 
          "cls": "memfun", 
          "extern": "1", 
          "const": "1", 
          "throws": true
        }, 
        {
          "returnType": "gp_Pnt2d", 
          "arguments": [], 
          "name": "NearestPoint", 
          "parent": "Geom2dAPI_ProjectPointOnCurve", 
          "cls": "memfun", 
          "extern": "1", 
          "const": "1", 
          "throws": true
        }, 
        {
          "returnType": "Quantity_Parameter", 
          "arguments": [], 
          "name": "LowerDistanceParameter", 
          "parent": "Geom2dAPI_ProjectPointOnCurve", 
          "cls": "memfun", 
          "extern": "1", 
          "const": "1", 
          "throws": true
        }, 
        {
          "returnType": "Quantity_Length", 
          "arguments": [], 
          "name": "LowerDistance", 
          "parent": "Geom2dAPI_ProjectPointOnCurve", 
          "cls": "memfun", 
          "extern": "1", 
          "const": "1", 
          "throws": true
        }, 
        {
          "returnType": "Extrema_ExtPC2d const &", 
          "arguments": [], 
          "name": "Extrema", 
          "parent": "Geom2dAPI_ProjectPointOnCurve", 
          "cls": "memfun", 
          "const": "1", 
          "throws": true
        }
      ], 
      "cls": "class"
    }, 
    {
      "name": "Geom2dAPI_ExtremaCurveCurve", 
      "abstract": false, 
      "constructors": [
        {
          "returnType": "", 
          "arguments": [
            {
              "decl": "const Handle_Geom2d_Curve &", 
              "type": "Handle_Geom2d_Curve", 
              "name": "C1"
            }, 
            {
              "decl": "const Handle_Geom2d_Curve &", 
              "type": "Handle_Geom2d_Curve", 
              "name": "C2"
            }, 
            {
              "decl": "const Quantity_Parameter", 
              "type": "Quantity_Parameter", 
              "name": "U1min"
            }, 
            {
              "decl": "const Quantity_Parameter", 
              "type": "Quantity_Parameter", 
              "name": "U1max"
            }, 
            {
              "decl": "const Quantity_Parameter", 
              "type": "Quantity_Parameter", 
              "name": "U2min"
            }, 
            {
              "decl": "const Quantity_Parameter", 
              "type": "Quantity_Parameter", 
              "name": "U2max"
            }
          ], 
          "name": "Geom2dAPI_ExtremaCurveCurve", 
          "parent": "Geom2dAPI_ExtremaCurveCurve", 
          "cls": "constructor", 
          "extern": "1", 
          "throws": true
        }
      ], 
      "artificial": "1", 
      "bases": [], 
      "location": [
        "/usr/local/include/oce/Geom2dAPI_ExtremaCurveCurve.hxx", 
        70
      ], 
      "members": [
        {
          "returnType": "Standard_Integer", 
          "arguments": [], 
          "name": "NbExtrema", 
          "parent": "Geom2dAPI_ExtremaCurveCurve", 
          "cls": "memfun", 
          "extern": "1", 
          "const": "1", 
          "throws": true
        }, 
        {
          "returnType": "void", 
          "arguments": [
            {
              "decl": "const Standard_Integer", 
              "type": "Standard_Integer", 
              "name": "Index"
            }, 
            {
              "decl": "gp_Pnt2d &", 
              "type": "gp_Pnt2d", 
              "name": "P1"
            }, 
            {
              "decl": "gp_Pnt2d &", 
              "type": "gp_Pnt2d", 
              "name": "P2"
            }
          ], 
          "name": "Points", 
          "parent": "Geom2dAPI_ExtremaCurveCurve", 
          "cls": "memfun", 
          "extern": "1", 
          "const": "1", 
          "throws": true
        }, 
        {
          "returnType": "void", 
          "arguments": [
            {
              "decl": "const Standard_Integer", 
              "type": "Standard_Integer", 
              "name": "Index"
            }, 
            {
              "decl": "Quantity_Parameter &", 
              "type": "Quantity_Parameter", 
              "name": "U1"
            }, 
            {
              "decl": "Quantity_Parameter &", 
              "type": "Quantity_Parameter", 
              "name": "U2"
            }
          ], 
          "name": "Parameters", 
          "parent": "Geom2dAPI_ExtremaCurveCurve", 
          "cls": "memfun", 
          "extern": "1", 
          "const": "1", 
          "throws": true
        }, 
        {
          "returnType": "Quantity_Length", 
          "arguments": [
            {
              "decl": "const Standard_Integer", 
              "type": "Standard_Integer", 
              "name": "Index"
            }
          ], 
          "name": "Distance", 
          "parent": "Geom2dAPI_ExtremaCurveCurve", 
          "cls": "memfun", 
          "extern": "1", 
          "const": "1", 
          "throws": true
        }, 
        {
          "returnType": "void", 
          "arguments": [
            {
              "decl": "gp_Pnt2d &", 
              "type": "gp_Pnt2d", 
              "name": "P1"
            }, 
            {
              "decl": "gp_Pnt2d &", 
              "type": "gp_Pnt2d", 
              "name": "P2"
            }
          ], 
          "name": "NearestPoints", 
          "parent": "Geom2dAPI_ExtremaCurveCurve", 
          "cls": "memfun", 
          "extern": "1", 
          "const": "1", 
          "throws": true
        }, 
        {
          "returnType": "void", 
          "arguments": [
            {
              "decl": "Quantity_Parameter &", 
              "type": "Quantity_Parameter", 
              "name": "U1"
            }, 
            {
              "decl": "Quantity_Parameter &", 
              "type": "Quantity_Parameter", 
              "name": "U2"
            }
          ], 
          "name": "LowerDistanceParameters", 
          "parent": "Geom2dAPI_ExtremaCurveCurve", 
          "cls": "memfun", 
          "extern": "1", 
          "const": "1", 
          "throws": true
        }, 
        {
          "returnType": "Quantity_Length", 
          "arguments": [], 
          "name": "LowerDistance", 
          "parent": "Geom2dAPI_ExtremaCurveCurve", 
          "cls": "memfun", 
          "extern": "1", 
          "const": "1", 
          "throws": true
        }, 
        {
          "returnType": "Extrema_ExtCC2d const &", 
          "arguments": [], 
          "name": "Extrema", 
          "parent": "Geom2dAPI_ExtremaCurveCurve", 
          "cls": "memfun", 
          "const": "1", 
          "throws": true
        }
      ], 
      "cls": "class"
    }, 
    {
      "name": "Geom2dAPI_PointsToBSpline", 
      "abstract": false, 
      "constructors": [
        {
          "returnType": "", 
          "arguments": [
            {
              "decl": "const Geom2dAPI_PointsToBSpline &", 
              "type": "Geom2dAPI_PointsToBSpline", 
              "name": "arg0"
            }
          ], 
          "name": "Geom2dAPI_PointsToBSpline", 
          "parent": "Geom2dAPI_PointsToBSpline", 
          "cls": "constructor", 
          "artificial": "1", 
          "throws": true, 
          "copyConstructor": true
        }, 
        {
          "returnType": "", 
          "arguments": [], 
          "name": "Geom2dAPI_PointsToBSpline", 
          "parent": "Geom2dAPI_PointsToBSpline", 
          "cls": "constructor", 
          "extern": "1", 
          "throws": true
        }, 
        {
          "returnType": "", 
          "arguments": [
            {
              "decl": "const TColgp_Array1OfPnt2d &", 
              "type": "TColgp_Array1OfPnt2d", 
              "name": "Points"
            }, 
            {
              "decl": "const Standard_Integer", 
              "type": "Standard_Integer", 
              "name": "DegMin", 
              "default": "3"
            }, 
            {
              "decl": "const Standard_Integer", 
              "type": "Standard_Integer", 
              "name": "DegMax", 
              "default": "8"
            }, 
            {
              "decl": "const GeomAbs_Shape", 
              "type": "GeomAbs_Shape", 
              "name": "Continuity", 
              "default": "::GeomAbs_C2"
            }, 
            {
              "decl": "const Standard_Real", 
              "type": "Standard_Real", 
              "name": "Tol2D", 
              "default": "9.99999999999999954748111825886258685613938723690807819366e-7"
            }
          ], 
          "name": "Geom2dAPI_PointsToBSpline", 
          "parent": "Geom2dAPI_PointsToBSpline", 
          "cls": "constructor", 
          "extern": "1", 
          "throws": true
        }, 
        {
          "returnType": "", 
          "arguments": [
            {
              "decl": "const TColStd_Array1OfReal &", 
              "type": "TColStd_Array1OfReal", 
              "name": "YValues"
            }, 
            {
              "decl": "const Standard_Real", 
              "type": "Standard_Real", 
              "name": "X0"
            }, 
            {
              "decl": "const Standard_Real", 
              "type": "Standard_Real", 
              "name": "DX"
            }, 
            {
              "decl": "const Standard_Integer", 
              "type": "Standard_Integer", 
              "name": "DegMin", 
              "default": "3"
            }, 
            {
              "decl": "const Standard_Integer", 
              "type": "Standard_Integer", 
              "name": "DegMax", 
              "default": "8"
            }, 
            {
              "decl": "const GeomAbs_Shape", 
              "type": "GeomAbs_Shape", 
              "name": "Continuity", 
              "default": "::GeomAbs_C2"
            }, 
            {
              "decl": "const Standard_Real", 
              "type": "Standard_Real", 
              "name": "Tol2D", 
              "default": "9.99999999999999954748111825886258685613938723690807819366e-7"
            }
          ], 
          "name": "Geom2dAPI_PointsToBSpline", 
          "parent": "Geom2dAPI_PointsToBSpline", 
          "cls": "constructor", 
          "extern": "1", 
          "throws": true
        }, 
        {
          "returnType": "", 
          "arguments": [
            {
              "decl": "const TColgp_Array1OfPnt2d &", 
              "type": "TColgp_Array1OfPnt2d", 
              "name": "Points"
            }, 
            {
              "decl": "const Approx_ParametrizationType", 
              "type": "Approx_ParametrizationType", 
              "name": "ParType"
            }, 
            {
              "decl": "const Standard_Integer", 
              "type": "Standard_Integer", 
              "name": "DegMin", 
              "default": "3"
            }, 
            {
              "decl": "const Standard_Integer", 
              "type": "Standard_Integer", 
              "name": "DegMax", 
              "default": "8"
            }, 
            {
              "decl": "const GeomAbs_Shape", 
              "type": "GeomAbs_Shape", 
              "name": "Continuity", 
              "default": "::GeomAbs_C2"
            }, 
            {
              "decl": "const Standard_Real", 
              "type": "Standard_Real", 
              "name": "Tol2D", 
              "default": "1.00000000000000002081668171172168513294309377670288085938e-3"
            }
          ], 
          "name": "Geom2dAPI_PointsToBSpline", 
          "parent": "Geom2dAPI_PointsToBSpline", 
          "cls": "constructor", 
          "extern": "1", 
          "throws": true
        }, 
        {
          "returnType": "", 
          "arguments": [
            {
              "decl": "const TColgp_Array1OfPnt2d &", 
              "type": "TColgp_Array1OfPnt2d", 
              "name": "Points"
            }, 
            {
              "decl": "const TColStd_Array1OfReal &", 
              "type": "TColStd_Array1OfReal", 
              "name": "Parameters"
            }, 
            {
              "decl": "const Standard_Integer", 
              "type": "Standard_Integer", 
              "name": "DegMin", 
              "default": "3"
            }, 
            {
              "decl": "const Standard_Integer", 
              "type": "Standard_Integer", 
              "name": "DegMax", 
              "default": "8"
            }, 
            {
              "decl": "const GeomAbs_Shape", 
              "type": "GeomAbs_Shape", 
              "name": "Continuity", 
              "default": "::GeomAbs_C2"
            }, 
            {
              "decl": "const Standard_Real", 
              "type": "Standard_Real", 
              "name": "Tol2D", 
              "default": "1.00000000000000002081668171172168513294309377670288085938e-3"
            }
          ], 
          "name": "Geom2dAPI_PointsToBSpline", 
          "parent": "Geom2dAPI_PointsToBSpline", 
          "cls": "constructor", 
          "extern": "1", 
          "throws": true
        }, 
        {
          "returnType": "", 
          "arguments": [
            {
              "decl": "const TColgp_Array1OfPnt2d &", 
              "type": "TColgp_Array1OfPnt2d", 
              "name": "Points"
            }, 
            {
              "decl": "const Standard_Real", 
              "type": "Standard_Real", 
              "name": "Weight1"
            }, 
            {
              "decl": "const Standard_Real", 
              "type": "Standard_Real", 
              "name": "Weight2"
            }, 
            {
              "decl": "const Standard_Real", 
              "type": "Standard_Real", 
              "name": "Weight3"
            }, 
            {
              "decl": "const Standard_Integer", 
              "type": "Standard_Integer", 
              "name": "DegMax", 
              "default": "8"
            }, 
            {
              "decl": "const GeomAbs_Shape", 
              "type": "GeomAbs_Shape", 
              "name": "Continuity", 
              "default": "::GeomAbs_C2"
            }, 
            {
              "decl": "const Standard_Real", 
              "type": "Standard_Real", 
              "name": "Tol3D", 
              "default": "1.00000000000000002081668171172168513294309377670288085938e-3"
            }
          ], 
          "name": "Geom2dAPI_PointsToBSpline", 
          "parent": "Geom2dAPI_PointsToBSpline", 
          "cls": "constructor", 
          "extern": "1", 
          "throws": true
        }
      ], 
      "artificial": "1", 
      "bases": [], 
      "location": [
        "/usr/local/include/oce/Geom2dAPI_PointsToBSpline.hxx", 
        53
      ], 
      "members": [
        {
          "returnType": "void", 
          "arguments": [
            {
              "decl": "const TColgp_Array1OfPnt2d &", 
              "type": "TColgp_Array1OfPnt2d", 
              "name": "Points"
            }, 
            {
              "decl": "const Standard_Integer", 
              "type": "Standard_Integer", 
              "name": "DegMin", 
              "default": "3"
            }, 
            {
              "decl": "const Standard_Integer", 
              "type": "Standard_Integer", 
              "name": "DegMax", 
              "default": "8"
            }, 
            {
              "decl": "const GeomAbs_Shape", 
              "type": "GeomAbs_Shape", 
              "name": "Continuity", 
              "default": "::GeomAbs_C2"
            }, 
            {
              "decl": "const Standard_Real", 
              "type": "Standard_Real", 
              "name": "Tol2D", 
              "default": "9.99999999999999954748111825886258685613938723690807819366e-7"
            }
          ], 
          "name": "Init", 
          "parent": "Geom2dAPI_PointsToBSpline", 
          "cls": "memfun", 
          "extern": "1", 
          "throws": true
        }, 
        {
          "returnType": "void", 
          "arguments": [
            {
              "decl": "const TColStd_Array1OfReal &", 
              "type": "TColStd_Array1OfReal", 
              "name": "YValues"
            }, 
            {
              "decl": "const Standard_Real", 
              "type": "Standard_Real", 
              "name": "X0"
            }, 
            {
              "decl": "const Standard_Real", 
              "type": "Standard_Real", 
              "name": "DX"
            }, 
            {
              "decl": "const Standard_Integer", 
              "type": "Standard_Integer", 
              "name": "DegMin", 
              "default": "3"
            }, 
            {
              "decl": "const Standard_Integer", 
              "type": "Standard_Integer", 
              "name": "DegMax", 
              "default": "8"
            }, 
            {
              "decl": "const GeomAbs_Shape", 
              "type": "GeomAbs_Shape", 
              "name": "Continuity", 
              "default": "::GeomAbs_C2"
            }, 
            {
              "decl": "const Standard_Real", 
              "type": "Standard_Real", 
              "name": "Tol2D", 
              "default": "9.99999999999999954748111825886258685613938723690807819366e-7"
            }
          ], 
          "name": "Init", 
          "parent": "Geom2dAPI_PointsToBSpline", 
          "cls": "memfun", 
          "extern": "1", 
          "throws": true
        }, 
        {
          "returnType": "void", 
          "arguments": [
            {
              "decl": "const TColgp_Array1OfPnt2d &", 
              "type": "TColgp_Array1OfPnt2d", 
              "name": "Points"
            }, 
            {
              "decl": "const Approx_ParametrizationType", 
              "type": "Approx_ParametrizationType", 
              "name": "ParType"
            }, 
            {
              "decl": "const Standard_Integer", 
              "type": "Standard_Integer", 
              "name": "DegMin", 
              "default": "3"
            }, 
            {
              "decl": "const Standard_Integer", 
              "type": "Standard_Integer", 
              "name": "DegMax", 
              "default": "8"
            }, 
            {
              "decl": "const GeomAbs_Shape", 
              "type": "GeomAbs_Shape", 
              "name": "Continuity", 
              "default": "::GeomAbs_C2"
            }, 
            {
              "decl": "const Standard_Real", 
              "type": "Standard_Real", 
              "name": "Tol2D", 
              "default": "1.00000000000000002081668171172168513294309377670288085938e-3"
            }
          ], 
          "name": "Init", 
          "parent": "Geom2dAPI_PointsToBSpline", 
          "cls": "memfun", 
          "extern": "1", 
          "throws": true
        }, 
        {
          "returnType": "void", 
          "arguments": [
            {
              "decl": "const TColgp_Array1OfPnt2d &", 
              "type": "TColgp_Array1OfPnt2d", 
              "name": "Points"
            }, 
            {
              "decl": "const TColStd_Array1OfReal &", 
              "type": "TColStd_Array1OfReal", 
              "name": "Parameters"
            }, 
            {
              "decl": "const Standard_Integer", 
              "type": "Standard_Integer", 
              "name": "DegMin", 
              "default": "3"
            }, 
            {
              "decl": "const Standard_Integer", 
              "type": "Standard_Integer", 
              "name": "DegMax", 
              "default": "8"
            }, 
            {
              "decl": "const GeomAbs_Shape", 
              "type": "GeomAbs_Shape", 
              "name": "Continuity", 
              "default": "::GeomAbs_C2"
            }, 
            {
              "decl": "const Standard_Real", 
              "type": "Standard_Real", 
              "name": "Tol2D", 
              "default": "1.00000000000000002081668171172168513294309377670288085938e-3"
            }
          ], 
          "name": "Init", 
          "parent": "Geom2dAPI_PointsToBSpline", 
          "cls": "memfun", 
          "extern": "1", 
          "throws": true
        }, 
        {
          "returnType": "void", 
          "arguments": [
            {
              "decl": "const TColgp_Array1OfPnt2d &", 
              "type": "TColgp_Array1OfPnt2d", 
              "name": "Points"
            }, 
            {
              "decl": "const Standard_Real", 
              "type": "Standard_Real", 
              "name": "Weight1"
            }, 
            {
              "decl": "const Standard_Real", 
              "type": "Standard_Real", 
              "name": "Weight2"
            }, 
            {
              "decl": "const Standard_Real", 
              "type": "Standard_Real", 
              "name": "Weight3"
            }, 
            {
              "decl": "const Standard_Integer", 
              "type": "Standard_Integer", 
              "name": "DegMax", 
              "default": "8"
            }, 
            {
              "decl": "const GeomAbs_Shape", 
              "type": "GeomAbs_Shape", 
              "name": "Continuity", 
              "default": "::GeomAbs_C2"
            }, 
            {
              "decl": "const Standard_Real", 
              "type": "Standard_Real", 
              "name": "Tol2D", 
              "default": "1.00000000000000002081668171172168513294309377670288085938e-3"
            }
          ], 
          "name": "Init", 
          "parent": "Geom2dAPI_PointsToBSpline", 
          "cls": "memfun", 
          "extern": "1", 
          "throws": true
        }, 
        {
          "returnType": "Handle_Geom2d_BSplineCurve const &", 
          "arguments": [], 
          "name": "Curve", 
          "parent": "Geom2dAPI_PointsToBSpline", 
          "cls": "memfun", 
          "extern": "1", 
          "const": "1", 
          "throws": true
        }, 
        {
          "returnType": "Standard_Boolean", 
          "arguments": [], 
          "name": "IsDone", 
          "parent": "Geom2dAPI_PointsToBSpline", 
          "cls": "memfun", 
          "extern": "1", 
          "const": "1", 
          "throws": true
        }
      ], 
      "cls": "class"
    }
  ], 
  "headers": [
    "Geom2dAPI_ProjectPointOnCurve.hxx", 
    "Geom2dAPI_ExtremaCurveCurve.hxx", 
    "Geom2dAPI_InterCurveCurve.hxx", 
    "Geom2dAPI_Interpolate.hxx", 
    "Geom2dAPI_PointsToBSpline.hxx"
  ], 
  "enums": [], 
  "typedefs": [], 
  "name": "Geom2dAPI"
}