{
  "classes": [
    {
      "name": "Geom2dAdaptor_Curve", 
      "abstract": false, 
      "constructors": [
        {
          "returnType": "", 
          "arguments": [
            {
              "decl": "const Geom2dAdaptor_Curve &", 
              "type": "Geom2dAdaptor_Curve", 
              "name": "arg0"
            }
          ], 
          "name": "Geom2dAdaptor_Curve", 
          "parent": "Geom2dAdaptor_Curve", 
          "cls": "constructor", 
          "artificial": "1", 
          "throws": true, 
          "copyConstructor": true
        }, 
        {
          "returnType": "", 
          "arguments": [], 
          "name": "Geom2dAdaptor_Curve", 
          "parent": "Geom2dAdaptor_Curve", 
          "cls": "constructor", 
          "extern": "1", 
          "throws": true
        }, 
        {
          "returnType": "", 
          "arguments": [
            {
              "decl": "const Handle_Geom2d_Curve &", 
              "type": "Handle_Geom2d_Curve", 
              "name": "C"
            }
          ], 
          "name": "Geom2dAdaptor_Curve", 
          "parent": "Geom2dAdaptor_Curve", 
          "cls": "constructor", 
          "extern": "1", 
          "throws": true
        }, 
        {
          "returnType": "", 
          "arguments": [
            {
              "decl": "const Handle_Geom2d_Curve &", 
              "type": "Handle_Geom2d_Curve", 
              "name": "C"
            }, 
            {
              "decl": "const Standard_Real", 
              "type": "Standard_Real", 
              "name": "UFirst"
            }, 
            {
              "decl": "const Standard_Real", 
              "type": "Standard_Real", 
              "name": "ULast"
            }
          ], 
          "name": "Geom2dAdaptor_Curve", 
          "parent": "Geom2dAdaptor_Curve", 
          "cls": "constructor", 
          "extern": "1", 
          "throws": true
        }
      ], 
      "artificial": "1", 
      "bases": [
        {
          "access": "public", 
          "name": "Adaptor2d_Curve2d"
        }
      ], 
      "location": [
        "/usr/local/include/oce/Geom2dAdaptor_Curve.hxx", 
        70
      ], 
      "members": [
        {
          "returnType": "void", 
          "arguments": [
            {
              "decl": "const Handle_Geom2d_Curve &", 
              "type": "Handle_Geom2d_Curve", 
              "name": "C"
            }
          ], 
          "name": "Load", 
          "parent": "Geom2dAdaptor_Curve", 
          "cls": "memfun", 
          "throws": true
        }, 
        {
          "returnType": "void", 
          "arguments": [
            {
              "decl": "const Handle_Geom2d_Curve &", 
              "type": "Handle_Geom2d_Curve", 
              "name": "C"
            }, 
            {
              "decl": "const Standard_Real", 
              "type": "Standard_Real", 
              "name": "UFirst"
            }, 
            {
              "decl": "const Standard_Real", 
              "type": "Standard_Real", 
              "name": "ULast"
            }
          ], 
          "name": "Load", 
          "parent": "Geom2dAdaptor_Curve", 
          "cls": "memfun", 
          "throws": true
        }, 
        {
          "returnType": "Handle_Geom2d_Curve const &", 
          "arguments": [], 
          "name": "Curve", 
          "parent": "Geom2dAdaptor_Curve", 
          "cls": "memfun", 
          "const": "1", 
          "throws": true
        }, 
        {
          "returnType": "Standard_Real", 
          "arguments": [], 
          "name": "FirstParameter", 
          "parent": "Geom2dAdaptor_Curve", 
          "cls": "memfun", 
          "const": "1", 
          "throws": true, 
          "virtuality": "virtual"
        }, 
        {
          "returnType": "Standard_Real", 
          "arguments": [], 
          "name": "LastParameter", 
          "parent": "Geom2dAdaptor_Curve", 
          "cls": "memfun", 
          "const": "1", 
          "throws": true, 
          "virtuality": "virtual"
        }, 
        {
          "returnType": "GeomAbs_Shape", 
          "arguments": [], 
          "name": "Continuity", 
          "parent": "Geom2dAdaptor_Curve", 
          "cls": "memfun", 
          "extern": "1", 
          "const": "1", 
          "throws": true, 
          "virtuality": "virtual"
        }, 
        {
          "returnType": "Standard_Integer", 
          "arguments": [
            {
              "decl": "const GeomAbs_Shape", 
              "type": "GeomAbs_Shape", 
              "name": "S"
            }
          ], 
          "name": "NbIntervals", 
          "parent": "Geom2dAdaptor_Curve", 
          "cls": "memfun", 
          "extern": "1", 
          "const": "1", 
          "throws": true, 
          "virtuality": "virtual"
        }, 
        {
          "returnType": "void", 
          "arguments": [
            {
              "decl": "TColStd_Array1OfReal &", 
              "type": "TColStd_Array1OfReal", 
              "name": "T"
            }, 
            {
              "decl": "const GeomAbs_Shape", 
              "type": "GeomAbs_Shape", 
              "name": "S"
            }
          ], 
          "name": "Intervals", 
          "parent": "Geom2dAdaptor_Curve", 
          "cls": "memfun", 
          "extern": "1", 
          "const": "1", 
          "throws": true, 
          "virtuality": "virtual"
        }, 
        {
          "returnType": "Handle_Adaptor2d_HCurve2d", 
          "arguments": [
            {
              "decl": "const Standard_Real", 
              "type": "Standard_Real", 
              "name": "First"
            }, 
            {
              "decl": "const Standard_Real", 
              "type": "Standard_Real", 
              "name": "Last"
            }, 
            {
              "decl": "const Standard_Real", 
              "type": "Standard_Real", 
              "name": "Tol"
            }
          ], 
          "name": "Trim", 
          "parent": "Geom2dAdaptor_Curve", 
          "cls": "memfun", 
          "extern": "1", 
          "const": "1", 
          "throws": true, 
          "virtuality": "virtual"
        }, 
        {
          "returnType": "Standard_Boolean", 
          "arguments": [], 
          "name": "IsClosed", 
          "parent": "Geom2dAdaptor_Curve", 
          "cls": "memfun", 
          "extern": "1", 
          "const": "1", 
          "throws": true, 
          "virtuality": "virtual"
        }, 
        {
          "returnType": "Standard_Boolean", 
          "arguments": [], 
          "name": "IsPeriodic", 
          "parent": "Geom2dAdaptor_Curve", 
          "cls": "memfun", 
          "extern": "1", 
          "const": "1", 
          "throws": true, 
          "virtuality": "virtual"
        }, 
        {
          "returnType": "Standard_Real", 
          "arguments": [], 
          "name": "Period", 
          "parent": "Geom2dAdaptor_Curve", 
          "cls": "memfun", 
          "extern": "1", 
          "const": "1", 
          "throws": true, 
          "virtuality": "virtual"
        }, 
        {
          "returnType": "gp_Pnt2d", 
          "arguments": [
            {
              "decl": "const Standard_Real", 
              "type": "Standard_Real", 
              "name": "U"
            }
          ], 
          "name": "Value", 
          "parent": "Geom2dAdaptor_Curve", 
          "cls": "memfun", 
          "extern": "1", 
          "const": "1", 
          "throws": true, 
          "virtuality": "virtual"
        }, 
        {
          "returnType": "void", 
          "arguments": [
            {
              "decl": "const Standard_Real", 
              "type": "Standard_Real", 
              "name": "U"
            }, 
            {
              "decl": "gp_Pnt2d &", 
              "type": "gp_Pnt2d", 
              "name": "P"
            }
          ], 
          "name": "D0", 
          "parent": "Geom2dAdaptor_Curve", 
          "cls": "memfun", 
          "extern": "1", 
          "const": "1", 
          "throws": true, 
          "virtuality": "virtual"
        }, 
        {
          "returnType": "void", 
          "arguments": [
            {
              "decl": "const Standard_Real", 
              "type": "Standard_Real", 
              "name": "U"
            }, 
            {
              "decl": "gp_Pnt2d &", 
              "type": "gp_Pnt2d", 
              "name": "P"
            }, 
            {
              "decl": "gp_Vec2d &", 
              "type": "gp_Vec2d", 
              "name": "V"
            }
          ], 
          "name": "D1", 
          "parent": "Geom2dAdaptor_Curve", 
          "cls": "memfun", 
          "extern": "1", 
          "const": "1", 
          "throws": true, 
          "virtuality": "virtual"
        }, 
        {
          "returnType": "void", 
          "arguments": [
            {
              "decl": "const Standard_Real", 
              "type": "Standard_Real", 
              "name": "U"
            }, 
            {
              "decl": "gp_Pnt2d &", 
              "type": "gp_Pnt2d", 
              "name": "P"
            }, 
            {
              "decl": "gp_Vec2d &", 
              "type": "gp_Vec2d", 
              "name": "V1"
            }, 
            {
              "decl": "gp_Vec2d &", 
              "type": "gp_Vec2d", 
              "name": "V2"
            }
          ], 
          "name": "D2", 
          "parent": "Geom2dAdaptor_Curve", 
          "cls": "memfun", 
          "extern": "1", 
          "const": "1", 
          "throws": true, 
          "virtuality": "virtual"
        }, 
        {
          "returnType": "void", 
          "arguments": [
            {
              "decl": "const Standard_Real", 
              "type": "Standard_Real", 
              "name": "U"
            }, 
            {
              "decl": "gp_Pnt2d &", 
              "type": "gp_Pnt2d", 
              "name": "P"
            }, 
            {
              "decl": "gp_Vec2d &", 
              "type": "gp_Vec2d", 
              "name": "V1"
            }, 
            {
              "decl": "gp_Vec2d &", 
              "type": "gp_Vec2d", 
              "name": "V2"
            }, 
            {
              "decl": "gp_Vec2d &", 
              "type": "gp_Vec2d", 
              "name": "V3"
            }
          ], 
          "name": "D3", 
          "parent": "Geom2dAdaptor_Curve", 
          "cls": "memfun", 
          "extern": "1", 
          "const": "1", 
          "throws": true, 
          "virtuality": "virtual"
        }, 
        {
          "returnType": "gp_Vec2d", 
          "arguments": [
            {
              "decl": "const Standard_Real", 
              "type": "Standard_Real", 
              "name": "U"
            }, 
            {
              "decl": "const Standard_Integer", 
              "type": "Standard_Integer", 
              "name": "N"
            }
          ], 
          "name": "DN", 
          "parent": "Geom2dAdaptor_Curve", 
          "cls": "memfun", 
          "extern": "1", 
          "const": "1", 
          "throws": true, 
          "virtuality": "virtual"
        }, 
        {
          "returnType": "Standard_Real", 
          "arguments": [
            {
              "decl": "const Standard_Real", 
              "type": "Standard_Real", 
              "name": "Ruv"
            }
          ], 
          "name": "Resolution", 
          "parent": "Geom2dAdaptor_Curve", 
          "cls": "memfun", 
          "extern": "1", 
          "const": "1", 
          "throws": true, 
          "virtuality": "virtual"
        }, 
        {
          "returnType": "GeomAbs_CurveType", 
          "arguments": [], 
          "name": "GetType", 
          "parent": "Geom2dAdaptor_Curve", 
          "cls": "memfun", 
          "const": "1", 
          "throws": true, 
          "virtuality": "virtual"
        }, 
        {
          "returnType": "gp_Lin2d", 
          "arguments": [], 
          "name": "Line", 
          "parent": "Geom2dAdaptor_Curve", 
          "cls": "memfun", 
          "extern": "1", 
          "const": "1", 
          "throws": true, 
          "virtuality": "virtual"
        }, 
        {
          "returnType": "gp_Circ2d", 
          "arguments": [], 
          "name": "Circle", 
          "parent": "Geom2dAdaptor_Curve", 
          "cls": "memfun", 
          "extern": "1", 
          "const": "1", 
          "throws": true, 
          "virtuality": "virtual"
        }, 
        {
          "returnType": "gp_Elips2d", 
          "arguments": [], 
          "name": "Ellipse", 
          "parent": "Geom2dAdaptor_Curve", 
          "cls": "memfun", 
          "extern": "1", 
          "const": "1", 
          "throws": true, 
          "virtuality": "virtual"
        }, 
        {
          "returnType": "gp_Hypr2d", 
          "arguments": [], 
          "name": "Hyperbola", 
          "parent": "Geom2dAdaptor_Curve", 
          "cls": "memfun", 
          "extern": "1", 
          "const": "1", 
          "throws": true, 
          "virtuality": "virtual"
        }, 
        {
          "returnType": "gp_Parab2d", 
          "arguments": [], 
          "name": "Parabola", 
          "parent": "Geom2dAdaptor_Curve", 
          "cls": "memfun", 
          "extern": "1", 
          "const": "1", 
          "throws": true, 
          "virtuality": "virtual"
        }, 
        {
          "returnType": "Standard_Integer", 
          "arguments": [], 
          "name": "Degree", 
          "parent": "Geom2dAdaptor_Curve", 
          "cls": "memfun", 
          "extern": "1", 
          "const": "1", 
          "throws": true, 
          "virtuality": "virtual"
        }, 
        {
          "returnType": "Standard_Boolean", 
          "arguments": [], 
          "name": "IsRational", 
          "parent": "Geom2dAdaptor_Curve", 
          "cls": "memfun", 
          "extern": "1", 
          "const": "1", 
          "throws": true, 
          "virtuality": "virtual"
        }, 
        {
          "returnType": "Standard_Integer", 
          "arguments": [], 
          "name": "NbPoles", 
          "parent": "Geom2dAdaptor_Curve", 
          "cls": "memfun", 
          "extern": "1", 
          "const": "1", 
          "throws": true, 
          "virtuality": "virtual"
        }, 
        {
          "returnType": "Standard_Integer", 
          "arguments": [], 
          "name": "NbKnots", 
          "parent": "Geom2dAdaptor_Curve", 
          "cls": "memfun", 
          "extern": "1", 
          "const": "1", 
          "throws": true, 
          "virtuality": "virtual"
        }, 
        {
          "returnType": "Standard_Integer", 
          "arguments": [], 
          "name": "NbSamples", 
          "parent": "Geom2dAdaptor_Curve", 
          "cls": "memfun", 
          "extern": "1", 
          "const": "1", 
          "throws": true, 
          "virtuality": "virtual"
        }, 
        {
          "returnType": "Handle_Geom2d_BezierCurve", 
          "arguments": [], 
          "name": "Bezier", 
          "parent": "Geom2dAdaptor_Curve", 
          "cls": "memfun", 
          "extern": "1", 
          "const": "1", 
          "throws": true, 
          "virtuality": "virtual"
        }, 
        {
          "returnType": "Handle_Geom2d_BSplineCurve", 
          "arguments": [], 
          "name": "BSpline", 
          "parent": "Geom2dAdaptor_Curve", 
          "cls": "memfun", 
          "extern": "1", 
          "const": "1", 
          "throws": true, 
          "virtuality": "virtual"
        }
      ], 
      "cls": "class"
    }, 
    {
      "name": "Handle_Geom2dAdaptor_HCurve", 
      "abstract": false, 
      "constructors": [
        {
          "returnType": "", 
          "arguments": [], 
          "name": "Handle_Geom2dAdaptor_HCurve", 
          "parent": "Handle_Geom2dAdaptor_HCurve", 
          "cls": "constructor", 
          "throws": true
        }, 
        {
          "returnType": "", 
          "arguments": [
            {
              "decl": "const Handle_Geom2dAdaptor_HCurve &", 
              "type": "Handle_Geom2dAdaptor_HCurve", 
              "name": "aHandle"
            }
          ], 
          "name": "Handle_Geom2dAdaptor_HCurve", 
          "parent": "Handle_Geom2dAdaptor_HCurve", 
          "cls": "constructor", 
          "throws": true, 
          "copyConstructor": true
        }, 
        {
          "returnType": "", 
          "arguments": [
            {
              "decl": "const Geom2dAdaptor_HCurve *", 
              "type": "Geom2dAdaptor_HCurve", 
              "name": "anItem"
            }
          ], 
          "name": "Handle_Geom2dAdaptor_HCurve", 
          "parent": "Handle_Geom2dAdaptor_HCurve", 
          "cls": "constructor", 
          "throws": true
        }
      ], 
      "artificial": "1", 
      "bases": [
        {
          "access": "public", 
          "name": "Handle_Geom2dAdaptor_GHCurve"
        }
      ], 
      "location": [
        "/usr/local/include/oce/Handle_Geom2dAdaptor_HCurve.hxx", 
        25
      ], 
      "members": [
        {
          "returnType": "Handle_Geom2dAdaptor_HCurve", 
          "arguments": [
            {
              "decl": "const Handle_Standard_Transient &", 
              "type": "Handle_Standard_Transient", 
              "name": "AnObject"
            }
          ], 
          "name": "DownCast", 
          "parent": "Handle_Geom2dAdaptor_HCurve", 
          "cls": "memfun", 
          "static": "1", 
          "extern": "1", 
          "throws": true
        }
      ], 
      "cls": "class"
    }, 
    {
      "name": "Geom2dAdaptor_HCurve", 
      "abstract": false, 
      "constructors": [
        {
          "returnType": "", 
          "arguments": [
            {
              "decl": "const Geom2dAdaptor_HCurve &", 
              "type": "Geom2dAdaptor_HCurve", 
              "name": "arg0"
            }
          ], 
          "name": "Geom2dAdaptor_HCurve", 
          "parent": "Geom2dAdaptor_HCurve", 
          "cls": "constructor", 
          "artificial": "1", 
          "throws": true, 
          "copyConstructor": true
        }, 
        {
          "returnType": "", 
          "arguments": [], 
          "name": "Geom2dAdaptor_HCurve", 
          "parent": "Geom2dAdaptor_HCurve", 
          "cls": "constructor", 
          "extern": "1", 
          "throws": true
        }, 
        {
          "returnType": "", 
          "arguments": [
            {
              "decl": "const Geom2dAdaptor_Curve &", 
              "type": "Geom2dAdaptor_Curve", 
              "name": "AS"
            }
          ], 
          "name": "Geom2dAdaptor_HCurve", 
          "parent": "Geom2dAdaptor_HCurve", 
          "cls": "constructor", 
          "extern": "1", 
          "throws": true
        }, 
        {
          "returnType": "", 
          "arguments": [
            {
              "decl": "const Handle_Geom2d_Curve &", 
              "type": "Handle_Geom2d_Curve", 
              "name": "S"
            }
          ], 
          "name": "Geom2dAdaptor_HCurve", 
          "parent": "Geom2dAdaptor_HCurve", 
          "cls": "constructor", 
          "extern": "1", 
          "throws": true
        }, 
        {
          "returnType": "", 
          "arguments": [
            {
              "decl": "const Handle_Geom2d_Curve &", 
              "type": "Handle_Geom2d_Curve", 
              "name": "S"
            }, 
            {
              "decl": "const Standard_Real", 
              "type": "Standard_Real", 
              "name": "UFirst"
            }, 
            {
              "decl": "const Standard_Real", 
              "type": "Standard_Real", 
              "name": "ULast"
            }
          ], 
          "name": "Geom2dAdaptor_HCurve", 
          "parent": "Geom2dAdaptor_HCurve", 
          "cls": "constructor", 
          "extern": "1", 
          "throws": true
        }
      ], 
      "artificial": "1", 
      "bases": [
        {
          "access": "public", 
          "name": "Geom2dAdaptor_GHCurve"
        }
      ], 
      "location": [
        "/usr/local/include/oce/Geom2dAdaptor_HCurve.hxx", 
        36
      ], 
      "members": [
        {
          "returnType": "Handle_Standard_Type const &", 
          "arguments": [], 
          "name": "DynamicType", 
          "parent": "Geom2dAdaptor_HCurve", 
          "cls": "memfun", 
          "extern": "1", 
          "const": "1", 
          "throws": true, 
          "virtuality": "virtual"
        }
      ], 
      "cls": "class"
    }, 
    {
      "name": "Handle_Geom2dAdaptor_GHCurve", 
      "abstract": false, 
      "constructors": [
        {
          "returnType": "", 
          "arguments": [], 
          "name": "Handle_Geom2dAdaptor_GHCurve", 
          "parent": "Handle_Geom2dAdaptor_GHCurve", 
          "cls": "constructor", 
          "throws": true
        }, 
        {
          "returnType": "", 
          "arguments": [
            {
              "decl": "const Handle_Geom2dAdaptor_GHCurve &", 
              "type": "Handle_Geom2dAdaptor_GHCurve", 
              "name": "aHandle"
            }
          ], 
          "name": "Handle_Geom2dAdaptor_GHCurve", 
          "parent": "Handle_Geom2dAdaptor_GHCurve", 
          "cls": "constructor", 
          "throws": true, 
          "copyConstructor": true
        }, 
        {
          "returnType": "", 
          "arguments": [
            {
              "decl": "const Geom2dAdaptor_GHCurve *", 
              "type": "Geom2dAdaptor_GHCurve", 
              "name": "anItem"
            }
          ], 
          "name": "Handle_Geom2dAdaptor_GHCurve", 
          "parent": "Handle_Geom2dAdaptor_GHCurve", 
          "cls": "constructor", 
          "throws": true
        }
      ], 
      "artificial": "1", 
      "bases": [
        {
          "access": "public", 
          "name": "Handle_Adaptor2d_HCurve2d"
        }
      ], 
      "location": [
        "/usr/local/include/oce/Handle_Geom2dAdaptor_GHCurve.hxx", 
        25
      ], 
      "members": [
        {
          "returnType": "Handle_Geom2dAdaptor_GHCurve", 
          "arguments": [
            {
              "decl": "const Handle_Standard_Transient &", 
              "type": "Handle_Standard_Transient", 
              "name": "AnObject"
            }
          ], 
          "name": "DownCast", 
          "parent": "Handle_Geom2dAdaptor_GHCurve", 
          "cls": "memfun", 
          "static": "1", 
          "extern": "1", 
          "throws": true
        }
      ], 
      "cls": "class"
    }, 
    {
      "name": "Geom2dAdaptor_GHCurve", 
      "abstract": false, 
      "constructors": [
        {
          "returnType": "", 
          "arguments": [
            {
              "decl": "const Geom2dAdaptor_GHCurve &", 
              "type": "Geom2dAdaptor_GHCurve", 
              "name": "arg0"
            }
          ], 
          "name": "Geom2dAdaptor_GHCurve", 
          "parent": "Geom2dAdaptor_GHCurve", 
          "cls": "constructor", 
          "artificial": "1", 
          "throws": true, 
          "copyConstructor": true
        }, 
        {
          "returnType": "", 
          "arguments": [], 
          "name": "Geom2dAdaptor_GHCurve", 
          "parent": "Geom2dAdaptor_GHCurve", 
          "cls": "constructor", 
          "extern": "1", 
          "throws": true
        }, 
        {
          "returnType": "", 
          "arguments": [
            {
              "decl": "const Geom2dAdaptor_Curve &", 
              "type": "Geom2dAdaptor_Curve", 
              "name": "C"
            }
          ], 
          "name": "Geom2dAdaptor_GHCurve", 
          "parent": "Geom2dAdaptor_GHCurve", 
          "cls": "constructor", 
          "extern": "1", 
          "throws": true
        }
      ], 
      "artificial": "1", 
      "bases": [
        {
          "access": "public", 
          "name": "Adaptor2d_HCurve2d"
        }
      ], 
      "location": [
        "/usr/local/include/oce/Geom2dAdaptor_GHCurve.hxx", 
        33
      ], 
      "members": [
        {
          "returnType": "void", 
          "arguments": [
            {
              "decl": "const Geom2dAdaptor_Curve &", 
              "type": "Geom2dAdaptor_Curve", 
              "name": "C"
            }
          ], 
          "name": "Set", 
          "parent": "Geom2dAdaptor_GHCurve", 
          "cls": "memfun", 
          "extern": "1", 
          "throws": true
        }, 
        {
          "returnType": "Adaptor2d_Curve2d const &", 
          "arguments": [], 
          "name": "Curve2d", 
          "parent": "Geom2dAdaptor_GHCurve", 
          "cls": "memfun", 
          "extern": "1", 
          "const": "1", 
          "throws": true, 
          "virtuality": "virtual"
        }, 
        {
          "returnType": "Geom2dAdaptor_Curve &", 
          "arguments": [], 
          "name": "ChangeCurve2d", 
          "parent": "Geom2dAdaptor_GHCurve", 
          "cls": "memfun", 
          "throws": true
        }, 
        {
          "returnType": "Handle_Standard_Type const &", 
          "arguments": [], 
          "name": "DynamicType", 
          "parent": "Geom2dAdaptor_GHCurve", 
          "cls": "memfun", 
          "extern": "1", 
          "const": "1", 
          "throws": true, 
          "virtuality": "virtual"
        }
      ], 
      "cls": "class"
    }
  ], 
  "headers": [
    "Geom2dAdaptor_HCurve.hxx", 
    "Geom2dAdaptor_Curve.hxx", 
    "Geom2dAdaptor_GHCurve.hxx"
  ], 
  "enums": [], 
  "typedefs": [], 
  "name": "Geom2dAdaptor"
}