{
  "classes": [
    {
      "name": "GeomLib_Tool", 
      "abstract": false, 
      "constructors": [
        {
          "returnType": "", 
          "arguments": [
            {
              "decl": "const GeomLib_Tool &", 
              "type": "GeomLib_Tool", 
              "name": "arg0"
            }
          ], 
          "name": "GeomLib_Tool", 
          "parent": "GeomLib_Tool", 
          "cls": "constructor", 
          "artificial": "1", 
          "copyConstructor": true
        }, 
        {
          "returnType": "", 
          "arguments": [], 
          "name": "GeomLib_Tool", 
          "parent": "GeomLib_Tool", 
          "cls": "constructor", 
          "artificial": "1"
        }
      ], 
      "artificial": "1", 
      "bases": [], 
      "location": [
        "/usr/local/include/oce/GeomLib_Tool.hxx", 
        50
      ], 
      "members": [
        {
          "returnType": "Standard_Boolean", 
          "arguments": [
            {
              "decl": "const Handle_Geom_Curve &", 
              "type": "Handle_Geom_Curve", 
              "name": "Curve"
            }, 
            {
              "decl": "const gp_Pnt &", 
              "type": "gp_Pnt", 
              "name": "Point"
            }, 
            {
              "decl": "const Standard_Real", 
              "type": "Standard_Real", 
              "name": "Tolerance"
            }, 
            {
              "decl": "Standard_Real &", 
              "type": "Standard_Real", 
              "name": "U"
            }
          ], 
          "name": "Parameter", 
          "parent": "GeomLib_Tool", 
          "cls": "memfun", 
          "static": "1", 
          "extern": "1", 
          "throws": true
        }, 
        {
          "returnType": "Standard_Boolean", 
          "arguments": [
            {
              "decl": "const Handle_Geom_Surface &", 
              "type": "Handle_Geom_Surface", 
              "name": "Surface"
            }, 
            {
              "decl": "const gp_Pnt &", 
              "type": "gp_Pnt", 
              "name": "Point"
            }, 
            {
              "decl": "const Standard_Real", 
              "type": "Standard_Real", 
              "name": "Tolerance"
            }, 
            {
              "decl": "Standard_Real &", 
              "type": "Standard_Real", 
              "name": "U"
            }, 
            {
              "decl": "Standard_Real &", 
              "type": "Standard_Real", 
              "name": "V"
            }
          ], 
          "name": "Parameters", 
          "parent": "GeomLib_Tool", 
          "cls": "memfun", 
          "static": "1", 
          "extern": "1", 
          "throws": true
        }, 
        {
          "returnType": "Standard_Boolean", 
          "arguments": [
            {
              "decl": "const Handle_Geom2d_Curve &", 
              "type": "Handle_Geom2d_Curve", 
              "name": "Curve"
            }, 
            {
              "decl": "const gp_Pnt2d &", 
              "type": "gp_Pnt2d", 
              "name": "Point"
            }, 
            {
              "decl": "const Standard_Real", 
              "type": "Standard_Real", 
              "name": "Tolerance"
            }, 
            {
              "decl": "Standard_Real &", 
              "type": "Standard_Real", 
              "name": "U"
            }
          ], 
          "name": "Parameter", 
          "parent": "GeomLib_Tool", 
          "cls": "memfun", 
          "static": "1", 
          "extern": "1", 
          "throws": true
        }
      ], 
      "cls": "class"
    }, 
    {
      "name": "GeomLib_LogSample", 
      "abstract": false, 
      "constructors": [
        {
          "returnType": "", 
          "arguments": [
            {
              "decl": "const GeomLib_LogSample &", 
              "type": "GeomLib_LogSample", 
              "name": "arg0"
            }
          ], 
          "name": "GeomLib_LogSample", 
          "parent": "GeomLib_LogSample", 
          "cls": "constructor", 
          "artificial": "1", 
          "copyConstructor": true
        }, 
        {
          "returnType": "", 
          "arguments": [
            {
              "decl": "const Standard_Real", 
              "type": "Standard_Real", 
              "name": "A"
            }, 
            {
              "decl": "const Standard_Real", 
              "type": "Standard_Real", 
              "name": "B"
            }, 
            {
              "decl": "const Standard_Integer", 
              "type": "Standard_Integer", 
              "name": "N"
            }
          ], 
          "name": "GeomLib_LogSample", 
          "parent": "GeomLib_LogSample", 
          "cls": "constructor", 
          "extern": "1", 
          "throws": true
        }
      ], 
      "artificial": "1", 
      "bases": [
        {
          "access": "public", 
          "name": "math_FunctionSample"
        }
      ], 
      "location": [
        "/usr/local/include/oce/GeomLib_LogSample.hxx", 
        32
      ], 
      "members": [
        {
          "returnType": "Standard_Real", 
          "arguments": [
            {
              "decl": "const Standard_Integer", 
              "type": "Standard_Integer", 
              "name": "Index"
            }
          ], 
          "name": "GetParameter", 
          "parent": "GeomLib_LogSample", 
          "cls": "memfun", 
          "extern": "1", 
          "const": "1", 
          "throws": true, 
          "virtuality": "virtual"
        }
      ], 
      "cls": "class"
    }, 
    {
      "name": "GeomLib_Interpolate", 
      "abstract": false, 
      "constructors": [
        {
          "returnType": "", 
          "arguments": [
            {
              "decl": "const GeomLib_Interpolate &", 
              "type": "GeomLib_Interpolate", 
              "name": "arg0"
            }
          ], 
          "name": "GeomLib_Interpolate", 
          "parent": "GeomLib_Interpolate", 
          "cls": "constructor", 
          "artificial": "1", 
          "throws": true, 
          "copyConstructor": true
        }, 
        {
          "returnType": "", 
          "arguments": [
            {
              "decl": "const Standard_Integer", 
              "type": "Standard_Integer", 
              "name": "Degree"
            }, 
            {
              "decl": "const Standard_Integer", 
              "type": "Standard_Integer", 
              "name": "NumPoints"
            }, 
            {
              "decl": "const TColgp_Array1OfPnt &", 
              "type": "TColgp_Array1OfPnt", 
              "name": "Points"
            }, 
            {
              "decl": "const TColStd_Array1OfReal &", 
              "type": "TColStd_Array1OfReal", 
              "name": "Parameters"
            }
          ], 
          "name": "GeomLib_Interpolate", 
          "parent": "GeomLib_Interpolate", 
          "cls": "constructor", 
          "extern": "1", 
          "throws": true
        }
      ], 
      "artificial": "1", 
      "bases": [], 
      "location": [
        "/usr/local/include/oce/GeomLib_Interpolate.hxx", 
        46
      ], 
      "members": [
        {
          "returnType": "Standard_Boolean", 
          "arguments": [], 
          "name": "IsDone", 
          "parent": "GeomLib_Interpolate", 
          "cls": "memfun", 
          "const": "1", 
          "throws": true
        }, 
        {
          "returnType": "GeomLib_InterpolationErrors", 
          "arguments": [], 
          "name": "Error", 
          "parent": "GeomLib_Interpolate", 
          "cls": "memfun", 
          "const": "1", 
          "throws": true
        }, 
        {
          "returnType": "Handle_Geom_BSplineCurve", 
          "arguments": [], 
          "name": "Curve", 
          "parent": "GeomLib_Interpolate", 
          "cls": "memfun", 
          "extern": "1", 
          "const": "1", 
          "throws": true
        }
      ], 
      "cls": "class"
    }, 
    {
      "name": "GeomLib_Check2dBSplineCurve", 
      "abstract": false, 
      "constructors": [
        {
          "returnType": "", 
          "arguments": [
            {
              "decl": "const GeomLib_Check2dBSplineCurve &", 
              "type": "GeomLib_Check2dBSplineCurve", 
              "name": "arg0"
            }
          ], 
          "name": "GeomLib_Check2dBSplineCurve", 
          "parent": "GeomLib_Check2dBSplineCurve", 
          "cls": "constructor", 
          "artificial": "1", 
          "throws": true, 
          "copyConstructor": true
        }, 
        {
          "returnType": "", 
          "arguments": [
            {
              "decl": "const Handle_Geom2d_BSplineCurve &", 
              "type": "Handle_Geom2d_BSplineCurve", 
              "name": "Curve"
            }, 
            {
              "decl": "const Standard_Real", 
              "type": "Standard_Real", 
              "name": "Tolerance"
            }, 
            {
              "decl": "const Standard_Real", 
              "type": "Standard_Real", 
              "name": "AngularTolerance"
            }
          ], 
          "name": "GeomLib_Check2dBSplineCurve", 
          "parent": "GeomLib_Check2dBSplineCurve", 
          "cls": "constructor", 
          "extern": "1", 
          "throws": true
        }
      ], 
      "artificial": "1", 
      "bases": [], 
      "location": [
        "/usr/local/include/oce/GeomLib_Check2dBSplineCurve.hxx", 
        38
      ], 
      "members": [
        {
          "returnType": "Standard_Boolean", 
          "arguments": [], 
          "name": "IsDone", 
          "parent": "GeomLib_Check2dBSplineCurve", 
          "cls": "memfun", 
          "const": "1", 
          "throws": true
        }, 
        {
          "returnType": "void", 
          "arguments": [
            {
              "decl": "Standard_Boolean &", 
              "type": "Standard_Boolean", 
              "name": "FirstFlag"
            }, 
            {
              "decl": "Standard_Boolean &", 
              "type": "Standard_Boolean", 
              "name": "SecondFlag"
            }
          ], 
          "name": "NeedTangentFix", 
          "parent": "GeomLib_Check2dBSplineCurve", 
          "cls": "memfun", 
          "extern": "1", 
          "const": "1", 
          "throws": true
        }, 
        {
          "returnType": "void", 
          "arguments": [
            {
              "decl": "const Standard_Boolean", 
              "type": "Standard_Boolean", 
              "name": "FirstFlag"
            }, 
            {
              "decl": "const Standard_Boolean", 
              "type": "Standard_Boolean", 
              "name": "LastFlag"
            }
          ], 
          "name": "FixTangent", 
          "parent": "GeomLib_Check2dBSplineCurve", 
          "cls": "memfun", 
          "extern": "1", 
          "throws": true
        }, 
        {
          "returnType": "Handle_Geom2d_BSplineCurve", 
          "arguments": [
            {
              "decl": "const Standard_Boolean", 
              "type": "Standard_Boolean", 
              "name": "FirstFlag"
            }, 
            {
              "decl": "const Standard_Boolean", 
              "type": "Standard_Boolean", 
              "name": "LastFlag"
            }
          ], 
          "name": "FixedTangent", 
          "parent": "GeomLib_Check2dBSplineCurve", 
          "cls": "memfun", 
          "extern": "1", 
          "throws": true
        }
      ], 
      "cls": "class"
    }, 
    {
      "name": "GeomLib_PolyFunc", 
      "abstract": false, 
      "constructors": [
        {
          "returnType": "", 
          "arguments": [
            {
              "decl": "const GeomLib_PolyFunc &", 
              "type": "GeomLib_PolyFunc", 
              "name": "arg0"
            }
          ], 
          "name": "GeomLib_PolyFunc", 
          "parent": "GeomLib_PolyFunc", 
          "cls": "constructor", 
          "artificial": "1", 
          "throws": true, 
          "copyConstructor": true
        }, 
        {
          "returnType": "", 
          "arguments": [
            {
              "decl": "const math_Vector &", 
              "type": "math_Vector", 
              "name": "Coeffs"
            }
          ], 
          "name": "GeomLib_PolyFunc", 
          "parent": "GeomLib_PolyFunc", 
          "cls": "constructor", 
          "extern": "1", 
          "throws": true
        }
      ], 
      "artificial": "1", 
      "bases": [
        {
          "access": "public", 
          "name": "math_FunctionWithDerivative"
        }
      ], 
      "location": [
        "/usr/local/include/oce/GeomLib_PolyFunc.hxx", 
        35
      ], 
      "members": [
        {
          "returnType": "Standard_Boolean", 
          "arguments": [
            {
              "decl": "const Standard_Real", 
              "type": "Standard_Real", 
              "name": "X"
            }, 
            {
              "decl": "Standard_Real &", 
              "type": "Standard_Real", 
              "name": "F"
            }
          ], 
          "name": "Value", 
          "parent": "GeomLib_PolyFunc", 
          "cls": "memfun", 
          "extern": "1", 
          "throws": true, 
          "virtuality": "virtual"
        }, 
        {
          "returnType": "Standard_Boolean", 
          "arguments": [
            {
              "decl": "const Standard_Real", 
              "type": "Standard_Real", 
              "name": "X"
            }, 
            {
              "decl": "Standard_Real &", 
              "type": "Standard_Real", 
              "name": "D"
            }
          ], 
          "name": "Derivative", 
          "parent": "GeomLib_PolyFunc", 
          "cls": "memfun", 
          "extern": "1", 
          "throws": true, 
          "virtuality": "virtual"
        }, 
        {
          "returnType": "Standard_Boolean", 
          "arguments": [
            {
              "decl": "const Standard_Real", 
              "type": "Standard_Real", 
              "name": "X"
            }, 
            {
              "decl": "Standard_Real &", 
              "type": "Standard_Real", 
              "name": "F"
            }, 
            {
              "decl": "Standard_Real &", 
              "type": "Standard_Real", 
              "name": "D"
            }
          ], 
          "name": "Values", 
          "parent": "GeomLib_PolyFunc", 
          "cls": "memfun", 
          "extern": "1", 
          "throws": true, 
          "virtuality": "virtual"
        }
      ], 
      "cls": "class"
    }, 
    {
      "name": "GeomLib_IsPlanarSurface", 
      "abstract": false, 
      "constructors": [
        {
          "returnType": "", 
          "arguments": [
            {
              "decl": "const GeomLib_IsPlanarSurface &", 
              "type": "GeomLib_IsPlanarSurface", 
              "name": "arg0"
            }
          ], 
          "name": "GeomLib_IsPlanarSurface", 
          "parent": "GeomLib_IsPlanarSurface", 
          "cls": "constructor", 
          "artificial": "1", 
          "copyConstructor": true
        }, 
        {
          "returnType": "", 
          "arguments": [
            {
              "decl": "const Handle_Geom_Surface &", 
              "type": "Handle_Geom_Surface", 
              "name": "S"
            }, 
            {
              "decl": "const Standard_Real", 
              "type": "Standard_Real", 
              "name": "Tol", 
              "default": "9.99999999999999954748111825886258685613938723690807819366e-8"
            }
          ], 
          "name": "GeomLib_IsPlanarSurface", 
          "parent": "GeomLib_IsPlanarSurface", 
          "cls": "constructor", 
          "extern": "1", 
          "throws": true
        }
      ], 
      "artificial": "1", 
      "bases": [], 
      "location": [
        "/usr/local/include/oce/GeomLib_IsPlanarSurface.hxx", 
        37
      ], 
      "members": [
        {
          "returnType": "Standard_Boolean", 
          "arguments": [], 
          "name": "IsPlanar", 
          "parent": "GeomLib_IsPlanarSurface", 
          "cls": "memfun", 
          "extern": "1", 
          "const": "1", 
          "throws": true
        }, 
        {
          "returnType": "gp_Pln const &", 
          "arguments": [], 
          "name": "Plan", 
          "parent": "GeomLib_IsPlanarSurface", 
          "cls": "memfun", 
          "extern": "1", 
          "const": "1", 
          "throws": true
        }
      ], 
      "cls": "class"
    }, 
    {
      "name": "GeomLib_MakeCurvefromApprox", 
      "abstract": false, 
      "constructors": [
        {
          "returnType": "", 
          "arguments": [
            {
              "decl": "const GeomLib_MakeCurvefromApprox &", 
              "type": "GeomLib_MakeCurvefromApprox", 
              "name": "arg0"
            }
          ], 
          "name": "GeomLib_MakeCurvefromApprox", 
          "parent": "GeomLib_MakeCurvefromApprox", 
          "cls": "constructor", 
          "artificial": "1", 
          "throws": true, 
          "copyConstructor": true
        }, 
        {
          "returnType": "", 
          "arguments": [
            {
              "decl": "const AdvApprox_ApproxAFunction &", 
              "type": "AdvApprox_ApproxAFunction", 
              "name": "Approx"
            }
          ], 
          "name": "GeomLib_MakeCurvefromApprox", 
          "parent": "GeomLib_MakeCurvefromApprox", 
          "cls": "constructor", 
          "extern": "1", 
          "throws": true
        }
      ], 
      "artificial": "1", 
      "bases": [], 
      "location": [
        "/usr/local/include/oce/GeomLib_MakeCurvefromApprox.hxx", 
        43
      ], 
      "members": [
        {
          "returnType": "Standard_Boolean", 
          "arguments": [], 
          "name": "IsDone", 
          "parent": "GeomLib_MakeCurvefromApprox", 
          "cls": "memfun", 
          "const": "1", 
          "throws": true
        }, 
        {
          "returnType": "Standard_Integer", 
          "arguments": [], 
          "name": "Nb1DSpaces", 
          "parent": "GeomLib_MakeCurvefromApprox", 
          "cls": "memfun", 
          "extern": "1", 
          "const": "1", 
          "throws": true
        }, 
        {
          "returnType": "Standard_Integer", 
          "arguments": [], 
          "name": "Nb2DSpaces", 
          "parent": "GeomLib_MakeCurvefromApprox", 
          "cls": "memfun", 
          "extern": "1", 
          "const": "1", 
          "throws": true
        }, 
        {
          "returnType": "Standard_Integer", 
          "arguments": [], 
          "name": "Nb3DSpaces", 
          "parent": "GeomLib_MakeCurvefromApprox", 
          "cls": "memfun", 
          "extern": "1", 
          "const": "1", 
          "throws": true
        }, 
        {
          "returnType": "Handle_Geom2d_BSplineCurve", 
          "arguments": [
            {
              "decl": "const Standard_Integer", 
              "type": "Standard_Integer", 
              "name": "Index2d"
            }
          ], 
          "name": "Curve2d", 
          "parent": "GeomLib_MakeCurvefromApprox", 
          "cls": "memfun", 
          "extern": "1", 
          "const": "1", 
          "throws": true
        }, 
        {
          "returnType": "Handle_Geom2d_BSplineCurve", 
          "arguments": [
            {
              "decl": "const Standard_Integer", 
              "type": "Standard_Integer", 
              "name": "Index1d"
            }, 
            {
              "decl": "const Standard_Integer", 
              "type": "Standard_Integer", 
              "name": "Index2d"
            }
          ], 
          "name": "Curve2dFromTwo1d", 
          "parent": "GeomLib_MakeCurvefromApprox", 
          "cls": "memfun", 
          "extern": "1", 
          "const": "1", 
          "throws": true
        }, 
        {
          "returnType": "Handle_Geom2d_BSplineCurve", 
          "arguments": [
            {
              "decl": "const Standard_Integer", 
              "type": "Standard_Integer", 
              "name": "Index1d"
            }, 
            {
              "decl": "const Standard_Integer", 
              "type": "Standard_Integer", 
              "name": "Index2d"
            }
          ], 
          "name": "Curve2d", 
          "parent": "GeomLib_MakeCurvefromApprox", 
          "cls": "memfun", 
          "extern": "1", 
          "const": "1", 
          "throws": true
        }, 
        {
          "returnType": "Handle_Geom_BSplineCurve", 
          "arguments": [
            {
              "decl": "const Standard_Integer", 
              "type": "Standard_Integer", 
              "name": "Index3d"
            }
          ], 
          "name": "Curve", 
          "parent": "GeomLib_MakeCurvefromApprox", 
          "cls": "memfun", 
          "extern": "1", 
          "const": "1", 
          "throws": true
        }, 
        {
          "returnType": "Handle_Geom_BSplineCurve", 
          "arguments": [
            {
              "decl": "const Standard_Integer", 
              "type": "Standard_Integer", 
              "name": "Index1D"
            }, 
            {
              "decl": "const Standard_Integer", 
              "type": "Standard_Integer", 
              "name": "Index3D"
            }
          ], 
          "name": "Curve", 
          "parent": "GeomLib_MakeCurvefromApprox", 
          "cls": "memfun", 
          "extern": "1", 
          "const": "1", 
          "throws": true
        }
      ], 
      "cls": "class"
    }, 
    {
      "name": "GeomLib_Array1OfMat", 
      "abstract": false, 
      "constructors": [
        {
          "returnType": "", 
          "arguments": [
            {
              "decl": "const Standard_Integer", 
              "type": "Standard_Integer", 
              "name": "Low"
            }, 
            {
              "decl": "const Standard_Integer", 
              "type": "Standard_Integer", 
              "name": "Up"
            }
          ], 
          "name": "GeomLib_Array1OfMat", 
          "parent": "GeomLib_Array1OfMat", 
          "cls": "constructor", 
          "throws": true
        }, 
        {
          "returnType": "", 
          "arguments": [
            {
              "decl": "const gp_Mat &", 
              "type": "gp_Mat", 
              "name": "AnItem"
            }, 
            {
              "decl": "const Standard_Integer", 
              "type": "Standard_Integer", 
              "name": "Low"
            }, 
            {
              "decl": "const Standard_Integer", 
              "type": "Standard_Integer", 
              "name": "Up"
            }
          ], 
          "name": "GeomLib_Array1OfMat", 
          "parent": "GeomLib_Array1OfMat", 
          "cls": "constructor", 
          "throws": true
        }
      ], 
      "artificial": "1", 
      "bases": [], 
      "location": [
        "/usr/local/include/oce/GeomLib_Array1OfMat.hxx", 
        36
      ], 
      "members": [
        {
          "returnType": "void", 
          "arguments": [
            {
              "decl": "const gp_Mat &", 
              "type": "gp_Mat", 
              "name": "V"
            }
          ], 
          "name": "Init", 
          "parent": "GeomLib_Array1OfMat", 
          "cls": "memfun", 
          "extern": "1", 
          "throws": true
        }, 
        {
          "returnType": "void", 
          "arguments": [], 
          "name": "Destroy", 
          "parent": "GeomLib_Array1OfMat", 
          "cls": "memfun", 
          "throws": true
        }, 
        {
          "returnType": "Standard_Boolean", 
          "arguments": [], 
          "name": "IsAllocated", 
          "parent": "GeomLib_Array1OfMat", 
          "cls": "memfun", 
          "const": "1", 
          "throws": true
        }, 
        {
          "returnType": "GeomLib_Array1OfMat const &", 
          "arguments": [
            {
              "decl": "const GeomLib_Array1OfMat &", 
              "type": "GeomLib_Array1OfMat", 
              "name": "Other"
            }
          ], 
          "name": "Assign", 
          "parent": "GeomLib_Array1OfMat", 
          "cls": "memfun", 
          "extern": "1", 
          "throws": true
        }, 
        {
          "returnType": "Standard_Integer", 
          "arguments": [], 
          "name": "Length", 
          "parent": "GeomLib_Array1OfMat", 
          "cls": "memfun", 
          "const": "1", 
          "throws": true
        }, 
        {
          "returnType": "Standard_Integer", 
          "arguments": [], 
          "name": "Lower", 
          "parent": "GeomLib_Array1OfMat", 
          "cls": "memfun", 
          "const": "1", 
          "throws": true
        }, 
        {
          "returnType": "Standard_Integer", 
          "arguments": [], 
          "name": "Upper", 
          "parent": "GeomLib_Array1OfMat", 
          "cls": "memfun", 
          "const": "1", 
          "throws": true
        }, 
        {
          "returnType": "void", 
          "arguments": [
            {
              "decl": "const Standard_Integer", 
              "type": "Standard_Integer", 
              "name": "Index"
            }, 
            {
              "decl": "const gp_Mat &", 
              "type": "gp_Mat", 
              "name": "Value"
            }
          ], 
          "name": "SetValue", 
          "parent": "GeomLib_Array1OfMat", 
          "cls": "memfun", 
          "throws": true
        }, 
        {
          "returnType": "gp_Mat const &", 
          "arguments": [
            {
              "decl": "const Standard_Integer", 
              "type": "Standard_Integer", 
              "name": "Index"
            }
          ], 
          "name": "Value", 
          "parent": "GeomLib_Array1OfMat", 
          "cls": "memfun", 
          "const": "1", 
          "throws": true
        }, 
        {
          "returnType": "gp_Mat &", 
          "arguments": [
            {
              "decl": "const Standard_Integer", 
              "type": "Standard_Integer", 
              "name": "Index"
            }
          ], 
          "name": "ChangeValue", 
          "parent": "GeomLib_Array1OfMat", 
          "cls": "memfun", 
          "throws": true
        }
      ], 
      "cls": "class"
    }, 
    {
      "name": "GeomLib_DenominatorMultiplier", 
      "abstract": false, 
      "constructors": [
        {
          "returnType": "", 
          "arguments": [
            {
              "decl": "const Handle_Geom_BSplineSurface &", 
              "type": "Handle_Geom_BSplineSurface", 
              "name": "Surface"
            }, 
            {
              "decl": "const TColStd_Array1OfReal &", 
              "type": "TColStd_Array1OfReal", 
              "name": "KnotVector"
            }
          ], 
          "name": "GeomLib_DenominatorMultiplier", 
          "parent": "GeomLib_DenominatorMultiplier", 
          "cls": "constructor", 
          "extern": "1", 
          "throws": true
        }
      ], 
      "artificial": "1", 
      "bases": [], 
      "location": [
        "/usr/local/include/oce/GeomLib_DenominatorMultiplier.hxx", 
        36
      ], 
      "members": [
        {
          "returnType": "Standard_Real", 
          "arguments": [
            {
              "decl": "const Standard_Real", 
              "type": "Standard_Real", 
              "name": "UParameter"
            }, 
            {
              "decl": "const Standard_Real", 
              "type": "Standard_Real", 
              "name": "VParameter"
            }
          ], 
          "name": "Value", 
          "parent": "GeomLib_DenominatorMultiplier", 
          "cls": "memfun", 
          "extern": "1", 
          "const": "1", 
          "throws": true
        }
      ], 
      "cls": "class"
    }, 
    {
      "name": "GeomLib_CheckBSplineCurve", 
      "abstract": false, 
      "constructors": [
        {
          "returnType": "", 
          "arguments": [
            {
              "decl": "const GeomLib_CheckBSplineCurve &", 
              "type": "GeomLib_CheckBSplineCurve", 
              "name": "arg0"
            }
          ], 
          "name": "GeomLib_CheckBSplineCurve", 
          "parent": "GeomLib_CheckBSplineCurve", 
          "cls": "constructor", 
          "artificial": "1", 
          "throws": true, 
          "copyConstructor": true
        }, 
        {
          "returnType": "", 
          "arguments": [
            {
              "decl": "const Handle_Geom_BSplineCurve &", 
              "type": "Handle_Geom_BSplineCurve", 
              "name": "Curve"
            }, 
            {
              "decl": "const Standard_Real", 
              "type": "Standard_Real", 
              "name": "Tolerance"
            }, 
            {
              "decl": "const Standard_Real", 
              "type": "Standard_Real", 
              "name": "AngularTolerance"
            }
          ], 
          "name": "GeomLib_CheckBSplineCurve", 
          "parent": "GeomLib_CheckBSplineCurve", 
          "cls": "constructor", 
          "extern": "1", 
          "throws": true
        }
      ], 
      "artificial": "1", 
      "bases": [], 
      "location": [
        "/usr/local/include/oce/GeomLib_CheckBSplineCurve.hxx", 
        38
      ], 
      "members": [
        {
          "returnType": "Standard_Boolean", 
          "arguments": [], 
          "name": "IsDone", 
          "parent": "GeomLib_CheckBSplineCurve", 
          "cls": "memfun", 
          "const": "1", 
          "throws": true
        }, 
        {
          "returnType": "void", 
          "arguments": [
            {
              "decl": "Standard_Boolean &", 
              "type": "Standard_Boolean", 
              "name": "FirstFlag"
            }, 
            {
              "decl": "Standard_Boolean &", 
              "type": "Standard_Boolean", 
              "name": "SecondFlag"
            }
          ], 
          "name": "NeedTangentFix", 
          "parent": "GeomLib_CheckBSplineCurve", 
          "cls": "memfun", 
          "extern": "1", 
          "const": "1", 
          "throws": true
        }, 
        {
          "returnType": "void", 
          "arguments": [
            {
              "decl": "const Standard_Boolean", 
              "type": "Standard_Boolean", 
              "name": "FirstFlag"
            }, 
            {
              "decl": "const Standard_Boolean", 
              "type": "Standard_Boolean", 
              "name": "LastFlag"
            }
          ], 
          "name": "FixTangent", 
          "parent": "GeomLib_CheckBSplineCurve", 
          "cls": "memfun", 
          "extern": "1", 
          "throws": true
        }, 
        {
          "returnType": "Handle_Geom_BSplineCurve", 
          "arguments": [
            {
              "decl": "const Standard_Boolean", 
              "type": "Standard_Boolean", 
              "name": "FirstFlag"
            }, 
            {
              "decl": "const Standard_Boolean", 
              "type": "Standard_Boolean", 
              "name": "LastFlag"
            }
          ], 
          "name": "FixedTangent", 
          "parent": "GeomLib_CheckBSplineCurve", 
          "cls": "memfun", 
          "extern": "1", 
          "throws": true
        }
      ], 
      "cls": "class"
    }
  ], 
  "headers": [
    "GeomLib_InterpolationErrors.hxx", 
    "GeomLib_CheckBSplineCurve.hxx", 
    "GeomLib_PolyFunc.hxx", 
    "GeomLib_Array1OfMat.hxx", 
    "GeomLib_Check2dBSplineCurve.hxx", 
    "GeomLib_Tool.hxx", 
    "GeomLib_DenominatorMultiplier.hxx", 
    "GeomLib_DenominatorMultiplierPtr.hxx", 
    "GeomLib_IsPlanarSurface.hxx", 
    "GeomLib_LogSample.hxx", 
    "GeomLib_MakeCurvefromApprox.hxx", 
    "GeomLib_Interpolate.hxx"
  ], 
  "enums": [
    {
      "values": [
        [
          "GeomLib_NoError", 
          0
        ], 
        [
          "GeomLib_NotEnoughtPoints", 
          1
        ], 
        [
          "GeomLib_DegreeSmallerThan3", 
          2
        ], 
        [
          "GeomLib_InversionProblem", 
          3
        ]
      ], 
      "name": "GeomLib_InterpolationErrors", 
      "cls": "enum"
    }
  ], 
  "typedefs": [
    {
      "type": "GeomLib_DenominatorMultiplier *", 
      "name": "GeomLib_DenominatorMultiplierPtr", 
      "cls": "typedef"
    }
  ], 
  "name": "GeomLib"
}