{
  "classes": [
    {
      "name": "GProp_PGProps", 
      "abstract": false, 
      "constructors": [
        {
          "returnType": "", 
          "arguments": [
            {
              "decl": "const GProp_PGProps &", 
              "type": "GProp_PGProps", 
              "name": "arg0"
            }
          ], 
          "name": "GProp_PGProps", 
          "parent": "GProp_PGProps", 
          "cls": "constructor", 
          "artificial": "1", 
          "copyConstructor": true
        }, 
        {
          "returnType": "", 
          "arguments": [], 
          "name": "GProp_PGProps", 
          "parent": "GProp_PGProps", 
          "cls": "constructor", 
          "extern": "1", 
          "throws": true
        }, 
        {
          "returnType": "", 
          "arguments": [
            {
              "decl": "const TColgp_Array1OfPnt &", 
              "type": "TColgp_Array1OfPnt", 
              "name": "Pnts"
            }
          ], 
          "name": "GProp_PGProps", 
          "parent": "GProp_PGProps", 
          "cls": "constructor", 
          "extern": "1", 
          "throws": true
        }, 
        {
          "returnType": "", 
          "arguments": [
            {
              "decl": "const TColgp_Array2OfPnt &", 
              "type": "TColgp_Array2OfPnt", 
              "name": "Pnts"
            }
          ], 
          "name": "GProp_PGProps", 
          "parent": "GProp_PGProps", 
          "cls": "constructor", 
          "extern": "1", 
          "throws": true
        }, 
        {
          "returnType": "", 
          "arguments": [
            {
              "decl": "const TColgp_Array1OfPnt &", 
              "type": "TColgp_Array1OfPnt", 
              "name": "Pnts"
            }, 
            {
              "decl": "const TColStd_Array1OfReal &", 
              "type": "TColStd_Array1OfReal", 
              "name": "Density"
            }
          ], 
          "name": "GProp_PGProps", 
          "parent": "GProp_PGProps", 
          "cls": "constructor", 
          "extern": "1", 
          "throws": true
        }, 
        {
          "returnType": "", 
          "arguments": [
            {
              "decl": "const TColgp_Array2OfPnt &", 
              "type": "TColgp_Array2OfPnt", 
              "name": "Pnts"
            }, 
            {
              "decl": "const TColStd_Array2OfReal &", 
              "type": "TColStd_Array2OfReal", 
              "name": "Density"
            }
          ], 
          "name": "GProp_PGProps", 
          "parent": "GProp_PGProps", 
          "cls": "constructor", 
          "extern": "1", 
          "throws": true
        }
      ], 
      "artificial": "1", 
      "bases": [
        {
          "access": "public", 
          "name": "GProp_GProps"
        }
      ], 
      "location": [
        "/usr/local/include/oce/GProp_PGProps.hxx", 
        53
      ], 
      "members": [
        {
          "returnType": "void", 
          "arguments": [
            {
              "decl": "const gp_Pnt &", 
              "type": "gp_Pnt", 
              "name": "P"
            }
          ], 
          "name": "AddPoint", 
          "parent": "GProp_PGProps", 
          "cls": "memfun", 
          "extern": "1", 
          "throws": true
        }, 
        {
          "returnType": "void", 
          "arguments": [
            {
              "decl": "const gp_Pnt &", 
              "type": "gp_Pnt", 
              "name": "P"
            }, 
            {
              "decl": "const Standard_Real", 
              "type": "Standard_Real", 
              "name": "Density"
            }
          ], 
          "name": "AddPoint", 
          "parent": "GProp_PGProps", 
          "cls": "memfun", 
          "extern": "1", 
          "throws": true
        }, 
        {
          "returnType": "gp_Pnt", 
          "arguments": [
            {
              "decl": "const TColgp_Array1OfPnt &", 
              "type": "TColgp_Array1OfPnt", 
              "name": "Pnts"
            }
          ], 
          "name": "Barycentre", 
          "parent": "GProp_PGProps", 
          "cls": "memfun", 
          "static": "1", 
          "extern": "1", 
          "throws": true
        }, 
        {
          "returnType": "gp_Pnt", 
          "arguments": [
            {
              "decl": "const TColgp_Array2OfPnt &", 
              "type": "TColgp_Array2OfPnt", 
              "name": "Pnts"
            }
          ], 
          "name": "Barycentre", 
          "parent": "GProp_PGProps", 
          "cls": "memfun", 
          "static": "1", 
          "extern": "1", 
          "throws": true
        }, 
        {
          "returnType": "void", 
          "arguments": [
            {
              "decl": "const TColgp_Array1OfPnt &", 
              "type": "TColgp_Array1OfPnt", 
              "name": "Pnts"
            }, 
            {
              "decl": "const TColStd_Array1OfReal &", 
              "type": "TColStd_Array1OfReal", 
              "name": "Density"
            }, 
            {
              "decl": "Standard_Real &", 
              "type": "Standard_Real", 
              "name": "Mass"
            }, 
            {
              "decl": "gp_Pnt &", 
              "type": "gp_Pnt", 
              "name": "G"
            }
          ], 
          "name": "Barycentre", 
          "parent": "GProp_PGProps", 
          "cls": "memfun", 
          "static": "1", 
          "extern": "1", 
          "throws": true
        }, 
        {
          "returnType": "void", 
          "arguments": [
            {
              "decl": "const TColgp_Array2OfPnt &", 
              "type": "TColgp_Array2OfPnt", 
              "name": "Pnts"
            }, 
            {
              "decl": "const TColStd_Array2OfReal &", 
              "type": "TColStd_Array2OfReal", 
              "name": "Density"
            }, 
            {
              "decl": "Standard_Real &", 
              "type": "Standard_Real", 
              "name": "Mass"
            }, 
            {
              "decl": "gp_Pnt &", 
              "type": "gp_Pnt", 
              "name": "G"
            }
          ], 
          "name": "Barycentre", 
          "parent": "GProp_PGProps", 
          "cls": "memfun", 
          "static": "1", 
          "extern": "1", 
          "throws": true
        }
      ], 
      "cls": "class"
    }, 
    {
      "name": "GProp_PrincipalProps", 
      "abstract": false, 
      "constructors": [
        {
          "returnType": "", 
          "arguments": [
            {
              "decl": "const GProp_PrincipalProps &", 
              "type": "GProp_PrincipalProps", 
              "name": "arg0"
            }
          ], 
          "name": "GProp_PrincipalProps", 
          "parent": "GProp_PrincipalProps", 
          "cls": "constructor", 
          "artificial": "1", 
          "copyConstructor": true
        }, 
        {
          "returnType": "", 
          "arguments": [], 
          "name": "GProp_PrincipalProps", 
          "parent": "GProp_PrincipalProps", 
          "cls": "constructor", 
          "extern": "1", 
          "throws": true
        }
      ], 
      "artificial": "1", 
      "bases": [], 
      "location": [
        "/usr/local/include/oce/GProp_PrincipalProps.hxx", 
        58
      ], 
      "members": [
        {
          "returnType": "Standard_Boolean", 
          "arguments": [], 
          "name": "HasSymmetryAxis", 
          "parent": "GProp_PrincipalProps", 
          "cls": "memfun", 
          "extern": "1", 
          "const": "1", 
          "throws": true
        }, 
        {
          "returnType": "Standard_Boolean", 
          "arguments": [
            {
              "decl": "const Standard_Real", 
              "type": "Standard_Real", 
              "name": "aTol"
            }
          ], 
          "name": "HasSymmetryAxis", 
          "parent": "GProp_PrincipalProps", 
          "cls": "memfun", 
          "extern": "1", 
          "const": "1", 
          "throws": true
        }, 
        {
          "returnType": "Standard_Boolean", 
          "arguments": [], 
          "name": "HasSymmetryPoint", 
          "parent": "GProp_PrincipalProps", 
          "cls": "memfun", 
          "extern": "1", 
          "const": "1", 
          "throws": true
        }, 
        {
          "returnType": "Standard_Boolean", 
          "arguments": [
            {
              "decl": "const Standard_Real", 
              "type": "Standard_Real", 
              "name": "aTol"
            }
          ], 
          "name": "HasSymmetryPoint", 
          "parent": "GProp_PrincipalProps", 
          "cls": "memfun", 
          "extern": "1", 
          "const": "1", 
          "throws": true
        }, 
        {
          "returnType": "void", 
          "arguments": [
            {
              "decl": "Standard_Real &", 
              "type": "Standard_Real", 
              "name": "Ixx"
            }, 
            {
              "decl": "Standard_Real &", 
              "type": "Standard_Real", 
              "name": "Iyy"
            }, 
            {
              "decl": "Standard_Real &", 
              "type": "Standard_Real", 
              "name": "Izz"
            }
          ], 
          "name": "Moments", 
          "parent": "GProp_PrincipalProps", 
          "cls": "memfun", 
          "extern": "1", 
          "const": "1", 
          "throws": true
        }, 
        {
          "returnType": "gp_Vec const &", 
          "arguments": [], 
          "name": "FirstAxisOfInertia", 
          "parent": "GProp_PrincipalProps", 
          "cls": "memfun", 
          "extern": "1", 
          "const": "1", 
          "throws": true
        }, 
        {
          "returnType": "gp_Vec const &", 
          "arguments": [], 
          "name": "SecondAxisOfInertia", 
          "parent": "GProp_PrincipalProps", 
          "cls": "memfun", 
          "extern": "1", 
          "const": "1", 
          "throws": true
        }, 
        {
          "returnType": "gp_Vec const &", 
          "arguments": [], 
          "name": "ThirdAxisOfInertia", 
          "parent": "GProp_PrincipalProps", 
          "cls": "memfun", 
          "extern": "1", 
          "const": "1", 
          "throws": true
        }, 
        {
          "returnType": "void", 
          "arguments": [
            {
              "decl": "Standard_Real &", 
              "type": "Standard_Real", 
              "name": "Rxx"
            }, 
            {
              "decl": "Standard_Real &", 
              "type": "Standard_Real", 
              "name": "Ryy"
            }, 
            {
              "decl": "Standard_Real &", 
              "type": "Standard_Real", 
              "name": "Rzz"
            }
          ], 
          "name": "RadiusOfGyration", 
          "parent": "GProp_PrincipalProps", 
          "cls": "memfun", 
          "extern": "1", 
          "const": "1", 
          "throws": true
        }
      ], 
      "cls": "class"
    }, 
    {
      "name": "GProp_GProps", 
      "abstract": false, 
      "constructors": [
        {
          "returnType": "", 
          "arguments": [
            {
              "decl": "const GProp_GProps &", 
              "type": "GProp_GProps", 
              "name": "arg0"
            }
          ], 
          "name": "GProp_GProps", 
          "parent": "GProp_GProps", 
          "cls": "constructor", 
          "artificial": "1", 
          "copyConstructor": true
        }, 
        {
          "returnType": "", 
          "arguments": [], 
          "name": "GProp_GProps", 
          "parent": "GProp_GProps", 
          "cls": "constructor", 
          "extern": "1", 
          "throws": true
        }, 
        {
          "returnType": "", 
          "arguments": [
            {
              "decl": "const gp_Pnt &", 
              "type": "gp_Pnt", 
              "name": "SystemLocation"
            }
          ], 
          "name": "GProp_GProps", 
          "parent": "GProp_GProps", 
          "cls": "constructor", 
          "extern": "1", 
          "throws": true
        }
      ], 
      "artificial": "1", 
      "bases": [], 
      "location": [
        "/usr/local/include/oce/GProp_GProps.hxx", 
        110
      ], 
      "members": [
        {
          "returnType": "void", 
          "arguments": [
            {
              "decl": "const GProp_GProps &", 
              "type": "GProp_GProps", 
              "name": "Item"
            }, 
            {
              "decl": "const Standard_Real", 
              "type": "Standard_Real", 
              "name": "Density", 
              "default": "1.0e+0"
            }
          ], 
          "name": "Add", 
          "parent": "GProp_GProps", 
          "cls": "memfun", 
          "extern": "1", 
          "throws": true
        }, 
        {
          "returnType": "Standard_Real", 
          "arguments": [], 
          "name": "Mass", 
          "parent": "GProp_GProps", 
          "cls": "memfun", 
          "extern": "1", 
          "const": "1", 
          "throws": true
        }, 
        {
          "returnType": "gp_Pnt", 
          "arguments": [], 
          "name": "CentreOfMass", 
          "parent": "GProp_GProps", 
          "cls": "memfun", 
          "extern": "1", 
          "const": "1", 
          "throws": true
        }, 
        {
          "returnType": "gp_Mat", 
          "arguments": [], 
          "name": "MatrixOfInertia", 
          "parent": "GProp_GProps", 
          "cls": "memfun", 
          "extern": "1", 
          "const": "1", 
          "throws": true
        }, 
        {
          "returnType": "void", 
          "arguments": [
            {
              "decl": "Standard_Real &", 
              "type": "Standard_Real", 
              "name": "Ix"
            }, 
            {
              "decl": "Standard_Real &", 
              "type": "Standard_Real", 
              "name": "Iy"
            }, 
            {
              "decl": "Standard_Real &", 
              "type": "Standard_Real", 
              "name": "Iz"
            }
          ], 
          "name": "StaticMoments", 
          "parent": "GProp_GProps", 
          "cls": "memfun", 
          "extern": "1", 
          "const": "1", 
          "throws": true
        }, 
        {
          "returnType": "Standard_Real", 
          "arguments": [
            {
              "decl": "const gp_Ax1 &", 
              "type": "gp_Ax1", 
              "name": "A"
            }
          ], 
          "name": "MomentOfInertia", 
          "parent": "GProp_GProps", 
          "cls": "memfun", 
          "extern": "1", 
          "const": "1", 
          "throws": true
        }, 
        {
          "returnType": "GProp_PrincipalProps", 
          "arguments": [], 
          "name": "PrincipalProperties", 
          "parent": "GProp_GProps", 
          "cls": "memfun", 
          "extern": "1", 
          "const": "1", 
          "throws": true
        }, 
        {
          "returnType": "Standard_Real", 
          "arguments": [
            {
              "decl": "const gp_Ax1 &", 
              "type": "gp_Ax1", 
              "name": "A"
            }
          ], 
          "name": "RadiusOfGyration", 
          "parent": "GProp_GProps", 
          "cls": "memfun", 
          "extern": "1", 
          "const": "1", 
          "throws": true
        }
      ], 
      "cls": "class"
    }, 
    {
      "name": "GProp_UndefinedAxis", 
      "abstract": false, 
      "constructors": [
        {
          "returnType": "", 
          "arguments": [
            {
              "decl": "const GProp_UndefinedAxis &", 
              "type": "GProp_UndefinedAxis", 
              "name": "arg0"
            }
          ], 
          "name": "GProp_UndefinedAxis", 
          "parent": "GProp_UndefinedAxis", 
          "cls": "constructor", 
          "artificial": "1", 
          "throws": true, 
          "copyConstructor": true
        }, 
        {
          "returnType": "", 
          "arguments": [], 
          "name": "GProp_UndefinedAxis", 
          "parent": "GProp_UndefinedAxis", 
          "cls": "constructor", 
          "throws": true
        }, 
        {
          "returnType": "", 
          "arguments": [
            {
              "decl": "const Standard_CString", 
              "type": "Standard_CString", 
              "name": "AString"
            }
          ], 
          "name": "GProp_UndefinedAxis", 
          "parent": "GProp_UndefinedAxis", 
          "cls": "constructor", 
          "throws": true
        }
      ], 
      "artificial": "1", 
      "bases": [
        {
          "access": "public", 
          "name": "Standard_DomainError"
        }
      ], 
      "location": [
        "/usr/local/include/oce/GProp_UndefinedAxis.hxx", 
        36
      ], 
      "members": [
        {
          "returnType": "void", 
          "arguments": [
            {
              "decl": "const Standard_CString", 
              "type": "Standard_CString", 
              "name": "aMessage", 
              "default": "\"\""
            }
          ], 
          "name": "Raise", 
          "parent": "GProp_UndefinedAxis", 
          "cls": "memfun", 
          "static": "1", 
          "extern": "1", 
          "throws": true
        }, 
        {
          "returnType": "void", 
          "arguments": [
            {
              "decl": "Standard_SStream &", 
              "type": "Standard_SStream", 
              "name": "aReason"
            }
          ], 
          "name": "Raise", 
          "parent": "GProp_UndefinedAxis", 
          "cls": "memfun", 
          "static": "1", 
          "extern": "1", 
          "throws": true
        }, 
        {
          "returnType": "Handle_GProp_UndefinedAxis", 
          "arguments": [
            {
              "decl": "const Standard_CString", 
              "type": "Standard_CString", 
              "name": "aMessage", 
              "default": "\"\""
            }
          ], 
          "name": "NewInstance", 
          "parent": "GProp_UndefinedAxis", 
          "cls": "memfun", 
          "static": "1", 
          "extern": "1", 
          "throws": true
        }, 
        {
          "returnType": "Handle_Standard_Type const &", 
          "arguments": [], 
          "name": "DynamicType", 
          "parent": "GProp_UndefinedAxis", 
          "cls": "memfun", 
          "extern": "1", 
          "const": "1", 
          "throws": true, 
          "virtuality": "virtual"
        }
      ], 
      "cls": "class"
    }, 
    {
      "name": "GProp_SelGProps", 
      "abstract": false, 
      "constructors": [
        {
          "returnType": "", 
          "arguments": [
            {
              "decl": "const GProp_SelGProps &", 
              "type": "GProp_SelGProps", 
              "name": "arg0"
            }
          ], 
          "name": "GProp_SelGProps", 
          "parent": "GProp_SelGProps", 
          "cls": "constructor", 
          "artificial": "1", 
          "copyConstructor": true
        }, 
        {
          "returnType": "", 
          "arguments": [], 
          "name": "GProp_SelGProps", 
          "parent": "GProp_SelGProps", 
          "cls": "constructor", 
          "extern": "1", 
          "throws": true
        }, 
        {
          "returnType": "", 
          "arguments": [
            {
              "decl": "const gp_Cylinder &", 
              "type": "gp_Cylinder", 
              "name": "S"
            }, 
            {
              "decl": "const Standard_Real", 
              "type": "Standard_Real", 
              "name": "Alpha1"
            }, 
            {
              "decl": "const Standard_Real", 
              "type": "Standard_Real", 
              "name": "Alpha2"
            }, 
            {
              "decl": "const Standard_Real", 
              "type": "Standard_Real", 
              "name": "Z1"
            }, 
            {
              "decl": "const Standard_Real", 
              "type": "Standard_Real", 
              "name": "Z2"
            }, 
            {
              "decl": "const gp_Pnt &", 
              "type": "gp_Pnt", 
              "name": "SLocation"
            }
          ], 
          "name": "GProp_SelGProps", 
          "parent": "GProp_SelGProps", 
          "cls": "constructor", 
          "extern": "1", 
          "throws": true
        }, 
        {
          "returnType": "", 
          "arguments": [
            {
              "decl": "const gp_Cone &", 
              "type": "gp_Cone", 
              "name": "S"
            }, 
            {
              "decl": "const Standard_Real", 
              "type": "Standard_Real", 
              "name": "Alpha1"
            }, 
            {
              "decl": "const Standard_Real", 
              "type": "Standard_Real", 
              "name": "Alpha2"
            }, 
            {
              "decl": "const Standard_Real", 
              "type": "Standard_Real", 
              "name": "Z1"
            }, 
            {
              "decl": "const Standard_Real", 
              "type": "Standard_Real", 
              "name": "Z2"
            }, 
            {
              "decl": "const gp_Pnt &", 
              "type": "gp_Pnt", 
              "name": "SLocation"
            }
          ], 
          "name": "GProp_SelGProps", 
          "parent": "GProp_SelGProps", 
          "cls": "constructor", 
          "extern": "1", 
          "throws": true
        }, 
        {
          "returnType": "", 
          "arguments": [
            {
              "decl": "const gp_Sphere &", 
              "type": "gp_Sphere", 
              "name": "S"
            }, 
            {
              "decl": "const Standard_Real", 
              "type": "Standard_Real", 
              "name": "Teta1"
            }, 
            {
              "decl": "const Standard_Real", 
              "type": "Standard_Real", 
              "name": "Teta2"
            }, 
            {
              "decl": "const Standard_Real", 
              "type": "Standard_Real", 
              "name": "Alpha1"
            }, 
            {
              "decl": "const Standard_Real", 
              "type": "Standard_Real", 
              "name": "Alpha2"
            }, 
            {
              "decl": "const gp_Pnt &", 
              "type": "gp_Pnt", 
              "name": "SLocation"
            }
          ], 
          "name": "GProp_SelGProps", 
          "parent": "GProp_SelGProps", 
          "cls": "constructor", 
          "extern": "1", 
          "throws": true
        }, 
        {
          "returnType": "", 
          "arguments": [
            {
              "decl": "const gp_Torus &", 
              "type": "gp_Torus", 
              "name": "S"
            }, 
            {
              "decl": "const Standard_Real", 
              "type": "Standard_Real", 
              "name": "Teta1"
            }, 
            {
              "decl": "const Standard_Real", 
              "type": "Standard_Real", 
              "name": "Teta2"
            }, 
            {
              "decl": "const Standard_Real", 
              "type": "Standard_Real", 
              "name": "Alpha1"
            }, 
            {
              "decl": "const Standard_Real", 
              "type": "Standard_Real", 
              "name": "Alpha2"
            }, 
            {
              "decl": "const gp_Pnt &", 
              "type": "gp_Pnt", 
              "name": "SLocation"
            }
          ], 
          "name": "GProp_SelGProps", 
          "parent": "GProp_SelGProps", 
          "cls": "constructor", 
          "extern": "1", 
          "throws": true
        }
      ], 
      "artificial": "1", 
      "bases": [
        {
          "access": "public", 
          "name": "GProp_GProps"
        }
      ], 
      "location": [
        "/usr/local/include/oce/GProp_SelGProps.hxx", 
        35
      ], 
      "members": [
        {
          "returnType": "void", 
          "arguments": [
            {
              "decl": "const gp_Pnt &", 
              "type": "gp_Pnt", 
              "name": "SLocation"
            }
          ], 
          "name": "SetLocation", 
          "parent": "GProp_SelGProps", 
          "cls": "memfun", 
          "extern": "1", 
          "throws": true
        }, 
        {
          "returnType": "void", 
          "arguments": [
            {
              "decl": "const gp_Cylinder &", 
              "type": "gp_Cylinder", 
              "name": "S"
            }, 
            {
              "decl": "const Standard_Real", 
              "type": "Standard_Real", 
              "name": "Alpha1"
            }, 
            {
              "decl": "const Standard_Real", 
              "type": "Standard_Real", 
              "name": "Alpha2"
            }, 
            {
              "decl": "const Standard_Real", 
              "type": "Standard_Real", 
              "name": "Z1"
            }, 
            {
              "decl": "const Standard_Real", 
              "type": "Standard_Real", 
              "name": "Z2"
            }
          ], 
          "name": "Perform", 
          "parent": "GProp_SelGProps", 
          "cls": "memfun", 
          "extern": "1", 
          "throws": true
        }, 
        {
          "returnType": "void", 
          "arguments": [
            {
              "decl": "const gp_Cone &", 
              "type": "gp_Cone", 
              "name": "S"
            }, 
            {
              "decl": "const Standard_Real", 
              "type": "Standard_Real", 
              "name": "Alpha1"
            }, 
            {
              "decl": "const Standard_Real", 
              "type": "Standard_Real", 
              "name": "Alpha2"
            }, 
            {
              "decl": "const Standard_Real", 
              "type": "Standard_Real", 
              "name": "Z1"
            }, 
            {
              "decl": "const Standard_Real", 
              "type": "Standard_Real", 
              "name": "Z2"
            }
          ], 
          "name": "Perform", 
          "parent": "GProp_SelGProps", 
          "cls": "memfun", 
          "extern": "1", 
          "throws": true
        }, 
        {
          "returnType": "void", 
          "arguments": [
            {
              "decl": "const gp_Sphere &", 
              "type": "gp_Sphere", 
              "name": "S"
            }, 
            {
              "decl": "const Standard_Real", 
              "type": "Standard_Real", 
              "name": "Teta1"
            }, 
            {
              "decl": "const Standard_Real", 
              "type": "Standard_Real", 
              "name": "Teta2"
            }, 
            {
              "decl": "const Standard_Real", 
              "type": "Standard_Real", 
              "name": "Alpha1"
            }, 
            {
              "decl": "const Standard_Real", 
              "type": "Standard_Real", 
              "name": "Alpha2"
            }
          ], 
          "name": "Perform", 
          "parent": "GProp_SelGProps", 
          "cls": "memfun", 
          "extern": "1", 
          "throws": true
        }, 
        {
          "returnType": "void", 
          "arguments": [
            {
              "decl": "const gp_Torus &", 
              "type": "gp_Torus", 
              "name": "S"
            }, 
            {
              "decl": "const Standard_Real", 
              "type": "Standard_Real", 
              "name": "Teta1"
            }, 
            {
              "decl": "const Standard_Real", 
              "type": "Standard_Real", 
              "name": "Teta2"
            }, 
            {
              "decl": "const Standard_Real", 
              "type": "Standard_Real", 
              "name": "Alpha1"
            }, 
            {
              "decl": "const Standard_Real", 
              "type": "Standard_Real", 
              "name": "Alpha2"
            }
          ], 
          "name": "Perform", 
          "parent": "GProp_SelGProps", 
          "cls": "memfun", 
          "extern": "1", 
          "throws": true
        }
      ], 
      "cls": "class"
    }, 
    {
      "name": "GProp_CelGProps", 
      "abstract": false, 
      "constructors": [
        {
          "returnType": "", 
          "arguments": [
            {
              "decl": "const GProp_CelGProps &", 
              "type": "GProp_CelGProps", 
              "name": "arg0"
            }
          ], 
          "name": "GProp_CelGProps", 
          "parent": "GProp_CelGProps", 
          "cls": "constructor", 
          "artificial": "1", 
          "copyConstructor": true
        }, 
        {
          "returnType": "", 
          "arguments": [], 
          "name": "GProp_CelGProps", 
          "parent": "GProp_CelGProps", 
          "cls": "constructor", 
          "extern": "1", 
          "throws": true
        }, 
        {
          "returnType": "", 
          "arguments": [
            {
              "decl": "const gp_Circ &", 
              "type": "gp_Circ", 
              "name": "C"
            }, 
            {
              "decl": "const gp_Pnt &", 
              "type": "gp_Pnt", 
              "name": "CLocation"
            }
          ], 
          "name": "GProp_CelGProps", 
          "parent": "GProp_CelGProps", 
          "cls": "constructor", 
          "extern": "1", 
          "throws": true
        }, 
        {
          "returnType": "", 
          "arguments": [
            {
              "decl": "const gp_Circ &", 
              "type": "gp_Circ", 
              "name": "C"
            }, 
            {
              "decl": "const Standard_Real", 
              "type": "Standard_Real", 
              "name": "U1"
            }, 
            {
              "decl": "const Standard_Real", 
              "type": "Standard_Real", 
              "name": "U2"
            }, 
            {
              "decl": "const gp_Pnt &", 
              "type": "gp_Pnt", 
              "name": "CLocation"
            }
          ], 
          "name": "GProp_CelGProps", 
          "parent": "GProp_CelGProps", 
          "cls": "constructor", 
          "extern": "1", 
          "throws": true
        }, 
        {
          "returnType": "", 
          "arguments": [
            {
              "decl": "const gp_Lin &", 
              "type": "gp_Lin", 
              "name": "C"
            }, 
            {
              "decl": "const Standard_Real", 
              "type": "Standard_Real", 
              "name": "U1"
            }, 
            {
              "decl": "const Standard_Real", 
              "type": "Standard_Real", 
              "name": "U2"
            }, 
            {
              "decl": "const gp_Pnt &", 
              "type": "gp_Pnt", 
              "name": "CLocation"
            }
          ], 
          "name": "GProp_CelGProps", 
          "parent": "GProp_CelGProps", 
          "cls": "constructor", 
          "extern": "1", 
          "throws": true
        }
      ], 
      "artificial": "1", 
      "bases": [
        {
          "access": "public", 
          "name": "GProp_GProps"
        }
      ], 
      "location": [
        "/usr/local/include/oce/GProp_CelGProps.hxx", 
        35
      ], 
      "members": [
        {
          "returnType": "void", 
          "arguments": [
            {
              "decl": "const gp_Pnt &", 
              "type": "gp_Pnt", 
              "name": "CLocation"
            }
          ], 
          "name": "SetLocation", 
          "parent": "GProp_CelGProps", 
          "cls": "memfun", 
          "extern": "1", 
          "throws": true
        }, 
        {
          "returnType": "void", 
          "arguments": [
            {
              "decl": "const gp_Circ &", 
              "type": "gp_Circ", 
              "name": "C"
            }, 
            {
              "decl": "const Standard_Real", 
              "type": "Standard_Real", 
              "name": "U1"
            }, 
            {
              "decl": "const Standard_Real", 
              "type": "Standard_Real", 
              "name": "U2"
            }
          ], 
          "name": "Perform", 
          "parent": "GProp_CelGProps", 
          "cls": "memfun", 
          "extern": "1", 
          "throws": true
        }, 
        {
          "returnType": "void", 
          "arguments": [
            {
              "decl": "const gp_Lin &", 
              "type": "gp_Lin", 
              "name": "C"
            }, 
            {
              "decl": "const Standard_Real", 
              "type": "Standard_Real", 
              "name": "U1"
            }, 
            {
              "decl": "const Standard_Real", 
              "type": "Standard_Real", 
              "name": "U2"
            }
          ], 
          "name": "Perform", 
          "parent": "GProp_CelGProps", 
          "cls": "memfun", 
          "extern": "1", 
          "throws": true
        }
      ], 
      "cls": "class"
    }, 
    {
      "name": "GProp_PEquation", 
      "abstract": false, 
      "constructors": [
        {
          "returnType": "", 
          "arguments": [
            {
              "decl": "const GProp_PEquation &", 
              "type": "GProp_PEquation", 
              "name": "arg0"
            }
          ], 
          "name": "GProp_PEquation", 
          "parent": "GProp_PEquation", 
          "cls": "constructor", 
          "artificial": "1", 
          "copyConstructor": true
        }, 
        {
          "returnType": "", 
          "arguments": [
            {
              "decl": "const TColgp_Array1OfPnt &", 
              "type": "TColgp_Array1OfPnt", 
              "name": "Pnts"
            }, 
            {
              "decl": "const Standard_Real", 
              "type": "Standard_Real", 
              "name": "Tol"
            }
          ], 
          "name": "GProp_PEquation", 
          "parent": "GProp_PEquation", 
          "cls": "constructor", 
          "extern": "1", 
          "throws": true
        }
      ], 
      "artificial": "1", 
      "bases": [], 
      "location": [
        "/usr/local/include/oce/GProp_PEquation.hxx", 
        48
      ], 
      "members": [
        {
          "returnType": "Standard_Boolean", 
          "arguments": [], 
          "name": "IsPlanar", 
          "parent": "GProp_PEquation", 
          "cls": "memfun", 
          "extern": "1", 
          "const": "1", 
          "throws": true
        }, 
        {
          "returnType": "Standard_Boolean", 
          "arguments": [], 
          "name": "IsLinear", 
          "parent": "GProp_PEquation", 
          "cls": "memfun", 
          "extern": "1", 
          "const": "1", 
          "throws": true
        }, 
        {
          "returnType": "Standard_Boolean", 
          "arguments": [], 
          "name": "IsPoint", 
          "parent": "GProp_PEquation", 
          "cls": "memfun", 
          "extern": "1", 
          "const": "1", 
          "throws": true
        }, 
        {
          "returnType": "Standard_Boolean", 
          "arguments": [], 
          "name": "IsSpace", 
          "parent": "GProp_PEquation", 
          "cls": "memfun", 
          "extern": "1", 
          "const": "1", 
          "throws": true
        }, 
        {
          "returnType": "gp_Pln", 
          "arguments": [], 
          "name": "Plane", 
          "parent": "GProp_PEquation", 
          "cls": "memfun", 
          "extern": "1", 
          "const": "1", 
          "throws": true
        }, 
        {
          "returnType": "gp_Lin", 
          "arguments": [], 
          "name": "Line", 
          "parent": "GProp_PEquation", 
          "cls": "memfun", 
          "extern": "1", 
          "const": "1", 
          "throws": true
        }, 
        {
          "returnType": "gp_Pnt", 
          "arguments": [], 
          "name": "Point", 
          "parent": "GProp_PEquation", 
          "cls": "memfun", 
          "extern": "1", 
          "const": "1", 
          "throws": true
        }, 
        {
          "returnType": "void", 
          "arguments": [
            {
              "decl": "gp_Pnt &", 
              "type": "gp_Pnt", 
              "name": "P"
            }, 
            {
              "decl": "gp_Vec &", 
              "type": "gp_Vec", 
              "name": "V1"
            }, 
            {
              "decl": "gp_Vec &", 
              "type": "gp_Vec", 
              "name": "V2"
            }, 
            {
              "decl": "gp_Vec &", 
              "type": "gp_Vec", 
              "name": "V3"
            }
          ], 
          "name": "Box", 
          "parent": "GProp_PEquation", 
          "cls": "memfun", 
          "extern": "1", 
          "const": "1", 
          "throws": true
        }
      ], 
      "cls": "class"
    }, 
    {
      "name": "GProp_VelGProps", 
      "abstract": false, 
      "constructors": [
        {
          "returnType": "", 
          "arguments": [
            {
              "decl": "const GProp_VelGProps &", 
              "type": "GProp_VelGProps", 
              "name": "arg0"
            }
          ], 
          "name": "GProp_VelGProps", 
          "parent": "GProp_VelGProps", 
          "cls": "constructor", 
          "artificial": "1", 
          "copyConstructor": true
        }, 
        {
          "returnType": "", 
          "arguments": [], 
          "name": "GProp_VelGProps", 
          "parent": "GProp_VelGProps", 
          "cls": "constructor", 
          "extern": "1", 
          "throws": true
        }, 
        {
          "returnType": "", 
          "arguments": [
            {
              "decl": "const gp_Cylinder &", 
              "type": "gp_Cylinder", 
              "name": "S"
            }, 
            {
              "decl": "const Standard_Real", 
              "type": "Standard_Real", 
              "name": "Alpha1"
            }, 
            {
              "decl": "const Standard_Real", 
              "type": "Standard_Real", 
              "name": "Alpha2"
            }, 
            {
              "decl": "const Standard_Real", 
              "type": "Standard_Real", 
              "name": "Z1"
            }, 
            {
              "decl": "const Standard_Real", 
              "type": "Standard_Real", 
              "name": "Z2"
            }, 
            {
              "decl": "const gp_Pnt &", 
              "type": "gp_Pnt", 
              "name": "VLocation"
            }
          ], 
          "name": "GProp_VelGProps", 
          "parent": "GProp_VelGProps", 
          "cls": "constructor", 
          "extern": "1", 
          "throws": true
        }, 
        {
          "returnType": "", 
          "arguments": [
            {
              "decl": "const gp_Cone &", 
              "type": "gp_Cone", 
              "name": "S"
            }, 
            {
              "decl": "const Standard_Real", 
              "type": "Standard_Real", 
              "name": "Alpha1"
            }, 
            {
              "decl": "const Standard_Real", 
              "type": "Standard_Real", 
              "name": "Alpha2"
            }, 
            {
              "decl": "const Standard_Real", 
              "type": "Standard_Real", 
              "name": "Z1"
            }, 
            {
              "decl": "const Standard_Real", 
              "type": "Standard_Real", 
              "name": "Z2"
            }, 
            {
              "decl": "const gp_Pnt &", 
              "type": "gp_Pnt", 
              "name": "VLocation"
            }
          ], 
          "name": "GProp_VelGProps", 
          "parent": "GProp_VelGProps", 
          "cls": "constructor", 
          "extern": "1", 
          "throws": true
        }, 
        {
          "returnType": "", 
          "arguments": [
            {
              "decl": "const gp_Sphere &", 
              "type": "gp_Sphere", 
              "name": "S"
            }, 
            {
              "decl": "const Standard_Real", 
              "type": "Standard_Real", 
              "name": "Teta1"
            }, 
            {
              "decl": "const Standard_Real", 
              "type": "Standard_Real", 
              "name": "Teta2"
            }, 
            {
              "decl": "const Standard_Real", 
              "type": "Standard_Real", 
              "name": "Alpha1"
            }, 
            {
              "decl": "const Standard_Real", 
              "type": "Standard_Real", 
              "name": "Alpha2"
            }, 
            {
              "decl": "const gp_Pnt &", 
              "type": "gp_Pnt", 
              "name": "VLocation"
            }
          ], 
          "name": "GProp_VelGProps", 
          "parent": "GProp_VelGProps", 
          "cls": "constructor", 
          "extern": "1", 
          "throws": true
        }, 
        {
          "returnType": "", 
          "arguments": [
            {
              "decl": "const gp_Torus &", 
              "type": "gp_Torus", 
              "name": "S"
            }, 
            {
              "decl": "const Standard_Real", 
              "type": "Standard_Real", 
              "name": "Teta1"
            }, 
            {
              "decl": "const Standard_Real", 
              "type": "Standard_Real", 
              "name": "Teta2"
            }, 
            {
              "decl": "const Standard_Real", 
              "type": "Standard_Real", 
              "name": "Alpha1"
            }, 
            {
              "decl": "const Standard_Real", 
              "type": "Standard_Real", 
              "name": "Alpha2"
            }, 
            {
              "decl": "const gp_Pnt &", 
              "type": "gp_Pnt", 
              "name": "VLocation"
            }
          ], 
          "name": "GProp_VelGProps", 
          "parent": "GProp_VelGProps", 
          "cls": "constructor", 
          "extern": "1", 
          "throws": true
        }
      ], 
      "artificial": "1", 
      "bases": [
        {
          "access": "public", 
          "name": "GProp_GProps"
        }
      ], 
      "location": [
        "/usr/local/include/oce/GProp_VelGProps.hxx", 
        36
      ], 
      "members": [
        {
          "returnType": "void", 
          "arguments": [
            {
              "decl": "const gp_Pnt &", 
              "type": "gp_Pnt", 
              "name": "VLocation"
            }
          ], 
          "name": "SetLocation", 
          "parent": "GProp_VelGProps", 
          "cls": "memfun", 
          "extern": "1", 
          "throws": true
        }, 
        {
          "returnType": "void", 
          "arguments": [
            {
              "decl": "const gp_Cylinder &", 
              "type": "gp_Cylinder", 
              "name": "S"
            }, 
            {
              "decl": "const Standard_Real", 
              "type": "Standard_Real", 
              "name": "Alpha1"
            }, 
            {
              "decl": "const Standard_Real", 
              "type": "Standard_Real", 
              "name": "Alpha2"
            }, 
            {
              "decl": "const Standard_Real", 
              "type": "Standard_Real", 
              "name": "Z1"
            }, 
            {
              "decl": "const Standard_Real", 
              "type": "Standard_Real", 
              "name": "Z2"
            }
          ], 
          "name": "Perform", 
          "parent": "GProp_VelGProps", 
          "cls": "memfun", 
          "extern": "1", 
          "throws": true
        }, 
        {
          "returnType": "void", 
          "arguments": [
            {
              "decl": "const gp_Cone &", 
              "type": "gp_Cone", 
              "name": "S"
            }, 
            {
              "decl": "const Standard_Real", 
              "type": "Standard_Real", 
              "name": "Alpha1"
            }, 
            {
              "decl": "const Standard_Real", 
              "type": "Standard_Real", 
              "name": "Alpha2"
            }, 
            {
              "decl": "const Standard_Real", 
              "type": "Standard_Real", 
              "name": "Z1"
            }, 
            {
              "decl": "const Standard_Real", 
              "type": "Standard_Real", 
              "name": "Z2"
            }
          ], 
          "name": "Perform", 
          "parent": "GProp_VelGProps", 
          "cls": "memfun", 
          "extern": "1", 
          "throws": true
        }, 
        {
          "returnType": "void", 
          "arguments": [
            {
              "decl": "const gp_Sphere &", 
              "type": "gp_Sphere", 
              "name": "S"
            }, 
            {
              "decl": "const Standard_Real", 
              "type": "Standard_Real", 
              "name": "Teta1"
            }, 
            {
              "decl": "const Standard_Real", 
              "type": "Standard_Real", 
              "name": "Teta2"
            }, 
            {
              "decl": "const Standard_Real", 
              "type": "Standard_Real", 
              "name": "Alpha1"
            }, 
            {
              "decl": "const Standard_Real", 
              "type": "Standard_Real", 
              "name": "Alpha2"
            }
          ], 
          "name": "Perform", 
          "parent": "GProp_VelGProps", 
          "cls": "memfun", 
          "extern": "1", 
          "throws": true
        }, 
        {
          "returnType": "void", 
          "arguments": [
            {
              "decl": "const gp_Torus &", 
              "type": "gp_Torus", 
              "name": "S"
            }, 
            {
              "decl": "const Standard_Real", 
              "type": "Standard_Real", 
              "name": "Teta1"
            }, 
            {
              "decl": "const Standard_Real", 
              "type": "Standard_Real", 
              "name": "Teta2"
            }, 
            {
              "decl": "const Standard_Real", 
              "type": "Standard_Real", 
              "name": "Alpha1"
            }, 
            {
              "decl": "const Standard_Real", 
              "type": "Standard_Real", 
              "name": "Alpha2"
            }
          ], 
          "name": "Perform", 
          "parent": "GProp_VelGProps", 
          "cls": "memfun", 
          "extern": "1", 
          "throws": true
        }
      ], 
      "cls": "class"
    }, 
    {
      "name": "Handle_GProp_UndefinedAxis", 
      "abstract": false, 
      "constructors": [
        {
          "returnType": "", 
          "arguments": [], 
          "name": "Handle_GProp_UndefinedAxis", 
          "parent": "Handle_GProp_UndefinedAxis", 
          "cls": "constructor", 
          "throws": true
        }, 
        {
          "returnType": "", 
          "arguments": [
            {
              "decl": "const Handle_GProp_UndefinedAxis &", 
              "type": "Handle_GProp_UndefinedAxis", 
              "name": "aHandle"
            }
          ], 
          "name": "Handle_GProp_UndefinedAxis", 
          "parent": "Handle_GProp_UndefinedAxis", 
          "cls": "constructor", 
          "throws": true, 
          "copyConstructor": true
        }, 
        {
          "returnType": "", 
          "arguments": [
            {
              "decl": "const GProp_UndefinedAxis *", 
              "type": "GProp_UndefinedAxis", 
              "name": "anItem"
            }
          ], 
          "name": "Handle_GProp_UndefinedAxis", 
          "parent": "Handle_GProp_UndefinedAxis", 
          "cls": "constructor", 
          "throws": true
        }
      ], 
      "artificial": "1", 
      "bases": [
        {
          "access": "public", 
          "name": "Handle_Standard_DomainError"
        }
      ], 
      "location": [
        "/usr/local/include/oce/Handle_GProp_UndefinedAxis.hxx", 
        25
      ], 
      "members": [
        {
          "returnType": "Handle_GProp_UndefinedAxis", 
          "arguments": [
            {
              "decl": "const Handle_Standard_Transient &", 
              "type": "Handle_Standard_Transient", 
              "name": "AnObject"
            }
          ], 
          "name": "DownCast", 
          "parent": "Handle_GProp_UndefinedAxis", 
          "cls": "memfun", 
          "static": "1", 
          "extern": "1", 
          "throws": true
        }
      ], 
      "cls": "class"
    }
  ], 
  "headers": [
    "GProp_EquaType.hxx", 
    "GProp_CelGProps.hxx", 
    "GProp_UndefinedAxis.hxx", 
    "GProp_GProps.hxx", 
    "GProp_ValueType.hxx", 
    "GProp_PrincipalProps.hxx", 
    "GProp_PEquation.hxx", 
    "GProp_PGProps.hxx", 
    "GProp_SelGProps.hxx", 
    "GProp_VelGProps.hxx"
  ], 
  "enums": [
    {
      "values": [
        [
          "GProp_Plane", 
          0
        ], 
        [
          "GProp_Line", 
          1
        ], 
        [
          "GProp_Point", 
          2
        ], 
        [
          "GProp_Space", 
          3
        ], 
        [
          "GProp_None", 
          4
        ]
      ], 
      "name": "GProp_EquaType", 
      "cls": "enum"
    }, 
    {
      "values": [
        [
          "GProp_Mass", 
          0
        ], 
        [
          "GProp_CenterMassX", 
          1
        ], 
        [
          "GProp_CenterMassY", 
          2
        ], 
        [
          "GProp_CenterMassZ", 
          3
        ], 
        [
          "GProp_InertiaXX", 
          4
        ], 
        [
          "GProp_InertiaYY", 
          5
        ], 
        [
          "GProp_InertiaZZ", 
          6
        ], 
        [
          "GProp_InertiaXY", 
          7
        ], 
        [
          "GProp_InertiaXZ", 
          8
        ], 
        [
          "GProp_InertiaYZ", 
          9
        ], 
        [
          "GProp_Unknown", 
          10
        ]
      ], 
      "name": "GProp_ValueType", 
      "cls": "enum"
    }
  ], 
  "typedefs": [], 
  "name": "GProp"
}