{
  "classes": [
    {
      "name": "Hatch_SequenceNodeOfSequenceOfParameter", 
      "abstract": false, 
      "constructors": [
        {
          "returnType": "", 
          "arguments": [
            {
              "decl": "const Hatch_SequenceNodeOfSequenceOfParameter &", 
              "type": "Hatch_SequenceNodeOfSequenceOfParameter", 
              "name": "arg0"
            }
          ], 
          "name": "Hatch_SequenceNodeOfSequenceOfParameter", 
          "parent": "Hatch_SequenceNodeOfSequenceOfParameter", 
          "cls": "constructor", 
          "artificial": "1", 
          "throws": true, 
          "copyConstructor": true
        }, 
        {
          "returnType": "", 
          "arguments": [
            {
              "decl": "const Hatch_Parameter &", 
              "type": "Hatch_Parameter", 
              "name": "I"
            }, 
            {
              "decl": "const TCollection_SeqNodePtr &", 
              "type": "TCollection_SeqNodePtr", 
              "name": "n"
            }, 
            {
              "decl": "const TCollection_SeqNodePtr &", 
              "type": "TCollection_SeqNodePtr", 
              "name": "p"
            }
          ], 
          "name": "Hatch_SequenceNodeOfSequenceOfParameter", 
          "parent": "Hatch_SequenceNodeOfSequenceOfParameter", 
          "cls": "constructor", 
          "throws": true
        }
      ], 
      "artificial": "1", 
      "bases": [
        {
          "access": "public", 
          "name": "TCollection_SeqNode"
        }
      ], 
      "location": [
        "/usr/local/include/oce/Hatch_SequenceNodeOfSequenceOfParameter.hxx", 
        33
      ], 
      "members": [
        {
          "returnType": "Hatch_Parameter &", 
          "arguments": [], 
          "name": "Value", 
          "parent": "Hatch_SequenceNodeOfSequenceOfParameter", 
          "cls": "memfun", 
          "const": "1", 
          "throws": true
        }, 
        {
          "returnType": "Handle_Standard_Type const &", 
          "arguments": [], 
          "name": "DynamicType", 
          "parent": "Hatch_SequenceNodeOfSequenceOfParameter", 
          "cls": "memfun", 
          "extern": "1", 
          "const": "1", 
          "throws": true, 
          "virtuality": "virtual"
        }
      ], 
      "cls": "class"
    }, 
    {
      "name": "Hatch_SequenceOfLine", 
      "abstract": false, 
      "constructors": [
        {
          "returnType": "", 
          "arguments": [], 
          "name": "Hatch_SequenceOfLine", 
          "parent": "Hatch_SequenceOfLine", 
          "cls": "constructor", 
          "throws": true
        }
      ], 
      "artificial": "1", 
      "bases": [
        {
          "access": "public", 
          "name": "TCollection_BaseSequence"
        }
      ], 
      "location": [
        "/usr/local/include/oce/Hatch_SequenceOfLine.hxx", 
        35
      ], 
      "members": [
        {
          "returnType": "void", 
          "arguments": [], 
          "name": "Clear", 
          "parent": "Hatch_SequenceOfLine", 
          "cls": "memfun", 
          "extern": "1", 
          "throws": true
        }, 
        {
          "returnType": "Hatch_SequenceOfLine const &", 
          "arguments": [
            {
              "decl": "const Hatch_SequenceOfLine &", 
              "type": "Hatch_SequenceOfLine", 
              "name": "Other"
            }
          ], 
          "name": "Assign", 
          "parent": "Hatch_SequenceOfLine", 
          "cls": "memfun", 
          "extern": "1", 
          "throws": true
        }, 
        {
          "returnType": "void", 
          "arguments": [
            {
              "decl": "const Hatch_Line &", 
              "type": "Hatch_Line", 
              "name": "T"
            }
          ], 
          "name": "Append", 
          "parent": "Hatch_SequenceOfLine", 
          "cls": "memfun", 
          "extern": "1", 
          "throws": true
        }, 
        {
          "returnType": "void", 
          "arguments": [
            {
              "decl": "Hatch_SequenceOfLine &", 
              "type": "Hatch_SequenceOfLine", 
              "name": "S"
            }
          ], 
          "name": "Append", 
          "parent": "Hatch_SequenceOfLine", 
          "cls": "memfun", 
          "throws": true
        }, 
        {
          "returnType": "void", 
          "arguments": [
            {
              "decl": "const Hatch_Line &", 
              "type": "Hatch_Line", 
              "name": "T"
            }
          ], 
          "name": "Prepend", 
          "parent": "Hatch_SequenceOfLine", 
          "cls": "memfun", 
          "extern": "1", 
          "throws": true
        }, 
        {
          "returnType": "void", 
          "arguments": [
            {
              "decl": "Hatch_SequenceOfLine &", 
              "type": "Hatch_SequenceOfLine", 
              "name": "S"
            }
          ], 
          "name": "Prepend", 
          "parent": "Hatch_SequenceOfLine", 
          "cls": "memfun", 
          "throws": true
        }, 
        {
          "returnType": "void", 
          "arguments": [
            {
              "decl": "const Standard_Integer", 
              "type": "Standard_Integer", 
              "name": "Index"
            }, 
            {
              "decl": "const Hatch_Line &", 
              "type": "Hatch_Line", 
              "name": "I"
            }
          ], 
          "name": "InsertBefore", 
          "parent": "Hatch_SequenceOfLine", 
          "cls": "memfun", 
          "throws": true
        }, 
        {
          "returnType": "void", 
          "arguments": [
            {
              "decl": "const Standard_Integer", 
              "type": "Standard_Integer", 
              "name": "Index"
            }, 
            {
              "decl": "Hatch_SequenceOfLine &", 
              "type": "Hatch_SequenceOfLine", 
              "name": "S"
            }
          ], 
          "name": "InsertBefore", 
          "parent": "Hatch_SequenceOfLine", 
          "cls": "memfun", 
          "throws": true
        }, 
        {
          "returnType": "void", 
          "arguments": [
            {
              "decl": "const Standard_Integer", 
              "type": "Standard_Integer", 
              "name": "Index"
            }, 
            {
              "decl": "const Hatch_Line &", 
              "type": "Hatch_Line", 
              "name": "T"
            }
          ], 
          "name": "InsertAfter", 
          "parent": "Hatch_SequenceOfLine", 
          "cls": "memfun", 
          "extern": "1", 
          "throws": true
        }, 
        {
          "returnType": "void", 
          "arguments": [
            {
              "decl": "const Standard_Integer", 
              "type": "Standard_Integer", 
              "name": "Index"
            }, 
            {
              "decl": "Hatch_SequenceOfLine &", 
              "type": "Hatch_SequenceOfLine", 
              "name": "S"
            }
          ], 
          "name": "InsertAfter", 
          "parent": "Hatch_SequenceOfLine", 
          "cls": "memfun", 
          "throws": true
        }, 
        {
          "returnType": "Hatch_Line const &", 
          "arguments": [], 
          "name": "First", 
          "parent": "Hatch_SequenceOfLine", 
          "cls": "memfun", 
          "extern": "1", 
          "const": "1", 
          "throws": true
        }, 
        {
          "returnType": "Hatch_Line const &", 
          "arguments": [], 
          "name": "Last", 
          "parent": "Hatch_SequenceOfLine", 
          "cls": "memfun", 
          "extern": "1", 
          "const": "1", 
          "throws": true
        }, 
        {
          "returnType": "void", 
          "arguments": [
            {
              "decl": "const Standard_Integer", 
              "type": "Standard_Integer", 
              "name": "Index"
            }, 
            {
              "decl": "Hatch_SequenceOfLine &", 
              "type": "Hatch_SequenceOfLine", 
              "name": "S"
            }
          ], 
          "name": "Split", 
          "parent": "Hatch_SequenceOfLine", 
          "cls": "memfun", 
          "throws": true
        }, 
        {
          "returnType": "Hatch_Line const &", 
          "arguments": [
            {
              "decl": "const Standard_Integer", 
              "type": "Standard_Integer", 
              "name": "Index"
            }
          ], 
          "name": "Value", 
          "parent": "Hatch_SequenceOfLine", 
          "cls": "memfun", 
          "extern": "1", 
          "const": "1", 
          "throws": true
        }, 
        {
          "returnType": "void", 
          "arguments": [
            {
              "decl": "const Standard_Integer", 
              "type": "Standard_Integer", 
              "name": "Index"
            }, 
            {
              "decl": "const Hatch_Line &", 
              "type": "Hatch_Line", 
              "name": "I"
            }
          ], 
          "name": "SetValue", 
          "parent": "Hatch_SequenceOfLine", 
          "cls": "memfun", 
          "extern": "1", 
          "throws": true
        }, 
        {
          "returnType": "Hatch_Line &", 
          "arguments": [
            {
              "decl": "const Standard_Integer", 
              "type": "Standard_Integer", 
              "name": "Index"
            }
          ], 
          "name": "ChangeValue", 
          "parent": "Hatch_SequenceOfLine", 
          "cls": "memfun", 
          "extern": "1", 
          "throws": true
        }, 
        {
          "returnType": "void", 
          "arguments": [
            {
              "decl": "const Standard_Integer", 
              "type": "Standard_Integer", 
              "name": "Index"
            }
          ], 
          "name": "Remove", 
          "parent": "Hatch_SequenceOfLine", 
          "cls": "memfun", 
          "extern": "1", 
          "throws": true
        }, 
        {
          "returnType": "void", 
          "arguments": [
            {
              "decl": "const Standard_Integer", 
              "type": "Standard_Integer", 
              "name": "FromIndex"
            }, 
            {
              "decl": "const Standard_Integer", 
              "type": "Standard_Integer", 
              "name": "ToIndex"
            }
          ], 
          "name": "Remove", 
          "parent": "Hatch_SequenceOfLine", 
          "cls": "memfun", 
          "extern": "1", 
          "throws": true
        }
      ], 
      "cls": "class"
    }, 
    {
      "name": "Hatch_Line", 
      "abstract": false, 
      "constructors": [
        {
          "returnType": "", 
          "arguments": [], 
          "name": "Hatch_Line", 
          "parent": "Hatch_Line", 
          "cls": "constructor", 
          "extern": "1", 
          "throws": true
        }, 
        {
          "returnType": "", 
          "arguments": [
            {
              "decl": "const gp_Lin2d &", 
              "type": "gp_Lin2d", 
              "name": "L"
            }, 
            {
              "decl": "const Hatch_LineForm", 
              "type": "Hatch_LineForm", 
              "name": "T"
            }
          ], 
          "name": "Hatch_Line", 
          "parent": "Hatch_Line", 
          "cls": "constructor", 
          "extern": "1", 
          "throws": true
        }
      ], 
      "artificial": "1", 
      "bases": [], 
      "location": [
        "/usr/local/include/oce/Hatch_Line.hxx", 
        49
      ], 
      "members": [
        {
          "returnType": "void", 
          "arguments": [
            {
              "decl": "const Standard_Real", 
              "type": "Standard_Real", 
              "name": "Par1"
            }, 
            {
              "decl": "const Standard_Boolean", 
              "type": "Standard_Boolean", 
              "name": "Start"
            }, 
            {
              "decl": "const Standard_Integer", 
              "type": "Standard_Integer", 
              "name": "Index"
            }, 
            {
              "decl": "const Standard_Real", 
              "type": "Standard_Real", 
              "name": "Par2"
            }, 
            {
              "decl": "const Standard_Real", 
              "type": "Standard_Real", 
              "name": "theToler"
            }
          ], 
          "name": "AddIntersection", 
          "parent": "Hatch_Line", 
          "cls": "memfun", 
          "extern": "1", 
          "throws": true
        }
      ], 
      "cls": "class"
    }, 
    {
      "name": "Hatch_SequenceOfParameter", 
      "abstract": false, 
      "constructors": [
        {
          "returnType": "", 
          "arguments": [], 
          "name": "Hatch_SequenceOfParameter", 
          "parent": "Hatch_SequenceOfParameter", 
          "cls": "constructor", 
          "throws": true
        }
      ], 
      "artificial": "1", 
      "bases": [
        {
          "access": "public", 
          "name": "TCollection_BaseSequence"
        }
      ], 
      "location": [
        "/usr/local/include/oce/Hatch_SequenceOfParameter.hxx", 
        35
      ], 
      "members": [
        {
          "returnType": "void", 
          "arguments": [], 
          "name": "Clear", 
          "parent": "Hatch_SequenceOfParameter", 
          "cls": "memfun", 
          "extern": "1", 
          "throws": true
        }, 
        {
          "returnType": "Hatch_SequenceOfParameter const &", 
          "arguments": [
            {
              "decl": "const Hatch_SequenceOfParameter &", 
              "type": "Hatch_SequenceOfParameter", 
              "name": "Other"
            }
          ], 
          "name": "Assign", 
          "parent": "Hatch_SequenceOfParameter", 
          "cls": "memfun", 
          "extern": "1", 
          "throws": true
        }, 
        {
          "returnType": "void", 
          "arguments": [
            {
              "decl": "const Hatch_Parameter &", 
              "type": "Hatch_Parameter", 
              "name": "T"
            }
          ], 
          "name": "Append", 
          "parent": "Hatch_SequenceOfParameter", 
          "cls": "memfun", 
          "extern": "1", 
          "throws": true
        }, 
        {
          "returnType": "void", 
          "arguments": [
            {
              "decl": "Hatch_SequenceOfParameter &", 
              "type": "Hatch_SequenceOfParameter", 
              "name": "S"
            }
          ], 
          "name": "Append", 
          "parent": "Hatch_SequenceOfParameter", 
          "cls": "memfun", 
          "throws": true
        }, 
        {
          "returnType": "void", 
          "arguments": [
            {
              "decl": "const Hatch_Parameter &", 
              "type": "Hatch_Parameter", 
              "name": "T"
            }
          ], 
          "name": "Prepend", 
          "parent": "Hatch_SequenceOfParameter", 
          "cls": "memfun", 
          "extern": "1", 
          "throws": true
        }, 
        {
          "returnType": "void", 
          "arguments": [
            {
              "decl": "Hatch_SequenceOfParameter &", 
              "type": "Hatch_SequenceOfParameter", 
              "name": "S"
            }
          ], 
          "name": "Prepend", 
          "parent": "Hatch_SequenceOfParameter", 
          "cls": "memfun", 
          "throws": true
        }, 
        {
          "returnType": "void", 
          "arguments": [
            {
              "decl": "const Standard_Integer", 
              "type": "Standard_Integer", 
              "name": "Index"
            }, 
            {
              "decl": "const Hatch_Parameter &", 
              "type": "Hatch_Parameter", 
              "name": "I"
            }
          ], 
          "name": "InsertBefore", 
          "parent": "Hatch_SequenceOfParameter", 
          "cls": "memfun", 
          "throws": true
        }, 
        {
          "returnType": "void", 
          "arguments": [
            {
              "decl": "const Standard_Integer", 
              "type": "Standard_Integer", 
              "name": "Index"
            }, 
            {
              "decl": "Hatch_SequenceOfParameter &", 
              "type": "Hatch_SequenceOfParameter", 
              "name": "S"
            }
          ], 
          "name": "InsertBefore", 
          "parent": "Hatch_SequenceOfParameter", 
          "cls": "memfun", 
          "throws": true
        }, 
        {
          "returnType": "void", 
          "arguments": [
            {
              "decl": "const Standard_Integer", 
              "type": "Standard_Integer", 
              "name": "Index"
            }, 
            {
              "decl": "const Hatch_Parameter &", 
              "type": "Hatch_Parameter", 
              "name": "T"
            }
          ], 
          "name": "InsertAfter", 
          "parent": "Hatch_SequenceOfParameter", 
          "cls": "memfun", 
          "extern": "1", 
          "throws": true
        }, 
        {
          "returnType": "void", 
          "arguments": [
            {
              "decl": "const Standard_Integer", 
              "type": "Standard_Integer", 
              "name": "Index"
            }, 
            {
              "decl": "Hatch_SequenceOfParameter &", 
              "type": "Hatch_SequenceOfParameter", 
              "name": "S"
            }
          ], 
          "name": "InsertAfter", 
          "parent": "Hatch_SequenceOfParameter", 
          "cls": "memfun", 
          "throws": true
        }, 
        {
          "returnType": "Hatch_Parameter const &", 
          "arguments": [], 
          "name": "First", 
          "parent": "Hatch_SequenceOfParameter", 
          "cls": "memfun", 
          "extern": "1", 
          "const": "1", 
          "throws": true
        }, 
        {
          "returnType": "Hatch_Parameter const &", 
          "arguments": [], 
          "name": "Last", 
          "parent": "Hatch_SequenceOfParameter", 
          "cls": "memfun", 
          "extern": "1", 
          "const": "1", 
          "throws": true
        }, 
        {
          "returnType": "void", 
          "arguments": [
            {
              "decl": "const Standard_Integer", 
              "type": "Standard_Integer", 
              "name": "Index"
            }, 
            {
              "decl": "Hatch_SequenceOfParameter &", 
              "type": "Hatch_SequenceOfParameter", 
              "name": "S"
            }
          ], 
          "name": "Split", 
          "parent": "Hatch_SequenceOfParameter", 
          "cls": "memfun", 
          "throws": true
        }, 
        {
          "returnType": "Hatch_Parameter const &", 
          "arguments": [
            {
              "decl": "const Standard_Integer", 
              "type": "Standard_Integer", 
              "name": "Index"
            }
          ], 
          "name": "Value", 
          "parent": "Hatch_SequenceOfParameter", 
          "cls": "memfun", 
          "extern": "1", 
          "const": "1", 
          "throws": true
        }, 
        {
          "returnType": "void", 
          "arguments": [
            {
              "decl": "const Standard_Integer", 
              "type": "Standard_Integer", 
              "name": "Index"
            }, 
            {
              "decl": "const Hatch_Parameter &", 
              "type": "Hatch_Parameter", 
              "name": "I"
            }
          ], 
          "name": "SetValue", 
          "parent": "Hatch_SequenceOfParameter", 
          "cls": "memfun", 
          "extern": "1", 
          "throws": true
        }, 
        {
          "returnType": "Hatch_Parameter &", 
          "arguments": [
            {
              "decl": "const Standard_Integer", 
              "type": "Standard_Integer", 
              "name": "Index"
            }
          ], 
          "name": "ChangeValue", 
          "parent": "Hatch_SequenceOfParameter", 
          "cls": "memfun", 
          "extern": "1", 
          "throws": true
        }, 
        {
          "returnType": "void", 
          "arguments": [
            {
              "decl": "const Standard_Integer", 
              "type": "Standard_Integer", 
              "name": "Index"
            }
          ], 
          "name": "Remove", 
          "parent": "Hatch_SequenceOfParameter", 
          "cls": "memfun", 
          "extern": "1", 
          "throws": true
        }, 
        {
          "returnType": "void", 
          "arguments": [
            {
              "decl": "const Standard_Integer", 
              "type": "Standard_Integer", 
              "name": "FromIndex"
            }, 
            {
              "decl": "const Standard_Integer", 
              "type": "Standard_Integer", 
              "name": "ToIndex"
            }
          ], 
          "name": "Remove", 
          "parent": "Hatch_SequenceOfParameter", 
          "cls": "memfun", 
          "extern": "1", 
          "throws": true
        }
      ], 
      "cls": "class"
    }, 
    {
      "name": "Hatch_SequenceNodeOfSequenceOfLine", 
      "abstract": false, 
      "constructors": [
        {
          "returnType": "", 
          "arguments": [
            {
              "decl": "const Hatch_Line &", 
              "type": "Hatch_Line", 
              "name": "I"
            }, 
            {
              "decl": "const TCollection_SeqNodePtr &", 
              "type": "TCollection_SeqNodePtr", 
              "name": "n"
            }, 
            {
              "decl": "const TCollection_SeqNodePtr &", 
              "type": "TCollection_SeqNodePtr", 
              "name": "p"
            }
          ], 
          "name": "Hatch_SequenceNodeOfSequenceOfLine", 
          "parent": "Hatch_SequenceNodeOfSequenceOfLine", 
          "cls": "constructor", 
          "throws": true
        }
      ], 
      "artificial": "1", 
      "bases": [
        {
          "access": "public", 
          "name": "TCollection_SeqNode"
        }
      ], 
      "location": [
        "/usr/local/include/oce/Hatch_SequenceNodeOfSequenceOfLine.hxx", 
        33
      ], 
      "members": [
        {
          "returnType": "Hatch_Line &", 
          "arguments": [], 
          "name": "Value", 
          "parent": "Hatch_SequenceNodeOfSequenceOfLine", 
          "cls": "memfun", 
          "const": "1", 
          "throws": true
        }, 
        {
          "returnType": "Handle_Standard_Type const &", 
          "arguments": [], 
          "name": "DynamicType", 
          "parent": "Hatch_SequenceNodeOfSequenceOfLine", 
          "cls": "memfun", 
          "extern": "1", 
          "const": "1", 
          "throws": true, 
          "virtuality": "virtual"
        }
      ], 
      "cls": "class"
    }, 
    {
      "name": "Hatch_Hatcher", 
      "abstract": false, 
      "constructors": [
        {
          "returnType": "", 
          "arguments": [
            {
              "decl": "const Standard_Real", 
              "type": "Standard_Real", 
              "name": "Tol"
            }, 
            {
              "decl": "const Standard_Boolean", 
              "type": "Standard_Boolean", 
              "name": "Oriented", 
              "default": "true"
            }
          ], 
          "name": "Hatch_Hatcher", 
          "parent": "Hatch_Hatcher", 
          "cls": "constructor", 
          "extern": "1", 
          "throws": true
        }
      ], 
      "artificial": "1", 
      "bases": [], 
      "location": [
        "/usr/local/include/oce/Hatch_Hatcher.hxx", 
        74
      ], 
      "members": [
        {
          "returnType": "void", 
          "arguments": [
            {
              "decl": "const Standard_Real", 
              "type": "Standard_Real", 
              "name": "Tol"
            }
          ], 
          "name": "Tolerance", 
          "parent": "Hatch_Hatcher", 
          "cls": "memfun", 
          "throws": true
        }, 
        {
          "returnType": "Standard_Real", 
          "arguments": [], 
          "name": "Tolerance", 
          "parent": "Hatch_Hatcher", 
          "cls": "memfun", 
          "const": "1", 
          "throws": true
        }, 
        {
          "returnType": "void", 
          "arguments": [
            {
              "decl": "const gp_Lin2d &", 
              "type": "gp_Lin2d", 
              "name": "L"
            }, 
            {
              "decl": "const Hatch_LineForm", 
              "type": "Hatch_LineForm", 
              "name": "T", 
              "default": "::Hatch_ANYLINE"
            }
          ], 
          "name": "AddLine", 
          "parent": "Hatch_Hatcher", 
          "cls": "memfun", 
          "extern": "1", 
          "throws": true
        }, 
        {
          "returnType": "void", 
          "arguments": [
            {
              "decl": "const gp_Dir2d &", 
              "type": "gp_Dir2d", 
              "name": "D"
            }, 
            {
              "decl": "const Standard_Real", 
              "type": "Standard_Real", 
              "name": "Dist"
            }
          ], 
          "name": "AddLine", 
          "parent": "Hatch_Hatcher", 
          "cls": "memfun", 
          "extern": "1", 
          "throws": true
        }, 
        {
          "returnType": "void", 
          "arguments": [
            {
              "decl": "const Standard_Real", 
              "type": "Standard_Real", 
              "name": "X"
            }
          ], 
          "name": "AddXLine", 
          "parent": "Hatch_Hatcher", 
          "cls": "memfun", 
          "extern": "1", 
          "throws": true
        }, 
        {
          "returnType": "void", 
          "arguments": [
            {
              "decl": "const Standard_Real", 
              "type": "Standard_Real", 
              "name": "Y"
            }
          ], 
          "name": "AddYLine", 
          "parent": "Hatch_Hatcher", 
          "cls": "memfun", 
          "extern": "1", 
          "throws": true
        }, 
        {
          "returnType": "void", 
          "arguments": [
            {
              "decl": "const gp_Lin2d &", 
              "type": "gp_Lin2d", 
              "name": "L"
            }, 
            {
              "decl": "const Standard_Integer", 
              "type": "Standard_Integer", 
              "name": "Index", 
              "default": "0"
            }
          ], 
          "name": "Trim", 
          "parent": "Hatch_Hatcher", 
          "cls": "memfun", 
          "extern": "1", 
          "throws": true
        }, 
        {
          "returnType": "void", 
          "arguments": [
            {
              "decl": "const gp_Lin2d &", 
              "type": "gp_Lin2d", 
              "name": "L"
            }, 
            {
              "decl": "const Standard_Real", 
              "type": "Standard_Real", 
              "name": "Start"
            }, 
            {
              "decl": "const Standard_Real", 
              "type": "Standard_Real", 
              "name": "End"
            }, 
            {
              "decl": "const Standard_Integer", 
              "type": "Standard_Integer", 
              "name": "Index", 
              "default": "0"
            }
          ], 
          "name": "Trim", 
          "parent": "Hatch_Hatcher", 
          "cls": "memfun", 
          "extern": "1", 
          "throws": true
        }, 
        {
          "returnType": "void", 
          "arguments": [
            {
              "decl": "const gp_Pnt2d &", 
              "type": "gp_Pnt2d", 
              "name": "P1"
            }, 
            {
              "decl": "const gp_Pnt2d &", 
              "type": "gp_Pnt2d", 
              "name": "P2"
            }, 
            {
              "decl": "const Standard_Integer", 
              "type": "Standard_Integer", 
              "name": "Index", 
              "default": "0"
            }
          ], 
          "name": "Trim", 
          "parent": "Hatch_Hatcher", 
          "cls": "memfun", 
          "extern": "1", 
          "throws": true
        }, 
        {
          "returnType": "Standard_Integer", 
          "arguments": [], 
          "name": "NbIntervals", 
          "parent": "Hatch_Hatcher", 
          "cls": "memfun", 
          "extern": "1", 
          "const": "1", 
          "throws": true
        }, 
        {
          "returnType": "Standard_Integer", 
          "arguments": [], 
          "name": "NbLines", 
          "parent": "Hatch_Hatcher", 
          "cls": "memfun", 
          "extern": "1", 
          "const": "1", 
          "throws": true
        }, 
        {
          "returnType": "gp_Lin2d const &", 
          "arguments": [
            {
              "decl": "const Standard_Integer", 
              "type": "Standard_Integer", 
              "name": "I"
            }
          ], 
          "name": "Line", 
          "parent": "Hatch_Hatcher", 
          "cls": "memfun", 
          "extern": "1", 
          "const": "1", 
          "throws": true
        }, 
        {
          "returnType": "Hatch_LineForm", 
          "arguments": [
            {
              "decl": "const Standard_Integer", 
              "type": "Standard_Integer", 
              "name": "I"
            }
          ], 
          "name": "LineForm", 
          "parent": "Hatch_Hatcher", 
          "cls": "memfun", 
          "extern": "1", 
          "const": "1", 
          "throws": true
        }, 
        {
          "returnType": "Standard_Boolean", 
          "arguments": [
            {
              "decl": "const Standard_Integer", 
              "type": "Standard_Integer", 
              "name": "I"
            }
          ], 
          "name": "IsXLine", 
          "parent": "Hatch_Hatcher", 
          "cls": "memfun", 
          "const": "1", 
          "throws": true
        }, 
        {
          "returnType": "Standard_Boolean", 
          "arguments": [
            {
              "decl": "const Standard_Integer", 
              "type": "Standard_Integer", 
              "name": "I"
            }
          ], 
          "name": "IsYLine", 
          "parent": "Hatch_Hatcher", 
          "cls": "memfun", 
          "const": "1", 
          "throws": true
        }, 
        {
          "returnType": "Standard_Real", 
          "arguments": [
            {
              "decl": "const Standard_Integer", 
              "type": "Standard_Integer", 
              "name": "I"
            }
          ], 
          "name": "Coordinate", 
          "parent": "Hatch_Hatcher", 
          "cls": "memfun", 
          "extern": "1", 
          "const": "1", 
          "throws": true
        }, 
        {
          "returnType": "Standard_Integer", 
          "arguments": [
            {
              "decl": "const Standard_Integer", 
              "type": "Standard_Integer", 
              "name": "I"
            }
          ], 
          "name": "NbIntervals", 
          "parent": "Hatch_Hatcher", 
          "cls": "memfun", 
          "extern": "1", 
          "const": "1", 
          "throws": true
        }, 
        {
          "returnType": "Standard_Real", 
          "arguments": [
            {
              "decl": "const Standard_Integer", 
              "type": "Standard_Integer", 
              "name": "I"
            }, 
            {
              "decl": "const Standard_Integer", 
              "type": "Standard_Integer", 
              "name": "J"
            }
          ], 
          "name": "Start", 
          "parent": "Hatch_Hatcher", 
          "cls": "memfun", 
          "extern": "1", 
          "const": "1", 
          "throws": true
        }, 
        {
          "returnType": "void", 
          "arguments": [
            {
              "decl": "const Standard_Integer", 
              "type": "Standard_Integer", 
              "name": "I"
            }, 
            {
              "decl": "const Standard_Integer", 
              "type": "Standard_Integer", 
              "name": "J"
            }, 
            {
              "decl": "Standard_Integer &", 
              "type": "Standard_Integer", 
              "name": "Index"
            }, 
            {
              "decl": "Standard_Real &", 
              "type": "Standard_Real", 
              "name": "Par2"
            }
          ], 
          "name": "StartIndex", 
          "parent": "Hatch_Hatcher", 
          "cls": "memfun", 
          "extern": "1", 
          "const": "1", 
          "throws": true
        }, 
        {
          "returnType": "Standard_Real", 
          "arguments": [
            {
              "decl": "const Standard_Integer", 
              "type": "Standard_Integer", 
              "name": "I"
            }, 
            {
              "decl": "const Standard_Integer", 
              "type": "Standard_Integer", 
              "name": "J"
            }
          ], 
          "name": "End", 
          "parent": "Hatch_Hatcher", 
          "cls": "memfun", 
          "extern": "1", 
          "const": "1", 
          "throws": true
        }, 
        {
          "returnType": "void", 
          "arguments": [
            {
              "decl": "const Standard_Integer", 
              "type": "Standard_Integer", 
              "name": "I"
            }, 
            {
              "decl": "const Standard_Integer", 
              "type": "Standard_Integer", 
              "name": "J"
            }, 
            {
              "decl": "Standard_Integer &", 
              "type": "Standard_Integer", 
              "name": "Index"
            }, 
            {
              "decl": "Standard_Real &", 
              "type": "Standard_Real", 
              "name": "Par2"
            }
          ], 
          "name": "EndIndex", 
          "parent": "Hatch_Hatcher", 
          "cls": "memfun", 
          "extern": "1", 
          "const": "1", 
          "throws": true
        }
      ], 
      "cls": "class"
    }, 
    {
      "name": "Handle_Hatch_SequenceNodeOfSequenceOfLine", 
      "abstract": false, 
      "constructors": [
        {
          "returnType": "", 
          "arguments": [], 
          "name": "Handle_Hatch_SequenceNodeOfSequenceOfLine", 
          "parent": "Handle_Hatch_SequenceNodeOfSequenceOfLine", 
          "cls": "constructor", 
          "throws": true
        }, 
        {
          "returnType": "", 
          "arguments": [
            {
              "decl": "const Handle_Hatch_SequenceNodeOfSequenceOfLine &", 
              "type": "Handle_Hatch_SequenceNodeOfSequenceOfLine", 
              "name": "aHandle"
            }
          ], 
          "name": "Handle_Hatch_SequenceNodeOfSequenceOfLine", 
          "parent": "Handle_Hatch_SequenceNodeOfSequenceOfLine", 
          "cls": "constructor", 
          "throws": true, 
          "copyConstructor": true
        }, 
        {
          "returnType": "", 
          "arguments": [
            {
              "decl": "const Hatch_SequenceNodeOfSequenceOfLine *", 
              "type": "Hatch_SequenceNodeOfSequenceOfLine", 
              "name": "anItem"
            }
          ], 
          "name": "Handle_Hatch_SequenceNodeOfSequenceOfLine", 
          "parent": "Handle_Hatch_SequenceNodeOfSequenceOfLine", 
          "cls": "constructor", 
          "throws": true
        }
      ], 
      "artificial": "1", 
      "bases": [
        {
          "access": "public", 
          "name": "Handle_TCollection_SeqNode"
        }
      ], 
      "location": [
        "/usr/local/include/oce/Handle_Hatch_SequenceNodeOfSequenceOfLine.hxx", 
        25
      ], 
      "members": [
        {
          "returnType": "Handle_Hatch_SequenceNodeOfSequenceOfLine", 
          "arguments": [
            {
              "decl": "const Handle_Standard_Transient &", 
              "type": "Handle_Standard_Transient", 
              "name": "AnObject"
            }
          ], 
          "name": "DownCast", 
          "parent": "Handle_Hatch_SequenceNodeOfSequenceOfLine", 
          "cls": "memfun", 
          "static": "1", 
          "extern": "1", 
          "throws": true
        }
      ], 
      "cls": "class"
    }, 
    {
      "name": "Hatch_Parameter", 
      "abstract": false, 
      "constructors": [
        {
          "returnType": "", 
          "arguments": [
            {
              "decl": "const Hatch_Parameter &", 
              "type": "Hatch_Parameter", 
              "name": "arg0"
            }
          ], 
          "name": "Hatch_Parameter", 
          "parent": "Hatch_Parameter", 
          "cls": "constructor", 
          "artificial": "1", 
          "copyConstructor": true
        }, 
        {
          "returnType": "", 
          "arguments": [], 
          "name": "Hatch_Parameter", 
          "parent": "Hatch_Parameter", 
          "cls": "constructor", 
          "extern": "1", 
          "throws": true
        }, 
        {
          "returnType": "", 
          "arguments": [
            {
              "decl": "const Standard_Real", 
              "type": "Standard_Real", 
              "name": "Par1"
            }, 
            {
              "decl": "const Standard_Boolean", 
              "type": "Standard_Boolean", 
              "name": "Start"
            }, 
            {
              "decl": "const Standard_Integer", 
              "type": "Standard_Integer", 
              "name": "Index", 
              "default": "0"
            }, 
            {
              "decl": "const Standard_Real", 
              "type": "Standard_Real", 
              "name": "Par2", 
              "default": "0"
            }
          ], 
          "name": "Hatch_Parameter", 
          "parent": "Hatch_Parameter", 
          "cls": "constructor", 
          "extern": "1", 
          "throws": true
        }
      ], 
      "artificial": "1", 
      "bases": [], 
      "location": [
        "/usr/local/include/oce/Hatch_Parameter.hxx", 
        38
      ], 
      "members": [], 
      "cls": "class"
    }, 
    {
      "name": "Handle_Hatch_SequenceNodeOfSequenceOfParameter", 
      "abstract": false, 
      "constructors": [
        {
          "returnType": "", 
          "arguments": [], 
          "name": "Handle_Hatch_SequenceNodeOfSequenceOfParameter", 
          "parent": "Handle_Hatch_SequenceNodeOfSequenceOfParameter", 
          "cls": "constructor", 
          "throws": true
        }, 
        {
          "returnType": "", 
          "arguments": [
            {
              "decl": "const Handle_Hatch_SequenceNodeOfSequenceOfParameter &", 
              "type": "Handle_Hatch_SequenceNodeOfSequenceOfParameter", 
              "name": "aHandle"
            }
          ], 
          "name": "Handle_Hatch_SequenceNodeOfSequenceOfParameter", 
          "parent": "Handle_Hatch_SequenceNodeOfSequenceOfParameter", 
          "cls": "constructor", 
          "throws": true, 
          "copyConstructor": true
        }, 
        {
          "returnType": "", 
          "arguments": [
            {
              "decl": "const Hatch_SequenceNodeOfSequenceOfParameter *", 
              "type": "Hatch_SequenceNodeOfSequenceOfParameter", 
              "name": "anItem"
            }
          ], 
          "name": "Handle_Hatch_SequenceNodeOfSequenceOfParameter", 
          "parent": "Handle_Hatch_SequenceNodeOfSequenceOfParameter", 
          "cls": "constructor", 
          "throws": true
        }
      ], 
      "artificial": "1", 
      "bases": [
        {
          "access": "public", 
          "name": "Handle_TCollection_SeqNode"
        }
      ], 
      "location": [
        "/usr/local/include/oce/Handle_Hatch_SequenceNodeOfSequenceOfParameter.hxx", 
        25
      ], 
      "members": [
        {
          "returnType": "Handle_Hatch_SequenceNodeOfSequenceOfParameter", 
          "arguments": [
            {
              "decl": "const Handle_Standard_Transient &", 
              "type": "Handle_Standard_Transient", 
              "name": "AnObject"
            }
          ], 
          "name": "DownCast", 
          "parent": "Handle_Hatch_SequenceNodeOfSequenceOfParameter", 
          "cls": "memfun", 
          "static": "1", 
          "extern": "1", 
          "throws": true
        }
      ], 
      "cls": "class"
    }
  ], 
  "headers": [
    "Hatch_SequenceOfLine.hxx", 
    "Hatch_LineForm.hxx", 
    "Hatch_Line.hxx", 
    "Hatch_SequenceNodeOfSequenceOfLine.hxx", 
    "Hatch_Hatcher.hxx", 
    "Hatch_SequenceOfParameter.hxx", 
    "Hatch_SequenceNodeOfSequenceOfParameter.hxx", 
    "Hatch_Parameter.hxx"
  ], 
  "enums": [
    {
      "values": [
        [
          "Hatch_XLINE", 
          0
        ], 
        [
          "Hatch_YLINE", 
          1
        ], 
        [
          "Hatch_ANYLINE", 
          2
        ]
      ], 
      "name": "Hatch_LineForm", 
      "cls": "enum"
    }
  ], 
  "typedefs": [], 
  "name": "Hatch"
}