{
  "classes": [
    {
      "name": "IntCurve_MyImpParToolOfIntImpConicParConic", 
      "abstract": false, 
      "constructors": [
        {
          "returnType": "", 
          "arguments": [
            {
              "decl": "const IntCurve_MyImpParToolOfIntImpConicParConic &", 
              "type": "IntCurve_MyImpParToolOfIntImpConicParConic", 
              "name": "arg0"
            }
          ], 
          "name": "IntCurve_MyImpParToolOfIntImpConicParConic", 
          "parent": "IntCurve_MyImpParToolOfIntImpConicParConic", 
          "cls": "constructor", 
          "artificial": "1", 
          "throws": true, 
          "copyConstructor": true
        }, 
        {
          "returnType": "", 
          "arguments": [
            {
              "decl": "const IntCurve_IConicTool &", 
              "type": "IntCurve_IConicTool", 
              "name": "IT"
            }, 
            {
              "decl": "const IntCurve_PConic &", 
              "type": "IntCurve_PConic", 
              "name": "PC"
            }
          ], 
          "name": "IntCurve_MyImpParToolOfIntImpConicParConic", 
          "parent": "IntCurve_MyImpParToolOfIntImpConicParConic", 
          "cls": "constructor", 
          "extern": "1", 
          "throws": true
        }
      ], 
      "artificial": "1", 
      "bases": [
        {
          "access": "public", 
          "name": "math_FunctionWithDerivative"
        }
      ], 
      "location": [
        "/usr/local/include/oce/IntCurve_MyImpParToolOfIntImpConicParConic.hxx", 
        40
      ], 
      "members": [
        {
          "returnType": "Standard_Boolean", 
          "arguments": [
            {
              "decl": "const Standard_Real", 
              "type": "Standard_Real", 
              "name": "Param"
            }, 
            {
              "decl": "Standard_Real &", 
              "type": "Standard_Real", 
              "name": "F"
            }
          ], 
          "name": "Value", 
          "parent": "IntCurve_MyImpParToolOfIntImpConicParConic", 
          "cls": "memfun", 
          "extern": "1", 
          "throws": true, 
          "virtuality": "virtual"
        }, 
        {
          "returnType": "Standard_Boolean", 
          "arguments": [
            {
              "decl": "const Standard_Real", 
              "type": "Standard_Real", 
              "name": "Param"
            }, 
            {
              "decl": "Standard_Real &", 
              "type": "Standard_Real", 
              "name": "D"
            }
          ], 
          "name": "Derivative", 
          "parent": "IntCurve_MyImpParToolOfIntImpConicParConic", 
          "cls": "memfun", 
          "extern": "1", 
          "throws": true, 
          "virtuality": "virtual"
        }, 
        {
          "returnType": "Standard_Boolean", 
          "arguments": [
            {
              "decl": "const Standard_Real", 
              "type": "Standard_Real", 
              "name": "Param"
            }, 
            {
              "decl": "Standard_Real &", 
              "type": "Standard_Real", 
              "name": "F"
            }, 
            {
              "decl": "Standard_Real &", 
              "type": "Standard_Real", 
              "name": "D"
            }
          ], 
          "name": "Values", 
          "parent": "IntCurve_MyImpParToolOfIntImpConicParConic", 
          "cls": "memfun", 
          "extern": "1", 
          "throws": true, 
          "virtuality": "virtual"
        }
      ], 
      "cls": "class"
    }, 
    {
      "name": "IntCurve_IntImpConicParConic", 
      "abstract": false, 
      "constructors": [
        {
          "returnType": "", 
          "arguments": [
            {
              "decl": "const IntCurve_IntImpConicParConic &", 
              "type": "IntCurve_IntImpConicParConic", 
              "name": "arg0"
            }
          ], 
          "name": "IntCurve_IntImpConicParConic", 
          "parent": "IntCurve_IntImpConicParConic", 
          "cls": "constructor", 
          "artificial": "1", 
          "throws": true, 
          "copyConstructor": true
        }, 
        {
          "returnType": "", 
          "arguments": [], 
          "name": "IntCurve_IntImpConicParConic", 
          "parent": "IntCurve_IntImpConicParConic", 
          "cls": "constructor", 
          "extern": "1", 
          "throws": true
        }, 
        {
          "returnType": "", 
          "arguments": [
            {
              "decl": "const IntCurve_IConicTool &", 
              "type": "IntCurve_IConicTool", 
              "name": "ITool"
            }, 
            {
              "decl": "const IntRes2d_Domain &", 
              "type": "IntRes2d_Domain", 
              "name": "Dom1"
            }, 
            {
              "decl": "const IntCurve_PConic &", 
              "type": "IntCurve_PConic", 
              "name": "PCurve"
            }, 
            {
              "decl": "const IntRes2d_Domain &", 
              "type": "IntRes2d_Domain", 
              "name": "Dom2"
            }, 
            {
              "decl": "const Standard_Real", 
              "type": "Standard_Real", 
              "name": "TolConf"
            }, 
            {
              "decl": "const Standard_Real", 
              "type": "Standard_Real", 
              "name": "Tol"
            }
          ], 
          "name": "IntCurve_IntImpConicParConic", 
          "parent": "IntCurve_IntImpConicParConic", 
          "cls": "constructor", 
          "extern": "1", 
          "throws": true
        }
      ], 
      "artificial": "1", 
      "bases": [
        {
          "access": "public", 
          "name": "IntRes2d_Intersection"
        }
      ], 
      "location": [
        "/usr/local/include/oce/IntCurve_IntImpConicParConic.hxx", 
        40
      ], 
      "members": [
        {
          "returnType": "void", 
          "arguments": [
            {
              "decl": "const IntCurve_IConicTool &", 
              "type": "IntCurve_IConicTool", 
              "name": "ITool"
            }, 
            {
              "decl": "const IntRes2d_Domain &", 
              "type": "IntRes2d_Domain", 
              "name": "Dom1"
            }, 
            {
              "decl": "const IntCurve_PConic &", 
              "type": "IntCurve_PConic", 
              "name": "PCurve"
            }, 
            {
              "decl": "const IntRes2d_Domain &", 
              "type": "IntRes2d_Domain", 
              "name": "Dom2"
            }, 
            {
              "decl": "const Standard_Real", 
              "type": "Standard_Real", 
              "name": "TolConf"
            }, 
            {
              "decl": "const Standard_Real", 
              "type": "Standard_Real", 
              "name": "Tol"
            }
          ], 
          "name": "Perform", 
          "parent": "IntCurve_IntImpConicParConic", 
          "cls": "memfun", 
          "extern": "1", 
          "throws": true
        }, 
        {
          "returnType": "Standard_Real", 
          "arguments": [
            {
              "decl": "const Standard_Real", 
              "type": "Standard_Real", 
              "name": "parameter"
            }, 
            {
              "decl": "gp_Pnt2d &", 
              "type": "gp_Pnt2d", 
              "name": "point"
            }, 
            {
              "decl": "const IntCurve_PConic &", 
              "type": "IntCurve_PConic", 
              "name": "TheParCurev"
            }, 
            {
              "decl": "const IntCurve_IConicTool &", 
              "type": "IntCurve_IConicTool", 
              "name": "TheImpTool"
            }
          ], 
          "name": "FindU", 
          "parent": "IntCurve_IntImpConicParConic", 
          "cls": "memfun", 
          "extern": "1", 
          "const": "1", 
          "throws": true
        }, 
        {
          "returnType": "Standard_Real", 
          "arguments": [
            {
              "decl": "const Standard_Real", 
              "type": "Standard_Real", 
              "name": "parameter"
            }, 
            {
              "decl": "gp_Pnt2d &", 
              "type": "gp_Pnt2d", 
              "name": "point"
            }, 
            {
              "decl": "const IntCurve_IConicTool &", 
              "type": "IntCurve_IConicTool", 
              "name": "TheImpTool"
            }, 
            {
              "decl": "const IntCurve_PConic &", 
              "type": "IntCurve_PConic", 
              "name": "ParCurve"
            }, 
            {
              "decl": "const IntRes2d_Domain &", 
              "type": "IntRes2d_Domain", 
              "name": "TheParCurveDomain"
            }, 
            {
              "decl": "const Standard_Real", 
              "type": "Standard_Real", 
              "name": "V0"
            }, 
            {
              "decl": "const Standard_Real", 
              "type": "Standard_Real", 
              "name": "V1"
            }, 
            {
              "decl": "const Standard_Real", 
              "type": "Standard_Real", 
              "name": "Tolerance"
            }
          ], 
          "name": "FindV", 
          "parent": "IntCurve_IntImpConicParConic", 
          "cls": "memfun", 
          "extern": "1", 
          "const": "1", 
          "throws": true
        }, 
        {
          "returnType": "void", 
          "arguments": [
            {
              "decl": "const IntCurve_IConicTool &", 
              "type": "IntCurve_IConicTool", 
              "name": "TheImpTool"
            }, 
            {
              "decl": "const IntCurve_PConic &", 
              "type": "IntCurve_PConic", 
              "name": "TheParCurve"
            }, 
            {
              "decl": "const IntRes2d_Domain &", 
              "type": "IntRes2d_Domain", 
              "name": "TheImpCurveDomain"
            }, 
            {
              "decl": "const IntRes2d_Domain &", 
              "type": "IntRes2d_Domain", 
              "name": "TheParCurveDomain"
            }, 
            {
              "decl": "Standard_Integer &", 
              "type": "Standard_Integer", 
              "name": "NbResultats"
            }, 
            {
              "decl": "TColStd_Array1OfReal &", 
              "type": "TColStd_Array1OfReal", 
              "name": "Inter2_And_Domain2"
            }, 
            {
              "decl": "TColStd_Array1OfReal &", 
              "type": "TColStd_Array1OfReal", 
              "name": "Inter1"
            }, 
            {
              "decl": "TColStd_Array1OfReal &", 
              "type": "TColStd_Array1OfReal", 
              "name": "Resultat1"
            }, 
            {
              "decl": "TColStd_Array1OfReal &", 
              "type": "TColStd_Array1OfReal", 
              "name": "Resultat2"
            }, 
            {
              "decl": "const Standard_Real", 
              "type": "Standard_Real", 
              "name": "EpsNul"
            }
          ], 
          "name": "And_Domaine_Objet1_Intersections", 
          "parent": "IntCurve_IntImpConicParConic", 
          "cls": "memfun", 
          "extern": "1", 
          "const": "1", 
          "throws": true
        }
      ], 
      "cls": "class"
    }, 
    {
      "name": "IntCurve_PConic", 
      "abstract": false, 
      "constructors": [
        {
          "returnType": "", 
          "arguments": [
            {
              "decl": "const IntCurve_PConic &", 
              "type": "IntCurve_PConic", 
              "name": "PC"
            }
          ], 
          "name": "IntCurve_PConic", 
          "parent": "IntCurve_PConic", 
          "cls": "constructor", 
          "extern": "1", 
          "throws": true, 
          "copyConstructor": true
        }, 
        {
          "returnType": "", 
          "arguments": [
            {
              "decl": "const gp_Elips2d &", 
              "type": "gp_Elips2d", 
              "name": "E"
            }
          ], 
          "name": "IntCurve_PConic", 
          "parent": "IntCurve_PConic", 
          "cls": "constructor", 
          "extern": "1", 
          "throws": true
        }, 
        {
          "returnType": "", 
          "arguments": [
            {
              "decl": "const gp_Circ2d &", 
              "type": "gp_Circ2d", 
              "name": "C"
            }
          ], 
          "name": "IntCurve_PConic", 
          "parent": "IntCurve_PConic", 
          "cls": "constructor", 
          "extern": "1", 
          "throws": true
        }, 
        {
          "returnType": "", 
          "arguments": [
            {
              "decl": "const gp_Parab2d &", 
              "type": "gp_Parab2d", 
              "name": "P"
            }
          ], 
          "name": "IntCurve_PConic", 
          "parent": "IntCurve_PConic", 
          "cls": "constructor", 
          "extern": "1", 
          "throws": true
        }, 
        {
          "returnType": "", 
          "arguments": [
            {
              "decl": "const gp_Hypr2d &", 
              "type": "gp_Hypr2d", 
              "name": "H"
            }
          ], 
          "name": "IntCurve_PConic", 
          "parent": "IntCurve_PConic", 
          "cls": "constructor", 
          "extern": "1", 
          "throws": true
        }, 
        {
          "returnType": "", 
          "arguments": [
            {
              "decl": "const gp_Lin2d &", 
              "type": "gp_Lin2d", 
              "name": "L"
            }
          ], 
          "name": "IntCurve_PConic", 
          "parent": "IntCurve_PConic", 
          "cls": "constructor", 
          "extern": "1", 
          "throws": true
        }
      ], 
      "artificial": "1", 
      "bases": [], 
      "location": [
        "/usr/local/include/oce/IntCurve_PConic.hxx", 
        42
      ], 
      "members": [
        {
          "returnType": "void", 
          "arguments": [
            {
              "decl": "const Standard_Real", 
              "type": "Standard_Real", 
              "name": "EpsDist"
            }
          ], 
          "name": "SetEpsX", 
          "parent": "IntCurve_PConic", 
          "cls": "memfun", 
          "extern": "1", 
          "throws": true
        }, 
        {
          "returnType": "void", 
          "arguments": [
            {
              "decl": "const Standard_Integer", 
              "type": "Standard_Integer", 
              "name": "Nb"
            }
          ], 
          "name": "SetAccuracy", 
          "parent": "IntCurve_PConic", 
          "cls": "memfun", 
          "extern": "1", 
          "throws": true
        }, 
        {
          "returnType": "Standard_Integer", 
          "arguments": [], 
          "name": "Accuracy", 
          "parent": "IntCurve_PConic", 
          "cls": "memfun", 
          "const": "1", 
          "throws": true
        }, 
        {
          "returnType": "Standard_Real", 
          "arguments": [], 
          "name": "EpsX", 
          "parent": "IntCurve_PConic", 
          "cls": "memfun", 
          "const": "1", 
          "throws": true
        }, 
        {
          "returnType": "GeomAbs_CurveType", 
          "arguments": [], 
          "name": "TypeCurve", 
          "parent": "IntCurve_PConic", 
          "cls": "memfun", 
          "const": "1", 
          "throws": true
        }, 
        {
          "returnType": "gp_Ax22d const &", 
          "arguments": [], 
          "name": "Axis2", 
          "parent": "IntCurve_PConic", 
          "cls": "memfun", 
          "const": "1", 
          "throws": true
        }, 
        {
          "returnType": "Standard_Real", 
          "arguments": [], 
          "name": "Param1", 
          "parent": "IntCurve_PConic", 
          "cls": "memfun", 
          "const": "1", 
          "throws": true
        }, 
        {
          "returnType": "Standard_Real", 
          "arguments": [], 
          "name": "Param2", 
          "parent": "IntCurve_PConic", 
          "cls": "memfun", 
          "const": "1", 
          "throws": true
        }
      ], 
      "cls": "class"
    }, 
    {
      "name": "IntCurve_IConicTool", 
      "abstract": false, 
      "constructors": [
        {
          "returnType": "", 
          "arguments": [], 
          "name": "IntCurve_IConicTool", 
          "parent": "IntCurve_IConicTool", 
          "cls": "constructor", 
          "extern": "1", 
          "throws": true
        }, 
        {
          "returnType": "", 
          "arguments": [
            {
              "decl": "const IntCurve_IConicTool &", 
              "type": "IntCurve_IConicTool", 
              "name": "IT"
            }
          ], 
          "name": "IntCurve_IConicTool", 
          "parent": "IntCurve_IConicTool", 
          "cls": "constructor", 
          "extern": "1", 
          "throws": true, 
          "copyConstructor": true
        }, 
        {
          "returnType": "", 
          "arguments": [
            {
              "decl": "const gp_Elips2d &", 
              "type": "gp_Elips2d", 
              "name": "E"
            }
          ], 
          "name": "IntCurve_IConicTool", 
          "parent": "IntCurve_IConicTool", 
          "cls": "constructor", 
          "extern": "1", 
          "throws": true
        }, 
        {
          "returnType": "", 
          "arguments": [
            {
              "decl": "const gp_Lin2d &", 
              "type": "gp_Lin2d", 
              "name": "L"
            }
          ], 
          "name": "IntCurve_IConicTool", 
          "parent": "IntCurve_IConicTool", 
          "cls": "constructor", 
          "extern": "1", 
          "throws": true
        }, 
        {
          "returnType": "", 
          "arguments": [
            {
              "decl": "const gp_Circ2d &", 
              "type": "gp_Circ2d", 
              "name": "C"
            }
          ], 
          "name": "IntCurve_IConicTool", 
          "parent": "IntCurve_IConicTool", 
          "cls": "constructor", 
          "extern": "1", 
          "throws": true
        }, 
        {
          "returnType": "", 
          "arguments": [
            {
              "decl": "const gp_Parab2d &", 
              "type": "gp_Parab2d", 
              "name": "P"
            }
          ], 
          "name": "IntCurve_IConicTool", 
          "parent": "IntCurve_IConicTool", 
          "cls": "constructor", 
          "extern": "1", 
          "throws": true
        }, 
        {
          "returnType": "", 
          "arguments": [
            {
              "decl": "const gp_Hypr2d &", 
              "type": "gp_Hypr2d", 
              "name": "H"
            }
          ], 
          "name": "IntCurve_IConicTool", 
          "parent": "IntCurve_IConicTool", 
          "cls": "constructor", 
          "extern": "1", 
          "throws": true
        }
      ], 
      "artificial": "1", 
      "bases": [], 
      "location": [
        "/usr/local/include/oce/IntCurve_IConicTool.hxx", 
        42
      ], 
      "members": [
        {
          "returnType": "gp_Pnt2d", 
          "arguments": [
            {
              "decl": "const Standard_Real", 
              "type": "Standard_Real", 
              "name": "X"
            }
          ], 
          "name": "Value", 
          "parent": "IntCurve_IConicTool", 
          "cls": "memfun", 
          "extern": "1", 
          "const": "1", 
          "throws": true
        }, 
        {
          "returnType": "void", 
          "arguments": [
            {
              "decl": "const Standard_Real", 
              "type": "Standard_Real", 
              "name": "U"
            }, 
            {
              "decl": "gp_Pnt2d &", 
              "type": "gp_Pnt2d", 
              "name": "P"
            }, 
            {
              "decl": "gp_Vec2d &", 
              "type": "gp_Vec2d", 
              "name": "T"
            }
          ], 
          "name": "D1", 
          "parent": "IntCurve_IConicTool", 
          "cls": "memfun", 
          "extern": "1", 
          "const": "1", 
          "throws": true
        }, 
        {
          "returnType": "void", 
          "arguments": [
            {
              "decl": "const Standard_Real", 
              "type": "Standard_Real", 
              "name": "U"
            }, 
            {
              "decl": "gp_Pnt2d &", 
              "type": "gp_Pnt2d", 
              "name": "P"
            }, 
            {
              "decl": "gp_Vec2d &", 
              "type": "gp_Vec2d", 
              "name": "T"
            }, 
            {
              "decl": "gp_Vec2d &", 
              "type": "gp_Vec2d", 
              "name": "N"
            }
          ], 
          "name": "D2", 
          "parent": "IntCurve_IConicTool", 
          "cls": "memfun", 
          "extern": "1", 
          "const": "1", 
          "throws": true
        }, 
        {
          "returnType": "Standard_Real", 
          "arguments": [
            {
              "decl": "const gp_Pnt2d &", 
              "type": "gp_Pnt2d", 
              "name": "P"
            }
          ], 
          "name": "Distance", 
          "parent": "IntCurve_IConicTool", 
          "cls": "memfun", 
          "extern": "1", 
          "const": "1", 
          "throws": true
        }, 
        {
          "returnType": "gp_Vec2d", 
          "arguments": [
            {
              "decl": "const gp_Pnt2d &", 
              "type": "gp_Pnt2d", 
              "name": "P"
            }
          ], 
          "name": "GradDistance", 
          "parent": "IntCurve_IConicTool", 
          "cls": "memfun", 
          "extern": "1", 
          "const": "1", 
          "throws": true
        }, 
        {
          "returnType": "Standard_Real", 
          "arguments": [
            {
              "decl": "const gp_Pnt2d &", 
              "type": "gp_Pnt2d", 
              "name": "P"
            }
          ], 
          "name": "FindParameter", 
          "parent": "IntCurve_IConicTool", 
          "cls": "memfun", 
          "extern": "1", 
          "const": "1", 
          "throws": true
        }
      ], 
      "cls": "class"
    }, 
    {
      "name": "IntCurve_ProjectOnPConicTool", 
      "abstract": false, 
      "constructors": [
        {
          "returnType": "", 
          "arguments": [
            {
              "decl": "const IntCurve_ProjectOnPConicTool &", 
              "type": "IntCurve_ProjectOnPConicTool", 
              "name": "arg0"
            }
          ], 
          "name": "IntCurve_ProjectOnPConicTool", 
          "parent": "IntCurve_ProjectOnPConicTool", 
          "cls": "constructor", 
          "artificial": "1", 
          "copyConstructor": true
        }, 
        {
          "returnType": "", 
          "arguments": [], 
          "name": "IntCurve_ProjectOnPConicTool", 
          "parent": "IntCurve_ProjectOnPConicTool", 
          "cls": "constructor", 
          "artificial": "1"
        }
      ], 
      "artificial": "1", 
      "bases": [], 
      "location": [
        "/usr/local/include/oce/IntCurve_ProjectOnPConicTool.hxx", 
        28
      ], 
      "members": [
        {
          "returnType": "Standard_Real", 
          "arguments": [
            {
              "decl": "const IntCurve_PConic &", 
              "type": "IntCurve_PConic", 
              "name": "C"
            }, 
            {
              "decl": "const gp_Pnt2d &", 
              "type": "gp_Pnt2d", 
              "name": "Pnt"
            }, 
            {
              "decl": "const Standard_Real", 
              "type": "Standard_Real", 
              "name": "Tol"
            }
          ], 
          "name": "FindParameter", 
          "parent": "IntCurve_ProjectOnPConicTool", 
          "cls": "memfun", 
          "static": "1", 
          "extern": "1", 
          "throws": true
        }, 
        {
          "returnType": "Standard_Real", 
          "arguments": [
            {
              "decl": "const IntCurve_PConic &", 
              "type": "IntCurve_PConic", 
              "name": "C"
            }, 
            {
              "decl": "const gp_Pnt2d &", 
              "type": "gp_Pnt2d", 
              "name": "Pnt"
            }, 
            {
              "decl": "const Standard_Real", 
              "type": "Standard_Real", 
              "name": "LowParameter"
            }, 
            {
              "decl": "const Standard_Real", 
              "type": "Standard_Real", 
              "name": "HighParameter"
            }, 
            {
              "decl": "const Standard_Real", 
              "type": "Standard_Real", 
              "name": "Tol"
            }
          ], 
          "name": "FindParameter", 
          "parent": "IntCurve_ProjectOnPConicTool", 
          "cls": "memfun", 
          "static": "1", 
          "extern": "1", 
          "throws": true
        }
      ], 
      "cls": "class"
    }, 
    {
      "name": "IntCurve_IntConicConic", 
      "abstract": false, 
      "constructors": [
        {
          "returnType": "", 
          "arguments": [
            {
              "decl": "const IntCurve_IntConicConic &", 
              "type": "IntCurve_IntConicConic", 
              "name": "arg0"
            }
          ], 
          "name": "IntCurve_IntConicConic", 
          "parent": "IntCurve_IntConicConic", 
          "cls": "constructor", 
          "artificial": "1", 
          "throws": true, 
          "copyConstructor": true
        }, 
        {
          "returnType": "", 
          "arguments": [], 
          "name": "IntCurve_IntConicConic", 
          "parent": "IntCurve_IntConicConic", 
          "cls": "constructor", 
          "throws": true
        }, 
        {
          "returnType": "", 
          "arguments": [
            {
              "decl": "const gp_Lin2d &", 
              "type": "gp_Lin2d", 
              "name": "L1"
            }, 
            {
              "decl": "const IntRes2d_Domain &", 
              "type": "IntRes2d_Domain", 
              "name": "D1"
            }, 
            {
              "decl": "const gp_Lin2d &", 
              "type": "gp_Lin2d", 
              "name": "L2"
            }, 
            {
              "decl": "const IntRes2d_Domain &", 
              "type": "IntRes2d_Domain", 
              "name": "D2"
            }, 
            {
              "decl": "const Standard_Real", 
              "type": "Standard_Real", 
              "name": "TolConf"
            }, 
            {
              "decl": "const Standard_Real", 
              "type": "Standard_Real", 
              "name": "Tol"
            }
          ], 
          "name": "IntCurve_IntConicConic", 
          "parent": "IntCurve_IntConicConic", 
          "cls": "constructor", 
          "throws": true
        }, 
        {
          "returnType": "", 
          "arguments": [
            {
              "decl": "const gp_Lin2d &", 
              "type": "gp_Lin2d", 
              "name": "L1"
            }, 
            {
              "decl": "const IntRes2d_Domain &", 
              "type": "IntRes2d_Domain", 
              "name": "D1"
            }, 
            {
              "decl": "const gp_Circ2d &", 
              "type": "gp_Circ2d", 
              "name": "C2"
            }, 
            {
              "decl": "const IntRes2d_Domain &", 
              "type": "IntRes2d_Domain", 
              "name": "D2"
            }, 
            {
              "decl": "const Standard_Real", 
              "type": "Standard_Real", 
              "name": "TolConf"
            }, 
            {
              "decl": "const Standard_Real", 
              "type": "Standard_Real", 
              "name": "Tol"
            }
          ], 
          "name": "IntCurve_IntConicConic", 
          "parent": "IntCurve_IntConicConic", 
          "cls": "constructor", 
          "throws": true
        }, 
        {
          "returnType": "", 
          "arguments": [
            {
              "decl": "const gp_Lin2d &", 
              "type": "gp_Lin2d", 
              "name": "L"
            }, 
            {
              "decl": "const IntRes2d_Domain &", 
              "type": "IntRes2d_Domain", 
              "name": "DL"
            }, 
            {
              "decl": "const gp_Elips2d &", 
              "type": "gp_Elips2d", 
              "name": "E"
            }, 
            {
              "decl": "const IntRes2d_Domain &", 
              "type": "IntRes2d_Domain", 
              "name": "DE"
            }, 
            {
              "decl": "const Standard_Real", 
              "type": "Standard_Real", 
              "name": "TolConf"
            }, 
            {
              "decl": "const Standard_Real", 
              "type": "Standard_Real", 
              "name": "Tol"
            }
          ], 
          "name": "IntCurve_IntConicConic", 
          "parent": "IntCurve_IntConicConic", 
          "cls": "constructor", 
          "throws": true
        }, 
        {
          "returnType": "", 
          "arguments": [
            {
              "decl": "const gp_Lin2d &", 
              "type": "gp_Lin2d", 
              "name": "L"
            }, 
            {
              "decl": "const IntRes2d_Domain &", 
              "type": "IntRes2d_Domain", 
              "name": "DL"
            }, 
            {
              "decl": "const gp_Parab2d &", 
              "type": "gp_Parab2d", 
              "name": "P"
            }, 
            {
              "decl": "const IntRes2d_Domain &", 
              "type": "IntRes2d_Domain", 
              "name": "DP"
            }, 
            {
              "decl": "const Standard_Real", 
              "type": "Standard_Real", 
              "name": "TolConf"
            }, 
            {
              "decl": "const Standard_Real", 
              "type": "Standard_Real", 
              "name": "Tol"
            }
          ], 
          "name": "IntCurve_IntConicConic", 
          "parent": "IntCurve_IntConicConic", 
          "cls": "constructor", 
          "throws": true
        }, 
        {
          "returnType": "", 
          "arguments": [
            {
              "decl": "const gp_Lin2d &", 
              "type": "gp_Lin2d", 
              "name": "L"
            }, 
            {
              "decl": "const IntRes2d_Domain &", 
              "type": "IntRes2d_Domain", 
              "name": "DL"
            }, 
            {
              "decl": "const gp_Hypr2d &", 
              "type": "gp_Hypr2d", 
              "name": "H"
            }, 
            {
              "decl": "const IntRes2d_Domain &", 
              "type": "IntRes2d_Domain", 
              "name": "DH"
            }, 
            {
              "decl": "const Standard_Real", 
              "type": "Standard_Real", 
              "name": "TolConf"
            }, 
            {
              "decl": "const Standard_Real", 
              "type": "Standard_Real", 
              "name": "Tol"
            }
          ], 
          "name": "IntCurve_IntConicConic", 
          "parent": "IntCurve_IntConicConic", 
          "cls": "constructor", 
          "throws": true
        }, 
        {
          "returnType": "", 
          "arguments": [
            {
              "decl": "const gp_Circ2d &", 
              "type": "gp_Circ2d", 
              "name": "C1"
            }, 
            {
              "decl": "const IntRes2d_Domain &", 
              "type": "IntRes2d_Domain", 
              "name": "D1"
            }, 
            {
              "decl": "const gp_Circ2d &", 
              "type": "gp_Circ2d", 
              "name": "C2"
            }, 
            {
              "decl": "const IntRes2d_Domain &", 
              "type": "IntRes2d_Domain", 
              "name": "D2"
            }, 
            {
              "decl": "const Standard_Real", 
              "type": "Standard_Real", 
              "name": "TolConf"
            }, 
            {
              "decl": "const Standard_Real", 
              "type": "Standard_Real", 
              "name": "Tol"
            }
          ], 
          "name": "IntCurve_IntConicConic", 
          "parent": "IntCurve_IntConicConic", 
          "cls": "constructor", 
          "throws": true
        }, 
        {
          "returnType": "", 
          "arguments": [
            {
              "decl": "const gp_Circ2d &", 
              "type": "gp_Circ2d", 
              "name": "C"
            }, 
            {
              "decl": "const IntRes2d_Domain &", 
              "type": "IntRes2d_Domain", 
              "name": "DC"
            }, 
            {
              "decl": "const gp_Elips2d &", 
              "type": "gp_Elips2d", 
              "name": "E"
            }, 
            {
              "decl": "const IntRes2d_Domain &", 
              "type": "IntRes2d_Domain", 
              "name": "DE"
            }, 
            {
              "decl": "const Standard_Real", 
              "type": "Standard_Real", 
              "name": "TolConf"
            }, 
            {
              "decl": "const Standard_Real", 
              "type": "Standard_Real", 
              "name": "Tol"
            }
          ], 
          "name": "IntCurve_IntConicConic", 
          "parent": "IntCurve_IntConicConic", 
          "cls": "constructor", 
          "throws": true
        }, 
        {
          "returnType": "", 
          "arguments": [
            {
              "decl": "const gp_Circ2d &", 
              "type": "gp_Circ2d", 
              "name": "C"
            }, 
            {
              "decl": "const IntRes2d_Domain &", 
              "type": "IntRes2d_Domain", 
              "name": "DC"
            }, 
            {
              "decl": "const gp_Parab2d &", 
              "type": "gp_Parab2d", 
              "name": "P"
            }, 
            {
              "decl": "const IntRes2d_Domain &", 
              "type": "IntRes2d_Domain", 
              "name": "DP"
            }, 
            {
              "decl": "const Standard_Real", 
              "type": "Standard_Real", 
              "name": "TolConf"
            }, 
            {
              "decl": "const Standard_Real", 
              "type": "Standard_Real", 
              "name": "Tol"
            }
          ], 
          "name": "IntCurve_IntConicConic", 
          "parent": "IntCurve_IntConicConic", 
          "cls": "constructor", 
          "throws": true
        }, 
        {
          "returnType": "", 
          "arguments": [
            {
              "decl": "const gp_Circ2d &", 
              "type": "gp_Circ2d", 
              "name": "C"
            }, 
            {
              "decl": "const IntRes2d_Domain &", 
              "type": "IntRes2d_Domain", 
              "name": "DC"
            }, 
            {
              "decl": "const gp_Hypr2d &", 
              "type": "gp_Hypr2d", 
              "name": "H"
            }, 
            {
              "decl": "const IntRes2d_Domain &", 
              "type": "IntRes2d_Domain", 
              "name": "DH"
            }, 
            {
              "decl": "const Standard_Real", 
              "type": "Standard_Real", 
              "name": "TolConf"
            }, 
            {
              "decl": "const Standard_Real", 
              "type": "Standard_Real", 
              "name": "Tol"
            }
          ], 
          "name": "IntCurve_IntConicConic", 
          "parent": "IntCurve_IntConicConic", 
          "cls": "constructor", 
          "throws": true
        }, 
        {
          "returnType": "", 
          "arguments": [
            {
              "decl": "const gp_Elips2d &", 
              "type": "gp_Elips2d", 
              "name": "E1"
            }, 
            {
              "decl": "const IntRes2d_Domain &", 
              "type": "IntRes2d_Domain", 
              "name": "D1"
            }, 
            {
              "decl": "const gp_Elips2d &", 
              "type": "gp_Elips2d", 
              "name": "E2"
            }, 
            {
              "decl": "const IntRes2d_Domain &", 
              "type": "IntRes2d_Domain", 
              "name": "D2"
            }, 
            {
              "decl": "const Standard_Real", 
              "type": "Standard_Real", 
              "name": "TolConf"
            }, 
            {
              "decl": "const Standard_Real", 
              "type": "Standard_Real", 
              "name": "Tol"
            }
          ], 
          "name": "IntCurve_IntConicConic", 
          "parent": "IntCurve_IntConicConic", 
          "cls": "constructor", 
          "throws": true
        }, 
        {
          "returnType": "", 
          "arguments": [
            {
              "decl": "const gp_Elips2d &", 
              "type": "gp_Elips2d", 
              "name": "E"
            }, 
            {
              "decl": "const IntRes2d_Domain &", 
              "type": "IntRes2d_Domain", 
              "name": "DE"
            }, 
            {
              "decl": "const gp_Parab2d &", 
              "type": "gp_Parab2d", 
              "name": "P"
            }, 
            {
              "decl": "const IntRes2d_Domain &", 
              "type": "IntRes2d_Domain", 
              "name": "DP"
            }, 
            {
              "decl": "const Standard_Real", 
              "type": "Standard_Real", 
              "name": "TolConf"
            }, 
            {
              "decl": "const Standard_Real", 
              "type": "Standard_Real", 
              "name": "Tol"
            }
          ], 
          "name": "IntCurve_IntConicConic", 
          "parent": "IntCurve_IntConicConic", 
          "cls": "constructor", 
          "throws": true
        }, 
        {
          "returnType": "", 
          "arguments": [
            {
              "decl": "const gp_Elips2d &", 
              "type": "gp_Elips2d", 
              "name": "E"
            }, 
            {
              "decl": "const IntRes2d_Domain &", 
              "type": "IntRes2d_Domain", 
              "name": "DE"
            }, 
            {
              "decl": "const gp_Hypr2d &", 
              "type": "gp_Hypr2d", 
              "name": "H"
            }, 
            {
              "decl": "const IntRes2d_Domain &", 
              "type": "IntRes2d_Domain", 
              "name": "DH"
            }, 
            {
              "decl": "const Standard_Real", 
              "type": "Standard_Real", 
              "name": "TolConf"
            }, 
            {
              "decl": "const Standard_Real", 
              "type": "Standard_Real", 
              "name": "Tol"
            }
          ], 
          "name": "IntCurve_IntConicConic", 
          "parent": "IntCurve_IntConicConic", 
          "cls": "constructor", 
          "throws": true
        }, 
        {
          "returnType": "", 
          "arguments": [
            {
              "decl": "const gp_Parab2d &", 
              "type": "gp_Parab2d", 
              "name": "P1"
            }, 
            {
              "decl": "const IntRes2d_Domain &", 
              "type": "IntRes2d_Domain", 
              "name": "D1"
            }, 
            {
              "decl": "const gp_Parab2d &", 
              "type": "gp_Parab2d", 
              "name": "P2"
            }, 
            {
              "decl": "const IntRes2d_Domain &", 
              "type": "IntRes2d_Domain", 
              "name": "D2"
            }, 
            {
              "decl": "const Standard_Real", 
              "type": "Standard_Real", 
              "name": "TolConf"
            }, 
            {
              "decl": "const Standard_Real", 
              "type": "Standard_Real", 
              "name": "Tol"
            }
          ], 
          "name": "IntCurve_IntConicConic", 
          "parent": "IntCurve_IntConicConic", 
          "cls": "constructor", 
          "throws": true
        }, 
        {
          "returnType": "", 
          "arguments": [
            {
              "decl": "const gp_Parab2d &", 
              "type": "gp_Parab2d", 
              "name": "P"
            }, 
            {
              "decl": "const IntRes2d_Domain &", 
              "type": "IntRes2d_Domain", 
              "name": "DP"
            }, 
            {
              "decl": "const gp_Hypr2d &", 
              "type": "gp_Hypr2d", 
              "name": "H"
            }, 
            {
              "decl": "const IntRes2d_Domain &", 
              "type": "IntRes2d_Domain", 
              "name": "DH"
            }, 
            {
              "decl": "const Standard_Real", 
              "type": "Standard_Real", 
              "name": "TolConf"
            }, 
            {
              "decl": "const Standard_Real", 
              "type": "Standard_Real", 
              "name": "Tol"
            }
          ], 
          "name": "IntCurve_IntConicConic", 
          "parent": "IntCurve_IntConicConic", 
          "cls": "constructor", 
          "throws": true
        }, 
        {
          "returnType": "", 
          "arguments": [
            {
              "decl": "const gp_Hypr2d &", 
              "type": "gp_Hypr2d", 
              "name": "H1"
            }, 
            {
              "decl": "const IntRes2d_Domain &", 
              "type": "IntRes2d_Domain", 
              "name": "DH1"
            }, 
            {
              "decl": "const gp_Hypr2d &", 
              "type": "gp_Hypr2d", 
              "name": "H2"
            }, 
            {
              "decl": "const IntRes2d_Domain &", 
              "type": "IntRes2d_Domain", 
              "name": "DH2"
            }, 
            {
              "decl": "const Standard_Real", 
              "type": "Standard_Real", 
              "name": "TolConf"
            }, 
            {
              "decl": "const Standard_Real", 
              "type": "Standard_Real", 
              "name": "Tol"
            }
          ], 
          "name": "IntCurve_IntConicConic", 
          "parent": "IntCurve_IntConicConic", 
          "cls": "constructor", 
          "throws": true
        }
      ], 
      "artificial": "1", 
      "bases": [
        {
          "access": "public", 
          "name": "IntRes2d_Intersection"
        }
      ], 
      "location": [
        "/usr/local/include/oce/IntCurve_IntConicConic.hxx", 
        44
      ], 
      "members": [
        {
          "returnType": "void", 
          "arguments": [
            {
              "decl": "const gp_Lin2d &", 
              "type": "gp_Lin2d", 
              "name": "L1"
            }, 
            {
              "decl": "const IntRes2d_Domain &", 
              "type": "IntRes2d_Domain", 
              "name": "D1"
            }, 
            {
              "decl": "const gp_Lin2d &", 
              "type": "gp_Lin2d", 
              "name": "L2"
            }, 
            {
              "decl": "const IntRes2d_Domain &", 
              "type": "IntRes2d_Domain", 
              "name": "D2"
            }, 
            {
              "decl": "const Standard_Real", 
              "type": "Standard_Real", 
              "name": "TolConf"
            }, 
            {
              "decl": "const Standard_Real", 
              "type": "Standard_Real", 
              "name": "Tol"
            }
          ], 
          "name": "Perform", 
          "parent": "IntCurve_IntConicConic", 
          "cls": "memfun", 
          "extern": "1", 
          "throws": true
        }, 
        {
          "returnType": "void", 
          "arguments": [
            {
              "decl": "const gp_Lin2d &", 
              "type": "gp_Lin2d", 
              "name": "L"
            }, 
            {
              "decl": "const IntRes2d_Domain &", 
              "type": "IntRes2d_Domain", 
              "name": "DL"
            }, 
            {
              "decl": "const gp_Circ2d &", 
              "type": "gp_Circ2d", 
              "name": "C"
            }, 
            {
              "decl": "const IntRes2d_Domain &", 
              "type": "IntRes2d_Domain", 
              "name": "DC"
            }, 
            {
              "decl": "const Standard_Real", 
              "type": "Standard_Real", 
              "name": "TolConf"
            }, 
            {
              "decl": "const Standard_Real", 
              "type": "Standard_Real", 
              "name": "Tol"
            }
          ], 
          "name": "Perform", 
          "parent": "IntCurve_IntConicConic", 
          "cls": "memfun", 
          "extern": "1", 
          "throws": true
        }, 
        {
          "returnType": "void", 
          "arguments": [
            {
              "decl": "const gp_Lin2d &", 
              "type": "gp_Lin2d", 
              "name": "L"
            }, 
            {
              "decl": "const IntRes2d_Domain &", 
              "type": "IntRes2d_Domain", 
              "name": "DL"
            }, 
            {
              "decl": "const gp_Elips2d &", 
              "type": "gp_Elips2d", 
              "name": "E"
            }, 
            {
              "decl": "const IntRes2d_Domain &", 
              "type": "IntRes2d_Domain", 
              "name": "DE"
            }, 
            {
              "decl": "const Standard_Real", 
              "type": "Standard_Real", 
              "name": "TolConf"
            }, 
            {
              "decl": "const Standard_Real", 
              "type": "Standard_Real", 
              "name": "Tol"
            }
          ], 
          "name": "Perform", 
          "parent": "IntCurve_IntConicConic", 
          "cls": "memfun", 
          "extern": "1", 
          "throws": true
        }, 
        {
          "returnType": "void", 
          "arguments": [
            {
              "decl": "const gp_Lin2d &", 
              "type": "gp_Lin2d", 
              "name": "L"
            }, 
            {
              "decl": "const IntRes2d_Domain &", 
              "type": "IntRes2d_Domain", 
              "name": "DL"
            }, 
            {
              "decl": "const gp_Parab2d &", 
              "type": "gp_Parab2d", 
              "name": "P"
            }, 
            {
              "decl": "const IntRes2d_Domain &", 
              "type": "IntRes2d_Domain", 
              "name": "DP"
            }, 
            {
              "decl": "const Standard_Real", 
              "type": "Standard_Real", 
              "name": "TolConf"
            }, 
            {
              "decl": "const Standard_Real", 
              "type": "Standard_Real", 
              "name": "Tol"
            }
          ], 
          "name": "Perform", 
          "parent": "IntCurve_IntConicConic", 
          "cls": "memfun", 
          "extern": "1", 
          "throws": true
        }, 
        {
          "returnType": "void", 
          "arguments": [
            {
              "decl": "const gp_Lin2d &", 
              "type": "gp_Lin2d", 
              "name": "L"
            }, 
            {
              "decl": "const IntRes2d_Domain &", 
              "type": "IntRes2d_Domain", 
              "name": "DL"
            }, 
            {
              "decl": "const gp_Hypr2d &", 
              "type": "gp_Hypr2d", 
              "name": "H"
            }, 
            {
              "decl": "const IntRes2d_Domain &", 
              "type": "IntRes2d_Domain", 
              "name": "DH"
            }, 
            {
              "decl": "const Standard_Real", 
              "type": "Standard_Real", 
              "name": "TolConf"
            }, 
            {
              "decl": "const Standard_Real", 
              "type": "Standard_Real", 
              "name": "Tol"
            }
          ], 
          "name": "Perform", 
          "parent": "IntCurve_IntConicConic", 
          "cls": "memfun", 
          "extern": "1", 
          "throws": true
        }, 
        {
          "returnType": "void", 
          "arguments": [
            {
              "decl": "const gp_Circ2d &", 
              "type": "gp_Circ2d", 
              "name": "C1"
            }, 
            {
              "decl": "const IntRes2d_Domain &", 
              "type": "IntRes2d_Domain", 
              "name": "D1"
            }, 
            {
              "decl": "const gp_Circ2d &", 
              "type": "gp_Circ2d", 
              "name": "C2"
            }, 
            {
              "decl": "const IntRes2d_Domain &", 
              "type": "IntRes2d_Domain", 
              "name": "D2"
            }, 
            {
              "decl": "const Standard_Real", 
              "type": "Standard_Real", 
              "name": "TolConf"
            }, 
            {
              "decl": "const Standard_Real", 
              "type": "Standard_Real", 
              "name": "Tol"
            }
          ], 
          "name": "Perform", 
          "parent": "IntCurve_IntConicConic", 
          "cls": "memfun", 
          "extern": "1", 
          "throws": true
        }, 
        {
          "returnType": "void", 
          "arguments": [
            {
              "decl": "const gp_Circ2d &", 
              "type": "gp_Circ2d", 
              "name": "C"
            }, 
            {
              "decl": "const IntRes2d_Domain &", 
              "type": "IntRes2d_Domain", 
              "name": "DC"
            }, 
            {
              "decl": "const gp_Elips2d &", 
              "type": "gp_Elips2d", 
              "name": "E"
            }, 
            {
              "decl": "const IntRes2d_Domain &", 
              "type": "IntRes2d_Domain", 
              "name": "DE"
            }, 
            {
              "decl": "const Standard_Real", 
              "type": "Standard_Real", 
              "name": "TolConf"
            }, 
            {
              "decl": "const Standard_Real", 
              "type": "Standard_Real", 
              "name": "Tol"
            }
          ], 
          "name": "Perform", 
          "parent": "IntCurve_IntConicConic", 
          "cls": "memfun", 
          "extern": "1", 
          "throws": true
        }, 
        {
          "returnType": "void", 
          "arguments": [
            {
              "decl": "const gp_Circ2d &", 
              "type": "gp_Circ2d", 
              "name": "C"
            }, 
            {
              "decl": "const IntRes2d_Domain &", 
              "type": "IntRes2d_Domain", 
              "name": "DC"
            }, 
            {
              "decl": "const gp_Parab2d &", 
              "type": "gp_Parab2d", 
              "name": "P"
            }, 
            {
              "decl": "const IntRes2d_Domain &", 
              "type": "IntRes2d_Domain", 
              "name": "DP"
            }, 
            {
              "decl": "const Standard_Real", 
              "type": "Standard_Real", 
              "name": "TolConf"
            }, 
            {
              "decl": "const Standard_Real", 
              "type": "Standard_Real", 
              "name": "Tol"
            }
          ], 
          "name": "Perform", 
          "parent": "IntCurve_IntConicConic", 
          "cls": "memfun", 
          "extern": "1", 
          "throws": true
        }, 
        {
          "returnType": "void", 
          "arguments": [
            {
              "decl": "const gp_Circ2d &", 
              "type": "gp_Circ2d", 
              "name": "C"
            }, 
            {
              "decl": "const IntRes2d_Domain &", 
              "type": "IntRes2d_Domain", 
              "name": "DC"
            }, 
            {
              "decl": "const gp_Hypr2d &", 
              "type": "gp_Hypr2d", 
              "name": "H"
            }, 
            {
              "decl": "const IntRes2d_Domain &", 
              "type": "IntRes2d_Domain", 
              "name": "DH"
            }, 
            {
              "decl": "const Standard_Real", 
              "type": "Standard_Real", 
              "name": "TolConf"
            }, 
            {
              "decl": "const Standard_Real", 
              "type": "Standard_Real", 
              "name": "Tol"
            }
          ], 
          "name": "Perform", 
          "parent": "IntCurve_IntConicConic", 
          "cls": "memfun", 
          "extern": "1", 
          "throws": true
        }, 
        {
          "returnType": "void", 
          "arguments": [
            {
              "decl": "const gp_Elips2d &", 
              "type": "gp_Elips2d", 
              "name": "E1"
            }, 
            {
              "decl": "const IntRes2d_Domain &", 
              "type": "IntRes2d_Domain", 
              "name": "D1"
            }, 
            {
              "decl": "const gp_Elips2d &", 
              "type": "gp_Elips2d", 
              "name": "E2"
            }, 
            {
              "decl": "const IntRes2d_Domain &", 
              "type": "IntRes2d_Domain", 
              "name": "D2"
            }, 
            {
              "decl": "const Standard_Real", 
              "type": "Standard_Real", 
              "name": "TolConf"
            }, 
            {
              "decl": "const Standard_Real", 
              "type": "Standard_Real", 
              "name": "Tol"
            }
          ], 
          "name": "Perform", 
          "parent": "IntCurve_IntConicConic", 
          "cls": "memfun", 
          "extern": "1", 
          "throws": true
        }, 
        {
          "returnType": "void", 
          "arguments": [
            {
              "decl": "const gp_Elips2d &", 
              "type": "gp_Elips2d", 
              "name": "E"
            }, 
            {
              "decl": "const IntRes2d_Domain &", 
              "type": "IntRes2d_Domain", 
              "name": "DE"
            }, 
            {
              "decl": "const gp_Parab2d &", 
              "type": "gp_Parab2d", 
              "name": "P"
            }, 
            {
              "decl": "const IntRes2d_Domain &", 
              "type": "IntRes2d_Domain", 
              "name": "DP"
            }, 
            {
              "decl": "const Standard_Real", 
              "type": "Standard_Real", 
              "name": "TolConf"
            }, 
            {
              "decl": "const Standard_Real", 
              "type": "Standard_Real", 
              "name": "Tol"
            }
          ], 
          "name": "Perform", 
          "parent": "IntCurve_IntConicConic", 
          "cls": "memfun", 
          "extern": "1", 
          "throws": true
        }, 
        {
          "returnType": "void", 
          "arguments": [
            {
              "decl": "const gp_Elips2d &", 
              "type": "gp_Elips2d", 
              "name": "E"
            }, 
            {
              "decl": "const IntRes2d_Domain &", 
              "type": "IntRes2d_Domain", 
              "name": "DE"
            }, 
            {
              "decl": "const gp_Hypr2d &", 
              "type": "gp_Hypr2d", 
              "name": "H"
            }, 
            {
              "decl": "const IntRes2d_Domain &", 
              "type": "IntRes2d_Domain", 
              "name": "DH"
            }, 
            {
              "decl": "const Standard_Real", 
              "type": "Standard_Real", 
              "name": "TolConf"
            }, 
            {
              "decl": "const Standard_Real", 
              "type": "Standard_Real", 
              "name": "Tol"
            }
          ], 
          "name": "Perform", 
          "parent": "IntCurve_IntConicConic", 
          "cls": "memfun", 
          "extern": "1", 
          "throws": true
        }, 
        {
          "returnType": "void", 
          "arguments": [
            {
              "decl": "const gp_Parab2d &", 
              "type": "gp_Parab2d", 
              "name": "P1"
            }, 
            {
              "decl": "const IntRes2d_Domain &", 
              "type": "IntRes2d_Domain", 
              "name": "D1"
            }, 
            {
              "decl": "const gp_Parab2d &", 
              "type": "gp_Parab2d", 
              "name": "P2"
            }, 
            {
              "decl": "const IntRes2d_Domain &", 
              "type": "IntRes2d_Domain", 
              "name": "D2"
            }, 
            {
              "decl": "const Standard_Real", 
              "type": "Standard_Real", 
              "name": "TolConf"
            }, 
            {
              "decl": "const Standard_Real", 
              "type": "Standard_Real", 
              "name": "Tol"
            }
          ], 
          "name": "Perform", 
          "parent": "IntCurve_IntConicConic", 
          "cls": "memfun", 
          "extern": "1", 
          "throws": true
        }, 
        {
          "returnType": "void", 
          "arguments": [
            {
              "decl": "const gp_Parab2d &", 
              "type": "gp_Parab2d", 
              "name": "P"
            }, 
            {
              "decl": "const IntRes2d_Domain &", 
              "type": "IntRes2d_Domain", 
              "name": "DP"
            }, 
            {
              "decl": "const gp_Hypr2d &", 
              "type": "gp_Hypr2d", 
              "name": "H"
            }, 
            {
              "decl": "const IntRes2d_Domain &", 
              "type": "IntRes2d_Domain", 
              "name": "DH"
            }, 
            {
              "decl": "const Standard_Real", 
              "type": "Standard_Real", 
              "name": "TolConf"
            }, 
            {
              "decl": "const Standard_Real", 
              "type": "Standard_Real", 
              "name": "Tol"
            }
          ], 
          "name": "Perform", 
          "parent": "IntCurve_IntConicConic", 
          "cls": "memfun", 
          "extern": "1", 
          "throws": true
        }, 
        {
          "returnType": "void", 
          "arguments": [
            {
              "decl": "const gp_Hypr2d &", 
              "type": "gp_Hypr2d", 
              "name": "H1"
            }, 
            {
              "decl": "const IntRes2d_Domain &", 
              "type": "IntRes2d_Domain", 
              "name": "D1"
            }, 
            {
              "decl": "const gp_Hypr2d &", 
              "type": "gp_Hypr2d", 
              "name": "H2"
            }, 
            {
              "decl": "const IntRes2d_Domain &", 
              "type": "IntRes2d_Domain", 
              "name": "D2"
            }, 
            {
              "decl": "const Standard_Real", 
              "type": "Standard_Real", 
              "name": "TolConf"
            }, 
            {
              "decl": "const Standard_Real", 
              "type": "Standard_Real", 
              "name": "Tol"
            }
          ], 
          "name": "Perform", 
          "parent": "IntCurve_IntConicConic", 
          "cls": "memfun", 
          "extern": "1", 
          "throws": true
        }
      ], 
      "cls": "class"
    }, 
    {
      "name": "IntCurve_PConicTool", 
      "abstract": false, 
      "constructors": [
        {
          "returnType": "", 
          "arguments": [
            {
              "decl": "const IntCurve_PConicTool &", 
              "type": "IntCurve_PConicTool", 
              "name": "arg0"
            }
          ], 
          "name": "IntCurve_PConicTool", 
          "parent": "IntCurve_PConicTool", 
          "cls": "constructor", 
          "artificial": "1", 
          "copyConstructor": true
        }, 
        {
          "returnType": "", 
          "arguments": [], 
          "name": "IntCurve_PConicTool", 
          "parent": "IntCurve_PConicTool", 
          "cls": "constructor", 
          "artificial": "1"
        }
      ], 
      "artificial": "1", 
      "bases": [], 
      "location": [
        "/usr/local/include/oce/IntCurve_PConicTool.hxx", 
        32
      ], 
      "members": [
        {
          "returnType": "Standard_Real", 
          "arguments": [
            {
              "decl": "const IntCurve_PConic &", 
              "type": "IntCurve_PConic", 
              "name": "C"
            }
          ], 
          "name": "EpsX", 
          "parent": "IntCurve_PConicTool", 
          "cls": "memfun", 
          "static": "1", 
          "extern": "1", 
          "throws": true
        }, 
        {
          "returnType": "Standard_Integer", 
          "arguments": [
            {
              "decl": "const IntCurve_PConic &", 
              "type": "IntCurve_PConic", 
              "name": "C"
            }
          ], 
          "name": "NbSamples", 
          "parent": "IntCurve_PConicTool", 
          "cls": "memfun", 
          "static": "1", 
          "extern": "1", 
          "throws": true
        }, 
        {
          "returnType": "Standard_Integer", 
          "arguments": [
            {
              "decl": "const IntCurve_PConic &", 
              "type": "IntCurve_PConic", 
              "name": "C"
            }, 
            {
              "decl": "const Standard_Real", 
              "type": "Standard_Real", 
              "name": "U0"
            }, 
            {
              "decl": "const Standard_Real", 
              "type": "Standard_Real", 
              "name": "U1"
            }
          ], 
          "name": "NbSamples", 
          "parent": "IntCurve_PConicTool", 
          "cls": "memfun", 
          "static": "1", 
          "extern": "1", 
          "throws": true
        }, 
        {
          "returnType": "gp_Pnt2d", 
          "arguments": [
            {
              "decl": "const IntCurve_PConic &", 
              "type": "IntCurve_PConic", 
              "name": "C"
            }, 
            {
              "decl": "const Standard_Real", 
              "type": "Standard_Real", 
              "name": "X"
            }
          ], 
          "name": "Value", 
          "parent": "IntCurve_PConicTool", 
          "cls": "memfun", 
          "static": "1", 
          "extern": "1", 
          "throws": true
        }, 
        {
          "returnType": "void", 
          "arguments": [
            {
              "decl": "const IntCurve_PConic &", 
              "type": "IntCurve_PConic", 
              "name": "C"
            }, 
            {
              "decl": "const Standard_Real", 
              "type": "Standard_Real", 
              "name": "U"
            }, 
            {
              "decl": "gp_Pnt2d &", 
              "type": "gp_Pnt2d", 
              "name": "P"
            }, 
            {
              "decl": "gp_Vec2d &", 
              "type": "gp_Vec2d", 
              "name": "T"
            }
          ], 
          "name": "D1", 
          "parent": "IntCurve_PConicTool", 
          "cls": "memfun", 
          "static": "1", 
          "extern": "1", 
          "throws": true
        }, 
        {
          "returnType": "void", 
          "arguments": [
            {
              "decl": "const IntCurve_PConic &", 
              "type": "IntCurve_PConic", 
              "name": "C"
            }, 
            {
              "decl": "const Standard_Real", 
              "type": "Standard_Real", 
              "name": "U"
            }, 
            {
              "decl": "gp_Pnt2d &", 
              "type": "gp_Pnt2d", 
              "name": "P"
            }, 
            {
              "decl": "gp_Vec2d &", 
              "type": "gp_Vec2d", 
              "name": "T"
            }, 
            {
              "decl": "gp_Vec2d &", 
              "type": "gp_Vec2d", 
              "name": "N"
            }
          ], 
          "name": "D2", 
          "parent": "IntCurve_PConicTool", 
          "cls": "memfun", 
          "static": "1", 
          "extern": "1", 
          "throws": true
        }
      ], 
      "cls": "class"
    }
  ], 
  "headers": [
    "IntCurve_PConicTool.hxx", 
    "IntCurve_PConic.hxx", 
    "IntCurve_IntConicConic_Tool.hxx", 
    "IntCurve_IntConicConic.hxx", 
    "IntCurve_ProjectOnPConicTool.hxx", 
    "IntCurve_IConicTool.hxx", 
    "IntCurve_IntConicConic_1.hxx", 
    "IntCurve_IntImpConicParConic.hxx", 
    "IntCurve_MyImpParToolOfIntImpConicParConic.hxx"
  ], 
  "enums": [], 
  "typedefs": [], 
  "name": "IntCurve"
}