{
  "classes": [
    {
      "name": "IntCurvesFace_Intersector", 
      "abstract": false, 
      "constructors": [
        {
          "returnType": "", 
          "arguments": [
            {
              "decl": "const TopoDS_Face &", 
              "type": "TopoDS_Face", 
              "name": "F"
            }, 
            {
              "decl": "const Standard_Real", 
              "type": "Standard_Real", 
              "name": "aTol"
            }
          ], 
          "name": "IntCurvesFace_Intersector", 
          "parent": "IntCurvesFace_Intersector", 
          "cls": "constructor", 
          "extern": "1", 
          "throws": true
        }
      ], 
      "artificial": "1", 
      "bases": [], 
      "location": [
        "/usr/local/include/oce/IntCurvesFace_Intersector.hxx", 
        70
      ], 
      "members": [
        {
          "returnType": "void", 
          "arguments": [
            {
              "decl": "const gp_Lin &", 
              "type": "gp_Lin", 
              "name": "L"
            }, 
            {
              "decl": "const Standard_Real", 
              "type": "Standard_Real", 
              "name": "PInf"
            }, 
            {
              "decl": "const Standard_Real", 
              "type": "Standard_Real", 
              "name": "PSup"
            }
          ], 
          "name": "Perform", 
          "parent": "IntCurvesFace_Intersector", 
          "cls": "memfun", 
          "extern": "1", 
          "throws": true
        }, 
        {
          "returnType": "void", 
          "arguments": [
            {
              "decl": "const Handle_Adaptor3d_HCurve &", 
              "type": "Handle_Adaptor3d_HCurve", 
              "name": "HCu"
            }, 
            {
              "decl": "const Standard_Real", 
              "type": "Standard_Real", 
              "name": "PInf"
            }, 
            {
              "decl": "const Standard_Real", 
              "type": "Standard_Real", 
              "name": "PSup"
            }
          ], 
          "name": "Perform", 
          "parent": "IntCurvesFace_Intersector", 
          "cls": "memfun", 
          "extern": "1", 
          "throws": true
        }, 
        {
          "returnType": "GeomAbs_SurfaceType", 
          "arguments": [], 
          "name": "SurfaceType", 
          "parent": "IntCurvesFace_Intersector", 
          "cls": "memfun", 
          "extern": "1", 
          "const": "1", 
          "throws": true
        }, 
        {
          "returnType": "Standard_Boolean", 
          "arguments": [], 
          "name": "IsDone", 
          "parent": "IntCurvesFace_Intersector", 
          "cls": "memfun", 
          "const": "1", 
          "throws": true
        }, 
        {
          "returnType": "Standard_Integer", 
          "arguments": [], 
          "name": "NbPnt", 
          "parent": "IntCurvesFace_Intersector", 
          "cls": "memfun", 
          "const": "1", 
          "throws": true
        }, 
        {
          "returnType": "Standard_Real", 
          "arguments": [
            {
              "decl": "const Standard_Integer", 
              "type": "Standard_Integer", 
              "name": "i"
            }
          ], 
          "name": "UParameter", 
          "parent": "IntCurvesFace_Intersector", 
          "cls": "memfun", 
          "const": "1", 
          "throws": true
        }, 
        {
          "returnType": "Standard_Real", 
          "arguments": [
            {
              "decl": "const Standard_Integer", 
              "type": "Standard_Integer", 
              "name": "i"
            }
          ], 
          "name": "VParameter", 
          "parent": "IntCurvesFace_Intersector", 
          "cls": "memfun", 
          "const": "1", 
          "throws": true
        }, 
        {
          "returnType": "Standard_Real", 
          "arguments": [
            {
              "decl": "const Standard_Integer", 
              "type": "Standard_Integer", 
              "name": "i"
            }
          ], 
          "name": "WParameter", 
          "parent": "IntCurvesFace_Intersector", 
          "cls": "memfun", 
          "const": "1", 
          "throws": true
        }, 
        {
          "returnType": "gp_Pnt const &", 
          "arguments": [
            {
              "decl": "const Standard_Integer", 
              "type": "Standard_Integer", 
              "name": "i"
            }
          ], 
          "name": "Pnt", 
          "parent": "IntCurvesFace_Intersector", 
          "cls": "memfun", 
          "const": "1", 
          "throws": true
        }, 
        {
          "returnType": "IntCurveSurface_TransitionOnCurve", 
          "arguments": [
            {
              "decl": "const Standard_Integer", 
              "type": "Standard_Integer", 
              "name": "i"
            }
          ], 
          "name": "Transition", 
          "parent": "IntCurvesFace_Intersector", 
          "cls": "memfun", 
          "const": "1", 
          "throws": true
        }, 
        {
          "returnType": "TopAbs_State", 
          "arguments": [
            {
              "decl": "const Standard_Integer", 
              "type": "Standard_Integer", 
              "name": "i"
            }
          ], 
          "name": "State", 
          "parent": "IntCurvesFace_Intersector", 
          "cls": "memfun", 
          "const": "1", 
          "throws": true
        }, 
        {
          "returnType": "TopoDS_Face const &", 
          "arguments": [], 
          "name": "Face", 
          "parent": "IntCurvesFace_Intersector", 
          "cls": "memfun", 
          "const": "1", 
          "throws": true
        }, 
        {
          "returnType": "TopAbs_State", 
          "arguments": [
            {
              "decl": "const gp_Pnt2d &", 
              "type": "gp_Pnt2d", 
              "name": "Puv"
            }
          ], 
          "name": "ClassifyUVPoint", 
          "parent": "IntCurvesFace_Intersector", 
          "cls": "memfun", 
          "extern": "1", 
          "const": "1", 
          "throws": true
        }, 
        {
          "returnType": "Bnd_Box", 
          "arguments": [], 
          "name": "Bounding", 
          "parent": "IntCurvesFace_Intersector", 
          "cls": "memfun", 
          "extern": "1", 
          "const": "1", 
          "throws": true
        }, 
        {
          "returnType": "void", 
          "arguments": [], 
          "name": "Destroy", 
          "parent": "IntCurvesFace_Intersector", 
          "cls": "memfun", 
          "extern": "1", 
          "throws": true
        }
      ], 
      "cls": "class"
    }, 
    {
      "name": "IntCurvesFace_ShapeIntersector", 
      "abstract": false, 
      "constructors": [
        {
          "returnType": "", 
          "arguments": [], 
          "name": "IntCurvesFace_ShapeIntersector", 
          "parent": "IntCurvesFace_ShapeIntersector", 
          "cls": "constructor", 
          "extern": "1", 
          "throws": true
        }
      ], 
      "artificial": "1", 
      "bases": [], 
      "location": [
        "/usr/local/include/oce/IntCurvesFace_ShapeIntersector.hxx", 
        57
      ], 
      "members": [
        {
          "returnType": "void", 
          "arguments": [
            {
              "decl": "const TopoDS_Shape &", 
              "type": "TopoDS_Shape", 
              "name": "Sh"
            }, 
            {
              "decl": "const Standard_Real", 
              "type": "Standard_Real", 
              "name": "Tol"
            }
          ], 
          "name": "Load", 
          "parent": "IntCurvesFace_ShapeIntersector", 
          "cls": "memfun", 
          "extern": "1", 
          "throws": true
        }, 
        {
          "returnType": "void", 
          "arguments": [
            {
              "decl": "const gp_Lin &", 
              "type": "gp_Lin", 
              "name": "L"
            }, 
            {
              "decl": "const Standard_Real", 
              "type": "Standard_Real", 
              "name": "PInf"
            }, 
            {
              "decl": "const Standard_Real", 
              "type": "Standard_Real", 
              "name": "PSup"
            }
          ], 
          "name": "Perform", 
          "parent": "IntCurvesFace_ShapeIntersector", 
          "cls": "memfun", 
          "extern": "1", 
          "throws": true
        }, 
        {
          "returnType": "void", 
          "arguments": [
            {
              "decl": "const gp_Lin &", 
              "type": "gp_Lin", 
              "name": "L"
            }, 
            {
              "decl": "const Standard_Real", 
              "type": "Standard_Real", 
              "name": "PInf"
            }, 
            {
              "decl": "const Standard_Real", 
              "type": "Standard_Real", 
              "name": "PSup"
            }
          ], 
          "name": "PerformNearest", 
          "parent": "IntCurvesFace_ShapeIntersector", 
          "cls": "memfun", 
          "extern": "1", 
          "throws": true
        }, 
        {
          "returnType": "void", 
          "arguments": [
            {
              "decl": "const Handle_Adaptor3d_HCurve &", 
              "type": "Handle_Adaptor3d_HCurve", 
              "name": "HCu"
            }, 
            {
              "decl": "const Standard_Real", 
              "type": "Standard_Real", 
              "name": "PInf"
            }, 
            {
              "decl": "const Standard_Real", 
              "type": "Standard_Real", 
              "name": "PSup"
            }
          ], 
          "name": "Perform", 
          "parent": "IntCurvesFace_ShapeIntersector", 
          "cls": "memfun", 
          "extern": "1", 
          "throws": true
        }, 
        {
          "returnType": "Standard_Boolean", 
          "arguments": [], 
          "name": "IsDone", 
          "parent": "IntCurvesFace_ShapeIntersector", 
          "cls": "memfun", 
          "const": "1", 
          "throws": true
        }, 
        {
          "returnType": "Standard_Integer", 
          "arguments": [], 
          "name": "NbPnt", 
          "parent": "IntCurvesFace_ShapeIntersector", 
          "cls": "memfun", 
          "const": "1", 
          "throws": true
        }, 
        {
          "returnType": "Standard_Real", 
          "arguments": [
            {
              "decl": "const Standard_Integer", 
              "type": "Standard_Integer", 
              "name": "i"
            }
          ], 
          "name": "UParameter", 
          "parent": "IntCurvesFace_ShapeIntersector", 
          "cls": "memfun", 
          "const": "1", 
          "throws": true
        }, 
        {
          "returnType": "Standard_Real", 
          "arguments": [
            {
              "decl": "const Standard_Integer", 
              "type": "Standard_Integer", 
              "name": "i"
            }
          ], 
          "name": "VParameter", 
          "parent": "IntCurvesFace_ShapeIntersector", 
          "cls": "memfun", 
          "const": "1", 
          "throws": true
        }, 
        {
          "returnType": "Standard_Real", 
          "arguments": [
            {
              "decl": "const Standard_Integer", 
              "type": "Standard_Integer", 
              "name": "i"
            }
          ], 
          "name": "WParameter", 
          "parent": "IntCurvesFace_ShapeIntersector", 
          "cls": "memfun", 
          "const": "1", 
          "throws": true
        }, 
        {
          "returnType": "gp_Pnt const &", 
          "arguments": [
            {
              "decl": "const Standard_Integer", 
              "type": "Standard_Integer", 
              "name": "i"
            }
          ], 
          "name": "Pnt", 
          "parent": "IntCurvesFace_ShapeIntersector", 
          "cls": "memfun", 
          "const": "1", 
          "throws": true
        }, 
        {
          "returnType": "IntCurveSurface_TransitionOnCurve", 
          "arguments": [
            {
              "decl": "const Standard_Integer", 
              "type": "Standard_Integer", 
              "name": "i"
            }
          ], 
          "name": "Transition", 
          "parent": "IntCurvesFace_ShapeIntersector", 
          "cls": "memfun", 
          "const": "1", 
          "throws": true
        }, 
        {
          "returnType": "TopAbs_State", 
          "arguments": [
            {
              "decl": "const Standard_Integer", 
              "type": "Standard_Integer", 
              "name": "i"
            }
          ], 
          "name": "State", 
          "parent": "IntCurvesFace_ShapeIntersector", 
          "cls": "memfun", 
          "const": "1", 
          "throws": true
        }, 
        {
          "returnType": "TopoDS_Face const &", 
          "arguments": [
            {
              "decl": "const Standard_Integer", 
              "type": "Standard_Integer", 
              "name": "i"
            }
          ], 
          "name": "Face", 
          "parent": "IntCurvesFace_ShapeIntersector", 
          "cls": "memfun", 
          "const": "1", 
          "throws": true
        }, 
        {
          "returnType": "void", 
          "arguments": [], 
          "name": "SortResult", 
          "parent": "IntCurvesFace_ShapeIntersector", 
          "cls": "memfun", 
          "extern": "1", 
          "throws": true
        }, 
        {
          "returnType": "void", 
          "arguments": [], 
          "name": "Destroy", 
          "parent": "IntCurvesFace_ShapeIntersector", 
          "cls": "memfun", 
          "extern": "1", 
          "throws": true
        }
      ], 
      "cls": "class"
    }
  ], 
  "headers": [
    "IntCurvesFace_ShapeIntersector.hxx", 
    "IntCurvesFace_Intersector.hxx"
  ], 
  "enums": [], 
  "typedefs": [], 
  "name": "IntCurvesFace"
}