{
  "classes": [
    {
      "name": "Intf_SequenceNodeOfSeqOfSectionPoint", 
      "abstract": false, 
      "constructors": [
        {
          "returnType": "", 
          "arguments": [
            {
              "decl": "const Intf_SequenceNodeOfSeqOfSectionPoint &", 
              "type": "Intf_SequenceNodeOfSeqOfSectionPoint", 
              "name": "arg0"
            }
          ], 
          "name": "Intf_SequenceNodeOfSeqOfSectionPoint", 
          "parent": "Intf_SequenceNodeOfSeqOfSectionPoint", 
          "cls": "constructor", 
          "artificial": "1", 
          "throws": true, 
          "copyConstructor": true
        }, 
        {
          "returnType": "", 
          "arguments": [
            {
              "decl": "const Intf_SectionPoint &", 
              "type": "Intf_SectionPoint", 
              "name": "I"
            }, 
            {
              "decl": "const TCollection_SeqNodePtr &", 
              "type": "TCollection_SeqNodePtr", 
              "name": "n"
            }, 
            {
              "decl": "const TCollection_SeqNodePtr &", 
              "type": "TCollection_SeqNodePtr", 
              "name": "p"
            }
          ], 
          "name": "Intf_SequenceNodeOfSeqOfSectionPoint", 
          "parent": "Intf_SequenceNodeOfSeqOfSectionPoint", 
          "cls": "constructor", 
          "throws": true
        }
      ], 
      "artificial": "1", 
      "bases": [
        {
          "access": "public", 
          "name": "TCollection_SeqNode"
        }
      ], 
      "location": [
        "/usr/local/include/oce/Intf_SequenceNodeOfSeqOfSectionPoint.hxx", 
        33
      ], 
      "members": [
        {
          "returnType": "Intf_SectionPoint &", 
          "arguments": [], 
          "name": "Value", 
          "parent": "Intf_SequenceNodeOfSeqOfSectionPoint", 
          "cls": "memfun", 
          "const": "1", 
          "throws": true
        }, 
        {
          "returnType": "Handle_Standard_Type const &", 
          "arguments": [], 
          "name": "DynamicType", 
          "parent": "Intf_SequenceNodeOfSeqOfSectionPoint", 
          "cls": "memfun", 
          "extern": "1", 
          "const": "1", 
          "throws": true, 
          "virtuality": "virtual"
        }
      ], 
      "cls": "class"
    }, 
    {
      "name": "Intf_SequenceNodeOfSeqOfSectionLine", 
      "abstract": false, 
      "constructors": [
        {
          "returnType": "", 
          "arguments": [
            {
              "decl": "const Intf_SequenceNodeOfSeqOfSectionLine &", 
              "type": "Intf_SequenceNodeOfSeqOfSectionLine", 
              "name": "arg0"
            }
          ], 
          "name": "Intf_SequenceNodeOfSeqOfSectionLine", 
          "parent": "Intf_SequenceNodeOfSeqOfSectionLine", 
          "cls": "constructor", 
          "artificial": "1", 
          "throws": true, 
          "copyConstructor": true
        }, 
        {
          "returnType": "", 
          "arguments": [
            {
              "decl": "const Intf_SectionLine &", 
              "type": "Intf_SectionLine", 
              "name": "I"
            }, 
            {
              "decl": "const TCollection_SeqNodePtr &", 
              "type": "TCollection_SeqNodePtr", 
              "name": "n"
            }, 
            {
              "decl": "const TCollection_SeqNodePtr &", 
              "type": "TCollection_SeqNodePtr", 
              "name": "p"
            }
          ], 
          "name": "Intf_SequenceNodeOfSeqOfSectionLine", 
          "parent": "Intf_SequenceNodeOfSeqOfSectionLine", 
          "cls": "constructor", 
          "throws": true
        }
      ], 
      "artificial": "1", 
      "bases": [
        {
          "access": "public", 
          "name": "TCollection_SeqNode"
        }
      ], 
      "location": [
        "/usr/local/include/oce/Intf_SequenceNodeOfSeqOfSectionLine.hxx", 
        33
      ], 
      "members": [
        {
          "returnType": "Intf_SectionLine &", 
          "arguments": [], 
          "name": "Value", 
          "parent": "Intf_SequenceNodeOfSeqOfSectionLine", 
          "cls": "memfun", 
          "const": "1", 
          "throws": true
        }, 
        {
          "returnType": "Handle_Standard_Type const &", 
          "arguments": [], 
          "name": "DynamicType", 
          "parent": "Intf_SequenceNodeOfSeqOfSectionLine", 
          "cls": "memfun", 
          "extern": "1", 
          "const": "1", 
          "throws": true, 
          "virtuality": "virtual"
        }
      ], 
      "cls": "class"
    }, 
    {
      "name": "Intf_SectionPoint", 
      "abstract": false, 
      "constructors": [
        {
          "returnType": "", 
          "arguments": [
            {
              "decl": "const Intf_SectionPoint &", 
              "type": "Intf_SectionPoint", 
              "name": "arg0"
            }
          ], 
          "name": "Intf_SectionPoint", 
          "parent": "Intf_SectionPoint", 
          "cls": "constructor", 
          "artificial": "1", 
          "copyConstructor": true
        }, 
        {
          "returnType": "", 
          "arguments": [], 
          "name": "Intf_SectionPoint", 
          "parent": "Intf_SectionPoint", 
          "cls": "constructor", 
          "extern": "1", 
          "throws": true
        }, 
        {
          "returnType": "", 
          "arguments": [
            {
              "decl": "const gp_Pnt &", 
              "type": "gp_Pnt", 
              "name": "Where"
            }, 
            {
              "decl": "const Intf_PIType", 
              "type": "Intf_PIType", 
              "name": "DimeO"
            }, 
            {
              "decl": "const Standard_Integer", 
              "type": "Standard_Integer", 
              "name": "AddrO1"
            }, 
            {
              "decl": "const Standard_Integer", 
              "type": "Standard_Integer", 
              "name": "AddrO2"
            }, 
            {
              "decl": "const Standard_Real", 
              "type": "Standard_Real", 
              "name": "ParamO"
            }, 
            {
              "decl": "const Intf_PIType", 
              "type": "Intf_PIType", 
              "name": "DimeT"
            }, 
            {
              "decl": "const Standard_Integer", 
              "type": "Standard_Integer", 
              "name": "AddrT1"
            }, 
            {
              "decl": "const Standard_Integer", 
              "type": "Standard_Integer", 
              "name": "AddrT2"
            }, 
            {
              "decl": "const Standard_Real", 
              "type": "Standard_Real", 
              "name": "ParamT"
            }, 
            {
              "decl": "const Standard_Real", 
              "type": "Standard_Real", 
              "name": "Incid"
            }
          ], 
          "name": "Intf_SectionPoint", 
          "parent": "Intf_SectionPoint", 
          "cls": "constructor", 
          "extern": "1", 
          "throws": true
        }, 
        {
          "returnType": "", 
          "arguments": [
            {
              "decl": "const gp_Pnt2d &", 
              "type": "gp_Pnt2d", 
              "name": "Where"
            }, 
            {
              "decl": "const Intf_PIType", 
              "type": "Intf_PIType", 
              "name": "DimeO"
            }, 
            {
              "decl": "const Standard_Integer", 
              "type": "Standard_Integer", 
              "name": "AddrO1"
            }, 
            {
              "decl": "const Standard_Real", 
              "type": "Standard_Real", 
              "name": "ParamO"
            }, 
            {
              "decl": "const Intf_PIType", 
              "type": "Intf_PIType", 
              "name": "DimeT"
            }, 
            {
              "decl": "const Standard_Integer", 
              "type": "Standard_Integer", 
              "name": "AddrT1"
            }, 
            {
              "decl": "const Standard_Real", 
              "type": "Standard_Real", 
              "name": "ParamT"
            }, 
            {
              "decl": "const Standard_Real", 
              "type": "Standard_Real", 
              "name": "Incid"
            }
          ], 
          "name": "Intf_SectionPoint", 
          "parent": "Intf_SectionPoint", 
          "cls": "constructor", 
          "extern": "1", 
          "throws": true
        }
      ], 
      "artificial": "1", 
      "bases": [], 
      "location": [
        "/usr/local/include/oce/Intf_SectionPoint.hxx", 
        40
      ], 
      "members": [
        {
          "returnType": "gp_Pnt const &", 
          "arguments": [], 
          "name": "Pnt", 
          "parent": "Intf_SectionPoint", 
          "cls": "memfun", 
          "extern": "1", 
          "const": "1", 
          "throws": true
        }, 
        {
          "returnType": "Standard_Real", 
          "arguments": [], 
          "name": "ParamOnFirst", 
          "parent": "Intf_SectionPoint", 
          "cls": "memfun", 
          "const": "1", 
          "throws": true
        }, 
        {
          "returnType": "Standard_Real", 
          "arguments": [], 
          "name": "ParamOnSecond", 
          "parent": "Intf_SectionPoint", 
          "cls": "memfun", 
          "const": "1", 
          "throws": true
        }, 
        {
          "returnType": "Intf_PIType", 
          "arguments": [], 
          "name": "TypeOnFirst", 
          "parent": "Intf_SectionPoint", 
          "cls": "memfun", 
          "const": "1", 
          "throws": true
        }, 
        {
          "returnType": "Intf_PIType", 
          "arguments": [], 
          "name": "TypeOnSecond", 
          "parent": "Intf_SectionPoint", 
          "cls": "memfun", 
          "const": "1", 
          "throws": true
        }, 
        {
          "returnType": "void", 
          "arguments": [
            {
              "decl": "Intf_PIType &", 
              "type": "Intf_PIType", 
              "name": "Dim"
            }, 
            {
              "decl": "Standard_Integer &", 
              "type": "Standard_Integer", 
              "name": "Add1"
            }, 
            {
              "decl": "Standard_Integer &", 
              "type": "Standard_Integer", 
              "name": "Add2"
            }, 
            {
              "decl": "Standard_Real &", 
              "type": "Standard_Real", 
              "name": "Param"
            }
          ], 
          "name": "InfoFirst", 
          "parent": "Intf_SectionPoint", 
          "cls": "memfun", 
          "extern": "1", 
          "const": "1", 
          "throws": true
        }, 
        {
          "returnType": "void", 
          "arguments": [
            {
              "decl": "Intf_PIType &", 
              "type": "Intf_PIType", 
              "name": "Dim"
            }, 
            {
              "decl": "Standard_Integer &", 
              "type": "Standard_Integer", 
              "name": "Addr"
            }, 
            {
              "decl": "Standard_Real &", 
              "type": "Standard_Real", 
              "name": "Param"
            }
          ], 
          "name": "InfoFirst", 
          "parent": "Intf_SectionPoint", 
          "cls": "memfun", 
          "extern": "1", 
          "const": "1", 
          "throws": true
        }, 
        {
          "returnType": "void", 
          "arguments": [
            {
              "decl": "Intf_PIType &", 
              "type": "Intf_PIType", 
              "name": "Dim"
            }, 
            {
              "decl": "Standard_Integer &", 
              "type": "Standard_Integer", 
              "name": "Add1"
            }, 
            {
              "decl": "Standard_Integer &", 
              "type": "Standard_Integer", 
              "name": "Add2"
            }, 
            {
              "decl": "Standard_Real &", 
              "type": "Standard_Real", 
              "name": "Param"
            }
          ], 
          "name": "InfoSecond", 
          "parent": "Intf_SectionPoint", 
          "cls": "memfun", 
          "extern": "1", 
          "const": "1", 
          "throws": true
        }, 
        {
          "returnType": "void", 
          "arguments": [
            {
              "decl": "Intf_PIType &", 
              "type": "Intf_PIType", 
              "name": "Dim"
            }, 
            {
              "decl": "Standard_Integer &", 
              "type": "Standard_Integer", 
              "name": "Addr"
            }, 
            {
              "decl": "Standard_Real &", 
              "type": "Standard_Real", 
              "name": "Param"
            }
          ], 
          "name": "InfoSecond", 
          "parent": "Intf_SectionPoint", 
          "cls": "memfun", 
          "extern": "1", 
          "const": "1", 
          "throws": true
        }, 
        {
          "returnType": "Standard_Real", 
          "arguments": [], 
          "name": "Incidence", 
          "parent": "Intf_SectionPoint", 
          "cls": "memfun", 
          "extern": "1", 
          "const": "1", 
          "throws": true
        }, 
        {
          "returnType": "Standard_Boolean", 
          "arguments": [
            {
              "decl": "const Intf_SectionPoint &", 
              "type": "Intf_SectionPoint", 
              "name": "Other"
            }
          ], 
          "name": "IsEqual", 
          "parent": "Intf_SectionPoint", 
          "cls": "memfun", 
          "const": "1", 
          "throws": true
        }, 
        {
          "returnType": "Standard_Boolean", 
          "arguments": [
            {
              "decl": "const Intf_SectionPoint &", 
              "type": "Intf_SectionPoint", 
              "name": "Other"
            }
          ], 
          "name": "IsOnSameEdge", 
          "parent": "Intf_SectionPoint", 
          "cls": "memfun", 
          "extern": "1", 
          "const": "1", 
          "throws": true
        }, 
        {
          "returnType": "void", 
          "arguments": [
            {
              "decl": "Intf_SectionPoint &", 
              "type": "Intf_SectionPoint", 
              "name": "Other"
            }
          ], 
          "name": "Merge", 
          "parent": "Intf_SectionPoint", 
          "cls": "memfun", 
          "extern": "1", 
          "throws": true
        }, 
        {
          "returnType": "void", 
          "arguments": [
            {
              "decl": "const Standard_Integer", 
              "type": "Standard_Integer", 
              "name": "Indent"
            }
          ], 
          "name": "Dump", 
          "parent": "Intf_SectionPoint", 
          "cls": "memfun", 
          "extern": "1", 
          "const": "1", 
          "throws": true
        }
      ], 
      "cls": "class"
    }, 
    {
      "name": "Handle_Intf_SequenceNodeOfSeqOfTangentZone", 
      "abstract": false, 
      "constructors": [
        {
          "returnType": "", 
          "arguments": [], 
          "name": "Handle_Intf_SequenceNodeOfSeqOfTangentZone", 
          "parent": "Handle_Intf_SequenceNodeOfSeqOfTangentZone", 
          "cls": "constructor", 
          "throws": true
        }, 
        {
          "returnType": "", 
          "arguments": [
            {
              "decl": "const Handle_Intf_SequenceNodeOfSeqOfTangentZone &", 
              "type": "Handle_Intf_SequenceNodeOfSeqOfTangentZone", 
              "name": "aHandle"
            }
          ], 
          "name": "Handle_Intf_SequenceNodeOfSeqOfTangentZone", 
          "parent": "Handle_Intf_SequenceNodeOfSeqOfTangentZone", 
          "cls": "constructor", 
          "throws": true, 
          "copyConstructor": true
        }, 
        {
          "returnType": "", 
          "arguments": [
            {
              "decl": "const Intf_SequenceNodeOfSeqOfTangentZone *", 
              "type": "Intf_SequenceNodeOfSeqOfTangentZone", 
              "name": "anItem"
            }
          ], 
          "name": "Handle_Intf_SequenceNodeOfSeqOfTangentZone", 
          "parent": "Handle_Intf_SequenceNodeOfSeqOfTangentZone", 
          "cls": "constructor", 
          "throws": true
        }
      ], 
      "artificial": "1", 
      "bases": [
        {
          "access": "public", 
          "name": "Handle_TCollection_SeqNode"
        }
      ], 
      "location": [
        "/usr/local/include/oce/Handle_Intf_SequenceNodeOfSeqOfTangentZone.hxx", 
        25
      ], 
      "members": [
        {
          "returnType": "Handle_Intf_SequenceNodeOfSeqOfTangentZone", 
          "arguments": [
            {
              "decl": "const Handle_Standard_Transient &", 
              "type": "Handle_Standard_Transient", 
              "name": "AnObject"
            }
          ], 
          "name": "DownCast", 
          "parent": "Handle_Intf_SequenceNodeOfSeqOfTangentZone", 
          "cls": "memfun", 
          "static": "1", 
          "extern": "1", 
          "throws": true
        }
      ], 
      "cls": "class"
    }, 
    {
      "name": "Intf_SeqOfTangentZone", 
      "abstract": false, 
      "constructors": [
        {
          "returnType": "", 
          "arguments": [], 
          "name": "Intf_SeqOfTangentZone", 
          "parent": "Intf_SeqOfTangentZone", 
          "cls": "constructor", 
          "throws": true
        }
      ], 
      "artificial": "1", 
      "bases": [
        {
          "access": "public", 
          "name": "TCollection_BaseSequence"
        }
      ], 
      "location": [
        "/usr/local/include/oce/Intf_SeqOfTangentZone.hxx", 
        35
      ], 
      "members": [
        {
          "returnType": "void", 
          "arguments": [], 
          "name": "Clear", 
          "parent": "Intf_SeqOfTangentZone", 
          "cls": "memfun", 
          "extern": "1", 
          "throws": true
        }, 
        {
          "returnType": "Intf_SeqOfTangentZone const &", 
          "arguments": [
            {
              "decl": "const Intf_SeqOfTangentZone &", 
              "type": "Intf_SeqOfTangentZone", 
              "name": "Other"
            }
          ], 
          "name": "Assign", 
          "parent": "Intf_SeqOfTangentZone", 
          "cls": "memfun", 
          "extern": "1", 
          "throws": true
        }, 
        {
          "returnType": "void", 
          "arguments": [
            {
              "decl": "const Intf_TangentZone &", 
              "type": "Intf_TangentZone", 
              "name": "T"
            }
          ], 
          "name": "Append", 
          "parent": "Intf_SeqOfTangentZone", 
          "cls": "memfun", 
          "extern": "1", 
          "throws": true
        }, 
        {
          "returnType": "void", 
          "arguments": [
            {
              "decl": "Intf_SeqOfTangentZone &", 
              "type": "Intf_SeqOfTangentZone", 
              "name": "S"
            }
          ], 
          "name": "Append", 
          "parent": "Intf_SeqOfTangentZone", 
          "cls": "memfun", 
          "throws": true
        }, 
        {
          "returnType": "void", 
          "arguments": [
            {
              "decl": "const Intf_TangentZone &", 
              "type": "Intf_TangentZone", 
              "name": "T"
            }
          ], 
          "name": "Prepend", 
          "parent": "Intf_SeqOfTangentZone", 
          "cls": "memfun", 
          "extern": "1", 
          "throws": true
        }, 
        {
          "returnType": "void", 
          "arguments": [
            {
              "decl": "Intf_SeqOfTangentZone &", 
              "type": "Intf_SeqOfTangentZone", 
              "name": "S"
            }
          ], 
          "name": "Prepend", 
          "parent": "Intf_SeqOfTangentZone", 
          "cls": "memfun", 
          "throws": true
        }, 
        {
          "returnType": "void", 
          "arguments": [
            {
              "decl": "const Standard_Integer", 
              "type": "Standard_Integer", 
              "name": "Index"
            }, 
            {
              "decl": "const Intf_TangentZone &", 
              "type": "Intf_TangentZone", 
              "name": "I"
            }
          ], 
          "name": "InsertBefore", 
          "parent": "Intf_SeqOfTangentZone", 
          "cls": "memfun", 
          "throws": true
        }, 
        {
          "returnType": "void", 
          "arguments": [
            {
              "decl": "const Standard_Integer", 
              "type": "Standard_Integer", 
              "name": "Index"
            }, 
            {
              "decl": "Intf_SeqOfTangentZone &", 
              "type": "Intf_SeqOfTangentZone", 
              "name": "S"
            }
          ], 
          "name": "InsertBefore", 
          "parent": "Intf_SeqOfTangentZone", 
          "cls": "memfun", 
          "throws": true
        }, 
        {
          "returnType": "void", 
          "arguments": [
            {
              "decl": "const Standard_Integer", 
              "type": "Standard_Integer", 
              "name": "Index"
            }, 
            {
              "decl": "const Intf_TangentZone &", 
              "type": "Intf_TangentZone", 
              "name": "T"
            }
          ], 
          "name": "InsertAfter", 
          "parent": "Intf_SeqOfTangentZone", 
          "cls": "memfun", 
          "extern": "1", 
          "throws": true
        }, 
        {
          "returnType": "void", 
          "arguments": [
            {
              "decl": "const Standard_Integer", 
              "type": "Standard_Integer", 
              "name": "Index"
            }, 
            {
              "decl": "Intf_SeqOfTangentZone &", 
              "type": "Intf_SeqOfTangentZone", 
              "name": "S"
            }
          ], 
          "name": "InsertAfter", 
          "parent": "Intf_SeqOfTangentZone", 
          "cls": "memfun", 
          "throws": true
        }, 
        {
          "returnType": "Intf_TangentZone const &", 
          "arguments": [], 
          "name": "First", 
          "parent": "Intf_SeqOfTangentZone", 
          "cls": "memfun", 
          "extern": "1", 
          "const": "1", 
          "throws": true
        }, 
        {
          "returnType": "Intf_TangentZone const &", 
          "arguments": [], 
          "name": "Last", 
          "parent": "Intf_SeqOfTangentZone", 
          "cls": "memfun", 
          "extern": "1", 
          "const": "1", 
          "throws": true
        }, 
        {
          "returnType": "void", 
          "arguments": [
            {
              "decl": "const Standard_Integer", 
              "type": "Standard_Integer", 
              "name": "Index"
            }, 
            {
              "decl": "Intf_SeqOfTangentZone &", 
              "type": "Intf_SeqOfTangentZone", 
              "name": "S"
            }
          ], 
          "name": "Split", 
          "parent": "Intf_SeqOfTangentZone", 
          "cls": "memfun", 
          "throws": true
        }, 
        {
          "returnType": "Intf_TangentZone const &", 
          "arguments": [
            {
              "decl": "const Standard_Integer", 
              "type": "Standard_Integer", 
              "name": "Index"
            }
          ], 
          "name": "Value", 
          "parent": "Intf_SeqOfTangentZone", 
          "cls": "memfun", 
          "extern": "1", 
          "const": "1", 
          "throws": true
        }, 
        {
          "returnType": "void", 
          "arguments": [
            {
              "decl": "const Standard_Integer", 
              "type": "Standard_Integer", 
              "name": "Index"
            }, 
            {
              "decl": "const Intf_TangentZone &", 
              "type": "Intf_TangentZone", 
              "name": "I"
            }
          ], 
          "name": "SetValue", 
          "parent": "Intf_SeqOfTangentZone", 
          "cls": "memfun", 
          "extern": "1", 
          "throws": true
        }, 
        {
          "returnType": "Intf_TangentZone &", 
          "arguments": [
            {
              "decl": "const Standard_Integer", 
              "type": "Standard_Integer", 
              "name": "Index"
            }
          ], 
          "name": "ChangeValue", 
          "parent": "Intf_SeqOfTangentZone", 
          "cls": "memfun", 
          "extern": "1", 
          "throws": true
        }, 
        {
          "returnType": "void", 
          "arguments": [
            {
              "decl": "const Standard_Integer", 
              "type": "Standard_Integer", 
              "name": "Index"
            }
          ], 
          "name": "Remove", 
          "parent": "Intf_SeqOfTangentZone", 
          "cls": "memfun", 
          "extern": "1", 
          "throws": true
        }, 
        {
          "returnType": "void", 
          "arguments": [
            {
              "decl": "const Standard_Integer", 
              "type": "Standard_Integer", 
              "name": "FromIndex"
            }, 
            {
              "decl": "const Standard_Integer", 
              "type": "Standard_Integer", 
              "name": "ToIndex"
            }
          ], 
          "name": "Remove", 
          "parent": "Intf_SeqOfTangentZone", 
          "cls": "memfun", 
          "extern": "1", 
          "throws": true
        }
      ], 
      "cls": "class"
    }, 
    {
      "name": "Intf_SeqOfSectionLine", 
      "abstract": false, 
      "constructors": [
        {
          "returnType": "", 
          "arguments": [], 
          "name": "Intf_SeqOfSectionLine", 
          "parent": "Intf_SeqOfSectionLine", 
          "cls": "constructor", 
          "throws": true
        }
      ], 
      "artificial": "1", 
      "bases": [
        {
          "access": "public", 
          "name": "TCollection_BaseSequence"
        }
      ], 
      "location": [
        "/usr/local/include/oce/Intf_SeqOfSectionLine.hxx", 
        35
      ], 
      "members": [
        {
          "returnType": "void", 
          "arguments": [], 
          "name": "Clear", 
          "parent": "Intf_SeqOfSectionLine", 
          "cls": "memfun", 
          "extern": "1", 
          "throws": true
        }, 
        {
          "returnType": "Intf_SeqOfSectionLine const &", 
          "arguments": [
            {
              "decl": "const Intf_SeqOfSectionLine &", 
              "type": "Intf_SeqOfSectionLine", 
              "name": "Other"
            }
          ], 
          "name": "Assign", 
          "parent": "Intf_SeqOfSectionLine", 
          "cls": "memfun", 
          "extern": "1", 
          "throws": true
        }, 
        {
          "returnType": "void", 
          "arguments": [
            {
              "decl": "const Intf_SectionLine &", 
              "type": "Intf_SectionLine", 
              "name": "T"
            }
          ], 
          "name": "Append", 
          "parent": "Intf_SeqOfSectionLine", 
          "cls": "memfun", 
          "extern": "1", 
          "throws": true
        }, 
        {
          "returnType": "void", 
          "arguments": [
            {
              "decl": "Intf_SeqOfSectionLine &", 
              "type": "Intf_SeqOfSectionLine", 
              "name": "S"
            }
          ], 
          "name": "Append", 
          "parent": "Intf_SeqOfSectionLine", 
          "cls": "memfun", 
          "throws": true
        }, 
        {
          "returnType": "void", 
          "arguments": [
            {
              "decl": "const Intf_SectionLine &", 
              "type": "Intf_SectionLine", 
              "name": "T"
            }
          ], 
          "name": "Prepend", 
          "parent": "Intf_SeqOfSectionLine", 
          "cls": "memfun", 
          "extern": "1", 
          "throws": true
        }, 
        {
          "returnType": "void", 
          "arguments": [
            {
              "decl": "Intf_SeqOfSectionLine &", 
              "type": "Intf_SeqOfSectionLine", 
              "name": "S"
            }
          ], 
          "name": "Prepend", 
          "parent": "Intf_SeqOfSectionLine", 
          "cls": "memfun", 
          "throws": true
        }, 
        {
          "returnType": "void", 
          "arguments": [
            {
              "decl": "const Standard_Integer", 
              "type": "Standard_Integer", 
              "name": "Index"
            }, 
            {
              "decl": "const Intf_SectionLine &", 
              "type": "Intf_SectionLine", 
              "name": "I"
            }
          ], 
          "name": "InsertBefore", 
          "parent": "Intf_SeqOfSectionLine", 
          "cls": "memfun", 
          "throws": true
        }, 
        {
          "returnType": "void", 
          "arguments": [
            {
              "decl": "const Standard_Integer", 
              "type": "Standard_Integer", 
              "name": "Index"
            }, 
            {
              "decl": "Intf_SeqOfSectionLine &", 
              "type": "Intf_SeqOfSectionLine", 
              "name": "S"
            }
          ], 
          "name": "InsertBefore", 
          "parent": "Intf_SeqOfSectionLine", 
          "cls": "memfun", 
          "throws": true
        }, 
        {
          "returnType": "void", 
          "arguments": [
            {
              "decl": "const Standard_Integer", 
              "type": "Standard_Integer", 
              "name": "Index"
            }, 
            {
              "decl": "const Intf_SectionLine &", 
              "type": "Intf_SectionLine", 
              "name": "T"
            }
          ], 
          "name": "InsertAfter", 
          "parent": "Intf_SeqOfSectionLine", 
          "cls": "memfun", 
          "extern": "1", 
          "throws": true
        }, 
        {
          "returnType": "void", 
          "arguments": [
            {
              "decl": "const Standard_Integer", 
              "type": "Standard_Integer", 
              "name": "Index"
            }, 
            {
              "decl": "Intf_SeqOfSectionLine &", 
              "type": "Intf_SeqOfSectionLine", 
              "name": "S"
            }
          ], 
          "name": "InsertAfter", 
          "parent": "Intf_SeqOfSectionLine", 
          "cls": "memfun", 
          "throws": true
        }, 
        {
          "returnType": "Intf_SectionLine const &", 
          "arguments": [], 
          "name": "First", 
          "parent": "Intf_SeqOfSectionLine", 
          "cls": "memfun", 
          "extern": "1", 
          "const": "1", 
          "throws": true
        }, 
        {
          "returnType": "Intf_SectionLine const &", 
          "arguments": [], 
          "name": "Last", 
          "parent": "Intf_SeqOfSectionLine", 
          "cls": "memfun", 
          "extern": "1", 
          "const": "1", 
          "throws": true
        }, 
        {
          "returnType": "void", 
          "arguments": [
            {
              "decl": "const Standard_Integer", 
              "type": "Standard_Integer", 
              "name": "Index"
            }, 
            {
              "decl": "Intf_SeqOfSectionLine &", 
              "type": "Intf_SeqOfSectionLine", 
              "name": "S"
            }
          ], 
          "name": "Split", 
          "parent": "Intf_SeqOfSectionLine", 
          "cls": "memfun", 
          "throws": true
        }, 
        {
          "returnType": "Intf_SectionLine const &", 
          "arguments": [
            {
              "decl": "const Standard_Integer", 
              "type": "Standard_Integer", 
              "name": "Index"
            }
          ], 
          "name": "Value", 
          "parent": "Intf_SeqOfSectionLine", 
          "cls": "memfun", 
          "extern": "1", 
          "const": "1", 
          "throws": true
        }, 
        {
          "returnType": "void", 
          "arguments": [
            {
              "decl": "const Standard_Integer", 
              "type": "Standard_Integer", 
              "name": "Index"
            }, 
            {
              "decl": "const Intf_SectionLine &", 
              "type": "Intf_SectionLine", 
              "name": "I"
            }
          ], 
          "name": "SetValue", 
          "parent": "Intf_SeqOfSectionLine", 
          "cls": "memfun", 
          "extern": "1", 
          "throws": true
        }, 
        {
          "returnType": "Intf_SectionLine &", 
          "arguments": [
            {
              "decl": "const Standard_Integer", 
              "type": "Standard_Integer", 
              "name": "Index"
            }
          ], 
          "name": "ChangeValue", 
          "parent": "Intf_SeqOfSectionLine", 
          "cls": "memfun", 
          "extern": "1", 
          "throws": true
        }, 
        {
          "returnType": "void", 
          "arguments": [
            {
              "decl": "const Standard_Integer", 
              "type": "Standard_Integer", 
              "name": "Index"
            }
          ], 
          "name": "Remove", 
          "parent": "Intf_SeqOfSectionLine", 
          "cls": "memfun", 
          "extern": "1", 
          "throws": true
        }, 
        {
          "returnType": "void", 
          "arguments": [
            {
              "decl": "const Standard_Integer", 
              "type": "Standard_Integer", 
              "name": "FromIndex"
            }, 
            {
              "decl": "const Standard_Integer", 
              "type": "Standard_Integer", 
              "name": "ToIndex"
            }
          ], 
          "name": "Remove", 
          "parent": "Intf_SeqOfSectionLine", 
          "cls": "memfun", 
          "extern": "1", 
          "throws": true
        }
      ], 
      "cls": "class"
    }, 
    {
      "name": "Intf_SequenceNodeOfSeqOfTangentZone", 
      "abstract": false, 
      "constructors": [
        {
          "returnType": "", 
          "arguments": [
            {
              "decl": "const Intf_SequenceNodeOfSeqOfTangentZone &", 
              "type": "Intf_SequenceNodeOfSeqOfTangentZone", 
              "name": "arg0"
            }
          ], 
          "name": "Intf_SequenceNodeOfSeqOfTangentZone", 
          "parent": "Intf_SequenceNodeOfSeqOfTangentZone", 
          "cls": "constructor", 
          "artificial": "1", 
          "throws": true, 
          "copyConstructor": true
        }, 
        {
          "returnType": "", 
          "arguments": [
            {
              "decl": "const Intf_TangentZone &", 
              "type": "Intf_TangentZone", 
              "name": "I"
            }, 
            {
              "decl": "const TCollection_SeqNodePtr &", 
              "type": "TCollection_SeqNodePtr", 
              "name": "n"
            }, 
            {
              "decl": "const TCollection_SeqNodePtr &", 
              "type": "TCollection_SeqNodePtr", 
              "name": "p"
            }
          ], 
          "name": "Intf_SequenceNodeOfSeqOfTangentZone", 
          "parent": "Intf_SequenceNodeOfSeqOfTangentZone", 
          "cls": "constructor", 
          "throws": true
        }
      ], 
      "artificial": "1", 
      "bases": [
        {
          "access": "public", 
          "name": "TCollection_SeqNode"
        }
      ], 
      "location": [
        "/usr/local/include/oce/Intf_SequenceNodeOfSeqOfTangentZone.hxx", 
        33
      ], 
      "members": [
        {
          "returnType": "Intf_TangentZone &", 
          "arguments": [], 
          "name": "Value", 
          "parent": "Intf_SequenceNodeOfSeqOfTangentZone", 
          "cls": "memfun", 
          "const": "1", 
          "throws": true
        }, 
        {
          "returnType": "Handle_Standard_Type const &", 
          "arguments": [], 
          "name": "DynamicType", 
          "parent": "Intf_SequenceNodeOfSeqOfTangentZone", 
          "cls": "memfun", 
          "extern": "1", 
          "const": "1", 
          "throws": true, 
          "virtuality": "virtual"
        }
      ], 
      "cls": "class"
    }, 
    {
      "name": "Intf_SeqOfSectionPoint", 
      "abstract": false, 
      "constructors": [
        {
          "returnType": "", 
          "arguments": [], 
          "name": "Intf_SeqOfSectionPoint", 
          "parent": "Intf_SeqOfSectionPoint", 
          "cls": "constructor", 
          "throws": true
        }
      ], 
      "artificial": "1", 
      "bases": [
        {
          "access": "public", 
          "name": "TCollection_BaseSequence"
        }
      ], 
      "location": [
        "/usr/local/include/oce/Intf_SeqOfSectionPoint.hxx", 
        35
      ], 
      "members": [
        {
          "returnType": "void", 
          "arguments": [], 
          "name": "Clear", 
          "parent": "Intf_SeqOfSectionPoint", 
          "cls": "memfun", 
          "extern": "1", 
          "throws": true
        }, 
        {
          "returnType": "Intf_SeqOfSectionPoint const &", 
          "arguments": [
            {
              "decl": "const Intf_SeqOfSectionPoint &", 
              "type": "Intf_SeqOfSectionPoint", 
              "name": "Other"
            }
          ], 
          "name": "Assign", 
          "parent": "Intf_SeqOfSectionPoint", 
          "cls": "memfun", 
          "extern": "1", 
          "throws": true
        }, 
        {
          "returnType": "void", 
          "arguments": [
            {
              "decl": "const Intf_SectionPoint &", 
              "type": "Intf_SectionPoint", 
              "name": "T"
            }
          ], 
          "name": "Append", 
          "parent": "Intf_SeqOfSectionPoint", 
          "cls": "memfun", 
          "extern": "1", 
          "throws": true
        }, 
        {
          "returnType": "void", 
          "arguments": [
            {
              "decl": "Intf_SeqOfSectionPoint &", 
              "type": "Intf_SeqOfSectionPoint", 
              "name": "S"
            }
          ], 
          "name": "Append", 
          "parent": "Intf_SeqOfSectionPoint", 
          "cls": "memfun", 
          "throws": true
        }, 
        {
          "returnType": "void", 
          "arguments": [
            {
              "decl": "const Intf_SectionPoint &", 
              "type": "Intf_SectionPoint", 
              "name": "T"
            }
          ], 
          "name": "Prepend", 
          "parent": "Intf_SeqOfSectionPoint", 
          "cls": "memfun", 
          "extern": "1", 
          "throws": true
        }, 
        {
          "returnType": "void", 
          "arguments": [
            {
              "decl": "Intf_SeqOfSectionPoint &", 
              "type": "Intf_SeqOfSectionPoint", 
              "name": "S"
            }
          ], 
          "name": "Prepend", 
          "parent": "Intf_SeqOfSectionPoint", 
          "cls": "memfun", 
          "throws": true
        }, 
        {
          "returnType": "void", 
          "arguments": [
            {
              "decl": "const Standard_Integer", 
              "type": "Standard_Integer", 
              "name": "Index"
            }, 
            {
              "decl": "const Intf_SectionPoint &", 
              "type": "Intf_SectionPoint", 
              "name": "I"
            }
          ], 
          "name": "InsertBefore", 
          "parent": "Intf_SeqOfSectionPoint", 
          "cls": "memfun", 
          "throws": true
        }, 
        {
          "returnType": "void", 
          "arguments": [
            {
              "decl": "const Standard_Integer", 
              "type": "Standard_Integer", 
              "name": "Index"
            }, 
            {
              "decl": "Intf_SeqOfSectionPoint &", 
              "type": "Intf_SeqOfSectionPoint", 
              "name": "S"
            }
          ], 
          "name": "InsertBefore", 
          "parent": "Intf_SeqOfSectionPoint", 
          "cls": "memfun", 
          "throws": true
        }, 
        {
          "returnType": "void", 
          "arguments": [
            {
              "decl": "const Standard_Integer", 
              "type": "Standard_Integer", 
              "name": "Index"
            }, 
            {
              "decl": "const Intf_SectionPoint &", 
              "type": "Intf_SectionPoint", 
              "name": "T"
            }
          ], 
          "name": "InsertAfter", 
          "parent": "Intf_SeqOfSectionPoint", 
          "cls": "memfun", 
          "extern": "1", 
          "throws": true
        }, 
        {
          "returnType": "void", 
          "arguments": [
            {
              "decl": "const Standard_Integer", 
              "type": "Standard_Integer", 
              "name": "Index"
            }, 
            {
              "decl": "Intf_SeqOfSectionPoint &", 
              "type": "Intf_SeqOfSectionPoint", 
              "name": "S"
            }
          ], 
          "name": "InsertAfter", 
          "parent": "Intf_SeqOfSectionPoint", 
          "cls": "memfun", 
          "throws": true
        }, 
        {
          "returnType": "Intf_SectionPoint const &", 
          "arguments": [], 
          "name": "First", 
          "parent": "Intf_SeqOfSectionPoint", 
          "cls": "memfun", 
          "extern": "1", 
          "const": "1", 
          "throws": true
        }, 
        {
          "returnType": "Intf_SectionPoint const &", 
          "arguments": [], 
          "name": "Last", 
          "parent": "Intf_SeqOfSectionPoint", 
          "cls": "memfun", 
          "extern": "1", 
          "const": "1", 
          "throws": true
        }, 
        {
          "returnType": "void", 
          "arguments": [
            {
              "decl": "const Standard_Integer", 
              "type": "Standard_Integer", 
              "name": "Index"
            }, 
            {
              "decl": "Intf_SeqOfSectionPoint &", 
              "type": "Intf_SeqOfSectionPoint", 
              "name": "S"
            }
          ], 
          "name": "Split", 
          "parent": "Intf_SeqOfSectionPoint", 
          "cls": "memfun", 
          "throws": true
        }, 
        {
          "returnType": "Intf_SectionPoint const &", 
          "arguments": [
            {
              "decl": "const Standard_Integer", 
              "type": "Standard_Integer", 
              "name": "Index"
            }
          ], 
          "name": "Value", 
          "parent": "Intf_SeqOfSectionPoint", 
          "cls": "memfun", 
          "extern": "1", 
          "const": "1", 
          "throws": true
        }, 
        {
          "returnType": "void", 
          "arguments": [
            {
              "decl": "const Standard_Integer", 
              "type": "Standard_Integer", 
              "name": "Index"
            }, 
            {
              "decl": "const Intf_SectionPoint &", 
              "type": "Intf_SectionPoint", 
              "name": "I"
            }
          ], 
          "name": "SetValue", 
          "parent": "Intf_SeqOfSectionPoint", 
          "cls": "memfun", 
          "extern": "1", 
          "throws": true
        }, 
        {
          "returnType": "Intf_SectionPoint &", 
          "arguments": [
            {
              "decl": "const Standard_Integer", 
              "type": "Standard_Integer", 
              "name": "Index"
            }
          ], 
          "name": "ChangeValue", 
          "parent": "Intf_SeqOfSectionPoint", 
          "cls": "memfun", 
          "extern": "1", 
          "throws": true
        }, 
        {
          "returnType": "void", 
          "arguments": [
            {
              "decl": "const Standard_Integer", 
              "type": "Standard_Integer", 
              "name": "Index"
            }
          ], 
          "name": "Remove", 
          "parent": "Intf_SeqOfSectionPoint", 
          "cls": "memfun", 
          "extern": "1", 
          "throws": true
        }, 
        {
          "returnType": "void", 
          "arguments": [
            {
              "decl": "const Standard_Integer", 
              "type": "Standard_Integer", 
              "name": "FromIndex"
            }, 
            {
              "decl": "const Standard_Integer", 
              "type": "Standard_Integer", 
              "name": "ToIndex"
            }
          ], 
          "name": "Remove", 
          "parent": "Intf_SeqOfSectionPoint", 
          "cls": "memfun", 
          "extern": "1", 
          "throws": true
        }
      ], 
      "cls": "class"
    }, 
    {
      "name": "Handle_Intf_SequenceNodeOfSeqOfSectionLine", 
      "abstract": false, 
      "constructors": [
        {
          "returnType": "", 
          "arguments": [], 
          "name": "Handle_Intf_SequenceNodeOfSeqOfSectionLine", 
          "parent": "Handle_Intf_SequenceNodeOfSeqOfSectionLine", 
          "cls": "constructor", 
          "throws": true
        }, 
        {
          "returnType": "", 
          "arguments": [
            {
              "decl": "const Handle_Intf_SequenceNodeOfSeqOfSectionLine &", 
              "type": "Handle_Intf_SequenceNodeOfSeqOfSectionLine", 
              "name": "aHandle"
            }
          ], 
          "name": "Handle_Intf_SequenceNodeOfSeqOfSectionLine", 
          "parent": "Handle_Intf_SequenceNodeOfSeqOfSectionLine", 
          "cls": "constructor", 
          "throws": true, 
          "copyConstructor": true
        }, 
        {
          "returnType": "", 
          "arguments": [
            {
              "decl": "const Intf_SequenceNodeOfSeqOfSectionLine *", 
              "type": "Intf_SequenceNodeOfSeqOfSectionLine", 
              "name": "anItem"
            }
          ], 
          "name": "Handle_Intf_SequenceNodeOfSeqOfSectionLine", 
          "parent": "Handle_Intf_SequenceNodeOfSeqOfSectionLine", 
          "cls": "constructor", 
          "throws": true
        }
      ], 
      "artificial": "1", 
      "bases": [
        {
          "access": "public", 
          "name": "Handle_TCollection_SeqNode"
        }
      ], 
      "location": [
        "/usr/local/include/oce/Handle_Intf_SequenceNodeOfSeqOfSectionLine.hxx", 
        25
      ], 
      "members": [
        {
          "returnType": "Handle_Intf_SequenceNodeOfSeqOfSectionLine", 
          "arguments": [
            {
              "decl": "const Handle_Standard_Transient &", 
              "type": "Handle_Standard_Transient", 
              "name": "AnObject"
            }
          ], 
          "name": "DownCast", 
          "parent": "Handle_Intf_SequenceNodeOfSeqOfSectionLine", 
          "cls": "memfun", 
          "static": "1", 
          "extern": "1", 
          "throws": true
        }
      ], 
      "cls": "class"
    }, 
    {
      "name": "Intf_Array1OfLin", 
      "abstract": false, 
      "constructors": [
        {
          "returnType": "", 
          "arguments": [
            {
              "decl": "const Standard_Integer", 
              "type": "Standard_Integer", 
              "name": "Low"
            }, 
            {
              "decl": "const Standard_Integer", 
              "type": "Standard_Integer", 
              "name": "Up"
            }
          ], 
          "name": "Intf_Array1OfLin", 
          "parent": "Intf_Array1OfLin", 
          "cls": "constructor", 
          "throws": true
        }, 
        {
          "returnType": "", 
          "arguments": [
            {
              "decl": "const gp_Lin &", 
              "type": "gp_Lin", 
              "name": "AnItem"
            }, 
            {
              "decl": "const Standard_Integer", 
              "type": "Standard_Integer", 
              "name": "Low"
            }, 
            {
              "decl": "const Standard_Integer", 
              "type": "Standard_Integer", 
              "name": "Up"
            }
          ], 
          "name": "Intf_Array1OfLin", 
          "parent": "Intf_Array1OfLin", 
          "cls": "constructor", 
          "throws": true
        }
      ], 
      "artificial": "1", 
      "bases": [], 
      "location": [
        "/usr/local/include/oce/Intf_Array1OfLin.hxx", 
        36
      ], 
      "members": [
        {
          "returnType": "void", 
          "arguments": [
            {
              "decl": "const gp_Lin &", 
              "type": "gp_Lin", 
              "name": "V"
            }
          ], 
          "name": "Init", 
          "parent": "Intf_Array1OfLin", 
          "cls": "memfun", 
          "extern": "1", 
          "throws": true
        }, 
        {
          "returnType": "void", 
          "arguments": [], 
          "name": "Destroy", 
          "parent": "Intf_Array1OfLin", 
          "cls": "memfun", 
          "throws": true
        }, 
        {
          "returnType": "Standard_Boolean", 
          "arguments": [], 
          "name": "IsAllocated", 
          "parent": "Intf_Array1OfLin", 
          "cls": "memfun", 
          "const": "1", 
          "throws": true
        }, 
        {
          "returnType": "Intf_Array1OfLin const &", 
          "arguments": [
            {
              "decl": "const Intf_Array1OfLin &", 
              "type": "Intf_Array1OfLin", 
              "name": "Other"
            }
          ], 
          "name": "Assign", 
          "parent": "Intf_Array1OfLin", 
          "cls": "memfun", 
          "extern": "1", 
          "throws": true
        }, 
        {
          "returnType": "Standard_Integer", 
          "arguments": [], 
          "name": "Length", 
          "parent": "Intf_Array1OfLin", 
          "cls": "memfun", 
          "const": "1", 
          "throws": true
        }, 
        {
          "returnType": "Standard_Integer", 
          "arguments": [], 
          "name": "Lower", 
          "parent": "Intf_Array1OfLin", 
          "cls": "memfun", 
          "const": "1", 
          "throws": true
        }, 
        {
          "returnType": "Standard_Integer", 
          "arguments": [], 
          "name": "Upper", 
          "parent": "Intf_Array1OfLin", 
          "cls": "memfun", 
          "const": "1", 
          "throws": true
        }, 
        {
          "returnType": "void", 
          "arguments": [
            {
              "decl": "const Standard_Integer", 
              "type": "Standard_Integer", 
              "name": "Index"
            }, 
            {
              "decl": "const gp_Lin &", 
              "type": "gp_Lin", 
              "name": "Value"
            }
          ], 
          "name": "SetValue", 
          "parent": "Intf_Array1OfLin", 
          "cls": "memfun", 
          "throws": true
        }, 
        {
          "returnType": "gp_Lin const &", 
          "arguments": [
            {
              "decl": "const Standard_Integer", 
              "type": "Standard_Integer", 
              "name": "Index"
            }
          ], 
          "name": "Value", 
          "parent": "Intf_Array1OfLin", 
          "cls": "memfun", 
          "const": "1", 
          "throws": true
        }, 
        {
          "returnType": "gp_Lin &", 
          "arguments": [
            {
              "decl": "const Standard_Integer", 
              "type": "Standard_Integer", 
              "name": "Index"
            }
          ], 
          "name": "ChangeValue", 
          "parent": "Intf_Array1OfLin", 
          "cls": "memfun", 
          "throws": true
        }
      ], 
      "cls": "class"
    }, 
    {
      "name": "Intf_Interference", 
      "abstract": false, 
      "constructors": [], 
      "artificial": "1", 
      "bases": [], 
      "location": [
        "/usr/local/include/oce/Intf_Interference.hxx", 
        45
      ], 
      "members": [
        {
          "returnType": "Standard_Integer", 
          "arguments": [], 
          "name": "NbSectionPoints", 
          "parent": "Intf_Interference", 
          "cls": "memfun", 
          "const": "1", 
          "throws": true
        }, 
        {
          "returnType": "Intf_SectionPoint const &", 
          "arguments": [
            {
              "decl": "const Standard_Integer", 
              "type": "Standard_Integer", 
              "name": "Index"
            }
          ], 
          "name": "PntValue", 
          "parent": "Intf_Interference", 
          "cls": "memfun", 
          "const": "1", 
          "throws": true
        }, 
        {
          "returnType": "Standard_Integer", 
          "arguments": [], 
          "name": "NbSectionLines", 
          "parent": "Intf_Interference", 
          "cls": "memfun", 
          "const": "1", 
          "throws": true
        }, 
        {
          "returnType": "Intf_SectionLine const &", 
          "arguments": [
            {
              "decl": "const Standard_Integer", 
              "type": "Standard_Integer", 
              "name": "Index"
            }
          ], 
          "name": "LineValue", 
          "parent": "Intf_Interference", 
          "cls": "memfun", 
          "const": "1", 
          "throws": true
        }, 
        {
          "returnType": "Standard_Integer", 
          "arguments": [], 
          "name": "NbTangentZones", 
          "parent": "Intf_Interference", 
          "cls": "memfun", 
          "const": "1", 
          "throws": true
        }, 
        {
          "returnType": "Intf_TangentZone const &", 
          "arguments": [
            {
              "decl": "const Standard_Integer", 
              "type": "Standard_Integer", 
              "name": "Index"
            }
          ], 
          "name": "ZoneValue", 
          "parent": "Intf_Interference", 
          "cls": "memfun", 
          "const": "1", 
          "throws": true
        }, 
        {
          "returnType": "Standard_Real", 
          "arguments": [], 
          "name": "GetTolerance", 
          "parent": "Intf_Interference", 
          "cls": "memfun", 
          "const": "1", 
          "throws": true
        }, 
        {
          "returnType": "Standard_Boolean", 
          "arguments": [
            {
              "decl": "const Intf_SectionPoint &", 
              "type": "Intf_SectionPoint", 
              "name": "ThePnt"
            }
          ], 
          "name": "Contains", 
          "parent": "Intf_Interference", 
          "cls": "memfun", 
          "extern": "1", 
          "const": "1", 
          "throws": true
        }, 
        {
          "returnType": "Standard_Boolean", 
          "arguments": [
            {
              "decl": "const Intf_TangentZone &", 
              "type": "Intf_TangentZone", 
              "name": "TheZone"
            }
          ], 
          "name": "Insert", 
          "parent": "Intf_Interference", 
          "cls": "memfun", 
          "extern": "1", 
          "throws": true
        }, 
        {
          "returnType": "void", 
          "arguments": [
            {
              "decl": "const Intf_SectionPoint &", 
              "type": "Intf_SectionPoint", 
              "name": "pdeb"
            }, 
            {
              "decl": "const Intf_SectionPoint &", 
              "type": "Intf_SectionPoint", 
              "name": "pfin"
            }
          ], 
          "name": "Insert", 
          "parent": "Intf_Interference", 
          "cls": "memfun", 
          "extern": "1", 
          "throws": true
        }, 
        {
          "returnType": "void", 
          "arguments": [], 
          "name": "Dump", 
          "parent": "Intf_Interference", 
          "cls": "memfun", 
          "extern": "1", 
          "const": "1", 
          "throws": true
        }
      ], 
      "cls": "class"
    }, 
    {
      "name": "Intf_SectionLine", 
      "abstract": false, 
      "constructors": [
        {
          "returnType": "", 
          "arguments": [], 
          "name": "Intf_SectionLine", 
          "parent": "Intf_SectionLine", 
          "cls": "constructor", 
          "extern": "1", 
          "throws": true
        }, 
        {
          "returnType": "", 
          "arguments": [
            {
              "decl": "const Intf_SectionLine &", 
              "type": "Intf_SectionLine", 
              "name": "Other"
            }
          ], 
          "name": "Intf_SectionLine", 
          "parent": "Intf_SectionLine", 
          "cls": "constructor", 
          "extern": "1", 
          "throws": true, 
          "copyConstructor": true
        }
      ], 
      "artificial": "1", 
      "bases": [], 
      "location": [
        "/usr/local/include/oce/Intf_SectionLine.hxx", 
        34
      ], 
      "members": [
        {
          "returnType": "Standard_Integer", 
          "arguments": [], 
          "name": "NumberOfPoints", 
          "parent": "Intf_SectionLine", 
          "cls": "memfun", 
          "const": "1", 
          "throws": true
        }, 
        {
          "returnType": "Intf_SectionPoint const &", 
          "arguments": [
            {
              "decl": "const Standard_Integer", 
              "type": "Standard_Integer", 
              "name": "Index"
            }
          ], 
          "name": "GetPoint", 
          "parent": "Intf_SectionLine", 
          "cls": "memfun", 
          "extern": "1", 
          "const": "1", 
          "throws": true
        }, 
        {
          "returnType": "Standard_Boolean", 
          "arguments": [], 
          "name": "IsClosed", 
          "parent": "Intf_SectionLine", 
          "cls": "memfun", 
          "extern": "1", 
          "const": "1", 
          "throws": true
        }, 
        {
          "returnType": "Standard_Boolean", 
          "arguments": [
            {
              "decl": "const Intf_SectionPoint &", 
              "type": "Intf_SectionPoint", 
              "name": "ThePI"
            }
          ], 
          "name": "Contains", 
          "parent": "Intf_SectionLine", 
          "cls": "memfun", 
          "extern": "1", 
          "const": "1", 
          "throws": true
        }, 
        {
          "returnType": "Standard_Integer", 
          "arguments": [
            {
              "decl": "const Intf_SectionPoint &", 
              "type": "Intf_SectionPoint", 
              "name": "ThePI"
            }
          ], 
          "name": "IsEnd", 
          "parent": "Intf_SectionLine", 
          "cls": "memfun", 
          "extern": "1", 
          "const": "1", 
          "throws": true
        }, 
        {
          "returnType": "Standard_Boolean", 
          "arguments": [
            {
              "decl": "const Intf_SectionLine &", 
              "type": "Intf_SectionLine", 
              "name": "Other"
            }
          ], 
          "name": "IsEqual", 
          "parent": "Intf_SectionLine", 
          "cls": "memfun", 
          "extern": "1", 
          "const": "1", 
          "throws": true
        }, 
        {
          "returnType": "void", 
          "arguments": [
            {
              "decl": "const Intf_SectionPoint &", 
              "type": "Intf_SectionPoint", 
              "name": "Pi"
            }
          ], 
          "name": "Append", 
          "parent": "Intf_SectionLine", 
          "cls": "memfun", 
          "extern": "1", 
          "throws": true
        }, 
        {
          "returnType": "void", 
          "arguments": [
            {
              "decl": "Intf_SectionLine &", 
              "type": "Intf_SectionLine", 
              "name": "LS"
            }
          ], 
          "name": "Append", 
          "parent": "Intf_SectionLine", 
          "cls": "memfun", 
          "extern": "1", 
          "throws": true
        }, 
        {
          "returnType": "void", 
          "arguments": [
            {
              "decl": "const Intf_SectionPoint &", 
              "type": "Intf_SectionPoint", 
              "name": "Pi"
            }
          ], 
          "name": "Prepend", 
          "parent": "Intf_SectionLine", 
          "cls": "memfun", 
          "extern": "1", 
          "throws": true
        }, 
        {
          "returnType": "void", 
          "arguments": [
            {
              "decl": "Intf_SectionLine &", 
              "type": "Intf_SectionLine", 
              "name": "LS"
            }
          ], 
          "name": "Prepend", 
          "parent": "Intf_SectionLine", 
          "cls": "memfun", 
          "extern": "1", 
          "throws": true
        }, 
        {
          "returnType": "void", 
          "arguments": [], 
          "name": "Reverse", 
          "parent": "Intf_SectionLine", 
          "cls": "memfun", 
          "extern": "1", 
          "throws": true
        }, 
        {
          "returnType": "void", 
          "arguments": [], 
          "name": "Close", 
          "parent": "Intf_SectionLine", 
          "cls": "memfun", 
          "extern": "1", 
          "throws": true
        }, 
        {
          "returnType": "void", 
          "arguments": [
            {
              "decl": "const Standard_Integer", 
              "type": "Standard_Integer", 
              "name": "Indent"
            }
          ], 
          "name": "Dump", 
          "parent": "Intf_SectionLine", 
          "cls": "memfun", 
          "extern": "1", 
          "const": "1", 
          "throws": true
        }
      ], 
      "cls": "class"
    }, 
    {
      "name": "Intf_Tool", 
      "abstract": false, 
      "constructors": [
        {
          "returnType": "", 
          "arguments": [
            {
              "decl": "const Intf_Tool &", 
              "type": "Intf_Tool", 
              "name": "arg0"
            }
          ], 
          "name": "Intf_Tool", 
          "parent": "Intf_Tool", 
          "cls": "constructor", 
          "artificial": "1", 
          "copyConstructor": true
        }, 
        {
          "returnType": "", 
          "arguments": [], 
          "name": "Intf_Tool", 
          "parent": "Intf_Tool", 
          "cls": "constructor", 
          "extern": "1", 
          "throws": true
        }
      ], 
      "artificial": "1", 
      "bases": [], 
      "location": [
        "/usr/local/include/oce/Intf_Tool.hxx", 
        38
      ], 
      "members": [
        {
          "returnType": "void", 
          "arguments": [
            {
              "decl": "const gp_Lin2d &", 
              "type": "gp_Lin2d", 
              "name": "theLin2d"
            }, 
            {
              "decl": "const Bnd_Box2d &", 
              "type": "Bnd_Box2d", 
              "name": "bounding"
            }, 
            {
              "decl": "Bnd_Box2d &", 
              "type": "Bnd_Box2d", 
              "name": "boxLin"
            }
          ], 
          "name": "Lin2dBox", 
          "parent": "Intf_Tool", 
          "cls": "memfun", 
          "extern": "1", 
          "throws": true
        }, 
        {
          "returnType": "void", 
          "arguments": [
            {
              "decl": "const gp_Hypr2d &", 
              "type": "gp_Hypr2d", 
              "name": "theHypr2d"
            }, 
            {
              "decl": "const Bnd_Box2d &", 
              "type": "Bnd_Box2d", 
              "name": "bounding"
            }, 
            {
              "decl": "Bnd_Box2d &", 
              "type": "Bnd_Box2d", 
              "name": "boxHypr"
            }
          ], 
          "name": "Hypr2dBox", 
          "parent": "Intf_Tool", 
          "cls": "memfun", 
          "extern": "1", 
          "throws": true
        }, 
        {
          "returnType": "void", 
          "arguments": [
            {
              "decl": "const gp_Parab2d &", 
              "type": "gp_Parab2d", 
              "name": "theParab2d"
            }, 
            {
              "decl": "const Bnd_Box2d &", 
              "type": "Bnd_Box2d", 
              "name": "bounding"
            }, 
            {
              "decl": "Bnd_Box2d &", 
              "type": "Bnd_Box2d", 
              "name": "boxHypr"
            }
          ], 
          "name": "Parab2dBox", 
          "parent": "Intf_Tool", 
          "cls": "memfun", 
          "extern": "1", 
          "throws": true
        }, 
        {
          "returnType": "void", 
          "arguments": [
            {
              "decl": "const gp_Lin &", 
              "type": "gp_Lin", 
              "name": "theLin"
            }, 
            {
              "decl": "const Bnd_Box &", 
              "type": "Bnd_Box", 
              "name": "bounding"
            }, 
            {
              "decl": "Bnd_Box &", 
              "type": "Bnd_Box", 
              "name": "boxLin"
            }
          ], 
          "name": "LinBox", 
          "parent": "Intf_Tool", 
          "cls": "memfun", 
          "extern": "1", 
          "throws": true
        }, 
        {
          "returnType": "void", 
          "arguments": [
            {
              "decl": "const gp_Hypr &", 
              "type": "gp_Hypr", 
              "name": "theHypr"
            }, 
            {
              "decl": "const Bnd_Box &", 
              "type": "Bnd_Box", 
              "name": "bounding"
            }, 
            {
              "decl": "Bnd_Box &", 
              "type": "Bnd_Box", 
              "name": "boxHypr"
            }
          ], 
          "name": "HyprBox", 
          "parent": "Intf_Tool", 
          "cls": "memfun", 
          "extern": "1", 
          "throws": true
        }, 
        {
          "returnType": "void", 
          "arguments": [
            {
              "decl": "const gp_Parab &", 
              "type": "gp_Parab", 
              "name": "theParab"
            }, 
            {
              "decl": "const Bnd_Box &", 
              "type": "Bnd_Box", 
              "name": "bounding"
            }, 
            {
              "decl": "Bnd_Box &", 
              "type": "Bnd_Box", 
              "name": "boxHypr"
            }
          ], 
          "name": "ParabBox", 
          "parent": "Intf_Tool", 
          "cls": "memfun", 
          "extern": "1", 
          "throws": true
        }, 
        {
          "returnType": "Standard_Integer", 
          "arguments": [], 
          "name": "NbSegments", 
          "parent": "Intf_Tool", 
          "cls": "memfun", 
          "extern": "1", 
          "const": "1", 
          "throws": true
        }, 
        {
          "returnType": "Standard_Real", 
          "arguments": [
            {
              "decl": "const Standard_Integer", 
              "type": "Standard_Integer", 
              "name": "SegmentNum"
            }
          ], 
          "name": "BeginParam", 
          "parent": "Intf_Tool", 
          "cls": "memfun", 
          "extern": "1", 
          "const": "1", 
          "throws": true
        }, 
        {
          "returnType": "Standard_Real", 
          "arguments": [
            {
              "decl": "const Standard_Integer", 
              "type": "Standard_Integer", 
              "name": "SegmentNum"
            }
          ], 
          "name": "EndParam", 
          "parent": "Intf_Tool", 
          "cls": "memfun", 
          "extern": "1", 
          "const": "1", 
          "throws": true
        }
      ], 
      "cls": "class"
    }, 
    {
      "name": "Intf_InterferencePolygon2d", 
      "abstract": false, 
      "constructors": [
        {
          "returnType": "", 
          "arguments": [], 
          "name": "Intf_InterferencePolygon2d", 
          "parent": "Intf_InterferencePolygon2d", 
          "cls": "constructor", 
          "extern": "1", 
          "throws": true
        }, 
        {
          "returnType": "", 
          "arguments": [
            {
              "decl": "const Intf_Polygon2d &", 
              "type": "Intf_Polygon2d", 
              "name": "Obje1"
            }, 
            {
              "decl": "const Intf_Polygon2d &", 
              "type": "Intf_Polygon2d", 
              "name": "Obje2"
            }
          ], 
          "name": "Intf_InterferencePolygon2d", 
          "parent": "Intf_InterferencePolygon2d", 
          "cls": "constructor", 
          "extern": "1", 
          "throws": true
        }, 
        {
          "returnType": "", 
          "arguments": [
            {
              "decl": "const Intf_Polygon2d &", 
              "type": "Intf_Polygon2d", 
              "name": "Obje"
            }
          ], 
          "name": "Intf_InterferencePolygon2d", 
          "parent": "Intf_InterferencePolygon2d", 
          "cls": "constructor", 
          "extern": "1", 
          "throws": true
        }
      ], 
      "artificial": "1", 
      "bases": [
        {
          "access": "public", 
          "name": "Intf_Interference"
        }
      ], 
      "location": [
        "/usr/local/include/oce/Intf_InterferencePolygon2d.hxx", 
        36
      ], 
      "members": [
        {
          "returnType": "void", 
          "arguments": [
            {
              "decl": "const Intf_Polygon2d &", 
              "type": "Intf_Polygon2d", 
              "name": "Obje1"
            }, 
            {
              "decl": "const Intf_Polygon2d &", 
              "type": "Intf_Polygon2d", 
              "name": "Obje2"
            }
          ], 
          "name": "Perform", 
          "parent": "Intf_InterferencePolygon2d", 
          "cls": "memfun", 
          "extern": "1", 
          "throws": true
        }, 
        {
          "returnType": "void", 
          "arguments": [
            {
              "decl": "const Intf_Polygon2d &", 
              "type": "Intf_Polygon2d", 
              "name": "Obje"
            }
          ], 
          "name": "Perform", 
          "parent": "Intf_InterferencePolygon2d", 
          "cls": "memfun", 
          "extern": "1", 
          "throws": true
        }, 
        {
          "returnType": "gp_Pnt2d", 
          "arguments": [
            {
              "decl": "const Standard_Integer", 
              "type": "Standard_Integer", 
              "name": "Index"
            }
          ], 
          "name": "Pnt2dValue", 
          "parent": "Intf_InterferencePolygon2d", 
          "cls": "memfun", 
          "extern": "1", 
          "const": "1", 
          "throws": true
        }
      ], 
      "cls": "class"
    }, 
    {
      "name": "Intf_Polygon2d", 
      "abstract": true, 
      "constructors": [], 
      "artificial": "1", 
      "bases": [], 
      "location": [
        "/usr/local/include/oce/Intf_Polygon2d.hxx", 
        37
      ], 
      "members": [
        {
          "returnType": "Bnd_Box2d const &", 
          "arguments": [], 
          "name": "Bounding", 
          "parent": "Intf_Polygon2d", 
          "cls": "memfun", 
          "const": "1", 
          "throws": true
        }, 
        {
          "returnType": "Standard_Boolean", 
          "arguments": [], 
          "name": "Closed", 
          "parent": "Intf_Polygon2d", 
          "cls": "memfun", 
          "extern": "1", 
          "const": "1", 
          "throws": true, 
          "virtuality": "virtual"
        }, 
        {
          "returnType": "Standard_Real", 
          "arguments": [], 
          "name": "DeflectionOverEstimation", 
          "parent": "Intf_Polygon2d", 
          "cls": "memfun", 
          "extern": "1", 
          "const": "1", 
          "throws": true, 
          "virtuality": "pure virtual"
        }, 
        {
          "returnType": "Standard_Integer", 
          "arguments": [], 
          "name": "NbSegments", 
          "parent": "Intf_Polygon2d", 
          "cls": "memfun", 
          "extern": "1", 
          "const": "1", 
          "throws": true, 
          "virtuality": "pure virtual"
        }, 
        {
          "returnType": "void", 
          "arguments": [
            {
              "decl": "const Standard_Integer", 
              "type": "Standard_Integer", 
              "name": "theIndex"
            }, 
            {
              "decl": "gp_Pnt2d &", 
              "type": "gp_Pnt2d", 
              "name": "theBegin"
            }, 
            {
              "decl": "gp_Pnt2d &", 
              "type": "gp_Pnt2d", 
              "name": "theEnd"
            }
          ], 
          "name": "Segment", 
          "parent": "Intf_Polygon2d", 
          "cls": "memfun", 
          "extern": "1", 
          "const": "1", 
          "throws": true, 
          "virtuality": "pure virtual"
        }
      ], 
      "cls": "class"
    }, 
    {
      "name": "Handle_Intf_SequenceNodeOfSeqOfSectionPoint", 
      "abstract": false, 
      "constructors": [
        {
          "returnType": "", 
          "arguments": [], 
          "name": "Handle_Intf_SequenceNodeOfSeqOfSectionPoint", 
          "parent": "Handle_Intf_SequenceNodeOfSeqOfSectionPoint", 
          "cls": "constructor", 
          "throws": true
        }, 
        {
          "returnType": "", 
          "arguments": [
            {
              "decl": "const Handle_Intf_SequenceNodeOfSeqOfSectionPoint &", 
              "type": "Handle_Intf_SequenceNodeOfSeqOfSectionPoint", 
              "name": "aHandle"
            }
          ], 
          "name": "Handle_Intf_SequenceNodeOfSeqOfSectionPoint", 
          "parent": "Handle_Intf_SequenceNodeOfSeqOfSectionPoint", 
          "cls": "constructor", 
          "throws": true, 
          "copyConstructor": true
        }, 
        {
          "returnType": "", 
          "arguments": [
            {
              "decl": "const Intf_SequenceNodeOfSeqOfSectionPoint *", 
              "type": "Intf_SequenceNodeOfSeqOfSectionPoint", 
              "name": "anItem"
            }
          ], 
          "name": "Handle_Intf_SequenceNodeOfSeqOfSectionPoint", 
          "parent": "Handle_Intf_SequenceNodeOfSeqOfSectionPoint", 
          "cls": "constructor", 
          "throws": true
        }
      ], 
      "artificial": "1", 
      "bases": [
        {
          "access": "public", 
          "name": "Handle_TCollection_SeqNode"
        }
      ], 
      "location": [
        "/usr/local/include/oce/Handle_Intf_SequenceNodeOfSeqOfSectionPoint.hxx", 
        25
      ], 
      "members": [
        {
          "returnType": "Handle_Intf_SequenceNodeOfSeqOfSectionPoint", 
          "arguments": [
            {
              "decl": "const Handle_Standard_Transient &", 
              "type": "Handle_Standard_Transient", 
              "name": "AnObject"
            }
          ], 
          "name": "DownCast", 
          "parent": "Handle_Intf_SequenceNodeOfSeqOfSectionPoint", 
          "cls": "memfun", 
          "static": "1", 
          "extern": "1", 
          "throws": true
        }
      ], 
      "cls": "class"
    }, 
    {
      "name": "Intf_TangentZone", 
      "abstract": false, 
      "constructors": [
        {
          "returnType": "", 
          "arguments": [], 
          "name": "Intf_TangentZone", 
          "parent": "Intf_TangentZone", 
          "cls": "constructor", 
          "extern": "1", 
          "throws": true
        }, 
        {
          "returnType": "", 
          "arguments": [
            {
              "decl": "const Intf_TangentZone &", 
              "type": "Intf_TangentZone", 
              "name": "Other"
            }
          ], 
          "name": "Intf_TangentZone", 
          "parent": "Intf_TangentZone", 
          "cls": "constructor", 
          "extern": "1", 
          "throws": true, 
          "copyConstructor": true
        }
      ], 
      "artificial": "1", 
      "bases": [], 
      "location": [
        "/usr/local/include/oce/Intf_TangentZone.hxx", 
        37
      ], 
      "members": [
        {
          "returnType": "Standard_Integer", 
          "arguments": [], 
          "name": "NumberOfPoints", 
          "parent": "Intf_TangentZone", 
          "cls": "memfun", 
          "const": "1", 
          "throws": true
        }, 
        {
          "returnType": "Intf_SectionPoint const &", 
          "arguments": [
            {
              "decl": "const Standard_Integer", 
              "type": "Standard_Integer", 
              "name": "Index"
            }
          ], 
          "name": "GetPoint", 
          "parent": "Intf_TangentZone", 
          "cls": "memfun", 
          "extern": "1", 
          "const": "1", 
          "throws": true
        }, 
        {
          "returnType": "Standard_Boolean", 
          "arguments": [
            {
              "decl": "const Intf_TangentZone &", 
              "type": "Intf_TangentZone", 
              "name": "Other"
            }
          ], 
          "name": "IsEqual", 
          "parent": "Intf_TangentZone", 
          "cls": "memfun", 
          "extern": "1", 
          "const": "1", 
          "throws": true
        }, 
        {
          "returnType": "Standard_Boolean", 
          "arguments": [
            {
              "decl": "const Intf_SectionPoint &", 
              "type": "Intf_SectionPoint", 
              "name": "ThePI"
            }
          ], 
          "name": "Contains", 
          "parent": "Intf_TangentZone", 
          "cls": "memfun", 
          "extern": "1", 
          "const": "1", 
          "throws": true
        }, 
        {
          "returnType": "void", 
          "arguments": [
            {
              "decl": "Standard_Real &", 
              "type": "Standard_Real", 
              "name": "paraMin"
            }, 
            {
              "decl": "Standard_Real &", 
              "type": "Standard_Real", 
              "name": "paraMax"
            }
          ], 
          "name": "ParamOnFirst", 
          "parent": "Intf_TangentZone", 
          "cls": "memfun", 
          "const": "1", 
          "throws": true
        }, 
        {
          "returnType": "void", 
          "arguments": [
            {
              "decl": "Standard_Real &", 
              "type": "Standard_Real", 
              "name": "paraMin"
            }, 
            {
              "decl": "Standard_Real &", 
              "type": "Standard_Real", 
              "name": "paraMax"
            }
          ], 
          "name": "ParamOnSecond", 
          "parent": "Intf_TangentZone", 
          "cls": "memfun", 
          "const": "1", 
          "throws": true
        }, 
        {
          "returnType": "void", 
          "arguments": [
            {
              "decl": "Standard_Integer &", 
              "type": "Standard_Integer", 
              "name": "segMin"
            }, 
            {
              "decl": "Standard_Real &", 
              "type": "Standard_Real", 
              "name": "paraMin"
            }, 
            {
              "decl": "Standard_Integer &", 
              "type": "Standard_Integer", 
              "name": "segMax"
            }, 
            {
              "decl": "Standard_Real &", 
              "type": "Standard_Real", 
              "name": "paraMax"
            }
          ], 
          "name": "InfoFirst", 
          "parent": "Intf_TangentZone", 
          "cls": "memfun", 
          "extern": "1", 
          "const": "1", 
          "throws": true
        }, 
        {
          "returnType": "void", 
          "arguments": [
            {
              "decl": "Standard_Integer &", 
              "type": "Standard_Integer", 
              "name": "segMin"
            }, 
            {
              "decl": "Standard_Real &", 
              "type": "Standard_Real", 
              "name": "paraMin"
            }, 
            {
              "decl": "Standard_Integer &", 
              "type": "Standard_Integer", 
              "name": "segMax"
            }, 
            {
              "decl": "Standard_Real &", 
              "type": "Standard_Real", 
              "name": "paraMax"
            }
          ], 
          "name": "InfoSecond", 
          "parent": "Intf_TangentZone", 
          "cls": "memfun", 
          "extern": "1", 
          "const": "1", 
          "throws": true
        }, 
        {
          "returnType": "Standard_Boolean", 
          "arguments": [
            {
              "decl": "const Intf_SectionPoint &", 
              "type": "Intf_SectionPoint", 
              "name": "ThePI"
            }
          ], 
          "name": "RangeContains", 
          "parent": "Intf_TangentZone", 
          "cls": "memfun", 
          "extern": "1", 
          "const": "1", 
          "throws": true
        }, 
        {
          "returnType": "Standard_Boolean", 
          "arguments": [
            {
              "decl": "const Intf_TangentZone &", 
              "type": "Intf_TangentZone", 
              "name": "Other"
            }
          ], 
          "name": "HasCommonRange", 
          "parent": "Intf_TangentZone", 
          "cls": "memfun", 
          "extern": "1", 
          "const": "1", 
          "throws": true
        }, 
        {
          "returnType": "void", 
          "arguments": [
            {
              "decl": "const Intf_SectionPoint &", 
              "type": "Intf_SectionPoint", 
              "name": "Pi"
            }
          ], 
          "name": "Append", 
          "parent": "Intf_TangentZone", 
          "cls": "memfun", 
          "extern": "1", 
          "throws": true
        }, 
        {
          "returnType": "void", 
          "arguments": [
            {
              "decl": "const Intf_TangentZone &", 
              "type": "Intf_TangentZone", 
              "name": "Tzi"
            }
          ], 
          "name": "Append", 
          "parent": "Intf_TangentZone", 
          "cls": "memfun", 
          "extern": "1", 
          "throws": true
        }, 
        {
          "returnType": "Standard_Boolean", 
          "arguments": [
            {
              "decl": "const Intf_SectionPoint &", 
              "type": "Intf_SectionPoint", 
              "name": "Pi"
            }
          ], 
          "name": "Insert", 
          "parent": "Intf_TangentZone", 
          "cls": "memfun", 
          "extern": "1", 
          "throws": true
        }, 
        {
          "returnType": "void", 
          "arguments": [
            {
              "decl": "const Intf_SectionPoint &", 
              "type": "Intf_SectionPoint", 
              "name": "Pi"
            }
          ], 
          "name": "PolygonInsert", 
          "parent": "Intf_TangentZone", 
          "cls": "memfun", 
          "extern": "1", 
          "throws": true
        }, 
        {
          "returnType": "void", 
          "arguments": [
            {
              "decl": "const Standard_Integer", 
              "type": "Standard_Integer", 
              "name": "Index"
            }, 
            {
              "decl": "const Intf_SectionPoint &", 
              "type": "Intf_SectionPoint", 
              "name": "Pi"
            }
          ], 
          "name": "InsertBefore", 
          "parent": "Intf_TangentZone", 
          "cls": "memfun", 
          "extern": "1", 
          "throws": true
        }, 
        {
          "returnType": "void", 
          "arguments": [
            {
              "decl": "const Standard_Integer", 
              "type": "Standard_Integer", 
              "name": "Index"
            }, 
            {
              "decl": "const Intf_SectionPoint &", 
              "type": "Intf_SectionPoint", 
              "name": "Pi"
            }
          ], 
          "name": "InsertAfter", 
          "parent": "Intf_TangentZone", 
          "cls": "memfun", 
          "extern": "1", 
          "throws": true
        }, 
        {
          "returnType": "void", 
          "arguments": [
            {
              "decl": "const Standard_Integer", 
              "type": "Standard_Integer", 
              "name": "Indent"
            }
          ], 
          "name": "Dump", 
          "parent": "Intf_TangentZone", 
          "cls": "memfun", 
          "extern": "1", 
          "const": "1", 
          "throws": true
        }
      ], 
      "cls": "class"
    }
  ], 
  "headers": [
    "Intf_SeqOfSectionPoint.hxx", 
    "Intf_SeqOfSectionLine.hxx", 
    "Intf_TangentZone.hxx", 
    "Intf_PIType.hxx", 
    "Intf_Tool.hxx", 
    "Intf_SequenceNodeOfSeqOfTangentZone.hxx", 
    "Intf_Interference.hxx", 
    "Intf_Polygon2d.hxx", 
    "Intf_SequenceNodeOfSeqOfSectionPoint.hxx", 
    "Intf_SequenceNodeOfSeqOfSectionLine.hxx", 
    "Intf_Array1OfLin.hxx", 
    "Intf_InterferencePolygon2d.hxx", 
    "Intf_SectionLine.hxx", 
    "Intf_SectionPoint.hxx", 
    "Intf_SeqOfTangentZone.hxx"
  ], 
  "enums": [
    {
      "values": [
        [
          "Intf_EXTERNAL", 
          0
        ], 
        [
          "Intf_FACE", 
          1
        ], 
        [
          "Intf_EDGE", 
          2
        ], 
        [
          "Intf_VERTEX", 
          3
        ]
      ], 
      "name": "Intf_PIType", 
      "cls": "enum"
    }
  ], 
  "typedefs": [], 
  "name": "Intf"
}