{
  "classes": [], 
  "headers": [
    "IntImp_ComputeTangence.hxx", 
    "IntImp_ConstIsoparametric.hxx"
  ], 
  "enums": [
    {
      "values": [
        [
          "IntImp_UIsoparametricOnCaro1", 
          0
        ], 
        [
          "IntImp_VIsoparametricOnCaro1", 
          1
        ], 
        [
          "IntImp_UIsoparametricOnCaro2", 
          2
        ], 
        [
          "IntImp_VIsoparametricOnCaro2", 
          3
        ]
      ], 
      "name": "IntImp_ConstIsoparametric", 
      "cls": "enum"
    }
  ], 
  "typedefs": [], 
  "name": "IntImp"
}