{
  "classes": [
    {
      "name": "IntPolyh_StartPoint", 
      "abstract": false, 
      "constructors": [
        {
          "returnType": "", 
          "arguments": [
            {
              "decl": "const IntPolyh_StartPoint &", 
              "type": "IntPolyh_StartPoint", 
              "name": "arg0"
            }
          ], 
          "name": "IntPolyh_StartPoint", 
          "parent": "IntPolyh_StartPoint", 
          "cls": "constructor", 
          "artificial": "1", 
          "copyConstructor": true
        }, 
        {
          "returnType": "", 
          "arguments": [], 
          "name": "IntPolyh_StartPoint", 
          "parent": "IntPolyh_StartPoint", 
          "cls": "constructor", 
          "extern": "1", 
          "throws": true
        }, 
        {
          "returnType": "", 
          "arguments": [
            {
              "decl": "const Standard_Real", 
              "type": "Standard_Real", 
              "name": "xx"
            }, 
            {
              "decl": "const Standard_Real", 
              "type": "Standard_Real", 
              "name": "yy"
            }, 
            {
              "decl": "const Standard_Real", 
              "type": "Standard_Real", 
              "name": "zz"
            }, 
            {
              "decl": "const Standard_Real", 
              "type": "Standard_Real", 
              "name": "uu1"
            }, 
            {
              "decl": "const Standard_Real", 
              "type": "Standard_Real", 
              "name": "vv1"
            }, 
            {
              "decl": "const Standard_Real", 
              "type": "Standard_Real", 
              "name": "uu2"
            }, 
            {
              "decl": "const Standard_Real", 
              "type": "Standard_Real", 
              "name": "vv2"
            }, 
            {
              "decl": "const Standard_Integer", 
              "type": "Standard_Integer", 
              "name": "T1"
            }, 
            {
              "decl": "const Standard_Integer", 
              "type": "Standard_Integer", 
              "name": "E1"
            }, 
            {
              "decl": "const Standard_Real", 
              "type": "Standard_Real", 
              "name": "LAM1"
            }, 
            {
              "decl": "const Standard_Integer", 
              "type": "Standard_Integer", 
              "name": "T2"
            }, 
            {
              "decl": "const Standard_Integer", 
              "type": "Standard_Integer", 
              "name": "E2"
            }, 
            {
              "decl": "const Standard_Real", 
              "type": "Standard_Real", 
              "name": "LAM2"
            }, 
            {
              "decl": "const Standard_Integer", 
              "type": "Standard_Integer", 
              "name": "List"
            }
          ], 
          "name": "IntPolyh_StartPoint", 
          "parent": "IntPolyh_StartPoint", 
          "cls": "constructor", 
          "extern": "1", 
          "throws": true
        }
      ], 
      "artificial": "1", 
      "bases": [], 
      "location": [
        "/usr/local/include/oce/IntPolyh_StartPoint.hxx", 
        29
      ], 
      "members": [
        {
          "returnType": "Standard_Real", 
          "arguments": [], 
          "name": "X", 
          "parent": "IntPolyh_StartPoint", 
          "cls": "memfun", 
          "extern": "1", 
          "const": "1", 
          "throws": true
        }, 
        {
          "returnType": "Standard_Real", 
          "arguments": [], 
          "name": "Y", 
          "parent": "IntPolyh_StartPoint", 
          "cls": "memfun", 
          "extern": "1", 
          "const": "1", 
          "throws": true
        }, 
        {
          "returnType": "Standard_Real", 
          "arguments": [], 
          "name": "Z", 
          "parent": "IntPolyh_StartPoint", 
          "cls": "memfun", 
          "extern": "1", 
          "const": "1", 
          "throws": true
        }, 
        {
          "returnType": "Standard_Real", 
          "arguments": [], 
          "name": "U1", 
          "parent": "IntPolyh_StartPoint", 
          "cls": "memfun", 
          "extern": "1", 
          "const": "1", 
          "throws": true
        }, 
        {
          "returnType": "Standard_Real", 
          "arguments": [], 
          "name": "V1", 
          "parent": "IntPolyh_StartPoint", 
          "cls": "memfun", 
          "extern": "1", 
          "const": "1", 
          "throws": true
        }, 
        {
          "returnType": "Standard_Real", 
          "arguments": [], 
          "name": "U2", 
          "parent": "IntPolyh_StartPoint", 
          "cls": "memfun", 
          "extern": "1", 
          "const": "1", 
          "throws": true
        }, 
        {
          "returnType": "Standard_Real", 
          "arguments": [], 
          "name": "V2", 
          "parent": "IntPolyh_StartPoint", 
          "cls": "memfun", 
          "extern": "1", 
          "const": "1", 
          "throws": true
        }, 
        {
          "returnType": "Standard_Integer", 
          "arguments": [], 
          "name": "T1", 
          "parent": "IntPolyh_StartPoint", 
          "cls": "memfun", 
          "extern": "1", 
          "const": "1", 
          "throws": true
        }, 
        {
          "returnType": "Standard_Integer", 
          "arguments": [], 
          "name": "E1", 
          "parent": "IntPolyh_StartPoint", 
          "cls": "memfun", 
          "extern": "1", 
          "const": "1", 
          "throws": true
        }, 
        {
          "returnType": "Standard_Real", 
          "arguments": [], 
          "name": "Lambda1", 
          "parent": "IntPolyh_StartPoint", 
          "cls": "memfun", 
          "extern": "1", 
          "const": "1", 
          "throws": true
        }, 
        {
          "returnType": "Standard_Integer", 
          "arguments": [], 
          "name": "T2", 
          "parent": "IntPolyh_StartPoint", 
          "cls": "memfun", 
          "extern": "1", 
          "const": "1", 
          "throws": true
        }, 
        {
          "returnType": "Standard_Integer", 
          "arguments": [], 
          "name": "E2", 
          "parent": "IntPolyh_StartPoint", 
          "cls": "memfun", 
          "extern": "1", 
          "const": "1", 
          "throws": true
        }, 
        {
          "returnType": "Standard_Real", 
          "arguments": [], 
          "name": "Lambda2", 
          "parent": "IntPolyh_StartPoint", 
          "cls": "memfun", 
          "extern": "1", 
          "const": "1", 
          "throws": true
        }, 
        {
          "returnType": "Standard_Real", 
          "arguments": [], 
          "name": "GetAngle", 
          "parent": "IntPolyh_StartPoint", 
          "cls": "memfun", 
          "extern": "1", 
          "const": "1", 
          "throws": true
        }, 
        {
          "returnType": "Standard_Integer", 
          "arguments": [], 
          "name": "ChainList", 
          "parent": "IntPolyh_StartPoint", 
          "cls": "memfun", 
          "extern": "1", 
          "const": "1", 
          "throws": true
        }, 
        {
          "returnType": "Standard_Integer", 
          "arguments": [
            {
              "decl": "const IntPolyh_Triangle &", 
              "type": "IntPolyh_Triangle", 
              "name": "Triangle"
            }, 
            {
              "decl": "Standard_Integer &", 
              "type": "Standard_Integer", 
              "name": "FirstEdgePoint"
            }, 
            {
              "decl": "Standard_Integer &", 
              "type": "Standard_Integer", 
              "name": "SecondEdgePoint"
            }, 
            {
              "decl": "Standard_Integer &", 
              "type": "Standard_Integer", 
              "name": "LastPoint"
            }
          ], 
          "name": "GetEdgePoints", 
          "parent": "IntPolyh_StartPoint", 
          "cls": "memfun", 
          "extern": "1", 
          "const": "1", 
          "throws": true
        }, 
        {
          "returnType": "void", 
          "arguments": [
            {
              "decl": "const IntPolyh_StartPoint &", 
              "type": "IntPolyh_StartPoint", 
              "name": "StPt"
            }
          ], 
          "name": "Equal", 
          "parent": "IntPolyh_StartPoint", 
          "cls": "memfun", 
          "extern": "1", 
          "throws": true
        }, 
        {
          "returnType": "void", 
          "arguments": [
            {
              "decl": "const Standard_Real", 
              "type": "Standard_Real", 
              "name": "XX"
            }, 
            {
              "decl": "const Standard_Real", 
              "type": "Standard_Real", 
              "name": "YY"
            }, 
            {
              "decl": "const Standard_Real", 
              "type": "Standard_Real", 
              "name": "ZZ"
            }
          ], 
          "name": "SetXYZ", 
          "parent": "IntPolyh_StartPoint", 
          "cls": "memfun", 
          "extern": "1", 
          "throws": true
        }, 
        {
          "returnType": "void", 
          "arguments": [
            {
              "decl": "const Standard_Real", 
              "type": "Standard_Real", 
              "name": "UU1"
            }, 
            {
              "decl": "const Standard_Real", 
              "type": "Standard_Real", 
              "name": "VV1"
            }
          ], 
          "name": "SetUV1", 
          "parent": "IntPolyh_StartPoint", 
          "cls": "memfun", 
          "extern": "1", 
          "throws": true
        }, 
        {
          "returnType": "void", 
          "arguments": [
            {
              "decl": "const Standard_Real", 
              "type": "Standard_Real", 
              "name": "UU2"
            }, 
            {
              "decl": "const Standard_Real", 
              "type": "Standard_Real", 
              "name": "VV2"
            }
          ], 
          "name": "SetUV2", 
          "parent": "IntPolyh_StartPoint", 
          "cls": "memfun", 
          "extern": "1", 
          "throws": true
        }, 
        {
          "returnType": "void", 
          "arguments": [
            {
              "decl": "const Standard_Integer", 
              "type": "Standard_Integer", 
              "name": "IE1"
            }
          ], 
          "name": "SetEdge1", 
          "parent": "IntPolyh_StartPoint", 
          "cls": "memfun", 
          "extern": "1", 
          "throws": true
        }, 
        {
          "returnType": "void", 
          "arguments": [
            {
              "decl": "const Standard_Real", 
              "type": "Standard_Real", 
              "name": "LAM1"
            }
          ], 
          "name": "SetLambda1", 
          "parent": "IntPolyh_StartPoint", 
          "cls": "memfun", 
          "extern": "1", 
          "throws": true
        }, 
        {
          "returnType": "void", 
          "arguments": [
            {
              "decl": "const Standard_Integer", 
              "type": "Standard_Integer", 
              "name": "IE2"
            }
          ], 
          "name": "SetEdge2", 
          "parent": "IntPolyh_StartPoint", 
          "cls": "memfun", 
          "extern": "1", 
          "throws": true
        }, 
        {
          "returnType": "void", 
          "arguments": [
            {
              "decl": "const Standard_Real", 
              "type": "Standard_Real", 
              "name": "LAM2"
            }
          ], 
          "name": "SetLambda2", 
          "parent": "IntPolyh_StartPoint", 
          "cls": "memfun", 
          "extern": "1", 
          "throws": true
        }, 
        {
          "returnType": "void", 
          "arguments": [
            {
              "decl": "const Standard_Integer", 
              "type": "Standard_Integer", 
              "name": "IT1"
            }, 
            {
              "decl": "const Standard_Integer", 
              "type": "Standard_Integer", 
              "name": "IT2"
            }
          ], 
          "name": "SetCoupleValue", 
          "parent": "IntPolyh_StartPoint", 
          "cls": "memfun", 
          "extern": "1", 
          "throws": true
        }, 
        {
          "returnType": "void", 
          "arguments": [
            {
              "decl": "const Standard_Real", 
              "type": "Standard_Real", 
              "name": "ang"
            }
          ], 
          "name": "SetAngle", 
          "parent": "IntPolyh_StartPoint", 
          "cls": "memfun", 
          "extern": "1", 
          "throws": true
        }, 
        {
          "returnType": "void", 
          "arguments": [
            {
              "decl": "const Standard_Integer", 
              "type": "Standard_Integer", 
              "name": "ChList"
            }
          ], 
          "name": "SetChainList", 
          "parent": "IntPolyh_StartPoint", 
          "cls": "memfun", 
          "extern": "1", 
          "throws": true
        }, 
        {
          "returnType": "Standard_Integer", 
          "arguments": [
            {
              "decl": "const IntPolyh_StartPoint &", 
              "type": "IntPolyh_StartPoint", 
              "name": "SP"
            }
          ], 
          "name": "CheckSameSP", 
          "parent": "IntPolyh_StartPoint", 
          "cls": "memfun", 
          "extern": "1", 
          "const": "1", 
          "throws": true
        }, 
        {
          "returnType": "void", 
          "arguments": [], 
          "name": "Dump", 
          "parent": "IntPolyh_StartPoint", 
          "cls": "memfun", 
          "extern": "1", 
          "const": "1", 
          "throws": true
        }, 
        {
          "returnType": "void", 
          "arguments": [
            {
              "decl": "const Standard_Integer", 
              "type": "Standard_Integer", 
              "name": "i"
            }
          ], 
          "name": "Dump", 
          "parent": "IntPolyh_StartPoint", 
          "cls": "memfun", 
          "extern": "1", 
          "const": "1", 
          "throws": true
        }
      ], 
      "cls": "class"
    }, 
    {
      "name": "IntPolyh_Triangle", 
      "abstract": false, 
      "constructors": [
        {
          "returnType": "", 
          "arguments": [
            {
              "decl": "const IntPolyh_Triangle &", 
              "type": "IntPolyh_Triangle", 
              "name": "arg0"
            }
          ], 
          "name": "IntPolyh_Triangle", 
          "parent": "IntPolyh_Triangle", 
          "cls": "constructor", 
          "artificial": "1", 
          "copyConstructor": true
        }, 
        {
          "returnType": "", 
          "arguments": [], 
          "name": "IntPolyh_Triangle", 
          "parent": "IntPolyh_Triangle", 
          "cls": "constructor", 
          "extern": "1", 
          "throws": true
        }, 
        {
          "returnType": "", 
          "arguments": [
            {
              "decl": "const Standard_Integer", 
              "type": "Standard_Integer", 
              "name": "i1"
            }, 
            {
              "decl": "const Standard_Integer", 
              "type": "Standard_Integer", 
              "name": "i2"
            }, 
            {
              "decl": "const Standard_Integer", 
              "type": "Standard_Integer", 
              "name": "i3"
            }
          ], 
          "name": "IntPolyh_Triangle", 
          "parent": "IntPolyh_Triangle", 
          "cls": "constructor", 
          "extern": "1", 
          "throws": true
        }
      ], 
      "artificial": "1", 
      "bases": [], 
      "location": [
        "/usr/local/include/oce/IntPolyh_Triangle.hxx", 
        46
      ], 
      "members": [
        {
          "returnType": "Standard_Integer", 
          "arguments": [], 
          "name": "FirstPoint", 
          "parent": "IntPolyh_Triangle", 
          "cls": "memfun", 
          "extern": "1", 
          "const": "1", 
          "throws": true
        }, 
        {
          "returnType": "Standard_Integer", 
          "arguments": [], 
          "name": "SecondPoint", 
          "parent": "IntPolyh_Triangle", 
          "cls": "memfun", 
          "extern": "1", 
          "const": "1", 
          "throws": true
        }, 
        {
          "returnType": "Standard_Integer", 
          "arguments": [], 
          "name": "ThirdPoint", 
          "parent": "IntPolyh_Triangle", 
          "cls": "memfun", 
          "extern": "1", 
          "const": "1", 
          "throws": true
        }, 
        {
          "returnType": "Standard_Integer", 
          "arguments": [], 
          "name": "FirstEdge", 
          "parent": "IntPolyh_Triangle", 
          "cls": "memfun", 
          "extern": "1", 
          "const": "1", 
          "throws": true
        }, 
        {
          "returnType": "Standard_Integer", 
          "arguments": [], 
          "name": "FirstEdgeOrientation", 
          "parent": "IntPolyh_Triangle", 
          "cls": "memfun", 
          "extern": "1", 
          "const": "1", 
          "throws": true
        }, 
        {
          "returnType": "Standard_Integer", 
          "arguments": [], 
          "name": "SecondEdge", 
          "parent": "IntPolyh_Triangle", 
          "cls": "memfun", 
          "extern": "1", 
          "const": "1", 
          "throws": true
        }, 
        {
          "returnType": "Standard_Integer", 
          "arguments": [], 
          "name": "SecondEdgeOrientation", 
          "parent": "IntPolyh_Triangle", 
          "cls": "memfun", 
          "extern": "1", 
          "const": "1", 
          "throws": true
        }, 
        {
          "returnType": "Standard_Integer", 
          "arguments": [], 
          "name": "ThirdEdge", 
          "parent": "IntPolyh_Triangle", 
          "cls": "memfun", 
          "extern": "1", 
          "const": "1", 
          "throws": true
        }, 
        {
          "returnType": "Standard_Integer", 
          "arguments": [], 
          "name": "ThirdEdgeOrientation", 
          "parent": "IntPolyh_Triangle", 
          "cls": "memfun", 
          "extern": "1", 
          "const": "1", 
          "throws": true
        }, 
        {
          "returnType": "Standard_Real", 
          "arguments": [], 
          "name": "GetFleche", 
          "parent": "IntPolyh_Triangle", 
          "cls": "memfun", 
          "extern": "1", 
          "const": "1", 
          "throws": true
        }, 
        {
          "returnType": "Standard_Integer", 
          "arguments": [], 
          "name": "IndiceIntersectionPossible", 
          "parent": "IntPolyh_Triangle", 
          "cls": "memfun", 
          "extern": "1", 
          "const": "1", 
          "throws": true
        }, 
        {
          "returnType": "Standard_Integer", 
          "arguments": [], 
          "name": "IndiceIntersection", 
          "parent": "IntPolyh_Triangle", 
          "cls": "memfun", 
          "extern": "1", 
          "const": "1", 
          "throws": true
        }, 
        {
          "returnType": "void", 
          "arguments": [
            {
              "decl": "const Standard_Integer", 
              "type": "Standard_Integer", 
              "name": "v"
            }
          ], 
          "name": "SetFirstPoint", 
          "parent": "IntPolyh_Triangle", 
          "cls": "memfun", 
          "extern": "1", 
          "throws": true
        }, 
        {
          "returnType": "void", 
          "arguments": [
            {
              "decl": "const Standard_Integer", 
              "type": "Standard_Integer", 
              "name": "v"
            }
          ], 
          "name": "SetSecondPoint", 
          "parent": "IntPolyh_Triangle", 
          "cls": "memfun", 
          "extern": "1", 
          "throws": true
        }, 
        {
          "returnType": "void", 
          "arguments": [
            {
              "decl": "const Standard_Integer", 
              "type": "Standard_Integer", 
              "name": "v"
            }
          ], 
          "name": "SetThirdPoint", 
          "parent": "IntPolyh_Triangle", 
          "cls": "memfun", 
          "extern": "1", 
          "throws": true
        }, 
        {
          "returnType": "void", 
          "arguments": [
            {
              "decl": "const Standard_Integer", 
              "type": "Standard_Integer", 
              "name": "v"
            }, 
            {
              "decl": "const Standard_Integer", 
              "type": "Standard_Integer", 
              "name": "s"
            }
          ], 
          "name": "SetFirstEdge", 
          "parent": "IntPolyh_Triangle", 
          "cls": "memfun", 
          "extern": "1", 
          "throws": true
        }, 
        {
          "returnType": "void", 
          "arguments": [
            {
              "decl": "const Standard_Integer", 
              "type": "Standard_Integer", 
              "name": "v"
            }, 
            {
              "decl": "const Standard_Integer", 
              "type": "Standard_Integer", 
              "name": "s"
            }
          ], 
          "name": "SetSecondEdge", 
          "parent": "IntPolyh_Triangle", 
          "cls": "memfun", 
          "extern": "1", 
          "throws": true
        }, 
        {
          "returnType": "void", 
          "arguments": [
            {
              "decl": "const Standard_Integer", 
              "type": "Standard_Integer", 
              "name": "v"
            }, 
            {
              "decl": "const Standard_Integer", 
              "type": "Standard_Integer", 
              "name": "s"
            }
          ], 
          "name": "SetThirdEdge", 
          "parent": "IntPolyh_Triangle", 
          "cls": "memfun", 
          "extern": "1", 
          "throws": true
        }, 
        {
          "returnType": "void", 
          "arguments": [
            {
              "decl": "const Standard_Real", 
              "type": "Standard_Real", 
              "name": "v"
            }
          ], 
          "name": "SetFleche", 
          "parent": "IntPolyh_Triangle", 
          "cls": "memfun", 
          "extern": "1", 
          "throws": true
        }, 
        {
          "returnType": "void", 
          "arguments": [
            {
              "decl": "const Standard_Integer", 
              "type": "Standard_Integer", 
              "name": "v"
            }
          ], 
          "name": "SetIndiceIntersectionPossible", 
          "parent": "IntPolyh_Triangle", 
          "cls": "memfun", 
          "extern": "1", 
          "throws": true
        }, 
        {
          "returnType": "void", 
          "arguments": [
            {
              "decl": "const Standard_Integer", 
              "type": "Standard_Integer", 
              "name": "v"
            }
          ], 
          "name": "SetIndiceIntersection", 
          "parent": "IntPolyh_Triangle", 
          "cls": "memfun", 
          "extern": "1", 
          "throws": true
        }, 
        {
          "returnType": "Standard_Integer", 
          "arguments": [
            {
              "decl": "const Standard_Integer", 
              "type": "Standard_Integer", 
              "name": "v"
            }
          ], 
          "name": "GetEdgeNumber", 
          "parent": "IntPolyh_Triangle", 
          "cls": "memfun", 
          "extern": "1", 
          "const": "1", 
          "throws": true
        }, 
        {
          "returnType": "void", 
          "arguments": [
            {
              "decl": "const Standard_Integer", 
              "type": "Standard_Integer", 
              "name": "v"
            }, 
            {
              "decl": "const Standard_Integer", 
              "type": "Standard_Integer", 
              "name": "en"
            }
          ], 
          "name": "SetEdge", 
          "parent": "IntPolyh_Triangle", 
          "cls": "memfun", 
          "extern": "1", 
          "throws": true
        }, 
        {
          "returnType": "Standard_Integer", 
          "arguments": [
            {
              "decl": "const Standard_Integer", 
              "type": "Standard_Integer", 
              "name": "v"
            }
          ], 
          "name": "GetEdgeOrientation", 
          "parent": "IntPolyh_Triangle", 
          "cls": "memfun", 
          "extern": "1", 
          "const": "1", 
          "throws": true
        }, 
        {
          "returnType": "void", 
          "arguments": [
            {
              "decl": "const Standard_Integer", 
              "type": "Standard_Integer", 
              "name": "v"
            }, 
            {
              "decl": "const Standard_Integer", 
              "type": "Standard_Integer", 
              "name": "oe"
            }
          ], 
          "name": "SetEdgeOrientation", 
          "parent": "IntPolyh_Triangle", 
          "cls": "memfun", 
          "extern": "1", 
          "throws": true
        }, 
        {
          "returnType": "void", 
          "arguments": [
            {
              "decl": "const Handle_Adaptor3d_HSurface &", 
              "type": "Handle_Adaptor3d_HSurface", 
              "name": "MaSurface"
            }, 
            {
              "decl": "const IntPolyh_ArrayOfPoints &", 
              "type": "IntPolyh_ArrayOfPoints", 
              "name": "TP"
            }
          ], 
          "name": "TriangleDeflection", 
          "parent": "IntPolyh_Triangle", 
          "cls": "memfun", 
          "extern": "1", 
          "throws": true
        }, 
        {
          "returnType": "Standard_Integer", 
          "arguments": [
            {
              "decl": "const Standard_Integer", 
              "type": "Standard_Integer", 
              "name": "PE1"
            }, 
            {
              "decl": "const Standard_Integer", 
              "type": "Standard_Integer", 
              "name": "PE2"
            }, 
            {
              "decl": "const Standard_Integer", 
              "type": "Standard_Integer", 
              "name": "P3"
            }, 
            {
              "decl": "const Standard_Integer", 
              "type": "Standard_Integer", 
              "name": "Index"
            }, 
            {
              "decl": "const IntPolyh_ArrayOfTriangles &", 
              "type": "IntPolyh_ArrayOfTriangles", 
              "name": "TTriangles"
            }
          ], 
          "name": "CheckCommonEdge", 
          "parent": "IntPolyh_Triangle", 
          "cls": "memfun", 
          "extern": "1", 
          "const": "1", 
          "throws": true
        }, 
        {
          "returnType": "Standard_Integer", 
          "arguments": [
            {
              "decl": "const Standard_Integer", 
              "type": "Standard_Integer", 
              "name": "NumTri"
            }, 
            {
              "decl": "const Standard_Integer", 
              "type": "Standard_Integer", 
              "name": "NumEdge"
            }, 
            {
              "decl": "const IntPolyh_ArrayOfEdges &", 
              "type": "IntPolyh_ArrayOfEdges", 
              "name": "TEdges"
            }
          ], 
          "name": "GetNextTriangle2", 
          "parent": "IntPolyh_Triangle", 
          "cls": "memfun", 
          "extern": "1", 
          "const": "1", 
          "throws": true
        }, 
        {
          "returnType": "void", 
          "arguments": [
            {
              "decl": "const Standard_Integer", 
              "type": "Standard_Integer", 
              "name": "TriangleNumber"
            }, 
            {
              "decl": "const Handle_Adaptor3d_HSurface &", 
              "type": "Handle_Adaptor3d_HSurface", 
              "name": "MySurface"
            }, 
            {
              "decl": "IntPolyh_ArrayOfPoints &", 
              "type": "IntPolyh_ArrayOfPoints", 
              "name": "TPoints"
            }, 
            {
              "decl": "IntPolyh_ArrayOfTriangles &", 
              "type": "IntPolyh_ArrayOfTriangles", 
              "name": "TTriangles"
            }, 
            {
              "decl": "IntPolyh_ArrayOfEdges &", 
              "type": "IntPolyh_ArrayOfEdges", 
              "name": "TEdges"
            }
          ], 
          "name": "MiddleRefinement", 
          "parent": "IntPolyh_Triangle", 
          "cls": "memfun", 
          "extern": "1", 
          "throws": true
        }, 
        {
          "returnType": "void", 
          "arguments": [
            {
              "decl": "const Standard_Integer", 
              "type": "Standard_Integer", 
              "name": "NombreAffinages"
            }, 
            {
              "decl": "const Standard_Integer", 
              "type": "Standard_Integer", 
              "name": "TriangleNumber"
            }, 
            {
              "decl": "const Handle_Adaptor3d_HSurface &", 
              "type": "Handle_Adaptor3d_HSurface", 
              "name": "MySurface"
            }, 
            {
              "decl": "IntPolyh_ArrayOfPoints &", 
              "type": "IntPolyh_ArrayOfPoints", 
              "name": "TPoints"
            }, 
            {
              "decl": "IntPolyh_ArrayOfTriangles &", 
              "type": "IntPolyh_ArrayOfTriangles", 
              "name": "TTriangles"
            }, 
            {
              "decl": "IntPolyh_ArrayOfEdges &", 
              "type": "IntPolyh_ArrayOfEdges", 
              "name": "TEdges"
            }
          ], 
          "name": "MultipleMiddleRefinement", 
          "parent": "IntPolyh_Triangle", 
          "cls": "memfun", 
          "extern": "1", 
          "throws": true
        }, 
        {
          "returnType": "Standard_Integer", 
          "arguments": [
            {
              "decl": "const Bnd_Box &", 
              "type": "Bnd_Box", 
              "name": "b"
            }, 
            {
              "decl": "const IntPolyh_ArrayOfPoints &", 
              "type": "IntPolyh_ArrayOfPoints", 
              "name": "TPoints"
            }
          ], 
          "name": "CompareBoxTriangle", 
          "parent": "IntPolyh_Triangle", 
          "cls": "memfun", 
          "extern": "1", 
          "const": "1", 
          "throws": true
        }, 
        {
          "returnType": "void", 
          "arguments": [
            {
              "decl": "const Standard_Real", 
              "type": "Standard_Real", 
              "name": "RefineCriterion"
            }, 
            {
              "decl": "const Bnd_Box &", 
              "type": "Bnd_Box", 
              "name": "thebox"
            }, 
            {
              "decl": "const Standard_Integer", 
              "type": "Standard_Integer", 
              "name": "TriangleNumber"
            }, 
            {
              "decl": "const Handle_Adaptor3d_HSurface &", 
              "type": "Handle_Adaptor3d_HSurface", 
              "name": "MySurface"
            }, 
            {
              "decl": "IntPolyh_ArrayOfPoints &", 
              "type": "IntPolyh_ArrayOfPoints", 
              "name": "TPoints"
            }, 
            {
              "decl": "IntPolyh_ArrayOfTriangles &", 
              "type": "IntPolyh_ArrayOfTriangles", 
              "name": "TTriangles"
            }, 
            {
              "decl": "IntPolyh_ArrayOfEdges &", 
              "type": "IntPolyh_ArrayOfEdges", 
              "name": "TEdges"
            }
          ], 
          "name": "MultipleMiddleRefinement2", 
          "parent": "IntPolyh_Triangle", 
          "cls": "memfun", 
          "extern": "1", 
          "throws": true
        }, 
        {
          "returnType": "Standard_Integer", 
          "arguments": [
            {
              "decl": "const IntPolyh_StartPoint &", 
              "type": "IntPolyh_StartPoint", 
              "name": "SPIni"
            }, 
            {
              "decl": "const Standard_Integer", 
              "type": "Standard_Integer", 
              "name": "LastTTC"
            }, 
            {
              "decl": "IntPolyh_ArrayOfCouples &", 
              "type": "IntPolyh_ArrayOfCouples", 
              "name": "TriContactsArray"
            }, 
            {
              "decl": "const IntPolyh_ArrayOfTriangles &", 
              "type": "IntPolyh_ArrayOfTriangles", 
              "name": "TTriangles1"
            }, 
            {
              "decl": "const IntPolyh_ArrayOfTriangles &", 
              "type": "IntPolyh_ArrayOfTriangles", 
              "name": "TTriangles2"
            }, 
            {
              "decl": "Standard_Integer &", 
              "type": "Standard_Integer", 
              "name": "NumContact"
            }, 
            {
              "decl": "Standard_Integer &", 
              "type": "Standard_Integer", 
              "name": "NextTriangle"
            }
          ], 
          "name": "GetNextChainTriangle", 
          "parent": "IntPolyh_Triangle", 
          "cls": "memfun", 
          "extern": "1", 
          "const": "1", 
          "throws": true
        }, 
        {
          "returnType": "void", 
          "arguments": [
            {
              "decl": "const IntPolyh_ArrayOfEdges &", 
              "type": "IntPolyh_ArrayOfEdges", 
              "name": "TEdges"
            }, 
            {
              "decl": "const Standard_Integer", 
              "type": "Standard_Integer", 
              "name": "ed1"
            }, 
            {
              "decl": "const Standard_Integer", 
              "type": "Standard_Integer", 
              "name": "ed2"
            }, 
            {
              "decl": "const Standard_Integer", 
              "type": "Standard_Integer", 
              "name": "ed3"
            }
          ], 
          "name": "LinkEdges2Triangle", 
          "parent": "IntPolyh_Triangle", 
          "cls": "memfun", 
          "extern": "1", 
          "throws": true
        }, 
        {
          "returnType": "void", 
          "arguments": [
            {
              "decl": "const Standard_Integer", 
              "type": "Standard_Integer", 
              "name": "Edge"
            }, 
            {
              "decl": "const IntPolyh_ArrayOfEdges &", 
              "type": "IntPolyh_ArrayOfEdges", 
              "name": "TEdges"
            }
          ], 
          "name": "SetEdgeandOrientation", 
          "parent": "IntPolyh_Triangle", 
          "cls": "memfun", 
          "extern": "1", 
          "throws": true
        }, 
        {
          "returnType": "void", 
          "arguments": [
            {
              "decl": "const Standard_Integer", 
              "type": "Standard_Integer", 
              "name": "v"
            }
          ], 
          "name": "Dump", 
          "parent": "IntPolyh_Triangle", 
          "cls": "memfun", 
          "extern": "1", 
          "const": "1", 
          "throws": true
        }, 
        {
          "returnType": "void", 
          "arguments": [
            {
              "decl": "const Standard_Integer", 
              "type": "Standard_Integer", 
              "name": "v"
            }
          ], 
          "name": "DumpFleche", 
          "parent": "IntPolyh_Triangle", 
          "cls": "memfun", 
          "extern": "1", 
          "const": "1", 
          "throws": true
        }
      ], 
      "cls": "class"
    }, 
    {
      "name": "IntPolyh_Edge", 
      "abstract": false, 
      "constructors": [
        {
          "returnType": "", 
          "arguments": [
            {
              "decl": "const IntPolyh_Edge &", 
              "type": "IntPolyh_Edge", 
              "name": "arg0"
            }
          ], 
          "name": "IntPolyh_Edge", 
          "parent": "IntPolyh_Edge", 
          "cls": "constructor", 
          "artificial": "1", 
          "copyConstructor": true
        }, 
        {
          "returnType": "", 
          "arguments": [], 
          "name": "IntPolyh_Edge", 
          "parent": "IntPolyh_Edge", 
          "cls": "constructor", 
          "extern": "1", 
          "throws": true
        }, 
        {
          "returnType": "", 
          "arguments": [
            {
              "decl": "const Standard_Integer", 
              "type": "Standard_Integer", 
              "name": "i1"
            }, 
            {
              "decl": "const Standard_Integer", 
              "type": "Standard_Integer", 
              "name": "i2"
            }, 
            {
              "decl": "const Standard_Integer", 
              "type": "Standard_Integer", 
              "name": "i3"
            }, 
            {
              "decl": "const Standard_Integer", 
              "type": "Standard_Integer", 
              "name": "i4"
            }
          ], 
          "name": "IntPolyh_Edge", 
          "parent": "IntPolyh_Edge", 
          "cls": "constructor", 
          "extern": "1", 
          "throws": true
        }
      ], 
      "artificial": "1", 
      "bases": [], 
      "location": [
        "/usr/local/include/oce/IntPolyh_Edge.hxx", 
        25
      ], 
      "members": [
        {
          "returnType": "Standard_Integer", 
          "arguments": [], 
          "name": "FirstPoint", 
          "parent": "IntPolyh_Edge", 
          "cls": "memfun", 
          "extern": "1", 
          "const": "1", 
          "throws": true
        }, 
        {
          "returnType": "Standard_Integer", 
          "arguments": [], 
          "name": "SecondPoint", 
          "parent": "IntPolyh_Edge", 
          "cls": "memfun", 
          "extern": "1", 
          "const": "1", 
          "throws": true
        }, 
        {
          "returnType": "Standard_Integer", 
          "arguments": [], 
          "name": "FirstTriangle", 
          "parent": "IntPolyh_Edge", 
          "cls": "memfun", 
          "extern": "1", 
          "const": "1", 
          "throws": true
        }, 
        {
          "returnType": "Standard_Integer", 
          "arguments": [], 
          "name": "SecondTriangle", 
          "parent": "IntPolyh_Edge", 
          "cls": "memfun", 
          "extern": "1", 
          "const": "1", 
          "throws": true
        }, 
        {
          "returnType": "Standard_Integer", 
          "arguments": [], 
          "name": "AnalysisFlag", 
          "parent": "IntPolyh_Edge", 
          "cls": "memfun", 
          "extern": "1", 
          "const": "1", 
          "throws": true
        }, 
        {
          "returnType": "void", 
          "arguments": [
            {
              "decl": "const Standard_Integer", 
              "type": "Standard_Integer", 
              "name": "v"
            }
          ], 
          "name": "SetFirstPoint", 
          "parent": "IntPolyh_Edge", 
          "cls": "memfun", 
          "extern": "1", 
          "throws": true
        }, 
        {
          "returnType": "void", 
          "arguments": [
            {
              "decl": "const Standard_Integer", 
              "type": "Standard_Integer", 
              "name": "v"
            }
          ], 
          "name": "SetSecondPoint", 
          "parent": "IntPolyh_Edge", 
          "cls": "memfun", 
          "extern": "1", 
          "throws": true
        }, 
        {
          "returnType": "void", 
          "arguments": [
            {
              "decl": "const Standard_Integer", 
              "type": "Standard_Integer", 
              "name": "v"
            }
          ], 
          "name": "SetFirstTriangle", 
          "parent": "IntPolyh_Edge", 
          "cls": "memfun", 
          "extern": "1", 
          "throws": true
        }, 
        {
          "returnType": "void", 
          "arguments": [
            {
              "decl": "const Standard_Integer", 
              "type": "Standard_Integer", 
              "name": "v"
            }
          ], 
          "name": "SetSecondTriangle", 
          "parent": "IntPolyh_Edge", 
          "cls": "memfun", 
          "extern": "1", 
          "throws": true
        }, 
        {
          "returnType": "void", 
          "arguments": [
            {
              "decl": "const Standard_Integer", 
              "type": "Standard_Integer", 
              "name": "v"
            }
          ], 
          "name": "SetAnalysisFlag", 
          "parent": "IntPolyh_Edge", 
          "cls": "memfun", 
          "extern": "1", 
          "throws": true
        }, 
        {
          "returnType": "void", 
          "arguments": [
            {
              "decl": "const Standard_Integer", 
              "type": "Standard_Integer", 
              "name": "v"
            }
          ], 
          "name": "Dump", 
          "parent": "IntPolyh_Edge", 
          "cls": "memfun", 
          "extern": "1", 
          "const": "1", 
          "throws": true
        }
      ], 
      "cls": "class"
    }, 
    {
      "name": "IntPolyh_SeqOfStartPoints", 
      "abstract": false, 
      "constructors": [
        {
          "returnType": "", 
          "arguments": [], 
          "name": "IntPolyh_SeqOfStartPoints", 
          "parent": "IntPolyh_SeqOfStartPoints", 
          "cls": "constructor", 
          "throws": true
        }
      ], 
      "artificial": "1", 
      "bases": [
        {
          "access": "public", 
          "name": "TCollection_BaseSequence"
        }
      ], 
      "location": [
        "/usr/local/include/oce/IntPolyh_SeqOfStartPoints.hxx", 
        35
      ], 
      "members": [
        {
          "returnType": "void", 
          "arguments": [], 
          "name": "Clear", 
          "parent": "IntPolyh_SeqOfStartPoints", 
          "cls": "memfun", 
          "extern": "1", 
          "throws": true
        }, 
        {
          "returnType": "IntPolyh_SeqOfStartPoints const &", 
          "arguments": [
            {
              "decl": "const IntPolyh_SeqOfStartPoints &", 
              "type": "IntPolyh_SeqOfStartPoints", 
              "name": "Other"
            }
          ], 
          "name": "Assign", 
          "parent": "IntPolyh_SeqOfStartPoints", 
          "cls": "memfun", 
          "extern": "1", 
          "throws": true
        }, 
        {
          "returnType": "void", 
          "arguments": [
            {
              "decl": "const IntPolyh_StartPoint &", 
              "type": "IntPolyh_StartPoint", 
              "name": "T"
            }
          ], 
          "name": "Append", 
          "parent": "IntPolyh_SeqOfStartPoints", 
          "cls": "memfun", 
          "extern": "1", 
          "throws": true
        }, 
        {
          "returnType": "void", 
          "arguments": [
            {
              "decl": "IntPolyh_SeqOfStartPoints &", 
              "type": "IntPolyh_SeqOfStartPoints", 
              "name": "S"
            }
          ], 
          "name": "Append", 
          "parent": "IntPolyh_SeqOfStartPoints", 
          "cls": "memfun", 
          "throws": true
        }, 
        {
          "returnType": "void", 
          "arguments": [
            {
              "decl": "const IntPolyh_StartPoint &", 
              "type": "IntPolyh_StartPoint", 
              "name": "T"
            }
          ], 
          "name": "Prepend", 
          "parent": "IntPolyh_SeqOfStartPoints", 
          "cls": "memfun", 
          "extern": "1", 
          "throws": true
        }, 
        {
          "returnType": "void", 
          "arguments": [
            {
              "decl": "IntPolyh_SeqOfStartPoints &", 
              "type": "IntPolyh_SeqOfStartPoints", 
              "name": "S"
            }
          ], 
          "name": "Prepend", 
          "parent": "IntPolyh_SeqOfStartPoints", 
          "cls": "memfun", 
          "throws": true
        }, 
        {
          "returnType": "void", 
          "arguments": [
            {
              "decl": "const Standard_Integer", 
              "type": "Standard_Integer", 
              "name": "Index"
            }, 
            {
              "decl": "const IntPolyh_StartPoint &", 
              "type": "IntPolyh_StartPoint", 
              "name": "I"
            }
          ], 
          "name": "InsertBefore", 
          "parent": "IntPolyh_SeqOfStartPoints", 
          "cls": "memfun", 
          "throws": true
        }, 
        {
          "returnType": "void", 
          "arguments": [
            {
              "decl": "const Standard_Integer", 
              "type": "Standard_Integer", 
              "name": "Index"
            }, 
            {
              "decl": "IntPolyh_SeqOfStartPoints &", 
              "type": "IntPolyh_SeqOfStartPoints", 
              "name": "S"
            }
          ], 
          "name": "InsertBefore", 
          "parent": "IntPolyh_SeqOfStartPoints", 
          "cls": "memfun", 
          "throws": true
        }, 
        {
          "returnType": "void", 
          "arguments": [
            {
              "decl": "const Standard_Integer", 
              "type": "Standard_Integer", 
              "name": "Index"
            }, 
            {
              "decl": "const IntPolyh_StartPoint &", 
              "type": "IntPolyh_StartPoint", 
              "name": "T"
            }
          ], 
          "name": "InsertAfter", 
          "parent": "IntPolyh_SeqOfStartPoints", 
          "cls": "memfun", 
          "extern": "1", 
          "throws": true
        }, 
        {
          "returnType": "void", 
          "arguments": [
            {
              "decl": "const Standard_Integer", 
              "type": "Standard_Integer", 
              "name": "Index"
            }, 
            {
              "decl": "IntPolyh_SeqOfStartPoints &", 
              "type": "IntPolyh_SeqOfStartPoints", 
              "name": "S"
            }
          ], 
          "name": "InsertAfter", 
          "parent": "IntPolyh_SeqOfStartPoints", 
          "cls": "memfun", 
          "throws": true
        }, 
        {
          "returnType": "IntPolyh_StartPoint const &", 
          "arguments": [], 
          "name": "First", 
          "parent": "IntPolyh_SeqOfStartPoints", 
          "cls": "memfun", 
          "extern": "1", 
          "const": "1", 
          "throws": true
        }, 
        {
          "returnType": "IntPolyh_StartPoint const &", 
          "arguments": [], 
          "name": "Last", 
          "parent": "IntPolyh_SeqOfStartPoints", 
          "cls": "memfun", 
          "extern": "1", 
          "const": "1", 
          "throws": true
        }, 
        {
          "returnType": "void", 
          "arguments": [
            {
              "decl": "const Standard_Integer", 
              "type": "Standard_Integer", 
              "name": "Index"
            }, 
            {
              "decl": "IntPolyh_SeqOfStartPoints &", 
              "type": "IntPolyh_SeqOfStartPoints", 
              "name": "S"
            }
          ], 
          "name": "Split", 
          "parent": "IntPolyh_SeqOfStartPoints", 
          "cls": "memfun", 
          "throws": true
        }, 
        {
          "returnType": "IntPolyh_StartPoint const &", 
          "arguments": [
            {
              "decl": "const Standard_Integer", 
              "type": "Standard_Integer", 
              "name": "Index"
            }
          ], 
          "name": "Value", 
          "parent": "IntPolyh_SeqOfStartPoints", 
          "cls": "memfun", 
          "extern": "1", 
          "const": "1", 
          "throws": true
        }, 
        {
          "returnType": "void", 
          "arguments": [
            {
              "decl": "const Standard_Integer", 
              "type": "Standard_Integer", 
              "name": "Index"
            }, 
            {
              "decl": "const IntPolyh_StartPoint &", 
              "type": "IntPolyh_StartPoint", 
              "name": "I"
            }
          ], 
          "name": "SetValue", 
          "parent": "IntPolyh_SeqOfStartPoints", 
          "cls": "memfun", 
          "extern": "1", 
          "throws": true
        }, 
        {
          "returnType": "IntPolyh_StartPoint &", 
          "arguments": [
            {
              "decl": "const Standard_Integer", 
              "type": "Standard_Integer", 
              "name": "Index"
            }
          ], 
          "name": "ChangeValue", 
          "parent": "IntPolyh_SeqOfStartPoints", 
          "cls": "memfun", 
          "extern": "1", 
          "throws": true
        }, 
        {
          "returnType": "void", 
          "arguments": [
            {
              "decl": "const Standard_Integer", 
              "type": "Standard_Integer", 
              "name": "Index"
            }
          ], 
          "name": "Remove", 
          "parent": "IntPolyh_SeqOfStartPoints", 
          "cls": "memfun", 
          "extern": "1", 
          "throws": true
        }, 
        {
          "returnType": "void", 
          "arguments": [
            {
              "decl": "const Standard_Integer", 
              "type": "Standard_Integer", 
              "name": "FromIndex"
            }, 
            {
              "decl": "const Standard_Integer", 
              "type": "Standard_Integer", 
              "name": "ToIndex"
            }
          ], 
          "name": "Remove", 
          "parent": "IntPolyh_SeqOfStartPoints", 
          "cls": "memfun", 
          "extern": "1", 
          "throws": true
        }
      ], 
      "cls": "class"
    }, 
    {
      "name": "Handle_IntPolyh_SequenceNodeOfSeqOfStartPoints", 
      "abstract": false, 
      "constructors": [
        {
          "returnType": "", 
          "arguments": [], 
          "name": "Handle_IntPolyh_SequenceNodeOfSeqOfStartPoints", 
          "parent": "Handle_IntPolyh_SequenceNodeOfSeqOfStartPoints", 
          "cls": "constructor", 
          "throws": true
        }, 
        {
          "returnType": "", 
          "arguments": [
            {
              "decl": "const Handle_IntPolyh_SequenceNodeOfSeqOfStartPoints &", 
              "type": "Handle_IntPolyh_SequenceNodeOfSeqOfStartPoints", 
              "name": "aHandle"
            }
          ], 
          "name": "Handle_IntPolyh_SequenceNodeOfSeqOfStartPoints", 
          "parent": "Handle_IntPolyh_SequenceNodeOfSeqOfStartPoints", 
          "cls": "constructor", 
          "throws": true, 
          "copyConstructor": true
        }, 
        {
          "returnType": "", 
          "arguments": [
            {
              "decl": "const IntPolyh_SequenceNodeOfSeqOfStartPoints *", 
              "type": "IntPolyh_SequenceNodeOfSeqOfStartPoints", 
              "name": "anItem"
            }
          ], 
          "name": "Handle_IntPolyh_SequenceNodeOfSeqOfStartPoints", 
          "parent": "Handle_IntPolyh_SequenceNodeOfSeqOfStartPoints", 
          "cls": "constructor", 
          "throws": true
        }
      ], 
      "artificial": "1", 
      "bases": [
        {
          "access": "public", 
          "name": "Handle_TCollection_SeqNode"
        }
      ], 
      "location": [
        "/usr/local/include/oce/Handle_IntPolyh_SequenceNodeOfSeqOfStartPoints.hxx", 
        25
      ], 
      "members": [
        {
          "returnType": "Handle_IntPolyh_SequenceNodeOfSeqOfStartPoints", 
          "arguments": [
            {
              "decl": "const Handle_Standard_Transient &", 
              "type": "Handle_Standard_Transient", 
              "name": "AnObject"
            }
          ], 
          "name": "DownCast", 
          "parent": "Handle_IntPolyh_SequenceNodeOfSeqOfStartPoints", 
          "cls": "memfun", 
          "static": "1", 
          "extern": "1", 
          "throws": true
        }
      ], 
      "cls": "class"
    }, 
    {
      "name": "IntPolyh_SectionLine", 
      "abstract": false, 
      "constructors": [
        {
          "returnType": "", 
          "arguments": [], 
          "name": "IntPolyh_SectionLine", 
          "parent": "IntPolyh_SectionLine", 
          "cls": "constructor", 
          "extern": "1", 
          "throws": true
        }, 
        {
          "returnType": "", 
          "arguments": [
            {
              "decl": "const Standard_Integer", 
              "type": "Standard_Integer", 
              "name": "nn"
            }
          ], 
          "name": "IntPolyh_SectionLine", 
          "parent": "IntPolyh_SectionLine", 
          "cls": "constructor", 
          "extern": "1", 
          "throws": true
        }
      ], 
      "artificial": "1", 
      "bases": [], 
      "location": [
        "/usr/local/include/oce/IntPolyh_SectionLine.hxx", 
        29
      ], 
      "members": [
        {
          "returnType": "void", 
          "arguments": [
            {
              "decl": "const Standard_Integer", 
              "type": "Standard_Integer", 
              "name": "nn"
            }
          ], 
          "name": "Init", 
          "parent": "IntPolyh_SectionLine", 
          "cls": "memfun", 
          "extern": "1", 
          "throws": true
        }, 
        {
          "returnType": "IntPolyh_StartPoint const &", 
          "arguments": [
            {
              "decl": "const Standard_Integer", 
              "type": "Standard_Integer", 
              "name": "nn"
            }
          ], 
          "name": "Value", 
          "parent": "IntPolyh_SectionLine", 
          "cls": "memfun", 
          "extern": "1", 
          "const": "1", 
          "throws": true
        }, 
        {
          "returnType": "IntPolyh_StartPoint &", 
          "arguments": [
            {
              "decl": "const Standard_Integer", 
              "type": "Standard_Integer", 
              "name": "nn"
            }
          ], 
          "name": "ChangeValue", 
          "parent": "IntPolyh_SectionLine", 
          "cls": "memfun", 
          "extern": "1", 
          "throws": true
        }, 
        {
          "returnType": "IntPolyh_SectionLine &", 
          "arguments": [
            {
              "decl": "const IntPolyh_SectionLine &", 
              "type": "IntPolyh_SectionLine", 
              "name": "Other"
            }
          ], 
          "name": "Copy", 
          "parent": "IntPolyh_SectionLine", 
          "cls": "memfun", 
          "extern": "1", 
          "throws": true
        }, 
        {
          "returnType": "Standard_Integer", 
          "arguments": [], 
          "name": "GetN", 
          "parent": "IntPolyh_SectionLine", 
          "cls": "memfun", 
          "extern": "1", 
          "const": "1", 
          "throws": true
        }, 
        {
          "returnType": "Standard_Integer", 
          "arguments": [], 
          "name": "NbStartPoints", 
          "parent": "IntPolyh_SectionLine", 
          "cls": "memfun", 
          "extern": "1", 
          "const": "1", 
          "throws": true
        }, 
        {
          "returnType": "void", 
          "arguments": [], 
          "name": "IncrementNbStartPoints", 
          "parent": "IntPolyh_SectionLine", 
          "cls": "memfun", 
          "extern": "1", 
          "throws": true
        }, 
        {
          "returnType": "void", 
          "arguments": [], 
          "name": "Destroy", 
          "parent": "IntPolyh_SectionLine", 
          "cls": "memfun", 
          "extern": "1", 
          "throws": true
        }, 
        {
          "returnType": "void", 
          "arguments": [], 
          "name": "Dump", 
          "parent": "IntPolyh_SectionLine", 
          "cls": "memfun", 
          "extern": "1", 
          "const": "1", 
          "throws": true
        }, 
        {
          "returnType": "void", 
          "arguments": [
            {
              "decl": "const IntPolyh_StartPoint &", 
              "type": "IntPolyh_StartPoint", 
              "name": "SP"
            }
          ], 
          "name": "Prepend", 
          "parent": "IntPolyh_SectionLine", 
          "cls": "memfun", 
          "extern": "1", 
          "throws": true
        }
      ], 
      "cls": "class"
    }, 
    {
      "name": "IntPolyh_Point", 
      "abstract": false, 
      "constructors": [
        {
          "returnType": "", 
          "arguments": [
            {
              "decl": "const IntPolyh_Point &", 
              "type": "IntPolyh_Point", 
              "name": "arg0"
            }
          ], 
          "name": "IntPolyh_Point", 
          "parent": "IntPolyh_Point", 
          "cls": "constructor", 
          "artificial": "1", 
          "copyConstructor": true
        }, 
        {
          "returnType": "", 
          "arguments": [], 
          "name": "IntPolyh_Point", 
          "parent": "IntPolyh_Point", 
          "cls": "constructor", 
          "extern": "1", 
          "throws": true
        }, 
        {
          "returnType": "", 
          "arguments": [
            {
              "decl": "const Standard_Real", 
              "type": "Standard_Real", 
              "name": "xx"
            }, 
            {
              "decl": "const Standard_Real", 
              "type": "Standard_Real", 
              "name": "yy"
            }, 
            {
              "decl": "const Standard_Real", 
              "type": "Standard_Real", 
              "name": "zz"
            }, 
            {
              "decl": "const Standard_Real", 
              "type": "Standard_Real", 
              "name": "uu"
            }, 
            {
              "decl": "const Standard_Real", 
              "type": "Standard_Real", 
              "name": "vv"
            }
          ], 
          "name": "IntPolyh_Point", 
          "parent": "IntPolyh_Point", 
          "cls": "constructor", 
          "extern": "1", 
          "throws": true
        }
      ], 
      "artificial": "1", 
      "bases": [], 
      "location": [
        "/usr/local/include/oce/IntPolyh_Point.hxx", 
        35
      ], 
      "members": [
        {
          "returnType": "Standard_Real", 
          "arguments": [], 
          "name": "X", 
          "parent": "IntPolyh_Point", 
          "cls": "memfun", 
          "extern": "1", 
          "const": "1", 
          "throws": true
        }, 
        {
          "returnType": "Standard_Real", 
          "arguments": [], 
          "name": "Y", 
          "parent": "IntPolyh_Point", 
          "cls": "memfun", 
          "extern": "1", 
          "const": "1", 
          "throws": true
        }, 
        {
          "returnType": "Standard_Real", 
          "arguments": [], 
          "name": "Z", 
          "parent": "IntPolyh_Point", 
          "cls": "memfun", 
          "extern": "1", 
          "const": "1", 
          "throws": true
        }, 
        {
          "returnType": "Standard_Real", 
          "arguments": [], 
          "name": "U", 
          "parent": "IntPolyh_Point", 
          "cls": "memfun", 
          "extern": "1", 
          "const": "1", 
          "throws": true
        }, 
        {
          "returnType": "Standard_Real", 
          "arguments": [], 
          "name": "V", 
          "parent": "IntPolyh_Point", 
          "cls": "memfun", 
          "extern": "1", 
          "const": "1", 
          "throws": true
        }, 
        {
          "returnType": "Standard_Integer", 
          "arguments": [], 
          "name": "PartOfCommon", 
          "parent": "IntPolyh_Point", 
          "cls": "memfun", 
          "extern": "1", 
          "const": "1", 
          "throws": true
        }, 
        {
          "returnType": "void", 
          "arguments": [
            {
              "decl": "const IntPolyh_Point &", 
              "type": "IntPolyh_Point", 
              "name": "Pt"
            }
          ], 
          "name": "Equal", 
          "parent": "IntPolyh_Point", 
          "cls": "memfun", 
          "extern": "1", 
          "throws": true
        }, 
        {
          "returnType": "void", 
          "arguments": [
            {
              "decl": "const Standard_Real", 
              "type": "Standard_Real", 
              "name": "v1"
            }, 
            {
              "decl": "const Standard_Real", 
              "type": "Standard_Real", 
              "name": "v2"
            }, 
            {
              "decl": "const Standard_Real", 
              "type": "Standard_Real", 
              "name": "v3"
            }, 
            {
              "decl": "const Standard_Real", 
              "type": "Standard_Real", 
              "name": "v4"
            }, 
            {
              "decl": "const Standard_Real", 
              "type": "Standard_Real", 
              "name": "v5"
            }, 
            {
              "decl": "const Standard_Integer", 
              "type": "Standard_Integer", 
              "name": "II", 
              "default": "1"
            }
          ], 
          "name": "Set", 
          "parent": "IntPolyh_Point", 
          "cls": "memfun", 
          "extern": "1", 
          "throws": true
        }, 
        {
          "returnType": "void", 
          "arguments": [
            {
              "decl": "const Standard_Real", 
              "type": "Standard_Real", 
              "name": "v"
            }
          ], 
          "name": "SetX", 
          "parent": "IntPolyh_Point", 
          "cls": "memfun", 
          "extern": "1", 
          "throws": true
        }, 
        {
          "returnType": "void", 
          "arguments": [
            {
              "decl": "const Standard_Real", 
              "type": "Standard_Real", 
              "name": "v"
            }
          ], 
          "name": "SetY", 
          "parent": "IntPolyh_Point", 
          "cls": "memfun", 
          "extern": "1", 
          "throws": true
        }, 
        {
          "returnType": "void", 
          "arguments": [
            {
              "decl": "const Standard_Real", 
              "type": "Standard_Real", 
              "name": "v"
            }
          ], 
          "name": "SetZ", 
          "parent": "IntPolyh_Point", 
          "cls": "memfun", 
          "extern": "1", 
          "throws": true
        }, 
        {
          "returnType": "void", 
          "arguments": [
            {
              "decl": "const Standard_Real", 
              "type": "Standard_Real", 
              "name": "v"
            }
          ], 
          "name": "SetU", 
          "parent": "IntPolyh_Point", 
          "cls": "memfun", 
          "extern": "1", 
          "throws": true
        }, 
        {
          "returnType": "void", 
          "arguments": [
            {
              "decl": "const Standard_Real", 
              "type": "Standard_Real", 
              "name": "v"
            }
          ], 
          "name": "SetV", 
          "parent": "IntPolyh_Point", 
          "cls": "memfun", 
          "extern": "1", 
          "throws": true
        }, 
        {
          "returnType": "void", 
          "arguments": [
            {
              "decl": "const Standard_Integer", 
              "type": "Standard_Integer", 
              "name": "ii"
            }
          ], 
          "name": "SetPartOfCommon", 
          "parent": "IntPolyh_Point", 
          "cls": "memfun", 
          "extern": "1", 
          "throws": true
        }, 
        {
          "returnType": "void", 
          "arguments": [
            {
              "decl": "const Handle_Adaptor3d_HSurface &", 
              "type": "Handle_Adaptor3d_HSurface", 
              "name": "MySurface"
            }, 
            {
              "decl": "const IntPolyh_Point &", 
              "type": "IntPolyh_Point", 
              "name": "P1"
            }, 
            {
              "decl": "const IntPolyh_Point &", 
              "type": "IntPolyh_Point", 
              "name": "P2"
            }
          ], 
          "name": "Middle", 
          "parent": "IntPolyh_Point", 
          "cls": "memfun", 
          "extern": "1", 
          "throws": true
        }, 
        {
          "returnType": "IntPolyh_Point", 
          "arguments": [
            {
              "decl": "const IntPolyh_Point &", 
              "type": "IntPolyh_Point", 
              "name": "P1"
            }
          ], 
          "name": "Add", 
          "parent": "IntPolyh_Point", 
          "cls": "memfun", 
          "extern": "1", 
          "const": "1", 
          "throws": true
        }, 
        {
          "returnType": "IntPolyh_Point", 
          "arguments": [
            {
              "decl": "const IntPolyh_Point &", 
              "type": "IntPolyh_Point", 
              "name": "P1"
            }
          ], 
          "name": "Sub", 
          "parent": "IntPolyh_Point", 
          "cls": "memfun", 
          "extern": "1", 
          "const": "1", 
          "throws": true
        }, 
        {
          "returnType": "IntPolyh_Point", 
          "arguments": [
            {
              "decl": "const Standard_Real", 
              "type": "Standard_Real", 
              "name": "rr"
            }
          ], 
          "name": "Divide", 
          "parent": "IntPolyh_Point", 
          "cls": "memfun", 
          "extern": "1", 
          "const": "1", 
          "throws": true
        }, 
        {
          "returnType": "IntPolyh_Point", 
          "arguments": [
            {
              "decl": "const Standard_Real", 
              "type": "Standard_Real", 
              "name": "rr"
            }
          ], 
          "name": "Multiplication", 
          "parent": "IntPolyh_Point", 
          "cls": "memfun", 
          "extern": "1", 
          "const": "1", 
          "throws": true
        }, 
        {
          "returnType": "Standard_Real", 
          "arguments": [], 
          "name": "SquareModulus", 
          "parent": "IntPolyh_Point", 
          "cls": "memfun", 
          "extern": "1", 
          "const": "1", 
          "throws": true
        }, 
        {
          "returnType": "Standard_Real", 
          "arguments": [
            {
              "decl": "const IntPolyh_Point &", 
              "type": "IntPolyh_Point", 
              "name": "P2"
            }
          ], 
          "name": "SquareDistance", 
          "parent": "IntPolyh_Point", 
          "cls": "memfun", 
          "extern": "1", 
          "const": "1", 
          "throws": true
        }, 
        {
          "returnType": "Standard_Real", 
          "arguments": [
            {
              "decl": "const IntPolyh_Point &", 
              "type": "IntPolyh_Point", 
              "name": "P2"
            }
          ], 
          "name": "Dot", 
          "parent": "IntPolyh_Point", 
          "cls": "memfun", 
          "extern": "1", 
          "const": "1", 
          "throws": true
        }, 
        {
          "returnType": "void", 
          "arguments": [
            {
              "decl": "const IntPolyh_Point &", 
              "type": "IntPolyh_Point", 
              "name": "P1"
            }, 
            {
              "decl": "const IntPolyh_Point &", 
              "type": "IntPolyh_Point", 
              "name": "P2"
            }
          ], 
          "name": "Cross", 
          "parent": "IntPolyh_Point", 
          "cls": "memfun", 
          "extern": "1", 
          "throws": true
        }, 
        {
          "returnType": "void", 
          "arguments": [], 
          "name": "Dump", 
          "parent": "IntPolyh_Point", 
          "cls": "memfun", 
          "extern": "1", 
          "const": "1", 
          "throws": true
        }, 
        {
          "returnType": "void", 
          "arguments": [
            {
              "decl": "const Standard_Integer", 
              "type": "Standard_Integer", 
              "name": "i"
            }
          ], 
          "name": "Dump", 
          "parent": "IntPolyh_Point", 
          "cls": "memfun", 
          "extern": "1", 
          "const": "1", 
          "throws": true
        }, 
        {
          "returnType": "void", 
          "arguments": [
            {
              "decl": "const Standard_Boolean", 
              "type": "Standard_Boolean", 
              "name": "theFlag"
            }
          ], 
          "name": "SetDegenerated", 
          "parent": "IntPolyh_Point", 
          "cls": "memfun", 
          "extern": "1", 
          "throws": true
        }, 
        {
          "returnType": "Standard_Boolean", 
          "arguments": [], 
          "name": "Degenerated", 
          "parent": "IntPolyh_Point", 
          "cls": "memfun", 
          "extern": "1", 
          "const": "1", 
          "throws": true
        }
      ], 
      "cls": "class"
    }, 
    {
      "name": "IntPolyh_SequenceNodeOfSeqOfStartPoints", 
      "abstract": false, 
      "constructors": [
        {
          "returnType": "", 
          "arguments": [
            {
              "decl": "const IntPolyh_SequenceNodeOfSeqOfStartPoints &", 
              "type": "IntPolyh_SequenceNodeOfSeqOfStartPoints", 
              "name": "arg0"
            }
          ], 
          "name": "IntPolyh_SequenceNodeOfSeqOfStartPoints", 
          "parent": "IntPolyh_SequenceNodeOfSeqOfStartPoints", 
          "cls": "constructor", 
          "artificial": "1", 
          "throws": true, 
          "copyConstructor": true
        }, 
        {
          "returnType": "", 
          "arguments": [
            {
              "decl": "const IntPolyh_StartPoint &", 
              "type": "IntPolyh_StartPoint", 
              "name": "I"
            }, 
            {
              "decl": "const TCollection_SeqNodePtr &", 
              "type": "TCollection_SeqNodePtr", 
              "name": "n"
            }, 
            {
              "decl": "const TCollection_SeqNodePtr &", 
              "type": "TCollection_SeqNodePtr", 
              "name": "p"
            }
          ], 
          "name": "IntPolyh_SequenceNodeOfSeqOfStartPoints", 
          "parent": "IntPolyh_SequenceNodeOfSeqOfStartPoints", 
          "cls": "constructor", 
          "throws": true
        }
      ], 
      "artificial": "1", 
      "bases": [
        {
          "access": "public", 
          "name": "TCollection_SeqNode"
        }
      ], 
      "location": [
        "/usr/local/include/oce/IntPolyh_SequenceNodeOfSeqOfStartPoints.hxx", 
        33
      ], 
      "members": [
        {
          "returnType": "IntPolyh_StartPoint &", 
          "arguments": [], 
          "name": "Value", 
          "parent": "IntPolyh_SequenceNodeOfSeqOfStartPoints", 
          "cls": "memfun", 
          "const": "1", 
          "throws": true
        }, 
        {
          "returnType": "Handle_Standard_Type const &", 
          "arguments": [], 
          "name": "DynamicType", 
          "parent": "IntPolyh_SequenceNodeOfSeqOfStartPoints", 
          "cls": "memfun", 
          "extern": "1", 
          "const": "1", 
          "throws": true, 
          "virtuality": "virtual"
        }
      ], 
      "cls": "class"
    }, 
    {
      "name": "IntPolyh_Couple", 
      "abstract": false, 
      "constructors": [
        {
          "returnType": "", 
          "arguments": [
            {
              "decl": "const IntPolyh_Couple &", 
              "type": "IntPolyh_Couple", 
              "name": "arg0"
            }
          ], 
          "name": "IntPolyh_Couple", 
          "parent": "IntPolyh_Couple", 
          "cls": "constructor", 
          "artificial": "1", 
          "copyConstructor": true
        }, 
        {
          "returnType": "", 
          "arguments": [], 
          "name": "IntPolyh_Couple", 
          "parent": "IntPolyh_Couple", 
          "cls": "constructor", 
          "extern": "1", 
          "throws": true
        }, 
        {
          "returnType": "", 
          "arguments": [
            {
              "decl": "const Standard_Integer", 
              "type": "Standard_Integer", 
              "name": "i1"
            }, 
            {
              "decl": "const Standard_Integer", 
              "type": "Standard_Integer", 
              "name": "i2"
            }
          ], 
          "name": "IntPolyh_Couple", 
          "parent": "IntPolyh_Couple", 
          "cls": "constructor", 
          "extern": "1", 
          "throws": true
        }
      ], 
      "artificial": "1", 
      "bases": [], 
      "location": [
        "/usr/local/include/oce/IntPolyh_Couple.hxx", 
        28
      ], 
      "members": [
        {
          "returnType": "Standard_Integer", 
          "arguments": [], 
          "name": "FirstValue", 
          "parent": "IntPolyh_Couple", 
          "cls": "memfun", 
          "extern": "1", 
          "const": "1", 
          "throws": true
        }, 
        {
          "returnType": "Standard_Integer", 
          "arguments": [], 
          "name": "SecondValue", 
          "parent": "IntPolyh_Couple", 
          "cls": "memfun", 
          "extern": "1", 
          "const": "1", 
          "throws": true
        }, 
        {
          "returnType": "Standard_Integer", 
          "arguments": [], 
          "name": "AnalyseFlagValue", 
          "parent": "IntPolyh_Couple", 
          "cls": "memfun", 
          "extern": "1", 
          "const": "1", 
          "throws": true
        }, 
        {
          "returnType": "Standard_Real", 
          "arguments": [], 
          "name": "AngleValue", 
          "parent": "IntPolyh_Couple", 
          "cls": "memfun", 
          "extern": "1", 
          "const": "1", 
          "throws": true
        }, 
        {
          "returnType": "void", 
          "arguments": [
            {
              "decl": "const Standard_Integer", 
              "type": "Standard_Integer", 
              "name": "v"
            }, 
            {
              "decl": "const Standard_Integer", 
              "type": "Standard_Integer", 
              "name": "w"
            }
          ], 
          "name": "SetCoupleValue", 
          "parent": "IntPolyh_Couple", 
          "cls": "memfun", 
          "extern": "1", 
          "throws": true
        }, 
        {
          "returnType": "void", 
          "arguments": [
            {
              "decl": "const Standard_Integer", 
              "type": "Standard_Integer", 
              "name": "v"
            }
          ], 
          "name": "SetAnalyseFlag", 
          "parent": "IntPolyh_Couple", 
          "cls": "memfun", 
          "extern": "1", 
          "throws": true
        }, 
        {
          "returnType": "void", 
          "arguments": [
            {
              "decl": "const Standard_Real", 
              "type": "Standard_Real", 
              "name": "ang"
            }
          ], 
          "name": "SetAngleValue", 
          "parent": "IntPolyh_Couple", 
          "cls": "memfun", 
          "extern": "1", 
          "throws": true
        }, 
        {
          "returnType": "void", 
          "arguments": [
            {
              "decl": "const Standard_Integer", 
              "type": "Standard_Integer", 
              "name": "v"
            }
          ], 
          "name": "Dump", 
          "parent": "IntPolyh_Couple", 
          "cls": "memfun", 
          "extern": "1", 
          "const": "1", 
          "throws": true
        }
      ], 
      "cls": "class"
    }, 
    {
      "name": "IntPolyh_Intersection", 
      "abstract": false, 
      "constructors": [
        {
          "returnType": "", 
          "arguments": [
            {
              "decl": "const IntPolyh_Intersection &", 
              "type": "IntPolyh_Intersection", 
              "name": "arg0"
            }
          ], 
          "name": "IntPolyh_Intersection", 
          "parent": "IntPolyh_Intersection", 
          "cls": "constructor", 
          "artificial": "1", 
          "throws": true, 
          "copyConstructor": true
        }, 
        {
          "returnType": "", 
          "arguments": [
            {
              "decl": "const Handle_Adaptor3d_HSurface &", 
              "type": "Handle_Adaptor3d_HSurface", 
              "name": "S1"
            }, 
            {
              "decl": "const Handle_Adaptor3d_HSurface &", 
              "type": "Handle_Adaptor3d_HSurface", 
              "name": "S2"
            }
          ], 
          "name": "IntPolyh_Intersection", 
          "parent": "IntPolyh_Intersection", 
          "cls": "constructor", 
          "extern": "1", 
          "throws": true
        }, 
        {
          "returnType": "", 
          "arguments": [
            {
              "decl": "const Handle_Adaptor3d_HSurface &", 
              "type": "Handle_Adaptor3d_HSurface", 
              "name": "S1"
            }, 
            {
              "decl": "const Standard_Integer", 
              "type": "Standard_Integer", 
              "name": "NbSU1"
            }, 
            {
              "decl": "const Standard_Integer", 
              "type": "Standard_Integer", 
              "name": "NbSV1"
            }, 
            {
              "decl": "const Handle_Adaptor3d_HSurface &", 
              "type": "Handle_Adaptor3d_HSurface", 
              "name": "S2"
            }, 
            {
              "decl": "const Standard_Integer", 
              "type": "Standard_Integer", 
              "name": "NbSU2"
            }, 
            {
              "decl": "const Standard_Integer", 
              "type": "Standard_Integer", 
              "name": "NbSV2"
            }
          ], 
          "name": "IntPolyh_Intersection", 
          "parent": "IntPolyh_Intersection", 
          "cls": "constructor", 
          "extern": "1", 
          "throws": true
        }, 
        {
          "returnType": "", 
          "arguments": [
            {
              "decl": "const Handle_Adaptor3d_HSurface &", 
              "type": "Handle_Adaptor3d_HSurface", 
              "name": "S1"
            }, 
            {
              "decl": "const TColStd_Array1OfReal &", 
              "type": "TColStd_Array1OfReal", 
              "name": "anUpars1"
            }, 
            {
              "decl": "const TColStd_Array1OfReal &", 
              "type": "TColStd_Array1OfReal", 
              "name": "aVpars1"
            }, 
            {
              "decl": "const Handle_Adaptor3d_HSurface &", 
              "type": "Handle_Adaptor3d_HSurface", 
              "name": "S2"
            }, 
            {
              "decl": "const TColStd_Array1OfReal &", 
              "type": "TColStd_Array1OfReal", 
              "name": "anUpars2"
            }, 
            {
              "decl": "const TColStd_Array1OfReal &", 
              "type": "TColStd_Array1OfReal", 
              "name": "aVpars2"
            }
          ], 
          "name": "IntPolyh_Intersection", 
          "parent": "IntPolyh_Intersection", 
          "cls": "constructor", 
          "extern": "1", 
          "throws": true
        }
      ], 
      "artificial": "1", 
      "bases": [], 
      "location": [
        "/usr/local/include/oce/IntPolyh_Intersection.hxx", 
        48
      ], 
      "members": [
        {
          "returnType": "void", 
          "arguments": [], 
          "name": "Perform", 
          "parent": "IntPolyh_Intersection", 
          "cls": "memfun", 
          "extern": "1", 
          "throws": true
        }, 
        {
          "returnType": "void", 
          "arguments": [
            {
              "decl": "const TColStd_Array1OfReal &", 
              "type": "TColStd_Array1OfReal", 
              "name": "Upars1"
            }, 
            {
              "decl": "const TColStd_Array1OfReal &", 
              "type": "TColStd_Array1OfReal", 
              "name": "Vpars1"
            }, 
            {
              "decl": "const TColStd_Array1OfReal &", 
              "type": "TColStd_Array1OfReal", 
              "name": "Upars2"
            }, 
            {
              "decl": "const TColStd_Array1OfReal &", 
              "type": "TColStd_Array1OfReal", 
              "name": "Vpars2"
            }
          ], 
          "name": "Perform", 
          "parent": "IntPolyh_Intersection", 
          "cls": "memfun", 
          "extern": "1", 
          "throws": true
        }, 
        {
          "returnType": "Standard_Boolean", 
          "arguments": [], 
          "name": "IsDone", 
          "parent": "IntPolyh_Intersection", 
          "cls": "memfun", 
          "extern": "1", 
          "const": "1", 
          "throws": true
        }, 
        {
          "returnType": "Standard_Integer", 
          "arguments": [], 
          "name": "NbSectionLines", 
          "parent": "IntPolyh_Intersection", 
          "cls": "memfun", 
          "extern": "1", 
          "const": "1", 
          "throws": true
        }, 
        {
          "returnType": "Standard_Integer", 
          "arguments": [
            {
              "decl": "const Standard_Integer", 
              "type": "Standard_Integer", 
              "name": "IndexLine"
            }
          ], 
          "name": "NbPointsInLine", 
          "parent": "IntPolyh_Intersection", 
          "cls": "memfun", 
          "extern": "1", 
          "const": "1", 
          "throws": true
        }, 
        {
          "returnType": "void", 
          "arguments": [
            {
              "decl": "const Standard_Integer", 
              "type": "Standard_Integer", 
              "name": "IndexLine"
            }, 
            {
              "decl": "const Standard_Integer", 
              "type": "Standard_Integer", 
              "name": "IndexPoint"
            }, 
            {
              "decl": "Standard_Real &", 
              "type": "Standard_Real", 
              "name": "x"
            }, 
            {
              "decl": "Standard_Real &", 
              "type": "Standard_Real", 
              "name": "y"
            }, 
            {
              "decl": "Standard_Real &", 
              "type": "Standard_Real", 
              "name": "z"
            }, 
            {
              "decl": "Standard_Real &", 
              "type": "Standard_Real", 
              "name": "u1"
            }, 
            {
              "decl": "Standard_Real &", 
              "type": "Standard_Real", 
              "name": "v1"
            }, 
            {
              "decl": "Standard_Real &", 
              "type": "Standard_Real", 
              "name": "u2"
            }, 
            {
              "decl": "Standard_Real &", 
              "type": "Standard_Real", 
              "name": "v2"
            }, 
            {
              "decl": "Standard_Real &", 
              "type": "Standard_Real", 
              "name": "incidence"
            }
          ], 
          "name": "GetLinePoint", 
          "parent": "IntPolyh_Intersection", 
          "cls": "memfun", 
          "extern": "1", 
          "const": "1", 
          "throws": true
        }, 
        {
          "returnType": "Standard_Integer", 
          "arguments": [], 
          "name": "NbTangentZones", 
          "parent": "IntPolyh_Intersection", 
          "cls": "memfun", 
          "extern": "1", 
          "const": "1", 
          "throws": true
        }, 
        {
          "returnType": "Standard_Integer", 
          "arguments": [
            {
              "decl": "const Standard_Integer", 
              "type": "Standard_Integer", 
              "name": "IndexLine"
            }
          ], 
          "name": "NbPointsInTangentZone", 
          "parent": "IntPolyh_Intersection", 
          "cls": "memfun", 
          "extern": "1", 
          "const": "1", 
          "throws": true
        }, 
        {
          "returnType": "void", 
          "arguments": [
            {
              "decl": "const Standard_Integer", 
              "type": "Standard_Integer", 
              "name": "IndexLine"
            }, 
            {
              "decl": "const Standard_Integer", 
              "type": "Standard_Integer", 
              "name": "IndexPoint"
            }, 
            {
              "decl": "Standard_Real &", 
              "type": "Standard_Real", 
              "name": "x"
            }, 
            {
              "decl": "Standard_Real &", 
              "type": "Standard_Real", 
              "name": "y"
            }, 
            {
              "decl": "Standard_Real &", 
              "type": "Standard_Real", 
              "name": "z"
            }, 
            {
              "decl": "Standard_Real &", 
              "type": "Standard_Real", 
              "name": "u1"
            }, 
            {
              "decl": "Standard_Real &", 
              "type": "Standard_Real", 
              "name": "v1"
            }, 
            {
              "decl": "Standard_Real &", 
              "type": "Standard_Real", 
              "name": "u2"
            }, 
            {
              "decl": "Standard_Real &", 
              "type": "Standard_Real", 
              "name": "v2"
            }
          ], 
          "name": "GetTangentZonePoint", 
          "parent": "IntPolyh_Intersection", 
          "cls": "memfun", 
          "extern": "1", 
          "const": "1", 
          "throws": true
        }
      ], 
      "cls": "class"
    }
  ], 
  "headers": [
    "IntPolyh_ArrayOfPoints.hxx", 
    "IntPolyh_SeqOfStartPoints.hxx", 
    "IntPolyh_ArrayOfSectionLines.hxx", 
    "IntPolyh_PMaillageAffinage.hxx", 
    "IntPolyh_ArrayOfEdges.hxx", 
    "IntPolyh_ArrayOfTriangles.hxx", 
    "IntPolyh_StartPoint.hxx", 
    "IntPolyh_SequenceNodeOfSeqOfStartPoints.hxx", 
    "IntPolyh_ArrayOfTangentZones.hxx", 
    "IntPolyh_ArrayOfCouples.hxx", 
    "IntPolyh_Edge.hxx", 
    "IntPolyh_Couple.hxx", 
    "IntPolyh_SectionLine.hxx", 
    "IntPolyh_Point.hxx", 
    "IntPolyh_Triangle.hxx", 
    "IntPolyh_ArrayOfStartPoints.hxx", 
    "IntPolyh_Intersection.hxx"
  ], 
  "enums": [], 
  "typedefs": [
    {
      "type": "IntPolyh_MaillageAffinage *", 
      "name": "IntPolyh_PMaillageAffinage", 
      "cls": "typedef"
    }, 
    {
      "type": "NCollection_Vector<IntPolyh_StartPoint>", 
      "name": "IntPolyh_VectorOfType", 
      "cls": "typedef"
    }, 
    {
      "type": "NCollection_Vector<IntPolyh_SectionLine>", 
      "name": "IntPolyh_VectorOfType", 
      "cls": "typedef"
    }, 
    {
      "type": "IntPolyh_Array<IntPolyh_Couple>", 
      "name": "IntPolyh_ArrayOfCouples", 
      "cls": "typedef"
    }, 
    {
      "type": "IntPolyh_Array<IntPolyh_SectionLine>", 
      "name": "IntPolyh_ArrayOfSectionLines", 
      "cls": "typedef"
    }, 
    {
      "type": "IntPolyh_Array<IntPolyh_Edge>", 
      "name": "IntPolyh_ArrayOfEdges", 
      "cls": "typedef"
    }, 
    {
      "type": "IntPolyh_Array<IntPolyh_StartPoint>", 
      "name": "IntPolyh_ArrayOfTangentZones", 
      "cls": "typedef"
    }, 
    {
      "type": "IntPolyh_Array<IntPolyh_StartPoint>", 
      "name": "IntPolyh_ArrayOfStartPoints", 
      "cls": "typedef"
    }, 
    {
      "type": "IntPolyh_Array<IntPolyh_Point>", 
      "name": "IntPolyh_ArrayOfPoints", 
      "cls": "typedef"
    }, 
    {
      "type": "IntPolyh_Array<IntPolyh_Triangle>", 
      "name": "IntPolyh_ArrayOfTriangles", 
      "cls": "typedef"
    }
  ], 
  "name": "IntPolyh"
}