{
  "classes": [
    {
      "name": "IntRes2d_SequenceOfIntersectionSegment", 
      "abstract": false, 
      "constructors": [
        {
          "returnType": "", 
          "arguments": [], 
          "name": "IntRes2d_SequenceOfIntersectionSegment", 
          "parent": "IntRes2d_SequenceOfIntersectionSegment", 
          "cls": "constructor", 
          "throws": true
        }
      ], 
      "artificial": "1", 
      "bases": [
        {
          "access": "public", 
          "name": "TCollection_BaseSequence"
        }
      ], 
      "location": [
        "/usr/local/include/oce/IntRes2d_SequenceOfIntersectionSegment.hxx", 
        35
      ], 
      "members": [
        {
          "returnType": "void", 
          "arguments": [], 
          "name": "Clear", 
          "parent": "IntRes2d_SequenceOfIntersectionSegment", 
          "cls": "memfun", 
          "extern": "1", 
          "throws": true
        }, 
        {
          "returnType": "IntRes2d_SequenceOfIntersectionSegment const &", 
          "arguments": [
            {
              "decl": "const IntRes2d_SequenceOfIntersectionSegment &", 
              "type": "IntRes2d_SequenceOfIntersectionSegment", 
              "name": "Other"
            }
          ], 
          "name": "Assign", 
          "parent": "IntRes2d_SequenceOfIntersectionSegment", 
          "cls": "memfun", 
          "extern": "1", 
          "throws": true
        }, 
        {
          "returnType": "void", 
          "arguments": [
            {
              "decl": "const IntRes2d_IntersectionSegment &", 
              "type": "IntRes2d_IntersectionSegment", 
              "name": "T"
            }
          ], 
          "name": "Append", 
          "parent": "IntRes2d_SequenceOfIntersectionSegment", 
          "cls": "memfun", 
          "extern": "1", 
          "throws": true
        }, 
        {
          "returnType": "void", 
          "arguments": [
            {
              "decl": "IntRes2d_SequenceOfIntersectionSegment &", 
              "type": "IntRes2d_SequenceOfIntersectionSegment", 
              "name": "S"
            }
          ], 
          "name": "Append", 
          "parent": "IntRes2d_SequenceOfIntersectionSegment", 
          "cls": "memfun", 
          "throws": true
        }, 
        {
          "returnType": "void", 
          "arguments": [
            {
              "decl": "const IntRes2d_IntersectionSegment &", 
              "type": "IntRes2d_IntersectionSegment", 
              "name": "T"
            }
          ], 
          "name": "Prepend", 
          "parent": "IntRes2d_SequenceOfIntersectionSegment", 
          "cls": "memfun", 
          "extern": "1", 
          "throws": true
        }, 
        {
          "returnType": "void", 
          "arguments": [
            {
              "decl": "IntRes2d_SequenceOfIntersectionSegment &", 
              "type": "IntRes2d_SequenceOfIntersectionSegment", 
              "name": "S"
            }
          ], 
          "name": "Prepend", 
          "parent": "IntRes2d_SequenceOfIntersectionSegment", 
          "cls": "memfun", 
          "throws": true
        }, 
        {
          "returnType": "void", 
          "arguments": [
            {
              "decl": "const Standard_Integer", 
              "type": "Standard_Integer", 
              "name": "Index"
            }, 
            {
              "decl": "const IntRes2d_IntersectionSegment &", 
              "type": "IntRes2d_IntersectionSegment", 
              "name": "I"
            }
          ], 
          "name": "InsertBefore", 
          "parent": "IntRes2d_SequenceOfIntersectionSegment", 
          "cls": "memfun", 
          "throws": true
        }, 
        {
          "returnType": "void", 
          "arguments": [
            {
              "decl": "const Standard_Integer", 
              "type": "Standard_Integer", 
              "name": "Index"
            }, 
            {
              "decl": "IntRes2d_SequenceOfIntersectionSegment &", 
              "type": "IntRes2d_SequenceOfIntersectionSegment", 
              "name": "S"
            }
          ], 
          "name": "InsertBefore", 
          "parent": "IntRes2d_SequenceOfIntersectionSegment", 
          "cls": "memfun", 
          "throws": true
        }, 
        {
          "returnType": "void", 
          "arguments": [
            {
              "decl": "const Standard_Integer", 
              "type": "Standard_Integer", 
              "name": "Index"
            }, 
            {
              "decl": "const IntRes2d_IntersectionSegment &", 
              "type": "IntRes2d_IntersectionSegment", 
              "name": "T"
            }
          ], 
          "name": "InsertAfter", 
          "parent": "IntRes2d_SequenceOfIntersectionSegment", 
          "cls": "memfun", 
          "extern": "1", 
          "throws": true
        }, 
        {
          "returnType": "void", 
          "arguments": [
            {
              "decl": "const Standard_Integer", 
              "type": "Standard_Integer", 
              "name": "Index"
            }, 
            {
              "decl": "IntRes2d_SequenceOfIntersectionSegment &", 
              "type": "IntRes2d_SequenceOfIntersectionSegment", 
              "name": "S"
            }
          ], 
          "name": "InsertAfter", 
          "parent": "IntRes2d_SequenceOfIntersectionSegment", 
          "cls": "memfun", 
          "throws": true
        }, 
        {
          "returnType": "IntRes2d_IntersectionSegment const &", 
          "arguments": [], 
          "name": "First", 
          "parent": "IntRes2d_SequenceOfIntersectionSegment", 
          "cls": "memfun", 
          "extern": "1", 
          "const": "1", 
          "throws": true
        }, 
        {
          "returnType": "IntRes2d_IntersectionSegment const &", 
          "arguments": [], 
          "name": "Last", 
          "parent": "IntRes2d_SequenceOfIntersectionSegment", 
          "cls": "memfun", 
          "extern": "1", 
          "const": "1", 
          "throws": true
        }, 
        {
          "returnType": "void", 
          "arguments": [
            {
              "decl": "const Standard_Integer", 
              "type": "Standard_Integer", 
              "name": "Index"
            }, 
            {
              "decl": "IntRes2d_SequenceOfIntersectionSegment &", 
              "type": "IntRes2d_SequenceOfIntersectionSegment", 
              "name": "S"
            }
          ], 
          "name": "Split", 
          "parent": "IntRes2d_SequenceOfIntersectionSegment", 
          "cls": "memfun", 
          "throws": true
        }, 
        {
          "returnType": "IntRes2d_IntersectionSegment const &", 
          "arguments": [
            {
              "decl": "const Standard_Integer", 
              "type": "Standard_Integer", 
              "name": "Index"
            }
          ], 
          "name": "Value", 
          "parent": "IntRes2d_SequenceOfIntersectionSegment", 
          "cls": "memfun", 
          "extern": "1", 
          "const": "1", 
          "throws": true
        }, 
        {
          "returnType": "void", 
          "arguments": [
            {
              "decl": "const Standard_Integer", 
              "type": "Standard_Integer", 
              "name": "Index"
            }, 
            {
              "decl": "const IntRes2d_IntersectionSegment &", 
              "type": "IntRes2d_IntersectionSegment", 
              "name": "I"
            }
          ], 
          "name": "SetValue", 
          "parent": "IntRes2d_SequenceOfIntersectionSegment", 
          "cls": "memfun", 
          "extern": "1", 
          "throws": true
        }, 
        {
          "returnType": "IntRes2d_IntersectionSegment &", 
          "arguments": [
            {
              "decl": "const Standard_Integer", 
              "type": "Standard_Integer", 
              "name": "Index"
            }
          ], 
          "name": "ChangeValue", 
          "parent": "IntRes2d_SequenceOfIntersectionSegment", 
          "cls": "memfun", 
          "extern": "1", 
          "throws": true
        }, 
        {
          "returnType": "void", 
          "arguments": [
            {
              "decl": "const Standard_Integer", 
              "type": "Standard_Integer", 
              "name": "Index"
            }
          ], 
          "name": "Remove", 
          "parent": "IntRes2d_SequenceOfIntersectionSegment", 
          "cls": "memfun", 
          "extern": "1", 
          "throws": true
        }, 
        {
          "returnType": "void", 
          "arguments": [
            {
              "decl": "const Standard_Integer", 
              "type": "Standard_Integer", 
              "name": "FromIndex"
            }, 
            {
              "decl": "const Standard_Integer", 
              "type": "Standard_Integer", 
              "name": "ToIndex"
            }
          ], 
          "name": "Remove", 
          "parent": "IntRes2d_SequenceOfIntersectionSegment", 
          "cls": "memfun", 
          "extern": "1", 
          "throws": true
        }
      ], 
      "cls": "class"
    }, 
    {
      "name": "IntRes2d_SequenceOfIntersectionPoint", 
      "abstract": false, 
      "constructors": [
        {
          "returnType": "", 
          "arguments": [], 
          "name": "IntRes2d_SequenceOfIntersectionPoint", 
          "parent": "IntRes2d_SequenceOfIntersectionPoint", 
          "cls": "constructor", 
          "throws": true
        }
      ], 
      "artificial": "1", 
      "bases": [
        {
          "access": "public", 
          "name": "TCollection_BaseSequence"
        }
      ], 
      "location": [
        "/usr/local/include/oce/IntRes2d_SequenceOfIntersectionPoint.hxx", 
        35
      ], 
      "members": [
        {
          "returnType": "void", 
          "arguments": [], 
          "name": "Clear", 
          "parent": "IntRes2d_SequenceOfIntersectionPoint", 
          "cls": "memfun", 
          "extern": "1", 
          "throws": true
        }, 
        {
          "returnType": "IntRes2d_SequenceOfIntersectionPoint const &", 
          "arguments": [
            {
              "decl": "const IntRes2d_SequenceOfIntersectionPoint &", 
              "type": "IntRes2d_SequenceOfIntersectionPoint", 
              "name": "Other"
            }
          ], 
          "name": "Assign", 
          "parent": "IntRes2d_SequenceOfIntersectionPoint", 
          "cls": "memfun", 
          "extern": "1", 
          "throws": true
        }, 
        {
          "returnType": "void", 
          "arguments": [
            {
              "decl": "const IntRes2d_IntersectionPoint &", 
              "type": "IntRes2d_IntersectionPoint", 
              "name": "T"
            }
          ], 
          "name": "Append", 
          "parent": "IntRes2d_SequenceOfIntersectionPoint", 
          "cls": "memfun", 
          "extern": "1", 
          "throws": true
        }, 
        {
          "returnType": "void", 
          "arguments": [
            {
              "decl": "IntRes2d_SequenceOfIntersectionPoint &", 
              "type": "IntRes2d_SequenceOfIntersectionPoint", 
              "name": "S"
            }
          ], 
          "name": "Append", 
          "parent": "IntRes2d_SequenceOfIntersectionPoint", 
          "cls": "memfun", 
          "throws": true
        }, 
        {
          "returnType": "void", 
          "arguments": [
            {
              "decl": "const IntRes2d_IntersectionPoint &", 
              "type": "IntRes2d_IntersectionPoint", 
              "name": "T"
            }
          ], 
          "name": "Prepend", 
          "parent": "IntRes2d_SequenceOfIntersectionPoint", 
          "cls": "memfun", 
          "extern": "1", 
          "throws": true
        }, 
        {
          "returnType": "void", 
          "arguments": [
            {
              "decl": "IntRes2d_SequenceOfIntersectionPoint &", 
              "type": "IntRes2d_SequenceOfIntersectionPoint", 
              "name": "S"
            }
          ], 
          "name": "Prepend", 
          "parent": "IntRes2d_SequenceOfIntersectionPoint", 
          "cls": "memfun", 
          "throws": true
        }, 
        {
          "returnType": "void", 
          "arguments": [
            {
              "decl": "const Standard_Integer", 
              "type": "Standard_Integer", 
              "name": "Index"
            }, 
            {
              "decl": "const IntRes2d_IntersectionPoint &", 
              "type": "IntRes2d_IntersectionPoint", 
              "name": "I"
            }
          ], 
          "name": "InsertBefore", 
          "parent": "IntRes2d_SequenceOfIntersectionPoint", 
          "cls": "memfun", 
          "throws": true
        }, 
        {
          "returnType": "void", 
          "arguments": [
            {
              "decl": "const Standard_Integer", 
              "type": "Standard_Integer", 
              "name": "Index"
            }, 
            {
              "decl": "IntRes2d_SequenceOfIntersectionPoint &", 
              "type": "IntRes2d_SequenceOfIntersectionPoint", 
              "name": "S"
            }
          ], 
          "name": "InsertBefore", 
          "parent": "IntRes2d_SequenceOfIntersectionPoint", 
          "cls": "memfun", 
          "throws": true
        }, 
        {
          "returnType": "void", 
          "arguments": [
            {
              "decl": "const Standard_Integer", 
              "type": "Standard_Integer", 
              "name": "Index"
            }, 
            {
              "decl": "const IntRes2d_IntersectionPoint &", 
              "type": "IntRes2d_IntersectionPoint", 
              "name": "T"
            }
          ], 
          "name": "InsertAfter", 
          "parent": "IntRes2d_SequenceOfIntersectionPoint", 
          "cls": "memfun", 
          "extern": "1", 
          "throws": true
        }, 
        {
          "returnType": "void", 
          "arguments": [
            {
              "decl": "const Standard_Integer", 
              "type": "Standard_Integer", 
              "name": "Index"
            }, 
            {
              "decl": "IntRes2d_SequenceOfIntersectionPoint &", 
              "type": "IntRes2d_SequenceOfIntersectionPoint", 
              "name": "S"
            }
          ], 
          "name": "InsertAfter", 
          "parent": "IntRes2d_SequenceOfIntersectionPoint", 
          "cls": "memfun", 
          "throws": true
        }, 
        {
          "returnType": "IntRes2d_IntersectionPoint const &", 
          "arguments": [], 
          "name": "First", 
          "parent": "IntRes2d_SequenceOfIntersectionPoint", 
          "cls": "memfun", 
          "extern": "1", 
          "const": "1", 
          "throws": true
        }, 
        {
          "returnType": "IntRes2d_IntersectionPoint const &", 
          "arguments": [], 
          "name": "Last", 
          "parent": "IntRes2d_SequenceOfIntersectionPoint", 
          "cls": "memfun", 
          "extern": "1", 
          "const": "1", 
          "throws": true
        }, 
        {
          "returnType": "void", 
          "arguments": [
            {
              "decl": "const Standard_Integer", 
              "type": "Standard_Integer", 
              "name": "Index"
            }, 
            {
              "decl": "IntRes2d_SequenceOfIntersectionPoint &", 
              "type": "IntRes2d_SequenceOfIntersectionPoint", 
              "name": "S"
            }
          ], 
          "name": "Split", 
          "parent": "IntRes2d_SequenceOfIntersectionPoint", 
          "cls": "memfun", 
          "throws": true
        }, 
        {
          "returnType": "IntRes2d_IntersectionPoint const &", 
          "arguments": [
            {
              "decl": "const Standard_Integer", 
              "type": "Standard_Integer", 
              "name": "Index"
            }
          ], 
          "name": "Value", 
          "parent": "IntRes2d_SequenceOfIntersectionPoint", 
          "cls": "memfun", 
          "extern": "1", 
          "const": "1", 
          "throws": true
        }, 
        {
          "returnType": "void", 
          "arguments": [
            {
              "decl": "const Standard_Integer", 
              "type": "Standard_Integer", 
              "name": "Index"
            }, 
            {
              "decl": "const IntRes2d_IntersectionPoint &", 
              "type": "IntRes2d_IntersectionPoint", 
              "name": "I"
            }
          ], 
          "name": "SetValue", 
          "parent": "IntRes2d_SequenceOfIntersectionPoint", 
          "cls": "memfun", 
          "extern": "1", 
          "throws": true
        }, 
        {
          "returnType": "IntRes2d_IntersectionPoint &", 
          "arguments": [
            {
              "decl": "const Standard_Integer", 
              "type": "Standard_Integer", 
              "name": "Index"
            }
          ], 
          "name": "ChangeValue", 
          "parent": "IntRes2d_SequenceOfIntersectionPoint", 
          "cls": "memfun", 
          "extern": "1", 
          "throws": true
        }, 
        {
          "returnType": "void", 
          "arguments": [
            {
              "decl": "const Standard_Integer", 
              "type": "Standard_Integer", 
              "name": "Index"
            }
          ], 
          "name": "Remove", 
          "parent": "IntRes2d_SequenceOfIntersectionPoint", 
          "cls": "memfun", 
          "extern": "1", 
          "throws": true
        }, 
        {
          "returnType": "void", 
          "arguments": [
            {
              "decl": "const Standard_Integer", 
              "type": "Standard_Integer", 
              "name": "FromIndex"
            }, 
            {
              "decl": "const Standard_Integer", 
              "type": "Standard_Integer", 
              "name": "ToIndex"
            }
          ], 
          "name": "Remove", 
          "parent": "IntRes2d_SequenceOfIntersectionPoint", 
          "cls": "memfun", 
          "extern": "1", 
          "throws": true
        }
      ], 
      "cls": "class"
    }, 
    {
      "name": "IntRes2d_Transition", 
      "abstract": false, 
      "constructors": [
        {
          "returnType": "", 
          "arguments": [
            {
              "decl": "const IntRes2d_Transition &", 
              "type": "IntRes2d_Transition", 
              "name": "arg0"
            }
          ], 
          "name": "IntRes2d_Transition", 
          "parent": "IntRes2d_Transition", 
          "cls": "constructor", 
          "artificial": "1", 
          "copyConstructor": true
        }, 
        {
          "returnType": "", 
          "arguments": [], 
          "name": "IntRes2d_Transition", 
          "parent": "IntRes2d_Transition", 
          "cls": "constructor", 
          "extern": "1", 
          "throws": true
        }, 
        {
          "returnType": "", 
          "arguments": [
            {
              "decl": "const Standard_Boolean", 
              "type": "Standard_Boolean", 
              "name": "Tangent"
            }, 
            {
              "decl": "const IntRes2d_Position", 
              "type": "IntRes2d_Position", 
              "name": "Pos"
            }, 
            {
              "decl": "const IntRes2d_TypeTrans", 
              "type": "IntRes2d_TypeTrans", 
              "name": "Type"
            }
          ], 
          "name": "IntRes2d_Transition", 
          "parent": "IntRes2d_Transition", 
          "cls": "constructor", 
          "throws": true
        }, 
        {
          "returnType": "", 
          "arguments": [
            {
              "decl": "const Standard_Boolean", 
              "type": "Standard_Boolean", 
              "name": "Tangent"
            }, 
            {
              "decl": "const IntRes2d_Position", 
              "type": "IntRes2d_Position", 
              "name": "Pos"
            }, 
            {
              "decl": "const IntRes2d_Situation", 
              "type": "IntRes2d_Situation", 
              "name": "Situ"
            }, 
            {
              "decl": "const Standard_Boolean", 
              "type": "Standard_Boolean", 
              "name": "Oppos"
            }
          ], 
          "name": "IntRes2d_Transition", 
          "parent": "IntRes2d_Transition", 
          "cls": "constructor", 
          "throws": true
        }, 
        {
          "returnType": "", 
          "arguments": [
            {
              "decl": "const IntRes2d_Position", 
              "type": "IntRes2d_Position", 
              "name": "Pos"
            }
          ], 
          "name": "IntRes2d_Transition", 
          "parent": "IntRes2d_Transition", 
          "cls": "constructor", 
          "throws": true
        }
      ], 
      "artificial": "1", 
      "bases": [], 
      "location": [
        "/usr/local/include/oce/IntRes2d_Transition.hxx", 
        50
      ], 
      "members": [
        {
          "returnType": "void", 
          "arguments": [
            {
              "decl": "const Standard_Boolean", 
              "type": "Standard_Boolean", 
              "name": "Tangent"
            }, 
            {
              "decl": "const IntRes2d_Position", 
              "type": "IntRes2d_Position", 
              "name": "Pos"
            }, 
            {
              "decl": "const IntRes2d_TypeTrans", 
              "type": "IntRes2d_TypeTrans", 
              "name": "Type"
            }
          ], 
          "name": "SetValue", 
          "parent": "IntRes2d_Transition", 
          "cls": "memfun", 
          "throws": true
        }, 
        {
          "returnType": "void", 
          "arguments": [
            {
              "decl": "const Standard_Boolean", 
              "type": "Standard_Boolean", 
              "name": "Tangent"
            }, 
            {
              "decl": "const IntRes2d_Position", 
              "type": "IntRes2d_Position", 
              "name": "Pos"
            }, 
            {
              "decl": "const IntRes2d_Situation", 
              "type": "IntRes2d_Situation", 
              "name": "Situ"
            }, 
            {
              "decl": "const Standard_Boolean", 
              "type": "Standard_Boolean", 
              "name": "Oppos"
            }
          ], 
          "name": "SetValue", 
          "parent": "IntRes2d_Transition", 
          "cls": "memfun", 
          "throws": true
        }, 
        {
          "returnType": "void", 
          "arguments": [
            {
              "decl": "const IntRes2d_Position", 
              "type": "IntRes2d_Position", 
              "name": "Pos"
            }
          ], 
          "name": "SetValue", 
          "parent": "IntRes2d_Transition", 
          "cls": "memfun", 
          "throws": true
        }, 
        {
          "returnType": "void", 
          "arguments": [
            {
              "decl": "const IntRes2d_Position", 
              "type": "IntRes2d_Position", 
              "name": "Pos"
            }
          ], 
          "name": "SetPosition", 
          "parent": "IntRes2d_Transition", 
          "cls": "memfun", 
          "throws": true
        }, 
        {
          "returnType": "IntRes2d_Position", 
          "arguments": [], 
          "name": "PositionOnCurve", 
          "parent": "IntRes2d_Transition", 
          "cls": "memfun", 
          "const": "1", 
          "throws": true
        }, 
        {
          "returnType": "IntRes2d_TypeTrans", 
          "arguments": [], 
          "name": "TransitionType", 
          "parent": "IntRes2d_Transition", 
          "cls": "memfun", 
          "const": "1", 
          "throws": true
        }, 
        {
          "returnType": "Standard_Boolean", 
          "arguments": [], 
          "name": "IsTangent", 
          "parent": "IntRes2d_Transition", 
          "cls": "memfun", 
          "const": "1", 
          "throws": true
        }, 
        {
          "returnType": "IntRes2d_Situation", 
          "arguments": [], 
          "name": "Situation", 
          "parent": "IntRes2d_Transition", 
          "cls": "memfun", 
          "const": "1", 
          "throws": true
        }, 
        {
          "returnType": "Standard_Boolean", 
          "arguments": [], 
          "name": "IsOpposite", 
          "parent": "IntRes2d_Transition", 
          "cls": "memfun", 
          "const": "1", 
          "throws": true
        }, 
        {
          "returnType": "Standard_Boolean", 
          "arguments": [], 
          "name": "_CSFDB_GetIntRes2d_Transitiontangent", 
          "parent": "IntRes2d_Transition", 
          "cls": "memfun", 
          "const": "1", 
          "throws": true
        }, 
        {
          "returnType": "void", 
          "arguments": [
            {
              "decl": "const Standard_Boolean", 
              "type": "Standard_Boolean", 
              "name": "p"
            }
          ], 
          "name": "_CSFDB_SetIntRes2d_Transitiontangent", 
          "parent": "IntRes2d_Transition", 
          "cls": "memfun", 
          "throws": true
        }, 
        {
          "returnType": "IntRes2d_Position", 
          "arguments": [], 
          "name": "_CSFDB_GetIntRes2d_Transitionposit", 
          "parent": "IntRes2d_Transition", 
          "cls": "memfun", 
          "const": "1", 
          "throws": true
        }, 
        {
          "returnType": "void", 
          "arguments": [
            {
              "decl": "const IntRes2d_Position", 
              "type": "IntRes2d_Position", 
              "name": "p"
            }
          ], 
          "name": "_CSFDB_SetIntRes2d_Transitionposit", 
          "parent": "IntRes2d_Transition", 
          "cls": "memfun", 
          "throws": true
        }, 
        {
          "returnType": "IntRes2d_TypeTrans", 
          "arguments": [], 
          "name": "_CSFDB_GetIntRes2d_Transitiontypetra", 
          "parent": "IntRes2d_Transition", 
          "cls": "memfun", 
          "const": "1", 
          "throws": true
        }, 
        {
          "returnType": "void", 
          "arguments": [
            {
              "decl": "const IntRes2d_TypeTrans", 
              "type": "IntRes2d_TypeTrans", 
              "name": "p"
            }
          ], 
          "name": "_CSFDB_SetIntRes2d_Transitiontypetra", 
          "parent": "IntRes2d_Transition", 
          "cls": "memfun", 
          "throws": true
        }, 
        {
          "returnType": "IntRes2d_Situation", 
          "arguments": [], 
          "name": "_CSFDB_GetIntRes2d_Transitionsituat", 
          "parent": "IntRes2d_Transition", 
          "cls": "memfun", 
          "const": "1", 
          "throws": true
        }, 
        {
          "returnType": "void", 
          "arguments": [
            {
              "decl": "const IntRes2d_Situation", 
              "type": "IntRes2d_Situation", 
              "name": "p"
            }
          ], 
          "name": "_CSFDB_SetIntRes2d_Transitionsituat", 
          "parent": "IntRes2d_Transition", 
          "cls": "memfun", 
          "throws": true
        }, 
        {
          "returnType": "Standard_Boolean", 
          "arguments": [], 
          "name": "_CSFDB_GetIntRes2d_Transitionoppos", 
          "parent": "IntRes2d_Transition", 
          "cls": "memfun", 
          "const": "1", 
          "throws": true
        }, 
        {
          "returnType": "void", 
          "arguments": [
            {
              "decl": "const Standard_Boolean", 
              "type": "Standard_Boolean", 
              "name": "p"
            }
          ], 
          "name": "_CSFDB_SetIntRes2d_Transitionoppos", 
          "parent": "IntRes2d_Transition", 
          "cls": "memfun", 
          "throws": true
        }
      ], 
      "cls": "class"
    }, 
    {
      "name": "IntRes2d_IntersectionSegment", 
      "abstract": false, 
      "constructors": [
        {
          "returnType": "", 
          "arguments": [
            {
              "decl": "const IntRes2d_IntersectionSegment &", 
              "type": "IntRes2d_IntersectionSegment", 
              "name": "arg0"
            }
          ], 
          "name": "IntRes2d_IntersectionSegment", 
          "parent": "IntRes2d_IntersectionSegment", 
          "cls": "constructor", 
          "artificial": "1", 
          "copyConstructor": true
        }, 
        {
          "returnType": "", 
          "arguments": [], 
          "name": "IntRes2d_IntersectionSegment", 
          "parent": "IntRes2d_IntersectionSegment", 
          "cls": "constructor", 
          "extern": "1", 
          "throws": true
        }, 
        {
          "returnType": "", 
          "arguments": [
            {
              "decl": "const IntRes2d_IntersectionPoint &", 
              "type": "IntRes2d_IntersectionPoint", 
              "name": "P1"
            }, 
            {
              "decl": "const IntRes2d_IntersectionPoint &", 
              "type": "IntRes2d_IntersectionPoint", 
              "name": "P2"
            }, 
            {
              "decl": "const Standard_Boolean", 
              "type": "Standard_Boolean", 
              "name": "Oppos"
            }, 
            {
              "decl": "const Standard_Boolean", 
              "type": "Standard_Boolean", 
              "name": "ReverseFlag"
            }
          ], 
          "name": "IntRes2d_IntersectionSegment", 
          "parent": "IntRes2d_IntersectionSegment", 
          "cls": "constructor", 
          "throws": true
        }, 
        {
          "returnType": "", 
          "arguments": [
            {
              "decl": "const IntRes2d_IntersectionPoint &", 
              "type": "IntRes2d_IntersectionPoint", 
              "name": "P"
            }, 
            {
              "decl": "const Standard_Boolean", 
              "type": "Standard_Boolean", 
              "name": "First"
            }, 
            {
              "decl": "const Standard_Boolean", 
              "type": "Standard_Boolean", 
              "name": "Oppos"
            }, 
            {
              "decl": "const Standard_Boolean", 
              "type": "Standard_Boolean", 
              "name": "ReverseFlag"
            }
          ], 
          "name": "IntRes2d_IntersectionSegment", 
          "parent": "IntRes2d_IntersectionSegment", 
          "cls": "constructor", 
          "throws": true
        }, 
        {
          "returnType": "", 
          "arguments": [
            {
              "decl": "const Standard_Boolean", 
              "type": "Standard_Boolean", 
              "name": "Oppos"
            }
          ], 
          "name": "IntRes2d_IntersectionSegment", 
          "parent": "IntRes2d_IntersectionSegment", 
          "cls": "constructor", 
          "throws": true
        }
      ], 
      "artificial": "1", 
      "bases": [], 
      "location": [
        "/usr/local/include/oce/IntRes2d_IntersectionSegment.hxx", 
        39
      ], 
      "members": [
        {
          "returnType": "Standard_Boolean", 
          "arguments": [], 
          "name": "IsOpposite", 
          "parent": "IntRes2d_IntersectionSegment", 
          "cls": "memfun", 
          "const": "1", 
          "throws": true
        }, 
        {
          "returnType": "Standard_Boolean", 
          "arguments": [], 
          "name": "HasFirstPoint", 
          "parent": "IntRes2d_IntersectionSegment", 
          "cls": "memfun", 
          "const": "1", 
          "throws": true
        }, 
        {
          "returnType": "IntRes2d_IntersectionPoint const &", 
          "arguments": [], 
          "name": "FirstPoint", 
          "parent": "IntRes2d_IntersectionSegment", 
          "cls": "memfun", 
          "const": "1", 
          "throws": true
        }, 
        {
          "returnType": "Standard_Boolean", 
          "arguments": [], 
          "name": "HasLastPoint", 
          "parent": "IntRes2d_IntersectionSegment", 
          "cls": "memfun", 
          "const": "1", 
          "throws": true
        }, 
        {
          "returnType": "IntRes2d_IntersectionPoint const &", 
          "arguments": [], 
          "name": "LastPoint", 
          "parent": "IntRes2d_IntersectionSegment", 
          "cls": "memfun", 
          "const": "1", 
          "throws": true
        }, 
        {
          "returnType": "Standard_Boolean", 
          "arguments": [], 
          "name": "_CSFDB_GetIntRes2d_IntersectionSegmentoppos", 
          "parent": "IntRes2d_IntersectionSegment", 
          "cls": "memfun", 
          "const": "1", 
          "throws": true
        }, 
        {
          "returnType": "void", 
          "arguments": [
            {
              "decl": "const Standard_Boolean", 
              "type": "Standard_Boolean", 
              "name": "p"
            }
          ], 
          "name": "_CSFDB_SetIntRes2d_IntersectionSegmentoppos", 
          "parent": "IntRes2d_IntersectionSegment", 
          "cls": "memfun", 
          "throws": true
        }, 
        {
          "returnType": "Standard_Boolean", 
          "arguments": [], 
          "name": "_CSFDB_GetIntRes2d_IntersectionSegmentfirst", 
          "parent": "IntRes2d_IntersectionSegment", 
          "cls": "memfun", 
          "const": "1", 
          "throws": true
        }, 
        {
          "returnType": "void", 
          "arguments": [
            {
              "decl": "const Standard_Boolean", 
              "type": "Standard_Boolean", 
              "name": "p"
            }
          ], 
          "name": "_CSFDB_SetIntRes2d_IntersectionSegmentfirst", 
          "parent": "IntRes2d_IntersectionSegment", 
          "cls": "memfun", 
          "throws": true
        }, 
        {
          "returnType": "Standard_Boolean", 
          "arguments": [], 
          "name": "_CSFDB_GetIntRes2d_IntersectionSegmentlast", 
          "parent": "IntRes2d_IntersectionSegment", 
          "cls": "memfun", 
          "const": "1", 
          "throws": true
        }, 
        {
          "returnType": "void", 
          "arguments": [
            {
              "decl": "const Standard_Boolean", 
              "type": "Standard_Boolean", 
              "name": "p"
            }
          ], 
          "name": "_CSFDB_SetIntRes2d_IntersectionSegmentlast", 
          "parent": "IntRes2d_IntersectionSegment", 
          "cls": "memfun", 
          "throws": true
        }, 
        {
          "returnType": "IntRes2d_IntersectionPoint const &", 
          "arguments": [], 
          "name": "_CSFDB_GetIntRes2d_IntersectionSegmentptfirst", 
          "parent": "IntRes2d_IntersectionSegment", 
          "cls": "memfun", 
          "const": "1", 
          "throws": true
        }, 
        {
          "returnType": "IntRes2d_IntersectionPoint const &", 
          "arguments": [], 
          "name": "_CSFDB_GetIntRes2d_IntersectionSegmentptlast", 
          "parent": "IntRes2d_IntersectionSegment", 
          "cls": "memfun", 
          "const": "1", 
          "throws": true
        }
      ], 
      "cls": "class"
    }, 
    {
      "name": "IntRes2d_IntersectionPoint", 
      "abstract": false, 
      "constructors": [
        {
          "returnType": "", 
          "arguments": [
            {
              "decl": "const IntRes2d_IntersectionPoint &", 
              "type": "IntRes2d_IntersectionPoint", 
              "name": "arg0"
            }
          ], 
          "name": "IntRes2d_IntersectionPoint", 
          "parent": "IntRes2d_IntersectionPoint", 
          "cls": "constructor", 
          "artificial": "1", 
          "copyConstructor": true
        }, 
        {
          "returnType": "", 
          "arguments": [], 
          "name": "IntRes2d_IntersectionPoint", 
          "parent": "IntRes2d_IntersectionPoint", 
          "cls": "constructor", 
          "extern": "1", 
          "throws": true
        }, 
        {
          "returnType": "", 
          "arguments": [
            {
              "decl": "const gp_Pnt2d &", 
              "type": "gp_Pnt2d", 
              "name": "P"
            }, 
            {
              "decl": "const Standard_Real", 
              "type": "Standard_Real", 
              "name": "Uc1"
            }, 
            {
              "decl": "const Standard_Real", 
              "type": "Standard_Real", 
              "name": "Uc2"
            }, 
            {
              "decl": "const IntRes2d_Transition &", 
              "type": "IntRes2d_Transition", 
              "name": "Trans1"
            }, 
            {
              "decl": "const IntRes2d_Transition &", 
              "type": "IntRes2d_Transition", 
              "name": "Trans2"
            }, 
            {
              "decl": "const Standard_Boolean", 
              "type": "Standard_Boolean", 
              "name": "ReversedFlag"
            }
          ], 
          "name": "IntRes2d_IntersectionPoint", 
          "parent": "IntRes2d_IntersectionPoint", 
          "cls": "constructor", 
          "throws": true
        }
      ], 
      "artificial": "1", 
      "bases": [], 
      "location": [
        "/usr/local/include/oce/IntRes2d_IntersectionPoint.hxx", 
        45
      ], 
      "members": [
        {
          "returnType": "void", 
          "arguments": [
            {
              "decl": "const gp_Pnt2d &", 
              "type": "gp_Pnt2d", 
              "name": "P"
            }, 
            {
              "decl": "const Standard_Real", 
              "type": "Standard_Real", 
              "name": "Uc1"
            }, 
            {
              "decl": "const Standard_Real", 
              "type": "Standard_Real", 
              "name": "Uc2"
            }, 
            {
              "decl": "const IntRes2d_Transition &", 
              "type": "IntRes2d_Transition", 
              "name": "Trans1"
            }, 
            {
              "decl": "const IntRes2d_Transition &", 
              "type": "IntRes2d_Transition", 
              "name": "Trans2"
            }, 
            {
              "decl": "const Standard_Boolean", 
              "type": "Standard_Boolean", 
              "name": "ReversedFlag"
            }
          ], 
          "name": "SetValues", 
          "parent": "IntRes2d_IntersectionPoint", 
          "cls": "memfun", 
          "throws": true
        }, 
        {
          "returnType": "gp_Pnt2d const &", 
          "arguments": [], 
          "name": "Value", 
          "parent": "IntRes2d_IntersectionPoint", 
          "cls": "memfun", 
          "const": "1", 
          "throws": true
        }, 
        {
          "returnType": "Standard_Real", 
          "arguments": [], 
          "name": "ParamOnFirst", 
          "parent": "IntRes2d_IntersectionPoint", 
          "cls": "memfun", 
          "const": "1", 
          "throws": true
        }, 
        {
          "returnType": "Standard_Real", 
          "arguments": [], 
          "name": "ParamOnSecond", 
          "parent": "IntRes2d_IntersectionPoint", 
          "cls": "memfun", 
          "const": "1", 
          "throws": true
        }, 
        {
          "returnType": "IntRes2d_Transition const &", 
          "arguments": [], 
          "name": "TransitionOfFirst", 
          "parent": "IntRes2d_IntersectionPoint", 
          "cls": "memfun", 
          "const": "1", 
          "throws": true
        }, 
        {
          "returnType": "IntRes2d_Transition const &", 
          "arguments": [], 
          "name": "TransitionOfSecond", 
          "parent": "IntRes2d_IntersectionPoint", 
          "cls": "memfun", 
          "const": "1", 
          "throws": true
        }, 
        {
          "returnType": "gp_Pnt2d const &", 
          "arguments": [], 
          "name": "_CSFDB_GetIntRes2d_IntersectionPointpt", 
          "parent": "IntRes2d_IntersectionPoint", 
          "cls": "memfun", 
          "const": "1", 
          "throws": true
        }, 
        {
          "returnType": "Standard_Real", 
          "arguments": [], 
          "name": "_CSFDB_GetIntRes2d_IntersectionPointp1", 
          "parent": "IntRes2d_IntersectionPoint", 
          "cls": "memfun", 
          "const": "1", 
          "throws": true
        }, 
        {
          "returnType": "void", 
          "arguments": [
            {
              "decl": "const Standard_Real", 
              "type": "Standard_Real", 
              "name": "p"
            }
          ], 
          "name": "_CSFDB_SetIntRes2d_IntersectionPointp1", 
          "parent": "IntRes2d_IntersectionPoint", 
          "cls": "memfun", 
          "throws": true
        }, 
        {
          "returnType": "Standard_Real", 
          "arguments": [], 
          "name": "_CSFDB_GetIntRes2d_IntersectionPointp2", 
          "parent": "IntRes2d_IntersectionPoint", 
          "cls": "memfun", 
          "const": "1", 
          "throws": true
        }, 
        {
          "returnType": "void", 
          "arguments": [
            {
              "decl": "const Standard_Real", 
              "type": "Standard_Real", 
              "name": "p"
            }
          ], 
          "name": "_CSFDB_SetIntRes2d_IntersectionPointp2", 
          "parent": "IntRes2d_IntersectionPoint", 
          "cls": "memfun", 
          "throws": true
        }, 
        {
          "returnType": "IntRes2d_Transition const &", 
          "arguments": [], 
          "name": "_CSFDB_GetIntRes2d_IntersectionPointtrans1", 
          "parent": "IntRes2d_IntersectionPoint", 
          "cls": "memfun", 
          "const": "1", 
          "throws": true
        }, 
        {
          "returnType": "IntRes2d_Transition const &", 
          "arguments": [], 
          "name": "_CSFDB_GetIntRes2d_IntersectionPointtrans2", 
          "parent": "IntRes2d_IntersectionPoint", 
          "cls": "memfun", 
          "const": "1", 
          "throws": true
        }
      ], 
      "cls": "class"
    }, 
    {
      "name": "Handle_IntRes2d_SequenceNodeOfSequenceOfIntersectionPoint", 
      "abstract": false, 
      "constructors": [
        {
          "returnType": "", 
          "arguments": [], 
          "name": "Handle_IntRes2d_SequenceNodeOfSequenceOfIntersectionPoint", 
          "parent": "Handle_IntRes2d_SequenceNodeOfSequenceOfIntersectionPoint", 
          "cls": "constructor", 
          "throws": true
        }, 
        {
          "returnType": "", 
          "arguments": [
            {
              "decl": "const Handle_IntRes2d_SequenceNodeOfSequenceOfIntersectionPoint &", 
              "type": "Handle_IntRes2d_SequenceNodeOfSequenceOfIntersectionPoint", 
              "name": "aHandle"
            }
          ], 
          "name": "Handle_IntRes2d_SequenceNodeOfSequenceOfIntersectionPoint", 
          "parent": "Handle_IntRes2d_SequenceNodeOfSequenceOfIntersectionPoint", 
          "cls": "constructor", 
          "throws": true, 
          "copyConstructor": true
        }, 
        {
          "returnType": "", 
          "arguments": [
            {
              "decl": "const IntRes2d_SequenceNodeOfSequenceOfIntersectionPoint *", 
              "type": "IntRes2d_SequenceNodeOfSequenceOfIntersectionPoint", 
              "name": "anItem"
            }
          ], 
          "name": "Handle_IntRes2d_SequenceNodeOfSequenceOfIntersectionPoint", 
          "parent": "Handle_IntRes2d_SequenceNodeOfSequenceOfIntersectionPoint", 
          "cls": "constructor", 
          "throws": true
        }
      ], 
      "artificial": "1", 
      "bases": [
        {
          "access": "public", 
          "name": "Handle_TCollection_SeqNode"
        }
      ], 
      "location": [
        "/usr/local/include/oce/Handle_IntRes2d_SequenceNodeOfSequenceOfIntersectionPoint.hxx", 
        25
      ], 
      "members": [
        {
          "returnType": "Handle_IntRes2d_SequenceNodeOfSequenceOfIntersectionPoint", 
          "arguments": [
            {
              "decl": "const Handle_Standard_Transient &", 
              "type": "Handle_Standard_Transient", 
              "name": "AnObject"
            }
          ], 
          "name": "DownCast", 
          "parent": "Handle_IntRes2d_SequenceNodeOfSequenceOfIntersectionPoint", 
          "cls": "memfun", 
          "static": "1", 
          "extern": "1", 
          "throws": true
        }
      ], 
      "cls": "class"
    }, 
    {
      "name": "IntRes2d_Intersection", 
      "abstract": false, 
      "constructors": [], 
      "artificial": "1", 
      "bases": [], 
      "location": [
        "/usr/local/include/oce/IntRes2d_Intersection.hxx", 
        43
      ], 
      "members": [
        {
          "returnType": "Standard_Boolean", 
          "arguments": [], 
          "name": "IsDone", 
          "parent": "IntRes2d_Intersection", 
          "cls": "memfun", 
          "const": "1", 
          "throws": true
        }, 
        {
          "returnType": "Standard_Boolean", 
          "arguments": [], 
          "name": "IsEmpty", 
          "parent": "IntRes2d_Intersection", 
          "cls": "memfun", 
          "const": "1", 
          "throws": true
        }, 
        {
          "returnType": "Standard_Integer", 
          "arguments": [], 
          "name": "NbPoints", 
          "parent": "IntRes2d_Intersection", 
          "cls": "memfun", 
          "const": "1", 
          "throws": true
        }, 
        {
          "returnType": "IntRes2d_IntersectionPoint const &", 
          "arguments": [
            {
              "decl": "const Standard_Integer", 
              "type": "Standard_Integer", 
              "name": "N"
            }
          ], 
          "name": "Point", 
          "parent": "IntRes2d_Intersection", 
          "cls": "memfun", 
          "const": "1", 
          "throws": true
        }, 
        {
          "returnType": "Standard_Integer", 
          "arguments": [], 
          "name": "NbSegments", 
          "parent": "IntRes2d_Intersection", 
          "cls": "memfun", 
          "const": "1", 
          "throws": true
        }, 
        {
          "returnType": "IntRes2d_IntersectionSegment const &", 
          "arguments": [
            {
              "decl": "const Standard_Integer", 
              "type": "Standard_Integer", 
              "name": "N"
            }
          ], 
          "name": "Segment", 
          "parent": "IntRes2d_Intersection", 
          "cls": "memfun", 
          "const": "1", 
          "throws": true
        }, 
        {
          "returnType": "void", 
          "arguments": [
            {
              "decl": "const Standard_Boolean", 
              "type": "Standard_Boolean", 
              "name": "flag"
            }
          ], 
          "name": "SetReversedParameters", 
          "parent": "IntRes2d_Intersection", 
          "cls": "memfun", 
          "throws": true
        }
      ], 
      "cls": "class"
    }, 
    {
      "name": "IntRes2d_SequenceNodeOfSequenceOfIntersectionSegment", 
      "abstract": false, 
      "constructors": [
        {
          "returnType": "", 
          "arguments": [
            {
              "decl": "const IntRes2d_SequenceNodeOfSequenceOfIntersectionSegment &", 
              "type": "IntRes2d_SequenceNodeOfSequenceOfIntersectionSegment", 
              "name": "arg0"
            }
          ], 
          "name": "IntRes2d_SequenceNodeOfSequenceOfIntersectionSegment", 
          "parent": "IntRes2d_SequenceNodeOfSequenceOfIntersectionSegment", 
          "cls": "constructor", 
          "artificial": "1", 
          "throws": true, 
          "copyConstructor": true
        }, 
        {
          "returnType": "", 
          "arguments": [
            {
              "decl": "const IntRes2d_IntersectionSegment &", 
              "type": "IntRes2d_IntersectionSegment", 
              "name": "I"
            }, 
            {
              "decl": "const TCollection_SeqNodePtr &", 
              "type": "TCollection_SeqNodePtr", 
              "name": "n"
            }, 
            {
              "decl": "const TCollection_SeqNodePtr &", 
              "type": "TCollection_SeqNodePtr", 
              "name": "p"
            }
          ], 
          "name": "IntRes2d_SequenceNodeOfSequenceOfIntersectionSegment", 
          "parent": "IntRes2d_SequenceNodeOfSequenceOfIntersectionSegment", 
          "cls": "constructor", 
          "throws": true
        }
      ], 
      "artificial": "1", 
      "bases": [
        {
          "access": "public", 
          "name": "TCollection_SeqNode"
        }
      ], 
      "location": [
        "/usr/local/include/oce/IntRes2d_SequenceNodeOfSequenceOfIntersectionSegment.hxx", 
        33
      ], 
      "members": [
        {
          "returnType": "IntRes2d_IntersectionSegment &", 
          "arguments": [], 
          "name": "Value", 
          "parent": "IntRes2d_SequenceNodeOfSequenceOfIntersectionSegment", 
          "cls": "memfun", 
          "const": "1", 
          "throws": true
        }, 
        {
          "returnType": "Handle_Standard_Type const &", 
          "arguments": [], 
          "name": "DynamicType", 
          "parent": "IntRes2d_SequenceNodeOfSequenceOfIntersectionSegment", 
          "cls": "memfun", 
          "extern": "1", 
          "const": "1", 
          "throws": true, 
          "virtuality": "virtual"
        }
      ], 
      "cls": "class"
    }, 
    {
      "name": "IntRes2d_Domain", 
      "abstract": false, 
      "constructors": [
        {
          "returnType": "", 
          "arguments": [
            {
              "decl": "const IntRes2d_Domain &", 
              "type": "IntRes2d_Domain", 
              "name": "arg0"
            }
          ], 
          "name": "IntRes2d_Domain", 
          "parent": "IntRes2d_Domain", 
          "cls": "constructor", 
          "artificial": "1", 
          "copyConstructor": true
        }, 
        {
          "returnType": "", 
          "arguments": [], 
          "name": "IntRes2d_Domain", 
          "parent": "IntRes2d_Domain", 
          "cls": "constructor", 
          "extern": "1", 
          "throws": true
        }, 
        {
          "returnType": "", 
          "arguments": [
            {
              "decl": "const gp_Pnt2d &", 
              "type": "gp_Pnt2d", 
              "name": "Pnt1"
            }, 
            {
              "decl": "const Standard_Real", 
              "type": "Standard_Real", 
              "name": "Par1"
            }, 
            {
              "decl": "const Standard_Real", 
              "type": "Standard_Real", 
              "name": "Tol1"
            }, 
            {
              "decl": "const gp_Pnt2d &", 
              "type": "gp_Pnt2d", 
              "name": "Pnt2"
            }, 
            {
              "decl": "const Standard_Real", 
              "type": "Standard_Real", 
              "name": "Par2"
            }, 
            {
              "decl": "const Standard_Real", 
              "type": "Standard_Real", 
              "name": "Tol2"
            }
          ], 
          "name": "IntRes2d_Domain", 
          "parent": "IntRes2d_Domain", 
          "cls": "constructor", 
          "extern": "1", 
          "throws": true
        }, 
        {
          "returnType": "", 
          "arguments": [
            {
              "decl": "const gp_Pnt2d &", 
              "type": "gp_Pnt2d", 
              "name": "Pnt"
            }, 
            {
              "decl": "const Standard_Real", 
              "type": "Standard_Real", 
              "name": "Par"
            }, 
            {
              "decl": "const Standard_Real", 
              "type": "Standard_Real", 
              "name": "Tol"
            }, 
            {
              "decl": "const Standard_Boolean", 
              "type": "Standard_Boolean", 
              "name": "First"
            }
          ], 
          "name": "IntRes2d_Domain", 
          "parent": "IntRes2d_Domain", 
          "cls": "constructor", 
          "extern": "1", 
          "throws": true
        }
      ], 
      "artificial": "1", 
      "bases": [], 
      "location": [
        "/usr/local/include/oce/IntRes2d_Domain.hxx", 
        48
      ], 
      "members": [
        {
          "returnType": "void", 
          "arguments": [
            {
              "decl": "const gp_Pnt2d &", 
              "type": "gp_Pnt2d", 
              "name": "Pnt1"
            }, 
            {
              "decl": "const Standard_Real", 
              "type": "Standard_Real", 
              "name": "Par1"
            }, 
            {
              "decl": "const Standard_Real", 
              "type": "Standard_Real", 
              "name": "Tol1"
            }, 
            {
              "decl": "const gp_Pnt2d &", 
              "type": "gp_Pnt2d", 
              "name": "Pnt2"
            }, 
            {
              "decl": "const Standard_Real", 
              "type": "Standard_Real", 
              "name": "Par2"
            }, 
            {
              "decl": "const Standard_Real", 
              "type": "Standard_Real", 
              "name": "Tol2"
            }
          ], 
          "name": "SetValues", 
          "parent": "IntRes2d_Domain", 
          "cls": "memfun", 
          "extern": "1", 
          "throws": true
        }, 
        {
          "returnType": "void", 
          "arguments": [], 
          "name": "SetValues", 
          "parent": "IntRes2d_Domain", 
          "cls": "memfun", 
          "extern": "1", 
          "throws": true
        }, 
        {
          "returnType": "void", 
          "arguments": [
            {
              "decl": "const gp_Pnt2d &", 
              "type": "gp_Pnt2d", 
              "name": "Pnt"
            }, 
            {
              "decl": "const Standard_Real", 
              "type": "Standard_Real", 
              "name": "Par"
            }, 
            {
              "decl": "const Standard_Real", 
              "type": "Standard_Real", 
              "name": "Tol"
            }, 
            {
              "decl": "const Standard_Boolean", 
              "type": "Standard_Boolean", 
              "name": "First"
            }
          ], 
          "name": "SetValues", 
          "parent": "IntRes2d_Domain", 
          "cls": "memfun", 
          "extern": "1", 
          "throws": true
        }, 
        {
          "returnType": "void", 
          "arguments": [
            {
              "decl": "const Standard_Real", 
              "type": "Standard_Real", 
              "name": "p_first"
            }, 
            {
              "decl": "const Standard_Real", 
              "type": "Standard_Real", 
              "name": "p_last"
            }
          ], 
          "name": "SetEquivalentParameters", 
          "parent": "IntRes2d_Domain", 
          "cls": "memfun", 
          "throws": true
        }, 
        {
          "returnType": "Standard_Boolean", 
          "arguments": [], 
          "name": "HasFirstPoint", 
          "parent": "IntRes2d_Domain", 
          "cls": "memfun", 
          "const": "1", 
          "throws": true
        }, 
        {
          "returnType": "Standard_Real", 
          "arguments": [], 
          "name": "FirstParameter", 
          "parent": "IntRes2d_Domain", 
          "cls": "memfun", 
          "const": "1", 
          "throws": true
        }, 
        {
          "returnType": "gp_Pnt2d const &", 
          "arguments": [], 
          "name": "FirstPoint", 
          "parent": "IntRes2d_Domain", 
          "cls": "memfun", 
          "const": "1", 
          "throws": true
        }, 
        {
          "returnType": "Standard_Real", 
          "arguments": [], 
          "name": "FirstTolerance", 
          "parent": "IntRes2d_Domain", 
          "cls": "memfun", 
          "const": "1", 
          "throws": true
        }, 
        {
          "returnType": "Standard_Boolean", 
          "arguments": [], 
          "name": "HasLastPoint", 
          "parent": "IntRes2d_Domain", 
          "cls": "memfun", 
          "const": "1", 
          "throws": true
        }, 
        {
          "returnType": "Standard_Real", 
          "arguments": [], 
          "name": "LastParameter", 
          "parent": "IntRes2d_Domain", 
          "cls": "memfun", 
          "const": "1", 
          "throws": true
        }, 
        {
          "returnType": "gp_Pnt2d const &", 
          "arguments": [], 
          "name": "LastPoint", 
          "parent": "IntRes2d_Domain", 
          "cls": "memfun", 
          "const": "1", 
          "throws": true
        }, 
        {
          "returnType": "Standard_Real", 
          "arguments": [], 
          "name": "LastTolerance", 
          "parent": "IntRes2d_Domain", 
          "cls": "memfun", 
          "const": "1", 
          "throws": true
        }, 
        {
          "returnType": "Standard_Boolean", 
          "arguments": [], 
          "name": "IsClosed", 
          "parent": "IntRes2d_Domain", 
          "cls": "memfun", 
          "const": "1", 
          "throws": true
        }, 
        {
          "returnType": "void", 
          "arguments": [
            {
              "decl": "Standard_Real &", 
              "type": "Standard_Real", 
              "name": "p_first"
            }, 
            {
              "decl": "Standard_Real &", 
              "type": "Standard_Real", 
              "name": "p_last"
            }
          ], 
          "name": "EquivalentParameters", 
          "parent": "IntRes2d_Domain", 
          "cls": "memfun", 
          "const": "1", 
          "throws": true
        }
      ], 
      "cls": "class"
    }, 
    {
      "name": "IntRes2d_SequenceNodeOfSequenceOfIntersectionPoint", 
      "abstract": false, 
      "constructors": [
        {
          "returnType": "", 
          "arguments": [
            {
              "decl": "const IntRes2d_SequenceNodeOfSequenceOfIntersectionPoint &", 
              "type": "IntRes2d_SequenceNodeOfSequenceOfIntersectionPoint", 
              "name": "arg0"
            }
          ], 
          "name": "IntRes2d_SequenceNodeOfSequenceOfIntersectionPoint", 
          "parent": "IntRes2d_SequenceNodeOfSequenceOfIntersectionPoint", 
          "cls": "constructor", 
          "artificial": "1", 
          "throws": true, 
          "copyConstructor": true
        }, 
        {
          "returnType": "", 
          "arguments": [
            {
              "decl": "const IntRes2d_IntersectionPoint &", 
              "type": "IntRes2d_IntersectionPoint", 
              "name": "I"
            }, 
            {
              "decl": "const TCollection_SeqNodePtr &", 
              "type": "TCollection_SeqNodePtr", 
              "name": "n"
            }, 
            {
              "decl": "const TCollection_SeqNodePtr &", 
              "type": "TCollection_SeqNodePtr", 
              "name": "p"
            }
          ], 
          "name": "IntRes2d_SequenceNodeOfSequenceOfIntersectionPoint", 
          "parent": "IntRes2d_SequenceNodeOfSequenceOfIntersectionPoint", 
          "cls": "constructor", 
          "throws": true
        }
      ], 
      "artificial": "1", 
      "bases": [
        {
          "access": "public", 
          "name": "TCollection_SeqNode"
        }
      ], 
      "location": [
        "/usr/local/include/oce/IntRes2d_SequenceNodeOfSequenceOfIntersectionPoint.hxx", 
        33
      ], 
      "members": [
        {
          "returnType": "IntRes2d_IntersectionPoint &", 
          "arguments": [], 
          "name": "Value", 
          "parent": "IntRes2d_SequenceNodeOfSequenceOfIntersectionPoint", 
          "cls": "memfun", 
          "const": "1", 
          "throws": true
        }, 
        {
          "returnType": "Handle_Standard_Type const &", 
          "arguments": [], 
          "name": "DynamicType", 
          "parent": "IntRes2d_SequenceNodeOfSequenceOfIntersectionPoint", 
          "cls": "memfun", 
          "extern": "1", 
          "const": "1", 
          "throws": true, 
          "virtuality": "virtual"
        }
      ], 
      "cls": "class"
    }, 
    {
      "name": "Handle_IntRes2d_SequenceNodeOfSequenceOfIntersectionSegment", 
      "abstract": false, 
      "constructors": [
        {
          "returnType": "", 
          "arguments": [], 
          "name": "Handle_IntRes2d_SequenceNodeOfSequenceOfIntersectionSegment", 
          "parent": "Handle_IntRes2d_SequenceNodeOfSequenceOfIntersectionSegment", 
          "cls": "constructor", 
          "throws": true
        }, 
        {
          "returnType": "", 
          "arguments": [
            {
              "decl": "const Handle_IntRes2d_SequenceNodeOfSequenceOfIntersectionSegment &", 
              "type": "Handle_IntRes2d_SequenceNodeOfSequenceOfIntersectionSegment", 
              "name": "aHandle"
            }
          ], 
          "name": "Handle_IntRes2d_SequenceNodeOfSequenceOfIntersectionSegment", 
          "parent": "Handle_IntRes2d_SequenceNodeOfSequenceOfIntersectionSegment", 
          "cls": "constructor", 
          "throws": true, 
          "copyConstructor": true
        }, 
        {
          "returnType": "", 
          "arguments": [
            {
              "decl": "const IntRes2d_SequenceNodeOfSequenceOfIntersectionSegment *", 
              "type": "IntRes2d_SequenceNodeOfSequenceOfIntersectionSegment", 
              "name": "anItem"
            }
          ], 
          "name": "Handle_IntRes2d_SequenceNodeOfSequenceOfIntersectionSegment", 
          "parent": "Handle_IntRes2d_SequenceNodeOfSequenceOfIntersectionSegment", 
          "cls": "constructor", 
          "throws": true
        }
      ], 
      "artificial": "1", 
      "bases": [
        {
          "access": "public", 
          "name": "Handle_TCollection_SeqNode"
        }
      ], 
      "location": [
        "/usr/local/include/oce/Handle_IntRes2d_SequenceNodeOfSequenceOfIntersectionSegment.hxx", 
        25
      ], 
      "members": [
        {
          "returnType": "Handle_IntRes2d_SequenceNodeOfSequenceOfIntersectionSegment", 
          "arguments": [
            {
              "decl": "const Handle_Standard_Transient &", 
              "type": "Handle_Standard_Transient", 
              "name": "AnObject"
            }
          ], 
          "name": "DownCast", 
          "parent": "Handle_IntRes2d_SequenceNodeOfSequenceOfIntersectionSegment", 
          "cls": "memfun", 
          "static": "1", 
          "extern": "1", 
          "throws": true
        }
      ], 
      "cls": "class"
    }
  ], 
  "headers": [
    "IntRes2d_SequenceOfIntersectionSegment.hxx", 
    "IntRes2d_SequenceNodeOfSequenceOfIntersectionPoint.hxx", 
    "IntRes2d_SequenceNodeOfSequenceOfIntersectionSegment.hxx", 
    "IntRes2d_Situation.hxx", 
    "IntRes2d_SequenceOfIntersectionPoint.hxx", 
    "IntRes2d_Intersection.hxx", 
    "IntRes2d_Transition.hxx", 
    "IntRes2d_TypeTrans.hxx", 
    "IntRes2d_IntersectionSegment.hxx", 
    "IntRes2d_IntersectionPoint.hxx", 
    "IntRes2d_Position.hxx", 
    "IntRes2d_Domain.hxx"
  ], 
  "enums": [
    {
      "values": [
        [
          "IntRes2d_Head", 
          0
        ], 
        [
          "IntRes2d_Middle", 
          1
        ], 
        [
          "IntRes2d_End", 
          2
        ]
      ], 
      "name": "IntRes2d_Position", 
      "cls": "enum"
    }, 
    {
      "values": [
        [
          "IntRes2d_In", 
          0
        ], 
        [
          "IntRes2d_Out", 
          1
        ], 
        [
          "IntRes2d_Touch", 
          2
        ], 
        [
          "IntRes2d_Undecided", 
          3
        ]
      ], 
      "name": "IntRes2d_TypeTrans", 
      "cls": "enum"
    }, 
    {
      "values": [
        [
          "IntRes2d_Inside", 
          0
        ], 
        [
          "IntRes2d_Outside", 
          1
        ], 
        [
          "IntRes2d_Unknown", 
          2
        ]
      ], 
      "name": "IntRes2d_Situation", 
      "cls": "enum"
    }
  ], 
  "typedefs": [], 
  "name": "IntRes2d"
}