{
  "classes": [
    {
      "name": "IntStart_SITopolTool", 
      "abstract": true, 
      "constructors": [], 
      "artificial": "1", 
      "bases": [
        {
          "access": "public", 
          "name": "MMgt_TShared"
        }
      ], 
      "location": [
        "/usr/local/include/oce/IntStart_SITopolTool.hxx", 
        34
      ], 
      "members": [
        {
          "returnType": "TopAbs_State", 
          "arguments": [
            {
              "decl": "const gp_Pnt2d &", 
              "type": "gp_Pnt2d", 
              "name": "P"
            }, 
            {
              "decl": "const Standard_Real", 
              "type": "Standard_Real", 
              "name": "Tol"
            }
          ], 
          "name": "Classify", 
          "parent": "IntStart_SITopolTool", 
          "cls": "memfun", 
          "extern": "1", 
          "throws": true, 
          "virtuality": "pure virtual"
        }, 
        {
          "returnType": "Handle_Standard_Type const &", 
          "arguments": [], 
          "name": "DynamicType", 
          "parent": "IntStart_SITopolTool", 
          "cls": "memfun", 
          "extern": "1", 
          "const": "1", 
          "throws": true, 
          "virtuality": "virtual"
        }
      ], 
      "cls": "class"
    }, 
    {
      "name": "Handle_IntStart_SITopolTool", 
      "abstract": false, 
      "constructors": [
        {
          "returnType": "", 
          "arguments": [], 
          "name": "Handle_IntStart_SITopolTool", 
          "parent": "Handle_IntStart_SITopolTool", 
          "cls": "constructor", 
          "throws": true
        }, 
        {
          "returnType": "", 
          "arguments": [
            {
              "decl": "const Handle_IntStart_SITopolTool &", 
              "type": "Handle_IntStart_SITopolTool", 
              "name": "aHandle"
            }
          ], 
          "name": "Handle_IntStart_SITopolTool", 
          "parent": "Handle_IntStart_SITopolTool", 
          "cls": "constructor", 
          "throws": true, 
          "copyConstructor": true
        }, 
        {
          "returnType": "", 
          "arguments": [
            {
              "decl": "const IntStart_SITopolTool *", 
              "type": "IntStart_SITopolTool", 
              "name": "anItem"
            }
          ], 
          "name": "Handle_IntStart_SITopolTool", 
          "parent": "Handle_IntStart_SITopolTool", 
          "cls": "constructor", 
          "throws": true
        }
      ], 
      "artificial": "1", 
      "bases": [
        {
          "access": "public", 
          "name": "Handle_MMgt_TShared"
        }
      ], 
      "location": [
        "/usr/local/include/oce/Handle_IntStart_SITopolTool.hxx", 
        25
      ], 
      "members": [
        {
          "returnType": "Handle_IntStart_SITopolTool", 
          "arguments": [
            {
              "decl": "const Handle_Standard_Transient &", 
              "type": "Handle_Standard_Transient", 
              "name": "AnObject"
            }
          ], 
          "name": "DownCast", 
          "parent": "Handle_IntStart_SITopolTool", 
          "cls": "memfun", 
          "static": "1", 
          "extern": "1", 
          "throws": true
        }
      ], 
      "cls": "class"
    }
  ], 
  "headers": [
    "IntStart_SITopolTool.hxx"
  ], 
  "enums": [], 
  "typedefs": [], 
  "name": "IntStart"
}