{
  "classes": [
    {
      "name": "LocalAnalysis_SurfaceContinuity", 
      "abstract": false, 
      "constructors": [
        {
          "returnType": "", 
          "arguments": [
            {
              "decl": "const LocalAnalysis_SurfaceContinuity &", 
              "type": "LocalAnalysis_SurfaceContinuity", 
              "name": "arg0"
            }
          ], 
          "name": "LocalAnalysis_SurfaceContinuity", 
          "parent": "LocalAnalysis_SurfaceContinuity", 
          "cls": "constructor", 
          "artificial": "1", 
          "copyConstructor": true
        }, 
        {
          "returnType": "", 
          "arguments": [
            {
              "decl": "const Handle_Geom_Surface &", 
              "type": "Handle_Geom_Surface", 
              "name": "Surf1"
            }, 
            {
              "decl": "const Standard_Real", 
              "type": "Standard_Real", 
              "name": "u1"
            }, 
            {
              "decl": "const Standard_Real", 
              "type": "Standard_Real", 
              "name": "v1"
            }, 
            {
              "decl": "const Handle_Geom_Surface &", 
              "type": "Handle_Geom_Surface", 
              "name": "Surf2"
            }, 
            {
              "decl": "const Standard_Real", 
              "type": "Standard_Real", 
              "name": "u2"
            }, 
            {
              "decl": "const Standard_Real", 
              "type": "Standard_Real", 
              "name": "v2"
            }, 
            {
              "decl": "const GeomAbs_Shape", 
              "type": "GeomAbs_Shape", 
              "name": "Order"
            }, 
            {
              "decl": "const Standard_Real", 
              "type": "Standard_Real", 
              "name": "EpsNul", 
              "default": "1.00000000000000002081668171172168513294309377670288085938e-3"
            }, 
            {
              "decl": "const Standard_Real", 
              "type": "Standard_Real", 
              "name": "EpsC0", 
              "default": "1.00000000000000002081668171172168513294309377670288085938e-3"
            }, 
            {
              "decl": "const Standard_Real", 
              "type": "Standard_Real", 
              "name": "EpsC1", 
              "default": "1.00000000000000002081668171172168513294309377670288085938e-3"
            }, 
            {
              "decl": "const Standard_Real", 
              "type": "Standard_Real", 
              "name": "EpsC2", 
              "default": "1.00000000000000002081668171172168513294309377670288085938e-3"
            }, 
            {
              "decl": "const Standard_Real", 
              "type": "Standard_Real", 
              "name": "EpsG1", 
              "default": "1.00000000000000002081668171172168513294309377670288085938e-3"
            }, 
            {
              "decl": "const Standard_Real", 
              "type": "Standard_Real", 
              "name": "Percent", 
              "default": "1.00000000000000002081668171172168513294309377670288085938e-2"
            }, 
            {
              "decl": "const Standard_Real", 
              "type": "Standard_Real", 
              "name": "Maxlen", 
              "default": "10000"
            }
          ], 
          "name": "LocalAnalysis_SurfaceContinuity", 
          "parent": "LocalAnalysis_SurfaceContinuity", 
          "cls": "constructor", 
          "extern": "1", 
          "throws": true
        }, 
        {
          "returnType": "", 
          "arguments": [
            {
              "decl": "const Handle_Geom2d_Curve &", 
              "type": "Handle_Geom2d_Curve", 
              "name": "curv1"
            }, 
            {
              "decl": "const Handle_Geom2d_Curve &", 
              "type": "Handle_Geom2d_Curve", 
              "name": "curv2"
            }, 
            {
              "decl": "const Standard_Real", 
              "type": "Standard_Real", 
              "name": "U"
            }, 
            {
              "decl": "const Handle_Geom_Surface &", 
              "type": "Handle_Geom_Surface", 
              "name": "Surf1"
            }, 
            {
              "decl": "const Handle_Geom_Surface &", 
              "type": "Handle_Geom_Surface", 
              "name": "Surf2"
            }, 
            {
              "decl": "const GeomAbs_Shape", 
              "type": "GeomAbs_Shape", 
              "name": "Order"
            }, 
            {
              "decl": "const Standard_Real", 
              "type": "Standard_Real", 
              "name": "EpsNul", 
              "default": "1.00000000000000002081668171172168513294309377670288085938e-3"
            }, 
            {
              "decl": "const Standard_Real", 
              "type": "Standard_Real", 
              "name": "EpsC0", 
              "default": "1.00000000000000002081668171172168513294309377670288085938e-3"
            }, 
            {
              "decl": "const Standard_Real", 
              "type": "Standard_Real", 
              "name": "EpsC1", 
              "default": "1.00000000000000002081668171172168513294309377670288085938e-3"
            }, 
            {
              "decl": "const Standard_Real", 
              "type": "Standard_Real", 
              "name": "EpsC2", 
              "default": "1.00000000000000002081668171172168513294309377670288085938e-3"
            }, 
            {
              "decl": "const Standard_Real", 
              "type": "Standard_Real", 
              "name": "EpsG1", 
              "default": "1.00000000000000002081668171172168513294309377670288085938e-3"
            }, 
            {
              "decl": "const Standard_Real", 
              "type": "Standard_Real", 
              "name": "Percent", 
              "default": "1.00000000000000002081668171172168513294309377670288085938e-2"
            }, 
            {
              "decl": "const Standard_Real", 
              "type": "Standard_Real", 
              "name": "Maxlen", 
              "default": "10000"
            }
          ], 
          "name": "LocalAnalysis_SurfaceContinuity", 
          "parent": "LocalAnalysis_SurfaceContinuity", 
          "cls": "constructor", 
          "extern": "1", 
          "throws": true
        }, 
        {
          "returnType": "", 
          "arguments": [
            {
              "decl": "const Standard_Real", 
              "type": "Standard_Real", 
              "name": "EpsNul", 
              "default": "1.00000000000000002081668171172168513294309377670288085938e-3"
            }, 
            {
              "decl": "const Standard_Real", 
              "type": "Standard_Real", 
              "name": "EpsC0", 
              "default": "1.00000000000000002081668171172168513294309377670288085938e-3"
            }, 
            {
              "decl": "const Standard_Real", 
              "type": "Standard_Real", 
              "name": "EpsC1", 
              "default": "1.00000000000000002081668171172168513294309377670288085938e-3"
            }, 
            {
              "decl": "const Standard_Real", 
              "type": "Standard_Real", 
              "name": "EpsC2", 
              "default": "1.00000000000000002081668171172168513294309377670288085938e-3"
            }, 
            {
              "decl": "const Standard_Real", 
              "type": "Standard_Real", 
              "name": "EpsG1", 
              "default": "1.00000000000000002081668171172168513294309377670288085938e-3"
            }, 
            {
              "decl": "const Standard_Real", 
              "type": "Standard_Real", 
              "name": "Percent", 
              "default": "1.00000000000000002081668171172168513294309377670288085938e-2"
            }, 
            {
              "decl": "const Standard_Real", 
              "type": "Standard_Real", 
              "name": "Maxlen", 
              "default": "10000"
            }
          ], 
          "name": "LocalAnalysis_SurfaceContinuity", 
          "parent": "LocalAnalysis_SurfaceContinuity", 
          "cls": "constructor", 
          "extern": "1", 
          "throws": true
        }
      ], 
      "artificial": "1", 
      "bases": [], 
      "location": [
        "/usr/local/include/oce/LocalAnalysis_SurfaceContinuity.hxx", 
        46
      ], 
      "members": [
        {
          "returnType": "void", 
          "arguments": [
            {
              "decl": "GeomLProp_SLProps &", 
              "type": "GeomLProp_SLProps", 
              "name": "Surf1"
            }, 
            {
              "decl": "GeomLProp_SLProps &", 
              "type": "GeomLProp_SLProps", 
              "name": "Surf2"
            }, 
            {
              "decl": "const GeomAbs_Shape", 
              "type": "GeomAbs_Shape", 
              "name": "Order"
            }
          ], 
          "name": "ComputeAnalysis", 
          "parent": "LocalAnalysis_SurfaceContinuity", 
          "cls": "memfun", 
          "extern": "1", 
          "throws": true
        }, 
        {
          "returnType": "Standard_Boolean", 
          "arguments": [], 
          "name": "IsDone", 
          "parent": "LocalAnalysis_SurfaceContinuity", 
          "cls": "memfun", 
          "extern": "1", 
          "const": "1", 
          "throws": true
        }, 
        {
          "returnType": "GeomAbs_Shape", 
          "arguments": [], 
          "name": "ContinuityStatus", 
          "parent": "LocalAnalysis_SurfaceContinuity", 
          "cls": "memfun", 
          "extern": "1", 
          "const": "1", 
          "throws": true
        }, 
        {
          "returnType": "LocalAnalysis_StatusErrorType", 
          "arguments": [], 
          "name": "StatusError", 
          "parent": "LocalAnalysis_SurfaceContinuity", 
          "cls": "memfun", 
          "extern": "1", 
          "const": "1", 
          "throws": true
        }, 
        {
          "returnType": "Standard_Real", 
          "arguments": [], 
          "name": "C0Value", 
          "parent": "LocalAnalysis_SurfaceContinuity", 
          "cls": "memfun", 
          "extern": "1", 
          "const": "1", 
          "throws": true
        }, 
        {
          "returnType": "Standard_Real", 
          "arguments": [], 
          "name": "C1UAngle", 
          "parent": "LocalAnalysis_SurfaceContinuity", 
          "cls": "memfun", 
          "extern": "1", 
          "const": "1", 
          "throws": true
        }, 
        {
          "returnType": "Standard_Real", 
          "arguments": [], 
          "name": "C1URatio", 
          "parent": "LocalAnalysis_SurfaceContinuity", 
          "cls": "memfun", 
          "extern": "1", 
          "const": "1", 
          "throws": true
        }, 
        {
          "returnType": "Standard_Real", 
          "arguments": [], 
          "name": "C1VAngle", 
          "parent": "LocalAnalysis_SurfaceContinuity", 
          "cls": "memfun", 
          "extern": "1", 
          "const": "1", 
          "throws": true
        }, 
        {
          "returnType": "Standard_Real", 
          "arguments": [], 
          "name": "C1VRatio", 
          "parent": "LocalAnalysis_SurfaceContinuity", 
          "cls": "memfun", 
          "extern": "1", 
          "const": "1", 
          "throws": true
        }, 
        {
          "returnType": "Standard_Real", 
          "arguments": [], 
          "name": "C2UAngle", 
          "parent": "LocalAnalysis_SurfaceContinuity", 
          "cls": "memfun", 
          "extern": "1", 
          "const": "1", 
          "throws": true
        }, 
        {
          "returnType": "Standard_Real", 
          "arguments": [], 
          "name": "C2URatio", 
          "parent": "LocalAnalysis_SurfaceContinuity", 
          "cls": "memfun", 
          "extern": "1", 
          "const": "1", 
          "throws": true
        }, 
        {
          "returnType": "Standard_Real", 
          "arguments": [], 
          "name": "C2VAngle", 
          "parent": "LocalAnalysis_SurfaceContinuity", 
          "cls": "memfun", 
          "extern": "1", 
          "const": "1", 
          "throws": true
        }, 
        {
          "returnType": "Standard_Real", 
          "arguments": [], 
          "name": "C2VRatio", 
          "parent": "LocalAnalysis_SurfaceContinuity", 
          "cls": "memfun", 
          "extern": "1", 
          "const": "1", 
          "throws": true
        }, 
        {
          "returnType": "Standard_Real", 
          "arguments": [], 
          "name": "G1Angle", 
          "parent": "LocalAnalysis_SurfaceContinuity", 
          "cls": "memfun", 
          "extern": "1", 
          "const": "1", 
          "throws": true
        }, 
        {
          "returnType": "Standard_Real", 
          "arguments": [], 
          "name": "G2CurvatureGap", 
          "parent": "LocalAnalysis_SurfaceContinuity", 
          "cls": "memfun", 
          "extern": "1", 
          "const": "1", 
          "throws": true
        }, 
        {
          "returnType": "Standard_Boolean", 
          "arguments": [], 
          "name": "IsC0", 
          "parent": "LocalAnalysis_SurfaceContinuity", 
          "cls": "memfun", 
          "extern": "1", 
          "const": "1", 
          "throws": true
        }, 
        {
          "returnType": "Standard_Boolean", 
          "arguments": [], 
          "name": "IsC1", 
          "parent": "LocalAnalysis_SurfaceContinuity", 
          "cls": "memfun", 
          "extern": "1", 
          "const": "1", 
          "throws": true
        }, 
        {
          "returnType": "Standard_Boolean", 
          "arguments": [], 
          "name": "IsC2", 
          "parent": "LocalAnalysis_SurfaceContinuity", 
          "cls": "memfun", 
          "extern": "1", 
          "const": "1", 
          "throws": true
        }, 
        {
          "returnType": "Standard_Boolean", 
          "arguments": [], 
          "name": "IsG1", 
          "parent": "LocalAnalysis_SurfaceContinuity", 
          "cls": "memfun", 
          "extern": "1", 
          "const": "1", 
          "throws": true
        }, 
        {
          "returnType": "Standard_Boolean", 
          "arguments": [], 
          "name": "IsG2", 
          "parent": "LocalAnalysis_SurfaceContinuity", 
          "cls": "memfun", 
          "extern": "1", 
          "const": "1", 
          "throws": true
        }
      ], 
      "cls": "class"
    }, 
    {
      "name": "LocalAnalysis_CurveContinuity", 
      "abstract": false, 
      "constructors": [
        {
          "returnType": "", 
          "arguments": [
            {
              "decl": "const LocalAnalysis_CurveContinuity &", 
              "type": "LocalAnalysis_CurveContinuity", 
              "name": "arg0"
            }
          ], 
          "name": "LocalAnalysis_CurveContinuity", 
          "parent": "LocalAnalysis_CurveContinuity", 
          "cls": "constructor", 
          "artificial": "1", 
          "copyConstructor": true
        }, 
        {
          "returnType": "", 
          "arguments": [
            {
              "decl": "const Handle_Geom_Curve &", 
              "type": "Handle_Geom_Curve", 
              "name": "Curv1"
            }, 
            {
              "decl": "const Standard_Real", 
              "type": "Standard_Real", 
              "name": "u1"
            }, 
            {
              "decl": "const Handle_Geom_Curve &", 
              "type": "Handle_Geom_Curve", 
              "name": "Curv2"
            }, 
            {
              "decl": "const Standard_Real", 
              "type": "Standard_Real", 
              "name": "u2"
            }, 
            {
              "decl": "const GeomAbs_Shape", 
              "type": "GeomAbs_Shape", 
              "name": "Order"
            }, 
            {
              "decl": "const Standard_Real", 
              "type": "Standard_Real", 
              "name": "EpsNul", 
              "default": "1.00000000000000002081668171172168513294309377670288085938e-3"
            }, 
            {
              "decl": "const Standard_Real", 
              "type": "Standard_Real", 
              "name": "EpsC0", 
              "default": "1.00000000000000002081668171172168513294309377670288085938e-3"
            }, 
            {
              "decl": "const Standard_Real", 
              "type": "Standard_Real", 
              "name": "EpsC1", 
              "default": "1.00000000000000002081668171172168513294309377670288085938e-3"
            }, 
            {
              "decl": "const Standard_Real", 
              "type": "Standard_Real", 
              "name": "EpsC2", 
              "default": "1.00000000000000002081668171172168513294309377670288085938e-3"
            }, 
            {
              "decl": "const Standard_Real", 
              "type": "Standard_Real", 
              "name": "EpsG1", 
              "default": "1.00000000000000002081668171172168513294309377670288085938e-3"
            }, 
            {
              "decl": "const Standard_Real", 
              "type": "Standard_Real", 
              "name": "EpsG2", 
              "default": "1.00000000000000002081668171172168513294309377670288085938e-3"
            }, 
            {
              "decl": "const Standard_Real", 
              "type": "Standard_Real", 
              "name": "Percent", 
              "default": "1.00000000000000002081668171172168513294309377670288085938e-2"
            }, 
            {
              "decl": "const Standard_Real", 
              "type": "Standard_Real", 
              "name": "Maxlen", 
              "default": "10000"
            }
          ], 
          "name": "LocalAnalysis_CurveContinuity", 
          "parent": "LocalAnalysis_CurveContinuity", 
          "cls": "constructor", 
          "extern": "1", 
          "throws": true
        }
      ], 
      "artificial": "1", 
      "bases": [], 
      "location": [
        "/usr/local/include/oce/LocalAnalysis_CurveContinuity.hxx", 
        42
      ], 
      "members": [
        {
          "returnType": "Standard_Boolean", 
          "arguments": [], 
          "name": "IsDone", 
          "parent": "LocalAnalysis_CurveContinuity", 
          "cls": "memfun", 
          "extern": "1", 
          "const": "1", 
          "throws": true
        }, 
        {
          "returnType": "LocalAnalysis_StatusErrorType", 
          "arguments": [], 
          "name": "StatusError", 
          "parent": "LocalAnalysis_CurveContinuity", 
          "cls": "memfun", 
          "extern": "1", 
          "const": "1", 
          "throws": true
        }, 
        {
          "returnType": "GeomAbs_Shape", 
          "arguments": [], 
          "name": "ContinuityStatus", 
          "parent": "LocalAnalysis_CurveContinuity", 
          "cls": "memfun", 
          "extern": "1", 
          "const": "1", 
          "throws": true
        }, 
        {
          "returnType": "Standard_Real", 
          "arguments": [], 
          "name": "C0Value", 
          "parent": "LocalAnalysis_CurveContinuity", 
          "cls": "memfun", 
          "extern": "1", 
          "const": "1", 
          "throws": true
        }, 
        {
          "returnType": "Standard_Real", 
          "arguments": [], 
          "name": "C1Angle", 
          "parent": "LocalAnalysis_CurveContinuity", 
          "cls": "memfun", 
          "extern": "1", 
          "const": "1", 
          "throws": true
        }, 
        {
          "returnType": "Standard_Real", 
          "arguments": [], 
          "name": "C1Ratio", 
          "parent": "LocalAnalysis_CurveContinuity", 
          "cls": "memfun", 
          "extern": "1", 
          "const": "1", 
          "throws": true
        }, 
        {
          "returnType": "Standard_Real", 
          "arguments": [], 
          "name": "C2Angle", 
          "parent": "LocalAnalysis_CurveContinuity", 
          "cls": "memfun", 
          "extern": "1", 
          "const": "1", 
          "throws": true
        }, 
        {
          "returnType": "Standard_Real", 
          "arguments": [], 
          "name": "C2Ratio", 
          "parent": "LocalAnalysis_CurveContinuity", 
          "cls": "memfun", 
          "extern": "1", 
          "const": "1", 
          "throws": true
        }, 
        {
          "returnType": "Standard_Real", 
          "arguments": [], 
          "name": "G1Angle", 
          "parent": "LocalAnalysis_CurveContinuity", 
          "cls": "memfun", 
          "extern": "1", 
          "const": "1", 
          "throws": true
        }, 
        {
          "returnType": "Standard_Real", 
          "arguments": [], 
          "name": "G2Angle", 
          "parent": "LocalAnalysis_CurveContinuity", 
          "cls": "memfun", 
          "extern": "1", 
          "const": "1", 
          "throws": true
        }, 
        {
          "returnType": "Standard_Real", 
          "arguments": [], 
          "name": "G2CurvatureVariation", 
          "parent": "LocalAnalysis_CurveContinuity", 
          "cls": "memfun", 
          "extern": "1", 
          "const": "1", 
          "throws": true
        }, 
        {
          "returnType": "Standard_Boolean", 
          "arguments": [], 
          "name": "IsC0", 
          "parent": "LocalAnalysis_CurveContinuity", 
          "cls": "memfun", 
          "extern": "1", 
          "const": "1", 
          "throws": true
        }, 
        {
          "returnType": "Standard_Boolean", 
          "arguments": [], 
          "name": "IsC1", 
          "parent": "LocalAnalysis_CurveContinuity", 
          "cls": "memfun", 
          "extern": "1", 
          "const": "1", 
          "throws": true
        }, 
        {
          "returnType": "Standard_Boolean", 
          "arguments": [], 
          "name": "IsC2", 
          "parent": "LocalAnalysis_CurveContinuity", 
          "cls": "memfun", 
          "extern": "1", 
          "const": "1", 
          "throws": true
        }, 
        {
          "returnType": "Standard_Boolean", 
          "arguments": [], 
          "name": "IsG1", 
          "parent": "LocalAnalysis_CurveContinuity", 
          "cls": "memfun", 
          "extern": "1", 
          "const": "1", 
          "throws": true
        }, 
        {
          "returnType": "Standard_Boolean", 
          "arguments": [], 
          "name": "IsG2", 
          "parent": "LocalAnalysis_CurveContinuity", 
          "cls": "memfun", 
          "extern": "1", 
          "const": "1", 
          "throws": true
        }
      ], 
      "cls": "class"
    }
  ], 
  "headers": [
    "LocalAnalysis_CurveContinuity.hxx", 
    "LocalAnalysis_StatusErrorType.hxx", 
    "LocalAnalysis_SurfaceContinuity.hxx"
  ], 
  "enums": [
    {
      "values": [
        [
          "LocalAnalysis_NullFirstDerivative", 
          0
        ], 
        [
          "LocalAnalysis_NullSecondDerivative", 
          1
        ], 
        [
          "LocalAnalysis_TangentNotDefined", 
          2
        ], 
        [
          "LocalAnalysis_NormalNotDefined", 
          3
        ], 
        [
          "LocalAnalysis_CurvatureNotDefined", 
          4
        ]
      ], 
      "name": "LocalAnalysis_StatusErrorType", 
      "cls": "enum"
    }
  ], 
  "typedefs": [], 
  "name": "LocalAnalysis"
}