{
  "classes": [
    {
      "name": "LProp_SequenceNodeOfSequenceOfCIType", 
      "abstract": false, 
      "constructors": [
        {
          "returnType": "", 
          "arguments": [
            {
              "decl": "const LProp_SequenceNodeOfSequenceOfCIType &", 
              "type": "LProp_SequenceNodeOfSequenceOfCIType", 
              "name": "arg0"
            }
          ], 
          "name": "LProp_SequenceNodeOfSequenceOfCIType", 
          "parent": "LProp_SequenceNodeOfSequenceOfCIType", 
          "cls": "constructor", 
          "artificial": "1", 
          "throws": true, 
          "copyConstructor": true
        }, 
        {
          "returnType": "", 
          "arguments": [
            {
              "decl": "const LProp_CIType &", 
              "type": "LProp_CIType", 
              "name": "I"
            }, 
            {
              "decl": "const TCollection_SeqNodePtr &", 
              "type": "TCollection_SeqNodePtr", 
              "name": "n"
            }, 
            {
              "decl": "const TCollection_SeqNodePtr &", 
              "type": "TCollection_SeqNodePtr", 
              "name": "p"
            }
          ], 
          "name": "LProp_SequenceNodeOfSequenceOfCIType", 
          "parent": "LProp_SequenceNodeOfSequenceOfCIType", 
          "cls": "constructor", 
          "throws": true
        }
      ], 
      "artificial": "1", 
      "bases": [
        {
          "access": "public", 
          "name": "TCollection_SeqNode"
        }
      ], 
      "location": [
        "/usr/local/include/oce/LProp_SequenceNodeOfSequenceOfCIType.hxx", 
        32
      ], 
      "members": [
        {
          "returnType": "LProp_CIType &", 
          "arguments": [], 
          "name": "Value", 
          "parent": "LProp_SequenceNodeOfSequenceOfCIType", 
          "cls": "memfun", 
          "const": "1", 
          "throws": true
        }, 
        {
          "returnType": "Handle_Standard_Type const &", 
          "arguments": [], 
          "name": "DynamicType", 
          "parent": "LProp_SequenceNodeOfSequenceOfCIType", 
          "cls": "memfun", 
          "extern": "1", 
          "const": "1", 
          "throws": true, 
          "virtuality": "virtual"
        }
      ], 
      "cls": "class"
    }, 
    {
      "name": "Handle_LProp_SequenceNodeOfSequenceOfCIType", 
      "abstract": false, 
      "constructors": [
        {
          "returnType": "", 
          "arguments": [], 
          "name": "Handle_LProp_SequenceNodeOfSequenceOfCIType", 
          "parent": "Handle_LProp_SequenceNodeOfSequenceOfCIType", 
          "cls": "constructor", 
          "throws": true
        }, 
        {
          "returnType": "", 
          "arguments": [
            {
              "decl": "const Handle_LProp_SequenceNodeOfSequenceOfCIType &", 
              "type": "Handle_LProp_SequenceNodeOfSequenceOfCIType", 
              "name": "aHandle"
            }
          ], 
          "name": "Handle_LProp_SequenceNodeOfSequenceOfCIType", 
          "parent": "Handle_LProp_SequenceNodeOfSequenceOfCIType", 
          "cls": "constructor", 
          "throws": true, 
          "copyConstructor": true
        }, 
        {
          "returnType": "", 
          "arguments": [
            {
              "decl": "const LProp_SequenceNodeOfSequenceOfCIType *", 
              "type": "LProp_SequenceNodeOfSequenceOfCIType", 
              "name": "anItem"
            }
          ], 
          "name": "Handle_LProp_SequenceNodeOfSequenceOfCIType", 
          "parent": "Handle_LProp_SequenceNodeOfSequenceOfCIType", 
          "cls": "constructor", 
          "throws": true
        }
      ], 
      "artificial": "1", 
      "bases": [
        {
          "access": "public", 
          "name": "Handle_TCollection_SeqNode"
        }
      ], 
      "location": [
        "/usr/local/include/oce/Handle_LProp_SequenceNodeOfSequenceOfCIType.hxx", 
        25
      ], 
      "members": [
        {
          "returnType": "Handle_LProp_SequenceNodeOfSequenceOfCIType", 
          "arguments": [
            {
              "decl": "const Handle_Standard_Transient &", 
              "type": "Handle_Standard_Transient", 
              "name": "AnObject"
            }
          ], 
          "name": "DownCast", 
          "parent": "Handle_LProp_SequenceNodeOfSequenceOfCIType", 
          "cls": "memfun", 
          "static": "1", 
          "extern": "1", 
          "throws": true
        }
      ], 
      "cls": "class"
    }, 
    {
      "name": "Handle_LProp_BadContinuity", 
      "abstract": false, 
      "constructors": [
        {
          "returnType": "", 
          "arguments": [], 
          "name": "Handle_LProp_BadContinuity", 
          "parent": "Handle_LProp_BadContinuity", 
          "cls": "constructor", 
          "throws": true
        }, 
        {
          "returnType": "", 
          "arguments": [
            {
              "decl": "const Handle_LProp_BadContinuity &", 
              "type": "Handle_LProp_BadContinuity", 
              "name": "aHandle"
            }
          ], 
          "name": "Handle_LProp_BadContinuity", 
          "parent": "Handle_LProp_BadContinuity", 
          "cls": "constructor", 
          "throws": true, 
          "copyConstructor": true
        }, 
        {
          "returnType": "", 
          "arguments": [
            {
              "decl": "const LProp_BadContinuity *", 
              "type": "LProp_BadContinuity", 
              "name": "anItem"
            }
          ], 
          "name": "Handle_LProp_BadContinuity", 
          "parent": "Handle_LProp_BadContinuity", 
          "cls": "constructor", 
          "throws": true
        }
      ], 
      "artificial": "1", 
      "bases": [
        {
          "access": "public", 
          "name": "Handle_Standard_Failure"
        }
      ], 
      "location": [
        "/usr/local/include/oce/Handle_LProp_BadContinuity.hxx", 
        25
      ], 
      "members": [
        {
          "returnType": "Handle_LProp_BadContinuity", 
          "arguments": [
            {
              "decl": "const Handle_Standard_Transient &", 
              "type": "Handle_Standard_Transient", 
              "name": "AnObject"
            }
          ], 
          "name": "DownCast", 
          "parent": "Handle_LProp_BadContinuity", 
          "cls": "memfun", 
          "static": "1", 
          "extern": "1", 
          "throws": true
        }
      ], 
      "cls": "class"
    }, 
    {
      "name": "LProp_SequenceOfCIType", 
      "abstract": false, 
      "constructors": [
        {
          "returnType": "", 
          "arguments": [], 
          "name": "LProp_SequenceOfCIType", 
          "parent": "LProp_SequenceOfCIType", 
          "cls": "constructor", 
          "throws": true
        }
      ], 
      "artificial": "1", 
      "bases": [
        {
          "access": "public", 
          "name": "TCollection_BaseSequence"
        }
      ], 
      "location": [
        "/usr/local/include/oce/LProp_SequenceOfCIType.hxx", 
        37
      ], 
      "members": [
        {
          "returnType": "void", 
          "arguments": [], 
          "name": "Clear", 
          "parent": "LProp_SequenceOfCIType", 
          "cls": "memfun", 
          "extern": "1", 
          "throws": true
        }, 
        {
          "returnType": "LProp_SequenceOfCIType const &", 
          "arguments": [
            {
              "decl": "const LProp_SequenceOfCIType &", 
              "type": "LProp_SequenceOfCIType", 
              "name": "Other"
            }
          ], 
          "name": "Assign", 
          "parent": "LProp_SequenceOfCIType", 
          "cls": "memfun", 
          "extern": "1", 
          "throws": true
        }, 
        {
          "returnType": "void", 
          "arguments": [
            {
              "decl": "const LProp_CIType &", 
              "type": "LProp_CIType", 
              "name": "T"
            }
          ], 
          "name": "Append", 
          "parent": "LProp_SequenceOfCIType", 
          "cls": "memfun", 
          "extern": "1", 
          "throws": true
        }, 
        {
          "returnType": "void", 
          "arguments": [
            {
              "decl": "LProp_SequenceOfCIType &", 
              "type": "LProp_SequenceOfCIType", 
              "name": "S"
            }
          ], 
          "name": "Append", 
          "parent": "LProp_SequenceOfCIType", 
          "cls": "memfun", 
          "throws": true
        }, 
        {
          "returnType": "void", 
          "arguments": [
            {
              "decl": "const LProp_CIType &", 
              "type": "LProp_CIType", 
              "name": "T"
            }
          ], 
          "name": "Prepend", 
          "parent": "LProp_SequenceOfCIType", 
          "cls": "memfun", 
          "extern": "1", 
          "throws": true
        }, 
        {
          "returnType": "void", 
          "arguments": [
            {
              "decl": "LProp_SequenceOfCIType &", 
              "type": "LProp_SequenceOfCIType", 
              "name": "S"
            }
          ], 
          "name": "Prepend", 
          "parent": "LProp_SequenceOfCIType", 
          "cls": "memfun", 
          "throws": true
        }, 
        {
          "returnType": "void", 
          "arguments": [
            {
              "decl": "const Standard_Integer", 
              "type": "Standard_Integer", 
              "name": "Index"
            }, 
            {
              "decl": "const LProp_CIType &", 
              "type": "LProp_CIType", 
              "name": "I"
            }
          ], 
          "name": "InsertBefore", 
          "parent": "LProp_SequenceOfCIType", 
          "cls": "memfun", 
          "throws": true
        }, 
        {
          "returnType": "void", 
          "arguments": [
            {
              "decl": "const Standard_Integer", 
              "type": "Standard_Integer", 
              "name": "Index"
            }, 
            {
              "decl": "LProp_SequenceOfCIType &", 
              "type": "LProp_SequenceOfCIType", 
              "name": "S"
            }
          ], 
          "name": "InsertBefore", 
          "parent": "LProp_SequenceOfCIType", 
          "cls": "memfun", 
          "throws": true
        }, 
        {
          "returnType": "void", 
          "arguments": [
            {
              "decl": "const Standard_Integer", 
              "type": "Standard_Integer", 
              "name": "Index"
            }, 
            {
              "decl": "const LProp_CIType &", 
              "type": "LProp_CIType", 
              "name": "T"
            }
          ], 
          "name": "InsertAfter", 
          "parent": "LProp_SequenceOfCIType", 
          "cls": "memfun", 
          "extern": "1", 
          "throws": true
        }, 
        {
          "returnType": "void", 
          "arguments": [
            {
              "decl": "const Standard_Integer", 
              "type": "Standard_Integer", 
              "name": "Index"
            }, 
            {
              "decl": "LProp_SequenceOfCIType &", 
              "type": "LProp_SequenceOfCIType", 
              "name": "S"
            }
          ], 
          "name": "InsertAfter", 
          "parent": "LProp_SequenceOfCIType", 
          "cls": "memfun", 
          "throws": true
        }, 
        {
          "returnType": "LProp_CIType const &", 
          "arguments": [], 
          "name": "First", 
          "parent": "LProp_SequenceOfCIType", 
          "cls": "memfun", 
          "extern": "1", 
          "const": "1", 
          "throws": true
        }, 
        {
          "returnType": "LProp_CIType const &", 
          "arguments": [], 
          "name": "Last", 
          "parent": "LProp_SequenceOfCIType", 
          "cls": "memfun", 
          "extern": "1", 
          "const": "1", 
          "throws": true
        }, 
        {
          "returnType": "void", 
          "arguments": [
            {
              "decl": "const Standard_Integer", 
              "type": "Standard_Integer", 
              "name": "Index"
            }, 
            {
              "decl": "LProp_SequenceOfCIType &", 
              "type": "LProp_SequenceOfCIType", 
              "name": "S"
            }
          ], 
          "name": "Split", 
          "parent": "LProp_SequenceOfCIType", 
          "cls": "memfun", 
          "throws": true
        }, 
        {
          "returnType": "LProp_CIType const &", 
          "arguments": [
            {
              "decl": "const Standard_Integer", 
              "type": "Standard_Integer", 
              "name": "Index"
            }
          ], 
          "name": "Value", 
          "parent": "LProp_SequenceOfCIType", 
          "cls": "memfun", 
          "extern": "1", 
          "const": "1", 
          "throws": true
        }, 
        {
          "returnType": "void", 
          "arguments": [
            {
              "decl": "const Standard_Integer", 
              "type": "Standard_Integer", 
              "name": "Index"
            }, 
            {
              "decl": "const LProp_CIType &", 
              "type": "LProp_CIType", 
              "name": "I"
            }
          ], 
          "name": "SetValue", 
          "parent": "LProp_SequenceOfCIType", 
          "cls": "memfun", 
          "extern": "1", 
          "throws": true
        }, 
        {
          "returnType": "LProp_CIType &", 
          "arguments": [
            {
              "decl": "const Standard_Integer", 
              "type": "Standard_Integer", 
              "name": "Index"
            }
          ], 
          "name": "ChangeValue", 
          "parent": "LProp_SequenceOfCIType", 
          "cls": "memfun", 
          "extern": "1", 
          "throws": true
        }, 
        {
          "returnType": "void", 
          "arguments": [
            {
              "decl": "const Standard_Integer", 
              "type": "Standard_Integer", 
              "name": "Index"
            }
          ], 
          "name": "Remove", 
          "parent": "LProp_SequenceOfCIType", 
          "cls": "memfun", 
          "extern": "1", 
          "throws": true
        }, 
        {
          "returnType": "void", 
          "arguments": [
            {
              "decl": "const Standard_Integer", 
              "type": "Standard_Integer", 
              "name": "FromIndex"
            }, 
            {
              "decl": "const Standard_Integer", 
              "type": "Standard_Integer", 
              "name": "ToIndex"
            }
          ], 
          "name": "Remove", 
          "parent": "LProp_SequenceOfCIType", 
          "cls": "memfun", 
          "extern": "1", 
          "throws": true
        }
      ], 
      "cls": "class"
    }, 
    {
      "name": "LProp_BadContinuity", 
      "abstract": false, 
      "constructors": [
        {
          "returnType": "", 
          "arguments": [
            {
              "decl": "const LProp_BadContinuity &", 
              "type": "LProp_BadContinuity", 
              "name": "arg0"
            }
          ], 
          "name": "LProp_BadContinuity", 
          "parent": "LProp_BadContinuity", 
          "cls": "constructor", 
          "artificial": "1", 
          "throws": true, 
          "copyConstructor": true
        }, 
        {
          "returnType": "", 
          "arguments": [], 
          "name": "LProp_BadContinuity", 
          "parent": "LProp_BadContinuity", 
          "cls": "constructor", 
          "throws": true
        }, 
        {
          "returnType": "", 
          "arguments": [
            {
              "decl": "const Standard_CString", 
              "type": "Standard_CString", 
              "name": "AString"
            }
          ], 
          "name": "LProp_BadContinuity", 
          "parent": "LProp_BadContinuity", 
          "cls": "constructor", 
          "throws": true
        }
      ], 
      "artificial": "1", 
      "bases": [
        {
          "access": "public", 
          "name": "Standard_Failure"
        }
      ], 
      "location": [
        "/usr/local/include/oce/LProp_BadContinuity.hxx", 
        36
      ], 
      "members": [
        {
          "returnType": "void", 
          "arguments": [
            {
              "decl": "const Standard_CString", 
              "type": "Standard_CString", 
              "name": "aMessage", 
              "default": "\"\""
            }
          ], 
          "name": "Raise", 
          "parent": "LProp_BadContinuity", 
          "cls": "memfun", 
          "static": "1", 
          "extern": "1", 
          "throws": true
        }, 
        {
          "returnType": "void", 
          "arguments": [
            {
              "decl": "Standard_SStream &", 
              "type": "Standard_SStream", 
              "name": "aReason"
            }
          ], 
          "name": "Raise", 
          "parent": "LProp_BadContinuity", 
          "cls": "memfun", 
          "static": "1", 
          "extern": "1", 
          "throws": true
        }, 
        {
          "returnType": "Handle_LProp_BadContinuity", 
          "arguments": [
            {
              "decl": "const Standard_CString", 
              "type": "Standard_CString", 
              "name": "aMessage", 
              "default": "\"\""
            }
          ], 
          "name": "NewInstance", 
          "parent": "LProp_BadContinuity", 
          "cls": "memfun", 
          "static": "1", 
          "extern": "1", 
          "throws": true
        }, 
        {
          "returnType": "Handle_Standard_Type const &", 
          "arguments": [], 
          "name": "DynamicType", 
          "parent": "LProp_BadContinuity", 
          "cls": "memfun", 
          "extern": "1", 
          "const": "1", 
          "throws": true, 
          "virtuality": "virtual"
        }
      ], 
      "cls": "class"
    }, 
    {
      "name": "LProp_AnalyticCurInf", 
      "abstract": false, 
      "constructors": [
        {
          "returnType": "", 
          "arguments": [
            {
              "decl": "const LProp_AnalyticCurInf &", 
              "type": "LProp_AnalyticCurInf", 
              "name": "arg0"
            }
          ], 
          "name": "LProp_AnalyticCurInf", 
          "parent": "LProp_AnalyticCurInf", 
          "cls": "constructor", 
          "artificial": "1", 
          "copyConstructor": true
        }, 
        {
          "returnType": "", 
          "arguments": [], 
          "name": "LProp_AnalyticCurInf", 
          "parent": "LProp_AnalyticCurInf", 
          "cls": "constructor", 
          "extern": "1", 
          "throws": true
        }
      ], 
      "artificial": "1", 
      "bases": [], 
      "location": [
        "/usr/local/include/oce/LProp_AnalyticCurInf.hxx", 
        30
      ], 
      "members": [
        {
          "returnType": "void", 
          "arguments": [
            {
              "decl": "const GeomAbs_CurveType", 
              "type": "GeomAbs_CurveType", 
              "name": "T"
            }, 
            {
              "decl": "const Standard_Real", 
              "type": "Standard_Real", 
              "name": "UFirst"
            }, 
            {
              "decl": "const Standard_Real", 
              "type": "Standard_Real", 
              "name": "ULast"
            }, 
            {
              "decl": "LProp_CurAndInf &", 
              "type": "LProp_CurAndInf", 
              "name": "Result"
            }
          ], 
          "name": "Perform", 
          "parent": "LProp_AnalyticCurInf", 
          "cls": "memfun", 
          "extern": "1", 
          "throws": true
        }
      ], 
      "cls": "class"
    }, 
    {
      "name": "LProp_CurAndInf", 
      "abstract": false, 
      "constructors": [
        {
          "returnType": "", 
          "arguments": [], 
          "name": "LProp_CurAndInf", 
          "parent": "LProp_CurAndInf", 
          "cls": "constructor", 
          "extern": "1", 
          "throws": true
        }
      ], 
      "artificial": "1", 
      "bases": [], 
      "location": [
        "/usr/local/include/oce/LProp_CurAndInf.hxx", 
        42
      ], 
      "members": [
        {
          "returnType": "void", 
          "arguments": [
            {
              "decl": "const Standard_Real", 
              "type": "Standard_Real", 
              "name": "Param"
            }
          ], 
          "name": "AddInflection", 
          "parent": "LProp_CurAndInf", 
          "cls": "memfun", 
          "extern": "1", 
          "throws": true
        }, 
        {
          "returnType": "void", 
          "arguments": [
            {
              "decl": "const Standard_Real", 
              "type": "Standard_Real", 
              "name": "Param"
            }, 
            {
              "decl": "const Standard_Boolean", 
              "type": "Standard_Boolean", 
              "name": "IsMin"
            }
          ], 
          "name": "AddExtCur", 
          "parent": "LProp_CurAndInf", 
          "cls": "memfun", 
          "extern": "1", 
          "throws": true
        }, 
        {
          "returnType": "void", 
          "arguments": [], 
          "name": "Clear", 
          "parent": "LProp_CurAndInf", 
          "cls": "memfun", 
          "extern": "1", 
          "throws": true
        }, 
        {
          "returnType": "Standard_Boolean", 
          "arguments": [], 
          "name": "IsEmpty", 
          "parent": "LProp_CurAndInf", 
          "cls": "memfun", 
          "extern": "1", 
          "const": "1", 
          "throws": true
        }, 
        {
          "returnType": "Standard_Integer", 
          "arguments": [], 
          "name": "NbPoints", 
          "parent": "LProp_CurAndInf", 
          "cls": "memfun", 
          "extern": "1", 
          "const": "1", 
          "throws": true
        }, 
        {
          "returnType": "Standard_Real", 
          "arguments": [
            {
              "decl": "const Standard_Integer", 
              "type": "Standard_Integer", 
              "name": "N"
            }
          ], 
          "name": "Parameter", 
          "parent": "LProp_CurAndInf", 
          "cls": "memfun", 
          "extern": "1", 
          "const": "1", 
          "throws": true
        }, 
        {
          "returnType": "LProp_CIType", 
          "arguments": [
            {
              "decl": "const Standard_Integer", 
              "type": "Standard_Integer", 
              "name": "N"
            }
          ], 
          "name": "Type", 
          "parent": "LProp_CurAndInf", 
          "cls": "memfun", 
          "extern": "1", 
          "const": "1", 
          "throws": true
        }
      ], 
      "cls": "class"
    }, 
    {
      "name": "LProp_NotDefined", 
      "abstract": false, 
      "constructors": [
        {
          "returnType": "", 
          "arguments": [
            {
              "decl": "const LProp_NotDefined &", 
              "type": "LProp_NotDefined", 
              "name": "arg0"
            }
          ], 
          "name": "LProp_NotDefined", 
          "parent": "LProp_NotDefined", 
          "cls": "constructor", 
          "artificial": "1", 
          "throws": true, 
          "copyConstructor": true
        }, 
        {
          "returnType": "", 
          "arguments": [], 
          "name": "LProp_NotDefined", 
          "parent": "LProp_NotDefined", 
          "cls": "constructor", 
          "throws": true
        }, 
        {
          "returnType": "", 
          "arguments": [
            {
              "decl": "const Standard_CString", 
              "type": "Standard_CString", 
              "name": "AString"
            }
          ], 
          "name": "LProp_NotDefined", 
          "parent": "LProp_NotDefined", 
          "cls": "constructor", 
          "throws": true
        }
      ], 
      "artificial": "1", 
      "bases": [
        {
          "access": "public", 
          "name": "Standard_Failure"
        }
      ], 
      "location": [
        "/usr/local/include/oce/LProp_NotDefined.hxx", 
        36
      ], 
      "members": [
        {
          "returnType": "void", 
          "arguments": [
            {
              "decl": "const Standard_CString", 
              "type": "Standard_CString", 
              "name": "aMessage", 
              "default": "\"\""
            }
          ], 
          "name": "Raise", 
          "parent": "LProp_NotDefined", 
          "cls": "memfun", 
          "static": "1", 
          "extern": "1", 
          "throws": true
        }, 
        {
          "returnType": "void", 
          "arguments": [
            {
              "decl": "Standard_SStream &", 
              "type": "Standard_SStream", 
              "name": "aReason"
            }
          ], 
          "name": "Raise", 
          "parent": "LProp_NotDefined", 
          "cls": "memfun", 
          "static": "1", 
          "extern": "1", 
          "throws": true
        }, 
        {
          "returnType": "Handle_LProp_NotDefined", 
          "arguments": [
            {
              "decl": "const Standard_CString", 
              "type": "Standard_CString", 
              "name": "aMessage", 
              "default": "\"\""
            }
          ], 
          "name": "NewInstance", 
          "parent": "LProp_NotDefined", 
          "cls": "memfun", 
          "static": "1", 
          "extern": "1", 
          "throws": true
        }, 
        {
          "returnType": "Handle_Standard_Type const &", 
          "arguments": [], 
          "name": "DynamicType", 
          "parent": "LProp_NotDefined", 
          "cls": "memfun", 
          "extern": "1", 
          "const": "1", 
          "throws": true, 
          "virtuality": "virtual"
        }
      ], 
      "cls": "class"
    }, 
    {
      "name": "Handle_LProp_NotDefined", 
      "abstract": false, 
      "constructors": [
        {
          "returnType": "", 
          "arguments": [], 
          "name": "Handle_LProp_NotDefined", 
          "parent": "Handle_LProp_NotDefined", 
          "cls": "constructor", 
          "throws": true
        }, 
        {
          "returnType": "", 
          "arguments": [
            {
              "decl": "const Handle_LProp_NotDefined &", 
              "type": "Handle_LProp_NotDefined", 
              "name": "aHandle"
            }
          ], 
          "name": "Handle_LProp_NotDefined", 
          "parent": "Handle_LProp_NotDefined", 
          "cls": "constructor", 
          "throws": true, 
          "copyConstructor": true
        }, 
        {
          "returnType": "", 
          "arguments": [
            {
              "decl": "const LProp_NotDefined *", 
              "type": "LProp_NotDefined", 
              "name": "anItem"
            }
          ], 
          "name": "Handle_LProp_NotDefined", 
          "parent": "Handle_LProp_NotDefined", 
          "cls": "constructor", 
          "throws": true
        }
      ], 
      "artificial": "1", 
      "bases": [
        {
          "access": "public", 
          "name": "Handle_Standard_Failure"
        }
      ], 
      "location": [
        "/usr/local/include/oce/Handle_LProp_NotDefined.hxx", 
        25
      ], 
      "members": [
        {
          "returnType": "Handle_LProp_NotDefined", 
          "arguments": [
            {
              "decl": "const Handle_Standard_Transient &", 
              "type": "Handle_Standard_Transient", 
              "name": "AnObject"
            }
          ], 
          "name": "DownCast", 
          "parent": "Handle_LProp_NotDefined", 
          "cls": "memfun", 
          "static": "1", 
          "extern": "1", 
          "throws": true
        }
      ], 
      "cls": "class"
    }
  ], 
  "headers": [
    "LProp_CurAndInf.hxx", 
    "LProp_SequenceOfCIType.hxx", 
    "LProp_NotDefined.hxx", 
    "LProp_CIType.hxx", 
    "LProp_AnalyticCurInf.hxx", 
    "LProp_Status.hxx", 
    "LProp_BadContinuity.hxx", 
    "LProp_SequenceNodeOfSequenceOfCIType.hxx"
  ], 
  "enums": [
    {
      "values": [
        [
          "LProp_Inflection", 
          0
        ], 
        [
          "LProp_MinCur", 
          1
        ], 
        [
          "LProp_MaxCur", 
          2
        ]
      ], 
      "name": "LProp_CIType", 
      "cls": "enum"
    }, 
    {
      "values": [
        [
          "LProp_Undecided", 
          0
        ], 
        [
          "LProp_Undefined", 
          1
        ], 
        [
          "LProp_Defined", 
          2
        ], 
        [
          "LProp_Computed", 
          3
        ]
      ], 
      "name": "LProp_Status", 
      "cls": "enum"
    }
  ], 
  "typedefs": [], 
  "name": "LProp"
}