{
  "classes": [
    {
      "name": "Materials_MaterialsDictionary", 
      "abstract": false, 
      "constructors": [
        {
          "returnType": "", 
          "arguments": [
            {
              "decl": "const Materials_MaterialsDictionary &", 
              "type": "Materials_MaterialsDictionary", 
              "name": "arg0"
            }
          ], 
          "name": "Materials_MaterialsDictionary", 
          "parent": "Materials_MaterialsDictionary", 
          "cls": "constructor", 
          "artificial": "1", 
          "throws": true, 
          "copyConstructor": true
        }, 
        {
          "returnType": "", 
          "arguments": [], 
          "name": "Materials_MaterialsDictionary", 
          "parent": "Materials_MaterialsDictionary", 
          "cls": "constructor", 
          "extern": "1", 
          "throws": true
        }
      ], 
      "artificial": "1", 
      "bases": [
        {
          "access": "public", 
          "name": "Standard_Transient"
        }
      ], 
      "location": [
        "/usr/local/include/oce/Materials_MaterialsDictionary.hxx", 
        53
      ], 
      "members": [
        {
          "returnType": "Handle_Materials_Material", 
          "arguments": [
            {
              "decl": "const Standard_CString", 
              "type": "Standard_CString", 
              "name": "amaterial"
            }
          ], 
          "name": "Material", 
          "parent": "Materials_MaterialsDictionary", 
          "cls": "memfun", 
          "extern": "1", 
          "const": "1", 
          "throws": true
        }, 
        {
          "returnType": "Standard_Boolean", 
          "arguments": [
            {
              "decl": "const Standard_CString", 
              "type": "Standard_CString", 
              "name": "aName"
            }
          ], 
          "name": "ExistMaterial", 
          "parent": "Materials_MaterialsDictionary", 
          "cls": "memfun", 
          "extern": "1", 
          "const": "1", 
          "throws": true
        }, 
        {
          "returnType": "Standard_Integer", 
          "arguments": [], 
          "name": "NumberOfMaterials", 
          "parent": "Materials_MaterialsDictionary", 
          "cls": "memfun", 
          "extern": "1", 
          "const": "1", 
          "throws": true
        }, 
        {
          "returnType": "Handle_Materials_Material", 
          "arguments": [
            {
              "decl": "const Standard_Integer", 
              "type": "Standard_Integer", 
              "name": "anindex"
            }
          ], 
          "name": "Material", 
          "parent": "Materials_MaterialsDictionary", 
          "cls": "memfun", 
          "extern": "1", 
          "const": "1", 
          "throws": true
        }, 
        {
          "returnType": "Standard_Boolean", 
          "arguments": [], 
          "name": "UpToDate", 
          "parent": "Materials_MaterialsDictionary", 
          "cls": "memfun", 
          "extern": "1", 
          "const": "1", 
          "throws": true
        }, 
        {
          "returnType": "void", 
          "arguments": [
            {
              "decl": "Standard_OStream &", 
              "type": "Standard_OStream", 
              "name": "astream"
            }
          ], 
          "name": "Dump", 
          "parent": "Materials_MaterialsDictionary", 
          "cls": "memfun", 
          "extern": "1", 
          "const": "1", 
          "throws": true
        }, 
        {
          "returnType": "Handle_Standard_Type const &", 
          "arguments": [], 
          "name": "DynamicType", 
          "parent": "Materials_MaterialsDictionary", 
          "cls": "memfun", 
          "extern": "1", 
          "const": "1", 
          "throws": true, 
          "virtuality": "virtual"
        }
      ], 
      "cls": "class"
    }, 
    {
      "name": "Handle_Materials_SequenceNodeOfMtsSequence", 
      "abstract": false, 
      "constructors": [
        {
          "returnType": "", 
          "arguments": [], 
          "name": "Handle_Materials_SequenceNodeOfMtsSequence", 
          "parent": "Handle_Materials_SequenceNodeOfMtsSequence", 
          "cls": "constructor", 
          "throws": true
        }, 
        {
          "returnType": "", 
          "arguments": [
            {
              "decl": "const Handle_Materials_SequenceNodeOfMtsSequence &", 
              "type": "Handle_Materials_SequenceNodeOfMtsSequence", 
              "name": "aHandle"
            }
          ], 
          "name": "Handle_Materials_SequenceNodeOfMtsSequence", 
          "parent": "Handle_Materials_SequenceNodeOfMtsSequence", 
          "cls": "constructor", 
          "throws": true, 
          "copyConstructor": true
        }, 
        {
          "returnType": "", 
          "arguments": [
            {
              "decl": "const Materials_SequenceNodeOfMtsSequence *", 
              "type": "Materials_SequenceNodeOfMtsSequence", 
              "name": "anItem"
            }
          ], 
          "name": "Handle_Materials_SequenceNodeOfMtsSequence", 
          "parent": "Handle_Materials_SequenceNodeOfMtsSequence", 
          "cls": "constructor", 
          "throws": true
        }
      ], 
      "artificial": "1", 
      "bases": [
        {
          "access": "public", 
          "name": "Handle_TCollection_SeqNode"
        }
      ], 
      "location": [
        "/usr/local/include/oce/Handle_Materials_SequenceNodeOfMtsSequence.hxx", 
        25
      ], 
      "members": [
        {
          "returnType": "Handle_Materials_SequenceNodeOfMtsSequence", 
          "arguments": [
            {
              "decl": "const Handle_Standard_Transient &", 
              "type": "Handle_Standard_Transient", 
              "name": "AnObject"
            }
          ], 
          "name": "DownCast", 
          "parent": "Handle_Materials_SequenceNodeOfMtsSequence", 
          "cls": "memfun", 
          "static": "1", 
          "extern": "1", 
          "throws": true
        }
      ], 
      "cls": "class"
    }, 
    {
      "name": "Handle_Materials_MaterialsSequence", 
      "abstract": false, 
      "constructors": [
        {
          "returnType": "", 
          "arguments": [], 
          "name": "Handle_Materials_MaterialsSequence", 
          "parent": "Handle_Materials_MaterialsSequence", 
          "cls": "constructor", 
          "throws": true
        }, 
        {
          "returnType": "", 
          "arguments": [
            {
              "decl": "const Handle_Materials_MaterialsSequence &", 
              "type": "Handle_Materials_MaterialsSequence", 
              "name": "aHandle"
            }
          ], 
          "name": "Handle_Materials_MaterialsSequence", 
          "parent": "Handle_Materials_MaterialsSequence", 
          "cls": "constructor", 
          "throws": true, 
          "copyConstructor": true
        }, 
        {
          "returnType": "", 
          "arguments": [
            {
              "decl": "const Materials_MaterialsSequence *", 
              "type": "Materials_MaterialsSequence", 
              "name": "anItem"
            }
          ], 
          "name": "Handle_Materials_MaterialsSequence", 
          "parent": "Handle_Materials_MaterialsSequence", 
          "cls": "constructor", 
          "throws": true
        }
      ], 
      "artificial": "1", 
      "bases": [
        {
          "access": "public", 
          "name": "Handle_MMgt_TShared"
        }
      ], 
      "location": [
        "/usr/local/include/oce/Handle_Materials_MaterialsSequence.hxx", 
        25
      ], 
      "members": [
        {
          "returnType": "Handle_Materials_MaterialsSequence", 
          "arguments": [
            {
              "decl": "const Handle_Standard_Transient &", 
              "type": "Handle_Standard_Transient", 
              "name": "AnObject"
            }
          ], 
          "name": "DownCast", 
          "parent": "Handle_Materials_MaterialsSequence", 
          "cls": "memfun", 
          "static": "1", 
          "extern": "1", 
          "throws": true
        }
      ], 
      "cls": "class"
    }, 
    {
      "name": "Handle_Materials_FuzzyInstance", 
      "abstract": false, 
      "constructors": [
        {
          "returnType": "", 
          "arguments": [], 
          "name": "Handle_Materials_FuzzyInstance", 
          "parent": "Handle_Materials_FuzzyInstance", 
          "cls": "constructor", 
          "throws": true
        }, 
        {
          "returnType": "", 
          "arguments": [
            {
              "decl": "const Handle_Materials_FuzzyInstance &", 
              "type": "Handle_Materials_FuzzyInstance", 
              "name": "aHandle"
            }
          ], 
          "name": "Handle_Materials_FuzzyInstance", 
          "parent": "Handle_Materials_FuzzyInstance", 
          "cls": "constructor", 
          "throws": true, 
          "copyConstructor": true
        }, 
        {
          "returnType": "", 
          "arguments": [
            {
              "decl": "const Materials_FuzzyInstance *", 
              "type": "Materials_FuzzyInstance", 
              "name": "anItem"
            }
          ], 
          "name": "Handle_Materials_FuzzyInstance", 
          "parent": "Handle_Materials_FuzzyInstance", 
          "cls": "constructor", 
          "throws": true
        }
      ], 
      "artificial": "1", 
      "bases": [
        {
          "access": "public", 
          "name": "Handle_Dynamic_FuzzyClass"
        }
      ], 
      "location": [
        "/usr/local/include/oce/Handle_Materials_FuzzyInstance.hxx", 
        25
      ], 
      "members": [
        {
          "returnType": "Handle_Materials_FuzzyInstance", 
          "arguments": [
            {
              "decl": "const Handle_Standard_Transient &", 
              "type": "Handle_Standard_Transient", 
              "name": "AnObject"
            }
          ], 
          "name": "DownCast", 
          "parent": "Handle_Materials_FuzzyInstance", 
          "cls": "memfun", 
          "static": "1", 
          "extern": "1", 
          "throws": true
        }
      ], 
      "cls": "class"
    }, 
    {
      "name": "Materials_SequenceNodeOfMtsSequence", 
      "abstract": false, 
      "constructors": [
        {
          "returnType": "", 
          "arguments": [
            {
              "decl": "const Materials_SequenceNodeOfMtsSequence &", 
              "type": "Materials_SequenceNodeOfMtsSequence", 
              "name": "arg0"
            }
          ], 
          "name": "Materials_SequenceNodeOfMtsSequence", 
          "parent": "Materials_SequenceNodeOfMtsSequence", 
          "cls": "constructor", 
          "artificial": "1", 
          "throws": true, 
          "copyConstructor": true
        }, 
        {
          "returnType": "", 
          "arguments": [
            {
              "decl": "const Handle_Materials_Material &", 
              "type": "Handle_Materials_Material", 
              "name": "I"
            }, 
            {
              "decl": "const TCollection_SeqNodePtr &", 
              "type": "TCollection_SeqNodePtr", 
              "name": "n"
            }, 
            {
              "decl": "const TCollection_SeqNodePtr &", 
              "type": "TCollection_SeqNodePtr", 
              "name": "p"
            }
          ], 
          "name": "Materials_SequenceNodeOfMtsSequence", 
          "parent": "Materials_SequenceNodeOfMtsSequence", 
          "cls": "constructor", 
          "throws": true
        }
      ], 
      "artificial": "1", 
      "bases": [
        {
          "access": "public", 
          "name": "TCollection_SeqNode"
        }
      ], 
      "location": [
        "/usr/local/include/oce/Materials_SequenceNodeOfMtsSequence.hxx", 
        33
      ], 
      "members": [
        {
          "returnType": "Handle_Materials_Material &", 
          "arguments": [], 
          "name": "Value", 
          "parent": "Materials_SequenceNodeOfMtsSequence", 
          "cls": "memfun", 
          "const": "1", 
          "throws": true
        }, 
        {
          "returnType": "Handle_Standard_Type const &", 
          "arguments": [], 
          "name": "DynamicType", 
          "parent": "Materials_SequenceNodeOfMtsSequence", 
          "cls": "memfun", 
          "extern": "1", 
          "const": "1", 
          "throws": true, 
          "virtuality": "virtual"
        }
      ], 
      "cls": "class"
    }, 
    {
      "name": "Materials_MaterialDefinition", 
      "abstract": false, 
      "constructors": [
        {
          "returnType": "", 
          "arguments": [
            {
              "decl": "const Materials_MaterialDefinition &", 
              "type": "Materials_MaterialDefinition", 
              "name": "arg0"
            }
          ], 
          "name": "Materials_MaterialDefinition", 
          "parent": "Materials_MaterialDefinition", 
          "cls": "constructor", 
          "artificial": "1", 
          "throws": true, 
          "copyConstructor": true
        }, 
        {
          "returnType": "", 
          "arguments": [], 
          "name": "Materials_MaterialDefinition", 
          "parent": "Materials_MaterialDefinition", 
          "cls": "constructor", 
          "extern": "1", 
          "throws": true
        }
      ], 
      "artificial": "1", 
      "bases": [
        {
          "access": "public", 
          "name": "Dynamic_FuzzyDefinitionsDictionary"
        }
      ], 
      "location": [
        "/usr/local/include/oce/Materials_MaterialDefinition.hxx", 
        34
      ], 
      "members": [
        {
          "returnType": "Handle_Dynamic_Parameter", 
          "arguments": [
            {
              "decl": "const Standard_CString", 
              "type": "Standard_CString", 
              "name": "aname"
            }, 
            {
              "decl": "const Standard_CString", 
              "type": "Standard_CString", 
              "name": "atype"
            }, 
            {
              "decl": "const Standard_CString", 
              "type": "Standard_CString", 
              "name": "avalue"
            }
          ], 
          "name": "Switch", 
          "parent": "Materials_MaterialDefinition", 
          "cls": "memfun", 
          "extern": "1", 
          "const": "1", 
          "throws": true, 
          "virtuality": "virtual"
        }, 
        {
          "returnType": "Handle_Standard_Type const &", 
          "arguments": [], 
          "name": "DynamicType", 
          "parent": "Materials_MaterialDefinition", 
          "cls": "memfun", 
          "extern": "1", 
          "const": "1", 
          "throws": true, 
          "virtuality": "virtual"
        }
      ], 
      "cls": "class"
    }, 
    {
      "name": "Materials_Material", 
      "abstract": false, 
      "constructors": [
        {
          "returnType": "", 
          "arguments": [
            {
              "decl": "const Materials_Material &", 
              "type": "Materials_Material", 
              "name": "arg0"
            }
          ], 
          "name": "Materials_Material", 
          "parent": "Materials_Material", 
          "cls": "constructor", 
          "artificial": "1", 
          "throws": true, 
          "copyConstructor": true
        }, 
        {
          "returnType": "", 
          "arguments": [
            {
              "decl": "const Standard_CString", 
              "type": "Standard_CString", 
              "name": "amaterial"
            }
          ], 
          "name": "Materials_Material", 
          "parent": "Materials_Material", 
          "cls": "constructor", 
          "extern": "1", 
          "throws": true
        }
      ], 
      "artificial": "1", 
      "bases": [
        {
          "access": "public", 
          "name": "Materials_FuzzyInstance"
        }
      ], 
      "location": [
        "/usr/local/include/oce/Materials_Material.hxx", 
        37
      ], 
      "members": [
        {
          "returnType": "TCollection_AsciiString", 
          "arguments": [], 
          "name": "Name", 
          "parent": "Materials_Material", 
          "cls": "memfun", 
          "extern": "1", 
          "const": "1", 
          "throws": true
        }, 
        {
          "returnType": "void", 
          "arguments": [
            {
              "decl": "Standard_OStream &", 
              "type": "Standard_OStream", 
              "name": "astream"
            }
          ], 
          "name": "Dump", 
          "parent": "Materials_Material", 
          "cls": "memfun", 
          "extern": "1", 
          "const": "1", 
          "throws": true, 
          "virtuality": "virtual"
        }, 
        {
          "returnType": "Handle_Standard_Type const &", 
          "arguments": [], 
          "name": "DynamicType", 
          "parent": "Materials_Material", 
          "cls": "memfun", 
          "extern": "1", 
          "const": "1", 
          "throws": true, 
          "virtuality": "virtual"
        }
      ], 
      "cls": "class"
    }, 
    {
      "name": "Materials_FuzzyInstance", 
      "abstract": false, 
      "constructors": [
        {
          "returnType": "", 
          "arguments": [
            {
              "decl": "const Materials_FuzzyInstance &", 
              "type": "Materials_FuzzyInstance", 
              "name": "arg0"
            }
          ], 
          "name": "Materials_FuzzyInstance", 
          "parent": "Materials_FuzzyInstance", 
          "cls": "constructor", 
          "artificial": "1", 
          "throws": true, 
          "copyConstructor": true
        }, 
        {
          "returnType": "", 
          "arguments": [
            {
              "decl": "const Standard_CString", 
              "type": "Standard_CString", 
              "name": "atype"
            }
          ], 
          "name": "Materials_FuzzyInstance", 
          "parent": "Materials_FuzzyInstance", 
          "cls": "constructor", 
          "extern": "1", 
          "throws": true
        }, 
        {
          "returnType": "", 
          "arguments": [
            {
              "decl": "const Handle_Materials_FuzzyInstance &", 
              "type": "Handle_Materials_FuzzyInstance", 
              "name": "afuzzyinstance"
            }
          ], 
          "name": "Materials_FuzzyInstance", 
          "parent": "Materials_FuzzyInstance", 
          "cls": "constructor", 
          "extern": "1", 
          "throws": true
        }
      ], 
      "artificial": "1", 
      "bases": [
        {
          "access": "public", 
          "name": "Dynamic_FuzzyClass"
        }
      ], 
      "location": [
        "/usr/local/include/oce/Materials_FuzzyInstance.hxx", 
        53
      ], 
      "members": [
        {
          "returnType": "TCollection_AsciiString", 
          "arguments": [], 
          "name": "Type", 
          "parent": "Materials_FuzzyInstance", 
          "cls": "memfun", 
          "extern": "1", 
          "const": "1", 
          "throws": true, 
          "virtuality": "virtual"
        }, 
        {
          "returnType": "Handle_Dynamic_FuzzyClass", 
          "arguments": [], 
          "name": "Definition", 
          "parent": "Materials_FuzzyInstance", 
          "cls": "memfun", 
          "extern": "1", 
          "const": "1", 
          "throws": true
        }, 
        {
          "returnType": "void", 
          "arguments": [
            {
              "decl": "const Standard_CString", 
              "type": "Standard_CString", 
              "name": "aparameter"
            }, 
            {
              "decl": "const Standard_Boolean", 
              "type": "Standard_Boolean", 
              "name": "avalue"
            }
          ], 
          "name": "Parameter", 
          "parent": "Materials_FuzzyInstance", 
          "cls": "memfun", 
          "extern": "1", 
          "throws": true, 
          "virtuality": "virtual"
        }, 
        {
          "returnType": "void", 
          "arguments": [
            {
              "decl": "const Standard_CString", 
              "type": "Standard_CString", 
              "name": "aparameter"
            }, 
            {
              "decl": "const Standard_Integer", 
              "type": "Standard_Integer", 
              "name": "avalue"
            }
          ], 
          "name": "Parameter", 
          "parent": "Materials_FuzzyInstance", 
          "cls": "memfun", 
          "extern": "1", 
          "throws": true, 
          "virtuality": "virtual"
        }, 
        {
          "returnType": "void", 
          "arguments": [
            {
              "decl": "const Standard_CString", 
              "type": "Standard_CString", 
              "name": "aparameter"
            }, 
            {
              "decl": "const Standard_Real", 
              "type": "Standard_Real", 
              "name": "avalue"
            }
          ], 
          "name": "Parameter", 
          "parent": "Materials_FuzzyInstance", 
          "cls": "memfun", 
          "extern": "1", 
          "throws": true, 
          "virtuality": "virtual"
        }, 
        {
          "returnType": "void", 
          "arguments": [
            {
              "decl": "const Standard_CString", 
              "type": "Standard_CString", 
              "name": "aparameter"
            }, 
            {
              "decl": "const Standard_CString", 
              "type": "Standard_CString", 
              "name": "astring"
            }
          ], 
          "name": "Parameter", 
          "parent": "Materials_FuzzyInstance", 
          "cls": "memfun", 
          "extern": "1", 
          "throws": true, 
          "virtuality": "virtual"
        }, 
        {
          "returnType": "void", 
          "arguments": [
            {
              "decl": "const Standard_CString", 
              "type": "Standard_CString", 
              "name": "aparameter"
            }, 
            {
              "decl": "const Handle_Standard_Transient &", 
              "type": "Handle_Standard_Transient", 
              "name": "anobject"
            }
          ], 
          "name": "Parameter", 
          "parent": "Materials_FuzzyInstance", 
          "cls": "memfun", 
          "extern": "1", 
          "throws": true, 
          "virtuality": "virtual"
        }, 
        {
          "returnType": "Standard_Boolean", 
          "arguments": [
            {
              "decl": "const Standard_CString", 
              "type": "Standard_CString", 
              "name": "aparameter"
            }, 
            {
              "decl": "Standard_Boolean &", 
              "type": "Standard_Boolean", 
              "name": "avalue"
            }
          ], 
          "name": "Value", 
          "parent": "Materials_FuzzyInstance", 
          "cls": "memfun", 
          "extern": "1", 
          "const": "1", 
          "throws": true, 
          "virtuality": "virtual"
        }, 
        {
          "returnType": "Standard_Boolean", 
          "arguments": [
            {
              "decl": "const Standard_CString", 
              "type": "Standard_CString", 
              "name": "aparameter"
            }, 
            {
              "decl": "Standard_Integer &", 
              "type": "Standard_Integer", 
              "name": "avalue"
            }
          ], 
          "name": "Value", 
          "parent": "Materials_FuzzyInstance", 
          "cls": "memfun", 
          "extern": "1", 
          "const": "1", 
          "throws": true, 
          "virtuality": "virtual"
        }, 
        {
          "returnType": "Standard_Boolean", 
          "arguments": [
            {
              "decl": "const Standard_CString", 
              "type": "Standard_CString", 
              "name": "aparameter"
            }, 
            {
              "decl": "Standard_Real &", 
              "type": "Standard_Real", 
              "name": "avalue"
            }
          ], 
          "name": "Value", 
          "parent": "Materials_FuzzyInstance", 
          "cls": "memfun", 
          "extern": "1", 
          "const": "1", 
          "throws": true, 
          "virtuality": "virtual"
        }, 
        {
          "returnType": "Standard_Boolean", 
          "arguments": [
            {
              "decl": "const Standard_CString", 
              "type": "Standard_CString", 
              "name": "aparameter"
            }, 
            {
              "decl": "TCollection_AsciiString &", 
              "type": "TCollection_AsciiString", 
              "name": "avalue"
            }
          ], 
          "name": "Value", 
          "parent": "Materials_FuzzyInstance", 
          "cls": "memfun", 
          "extern": "1", 
          "const": "1", 
          "throws": true, 
          "virtuality": "virtual"
        }, 
        {
          "returnType": "Standard_Boolean", 
          "arguments": [
            {
              "decl": "const Standard_CString", 
              "type": "Standard_CString", 
              "name": "aparameter"
            }, 
            {
              "decl": "Handle_Standard_Transient &", 
              "type": "Handle_Standard_Transient", 
              "name": "avalue"
            }
          ], 
          "name": "Value", 
          "parent": "Materials_FuzzyInstance", 
          "cls": "memfun", 
          "extern": "1", 
          "const": "1", 
          "throws": true, 
          "virtuality": "virtual"
        }, 
        {
          "returnType": "void", 
          "arguments": [
            {
              "decl": "Standard_OStream &", 
              "type": "Standard_OStream", 
              "name": "astream"
            }
          ], 
          "name": "Dump", 
          "parent": "Materials_FuzzyInstance", 
          "cls": "memfun", 
          "extern": "1", 
          "const": "1", 
          "throws": true, 
          "virtuality": "virtual"
        }, 
        {
          "returnType": "Handle_Standard_Type const &", 
          "arguments": [], 
          "name": "DynamicType", 
          "parent": "Materials_FuzzyInstance", 
          "cls": "memfun", 
          "extern": "1", 
          "const": "1", 
          "throws": true, 
          "virtuality": "virtual"
        }
      ], 
      "cls": "class"
    }, 
    {
      "name": "Handle_Materials_Color", 
      "abstract": false, 
      "constructors": [
        {
          "returnType": "", 
          "arguments": [], 
          "name": "Handle_Materials_Color", 
          "parent": "Handle_Materials_Color", 
          "cls": "constructor", 
          "throws": true
        }, 
        {
          "returnType": "", 
          "arguments": [
            {
              "decl": "const Handle_Materials_Color &", 
              "type": "Handle_Materials_Color", 
              "name": "aHandle"
            }
          ], 
          "name": "Handle_Materials_Color", 
          "parent": "Handle_Materials_Color", 
          "cls": "constructor", 
          "throws": true, 
          "copyConstructor": true
        }, 
        {
          "returnType": "", 
          "arguments": [
            {
              "decl": "const Materials_Color *", 
              "type": "Materials_Color", 
              "name": "anItem"
            }
          ], 
          "name": "Handle_Materials_Color", 
          "parent": "Handle_Materials_Color", 
          "cls": "constructor", 
          "throws": true
        }
      ], 
      "artificial": "1", 
      "bases": [
        {
          "access": "public", 
          "name": "Handle_Standard_Transient"
        }
      ], 
      "location": [
        "/usr/local/include/oce/Handle_Materials_Color.hxx", 
        25
      ], 
      "members": [
        {
          "returnType": "Handle_Materials_Color", 
          "arguments": [
            {
              "decl": "const Handle_Standard_Transient &", 
              "type": "Handle_Standard_Transient", 
              "name": "AnObject"
            }
          ], 
          "name": "DownCast", 
          "parent": "Handle_Materials_Color", 
          "cls": "memfun", 
          "static": "1", 
          "extern": "1", 
          "throws": true
        }
      ], 
      "cls": "class"
    }, 
    {
      "name": "Handle_Materials_Material", 
      "abstract": false, 
      "constructors": [
        {
          "returnType": "", 
          "arguments": [], 
          "name": "Handle_Materials_Material", 
          "parent": "Handle_Materials_Material", 
          "cls": "constructor", 
          "throws": true
        }, 
        {
          "returnType": "", 
          "arguments": [
            {
              "decl": "const Handle_Materials_Material &", 
              "type": "Handle_Materials_Material", 
              "name": "aHandle"
            }
          ], 
          "name": "Handle_Materials_Material", 
          "parent": "Handle_Materials_Material", 
          "cls": "constructor", 
          "throws": true, 
          "copyConstructor": true
        }, 
        {
          "returnType": "", 
          "arguments": [
            {
              "decl": "const Materials_Material *", 
              "type": "Materials_Material", 
              "name": "anItem"
            }
          ], 
          "name": "Handle_Materials_Material", 
          "parent": "Handle_Materials_Material", 
          "cls": "constructor", 
          "throws": true
        }
      ], 
      "artificial": "1", 
      "bases": [
        {
          "access": "public", 
          "name": "Handle_Materials_FuzzyInstance"
        }
      ], 
      "location": [
        "/usr/local/include/oce/Handle_Materials_Material.hxx", 
        25
      ], 
      "members": [
        {
          "returnType": "Handle_Materials_Material", 
          "arguments": [
            {
              "decl": "const Handle_Standard_Transient &", 
              "type": "Handle_Standard_Transient", 
              "name": "AnObject"
            }
          ], 
          "name": "DownCast", 
          "parent": "Handle_Materials_Material", 
          "cls": "memfun", 
          "static": "1", 
          "extern": "1", 
          "throws": true
        }
      ], 
      "cls": "class"
    }, 
    {
      "name": "Handle_Materials_MaterialDefinition", 
      "abstract": false, 
      "constructors": [
        {
          "returnType": "", 
          "arguments": [], 
          "name": "Handle_Materials_MaterialDefinition", 
          "parent": "Handle_Materials_MaterialDefinition", 
          "cls": "constructor", 
          "throws": true
        }, 
        {
          "returnType": "", 
          "arguments": [
            {
              "decl": "const Handle_Materials_MaterialDefinition &", 
              "type": "Handle_Materials_MaterialDefinition", 
              "name": "aHandle"
            }
          ], 
          "name": "Handle_Materials_MaterialDefinition", 
          "parent": "Handle_Materials_MaterialDefinition", 
          "cls": "constructor", 
          "throws": true, 
          "copyConstructor": true
        }, 
        {
          "returnType": "", 
          "arguments": [
            {
              "decl": "const Materials_MaterialDefinition *", 
              "type": "Materials_MaterialDefinition", 
              "name": "anItem"
            }
          ], 
          "name": "Handle_Materials_MaterialDefinition", 
          "parent": "Handle_Materials_MaterialDefinition", 
          "cls": "constructor", 
          "throws": true
        }
      ], 
      "artificial": "1", 
      "bases": [
        {
          "access": "public", 
          "name": "Handle_Dynamic_FuzzyDefinitionsDictionary"
        }
      ], 
      "location": [
        "/usr/local/include/oce/Handle_Materials_MaterialDefinition.hxx", 
        25
      ], 
      "members": [
        {
          "returnType": "Handle_Materials_MaterialDefinition", 
          "arguments": [
            {
              "decl": "const Handle_Standard_Transient &", 
              "type": "Handle_Standard_Transient", 
              "name": "AnObject"
            }
          ], 
          "name": "DownCast", 
          "parent": "Handle_Materials_MaterialDefinition", 
          "cls": "memfun", 
          "static": "1", 
          "extern": "1", 
          "throws": true
        }
      ], 
      "cls": "class"
    }, 
    {
      "name": "Handle_Materials_MaterialsDictionary", 
      "abstract": false, 
      "constructors": [
        {
          "returnType": "", 
          "arguments": [], 
          "name": "Handle_Materials_MaterialsDictionary", 
          "parent": "Handle_Materials_MaterialsDictionary", 
          "cls": "constructor", 
          "throws": true
        }, 
        {
          "returnType": "", 
          "arguments": [
            {
              "decl": "const Handle_Materials_MaterialsDictionary &", 
              "type": "Handle_Materials_MaterialsDictionary", 
              "name": "aHandle"
            }
          ], 
          "name": "Handle_Materials_MaterialsDictionary", 
          "parent": "Handle_Materials_MaterialsDictionary", 
          "cls": "constructor", 
          "throws": true, 
          "copyConstructor": true
        }, 
        {
          "returnType": "", 
          "arguments": [
            {
              "decl": "const Materials_MaterialsDictionary *", 
              "type": "Materials_MaterialsDictionary", 
              "name": "anItem"
            }
          ], 
          "name": "Handle_Materials_MaterialsDictionary", 
          "parent": "Handle_Materials_MaterialsDictionary", 
          "cls": "constructor", 
          "throws": true
        }
      ], 
      "artificial": "1", 
      "bases": [
        {
          "access": "public", 
          "name": "Handle_Standard_Transient"
        }
      ], 
      "location": [
        "/usr/local/include/oce/Handle_Materials_MaterialsDictionary.hxx", 
        25
      ], 
      "members": [
        {
          "returnType": "Handle_Materials_MaterialsDictionary", 
          "arguments": [
            {
              "decl": "const Handle_Standard_Transient &", 
              "type": "Handle_Standard_Transient", 
              "name": "AnObject"
            }
          ], 
          "name": "DownCast", 
          "parent": "Handle_Materials_MaterialsDictionary", 
          "cls": "memfun", 
          "static": "1", 
          "extern": "1", 
          "throws": true
        }
      ], 
      "cls": "class"
    }, 
    {
      "name": "Materials_MtsSequence", 
      "abstract": false, 
      "constructors": [
        {
          "returnType": "", 
          "arguments": [], 
          "name": "Materials_MtsSequence", 
          "parent": "Materials_MtsSequence", 
          "cls": "constructor", 
          "throws": true
        }
      ], 
      "artificial": "1", 
      "bases": [
        {
          "access": "public", 
          "name": "TCollection_BaseSequence"
        }
      ], 
      "location": [
        "/usr/local/include/oce/Materials_MtsSequence.hxx", 
        38
      ], 
      "members": [
        {
          "returnType": "void", 
          "arguments": [], 
          "name": "Clear", 
          "parent": "Materials_MtsSequence", 
          "cls": "memfun", 
          "extern": "1", 
          "throws": true
        }, 
        {
          "returnType": "Materials_MtsSequence const &", 
          "arguments": [
            {
              "decl": "const Materials_MtsSequence &", 
              "type": "Materials_MtsSequence", 
              "name": "Other"
            }
          ], 
          "name": "Assign", 
          "parent": "Materials_MtsSequence", 
          "cls": "memfun", 
          "extern": "1", 
          "throws": true
        }, 
        {
          "returnType": "void", 
          "arguments": [
            {
              "decl": "const Handle_Materials_Material &", 
              "type": "Handle_Materials_Material", 
              "name": "T"
            }
          ], 
          "name": "Append", 
          "parent": "Materials_MtsSequence", 
          "cls": "memfun", 
          "extern": "1", 
          "throws": true
        }, 
        {
          "returnType": "void", 
          "arguments": [
            {
              "decl": "Materials_MtsSequence &", 
              "type": "Materials_MtsSequence", 
              "name": "S"
            }
          ], 
          "name": "Append", 
          "parent": "Materials_MtsSequence", 
          "cls": "memfun", 
          "throws": true
        }, 
        {
          "returnType": "void", 
          "arguments": [
            {
              "decl": "const Handle_Materials_Material &", 
              "type": "Handle_Materials_Material", 
              "name": "T"
            }
          ], 
          "name": "Prepend", 
          "parent": "Materials_MtsSequence", 
          "cls": "memfun", 
          "extern": "1", 
          "throws": true
        }, 
        {
          "returnType": "void", 
          "arguments": [
            {
              "decl": "Materials_MtsSequence &", 
              "type": "Materials_MtsSequence", 
              "name": "S"
            }
          ], 
          "name": "Prepend", 
          "parent": "Materials_MtsSequence", 
          "cls": "memfun", 
          "throws": true
        }, 
        {
          "returnType": "void", 
          "arguments": [
            {
              "decl": "const Standard_Integer", 
              "type": "Standard_Integer", 
              "name": "Index"
            }, 
            {
              "decl": "const Handle_Materials_Material &", 
              "type": "Handle_Materials_Material", 
              "name": "I"
            }
          ], 
          "name": "InsertBefore", 
          "parent": "Materials_MtsSequence", 
          "cls": "memfun", 
          "throws": true
        }, 
        {
          "returnType": "void", 
          "arguments": [
            {
              "decl": "const Standard_Integer", 
              "type": "Standard_Integer", 
              "name": "Index"
            }, 
            {
              "decl": "Materials_MtsSequence &", 
              "type": "Materials_MtsSequence", 
              "name": "S"
            }
          ], 
          "name": "InsertBefore", 
          "parent": "Materials_MtsSequence", 
          "cls": "memfun", 
          "throws": true
        }, 
        {
          "returnType": "void", 
          "arguments": [
            {
              "decl": "const Standard_Integer", 
              "type": "Standard_Integer", 
              "name": "Index"
            }, 
            {
              "decl": "const Handle_Materials_Material &", 
              "type": "Handle_Materials_Material", 
              "name": "T"
            }
          ], 
          "name": "InsertAfter", 
          "parent": "Materials_MtsSequence", 
          "cls": "memfun", 
          "extern": "1", 
          "throws": true
        }, 
        {
          "returnType": "void", 
          "arguments": [
            {
              "decl": "const Standard_Integer", 
              "type": "Standard_Integer", 
              "name": "Index"
            }, 
            {
              "decl": "Materials_MtsSequence &", 
              "type": "Materials_MtsSequence", 
              "name": "S"
            }
          ], 
          "name": "InsertAfter", 
          "parent": "Materials_MtsSequence", 
          "cls": "memfun", 
          "throws": true
        }, 
        {
          "returnType": "Handle_Materials_Material const &", 
          "arguments": [], 
          "name": "First", 
          "parent": "Materials_MtsSequence", 
          "cls": "memfun", 
          "extern": "1", 
          "const": "1", 
          "throws": true
        }, 
        {
          "returnType": "Handle_Materials_Material const &", 
          "arguments": [], 
          "name": "Last", 
          "parent": "Materials_MtsSequence", 
          "cls": "memfun", 
          "extern": "1", 
          "const": "1", 
          "throws": true
        }, 
        {
          "returnType": "void", 
          "arguments": [
            {
              "decl": "const Standard_Integer", 
              "type": "Standard_Integer", 
              "name": "Index"
            }, 
            {
              "decl": "Materials_MtsSequence &", 
              "type": "Materials_MtsSequence", 
              "name": "S"
            }
          ], 
          "name": "Split", 
          "parent": "Materials_MtsSequence", 
          "cls": "memfun", 
          "throws": true
        }, 
        {
          "returnType": "Handle_Materials_Material const &", 
          "arguments": [
            {
              "decl": "const Standard_Integer", 
              "type": "Standard_Integer", 
              "name": "Index"
            }
          ], 
          "name": "Value", 
          "parent": "Materials_MtsSequence", 
          "cls": "memfun", 
          "extern": "1", 
          "const": "1", 
          "throws": true
        }, 
        {
          "returnType": "void", 
          "arguments": [
            {
              "decl": "const Standard_Integer", 
              "type": "Standard_Integer", 
              "name": "Index"
            }, 
            {
              "decl": "const Handle_Materials_Material &", 
              "type": "Handle_Materials_Material", 
              "name": "I"
            }
          ], 
          "name": "SetValue", 
          "parent": "Materials_MtsSequence", 
          "cls": "memfun", 
          "extern": "1", 
          "throws": true
        }, 
        {
          "returnType": "Handle_Materials_Material &", 
          "arguments": [
            {
              "decl": "const Standard_Integer", 
              "type": "Standard_Integer", 
              "name": "Index"
            }
          ], 
          "name": "ChangeValue", 
          "parent": "Materials_MtsSequence", 
          "cls": "memfun", 
          "extern": "1", 
          "throws": true
        }, 
        {
          "returnType": "void", 
          "arguments": [
            {
              "decl": "const Standard_Integer", 
              "type": "Standard_Integer", 
              "name": "Index"
            }
          ], 
          "name": "Remove", 
          "parent": "Materials_MtsSequence", 
          "cls": "memfun", 
          "extern": "1", 
          "throws": true
        }, 
        {
          "returnType": "void", 
          "arguments": [
            {
              "decl": "const Standard_Integer", 
              "type": "Standard_Integer", 
              "name": "FromIndex"
            }, 
            {
              "decl": "const Standard_Integer", 
              "type": "Standard_Integer", 
              "name": "ToIndex"
            }
          ], 
          "name": "Remove", 
          "parent": "Materials_MtsSequence", 
          "cls": "memfun", 
          "extern": "1", 
          "throws": true
        }
      ], 
      "cls": "class"
    }, 
    {
      "name": "Materials_MaterialsSequence", 
      "abstract": false, 
      "constructors": [
        {
          "returnType": "", 
          "arguments": [], 
          "name": "Materials_MaterialsSequence", 
          "parent": "Materials_MaterialsSequence", 
          "cls": "constructor", 
          "throws": true
        }
      ], 
      "artificial": "1", 
      "bases": [
        {
          "access": "public", 
          "name": "MMgt_TShared"
        }
      ], 
      "location": [
        "/usr/local/include/oce/Materials_MaterialsSequence.hxx", 
        41
      ], 
      "members": [
        {
          "returnType": "Standard_Boolean", 
          "arguments": [], 
          "name": "IsEmpty", 
          "parent": "Materials_MaterialsSequence", 
          "cls": "memfun", 
          "const": "1", 
          "throws": true
        }, 
        {
          "returnType": "Standard_Integer", 
          "arguments": [], 
          "name": "Length", 
          "parent": "Materials_MaterialsSequence", 
          "cls": "memfun", 
          "const": "1", 
          "throws": true
        }, 
        {
          "returnType": "void", 
          "arguments": [], 
          "name": "Clear", 
          "parent": "Materials_MaterialsSequence", 
          "cls": "memfun", 
          "extern": "1", 
          "throws": true
        }, 
        {
          "returnType": "void", 
          "arguments": [
            {
              "decl": "const Handle_Materials_Material &", 
              "type": "Handle_Materials_Material", 
              "name": "anItem"
            }
          ], 
          "name": "Append", 
          "parent": "Materials_MaterialsSequence", 
          "cls": "memfun", 
          "extern": "1", 
          "throws": true
        }, 
        {
          "returnType": "void", 
          "arguments": [
            {
              "decl": "const Handle_Materials_MaterialsSequence &", 
              "type": "Handle_Materials_MaterialsSequence", 
              "name": "aSequence"
            }
          ], 
          "name": "Append", 
          "parent": "Materials_MaterialsSequence", 
          "cls": "memfun", 
          "extern": "1", 
          "throws": true
        }, 
        {
          "returnType": "void", 
          "arguments": [
            {
              "decl": "const Handle_Materials_Material &", 
              "type": "Handle_Materials_Material", 
              "name": "anItem"
            }
          ], 
          "name": "Prepend", 
          "parent": "Materials_MaterialsSequence", 
          "cls": "memfun", 
          "extern": "1", 
          "throws": true
        }, 
        {
          "returnType": "void", 
          "arguments": [
            {
              "decl": "const Handle_Materials_MaterialsSequence &", 
              "type": "Handle_Materials_MaterialsSequence", 
              "name": "aSequence"
            }
          ], 
          "name": "Prepend", 
          "parent": "Materials_MaterialsSequence", 
          "cls": "memfun", 
          "extern": "1", 
          "throws": true
        }, 
        {
          "returnType": "void", 
          "arguments": [], 
          "name": "Reverse", 
          "parent": "Materials_MaterialsSequence", 
          "cls": "memfun", 
          "extern": "1", 
          "throws": true
        }, 
        {
          "returnType": "void", 
          "arguments": [
            {
              "decl": "const Standard_Integer", 
              "type": "Standard_Integer", 
              "name": "anIndex"
            }, 
            {
              "decl": "const Handle_Materials_Material &", 
              "type": "Handle_Materials_Material", 
              "name": "anItem"
            }
          ], 
          "name": "InsertBefore", 
          "parent": "Materials_MaterialsSequence", 
          "cls": "memfun", 
          "extern": "1", 
          "throws": true
        }, 
        {
          "returnType": "void", 
          "arguments": [
            {
              "decl": "const Standard_Integer", 
              "type": "Standard_Integer", 
              "name": "anIndex"
            }, 
            {
              "decl": "const Handle_Materials_MaterialsSequence &", 
              "type": "Handle_Materials_MaterialsSequence", 
              "name": "aSequence"
            }
          ], 
          "name": "InsertBefore", 
          "parent": "Materials_MaterialsSequence", 
          "cls": "memfun", 
          "extern": "1", 
          "throws": true
        }, 
        {
          "returnType": "void", 
          "arguments": [
            {
              "decl": "const Standard_Integer", 
              "type": "Standard_Integer", 
              "name": "anIndex"
            }, 
            {
              "decl": "const Handle_Materials_Material &", 
              "type": "Handle_Materials_Material", 
              "name": "anItem"
            }
          ], 
          "name": "InsertAfter", 
          "parent": "Materials_MaterialsSequence", 
          "cls": "memfun", 
          "extern": "1", 
          "throws": true
        }, 
        {
          "returnType": "void", 
          "arguments": [
            {
              "decl": "const Standard_Integer", 
              "type": "Standard_Integer", 
              "name": "anIndex"
            }, 
            {
              "decl": "const Handle_Materials_MaterialsSequence &", 
              "type": "Handle_Materials_MaterialsSequence", 
              "name": "aSequence"
            }
          ], 
          "name": "InsertAfter", 
          "parent": "Materials_MaterialsSequence", 
          "cls": "memfun", 
          "extern": "1", 
          "throws": true
        }, 
        {
          "returnType": "void", 
          "arguments": [
            {
              "decl": "const Standard_Integer", 
              "type": "Standard_Integer", 
              "name": "anIndex"
            }, 
            {
              "decl": "const Standard_Integer", 
              "type": "Standard_Integer", 
              "name": "anOtherIndex"
            }
          ], 
          "name": "Exchange", 
          "parent": "Materials_MaterialsSequence", 
          "cls": "memfun", 
          "extern": "1", 
          "throws": true
        }, 
        {
          "returnType": "Handle_Materials_MaterialsSequence", 
          "arguments": [
            {
              "decl": "const Standard_Integer", 
              "type": "Standard_Integer", 
              "name": "anIndex"
            }
          ], 
          "name": "Split", 
          "parent": "Materials_MaterialsSequence", 
          "cls": "memfun", 
          "extern": "1", 
          "throws": true
        }, 
        {
          "returnType": "void", 
          "arguments": [
            {
              "decl": "const Standard_Integer", 
              "type": "Standard_Integer", 
              "name": "anIndex"
            }, 
            {
              "decl": "const Handle_Materials_Material &", 
              "type": "Handle_Materials_Material", 
              "name": "anItem"
            }
          ], 
          "name": "SetValue", 
          "parent": "Materials_MaterialsSequence", 
          "cls": "memfun", 
          "extern": "1", 
          "throws": true
        }, 
        {
          "returnType": "Handle_Materials_Material const &", 
          "arguments": [
            {
              "decl": "const Standard_Integer", 
              "type": "Standard_Integer", 
              "name": "anIndex"
            }
          ], 
          "name": "Value", 
          "parent": "Materials_MaterialsSequence", 
          "cls": "memfun", 
          "extern": "1", 
          "const": "1", 
          "throws": true
        }, 
        {
          "returnType": "Handle_Materials_Material &", 
          "arguments": [
            {
              "decl": "const Standard_Integer", 
              "type": "Standard_Integer", 
              "name": "anIndex"
            }
          ], 
          "name": "ChangeValue", 
          "parent": "Materials_MaterialsSequence", 
          "cls": "memfun", 
          "extern": "1", 
          "throws": true
        }, 
        {
          "returnType": "void", 
          "arguments": [
            {
              "decl": "const Standard_Integer", 
              "type": "Standard_Integer", 
              "name": "anIndex"
            }
          ], 
          "name": "Remove", 
          "parent": "Materials_MaterialsSequence", 
          "cls": "memfun", 
          "extern": "1", 
          "throws": true
        }, 
        {
          "returnType": "void", 
          "arguments": [
            {
              "decl": "const Standard_Integer", 
              "type": "Standard_Integer", 
              "name": "fromIndex"
            }, 
            {
              "decl": "const Standard_Integer", 
              "type": "Standard_Integer", 
              "name": "toIndex"
            }
          ], 
          "name": "Remove", 
          "parent": "Materials_MaterialsSequence", 
          "cls": "memfun", 
          "extern": "1", 
          "throws": true
        }, 
        {
          "returnType": "Materials_MtsSequence const &", 
          "arguments": [], 
          "name": "Sequence", 
          "parent": "Materials_MaterialsSequence", 
          "cls": "memfun", 
          "const": "1", 
          "throws": true
        }, 
        {
          "returnType": "Materials_MtsSequence &", 
          "arguments": [], 
          "name": "ChangeSequence", 
          "parent": "Materials_MaterialsSequence", 
          "cls": "memfun", 
          "throws": true
        }, 
        {
          "returnType": "Handle_Materials_MaterialsSequence", 
          "arguments": [], 
          "name": "ShallowCopy", 
          "parent": "Materials_MaterialsSequence", 
          "cls": "memfun", 
          "extern": "1", 
          "const": "1", 
          "throws": true
        }, 
        {
          "returnType": "Handle_Standard_Type const &", 
          "arguments": [], 
          "name": "DynamicType", 
          "parent": "Materials_MaterialsSequence", 
          "cls": "memfun", 
          "extern": "1", 
          "const": "1", 
          "throws": true, 
          "virtuality": "virtual"
        }
      ], 
      "cls": "class"
    }, 
    {
      "name": "Materials_Color", 
      "abstract": false, 
      "constructors": [
        {
          "returnType": "", 
          "arguments": [
            {
              "decl": "const Materials_Color &", 
              "type": "Materials_Color", 
              "name": "arg0"
            }
          ], 
          "name": "Materials_Color", 
          "parent": "Materials_Color", 
          "cls": "constructor", 
          "artificial": "1", 
          "throws": true, 
          "copyConstructor": true
        }, 
        {
          "returnType": "", 
          "arguments": [], 
          "name": "Materials_Color", 
          "parent": "Materials_Color", 
          "cls": "constructor", 
          "extern": "1", 
          "throws": true
        }, 
        {
          "returnType": "", 
          "arguments": [
            {
              "decl": "const Quantity_Color &", 
              "type": "Quantity_Color", 
              "name": "acolor"
            }
          ], 
          "name": "Materials_Color", 
          "parent": "Materials_Color", 
          "cls": "constructor", 
          "extern": "1", 
          "throws": true
        }
      ], 
      "artificial": "1", 
      "bases": [
        {
          "access": "public", 
          "name": "Standard_Transient"
        }
      ], 
      "location": [
        "/usr/local/include/oce/Materials_Color.hxx", 
        37
      ], 
      "members": [
        {
          "returnType": "void", 
          "arguments": [
            {
              "decl": "const Quantity_Color &", 
              "type": "Quantity_Color", 
              "name": "acolor"
            }
          ], 
          "name": "Color", 
          "parent": "Materials_Color", 
          "cls": "memfun", 
          "extern": "1", 
          "throws": true
        }, 
        {
          "returnType": "Quantity_Color", 
          "arguments": [], 
          "name": "Color", 
          "parent": "Materials_Color", 
          "cls": "memfun", 
          "extern": "1", 
          "const": "1", 
          "throws": true
        }, 
        {
          "returnType": "void", 
          "arguments": [
            {
              "decl": "const Quantity_TypeOfColor", 
              "type": "Quantity_TypeOfColor", 
              "name": "aTypeOfColor"
            }, 
            {
              "decl": "Standard_Real &", 
              "type": "Standard_Real", 
              "name": "Reel1"
            }, 
            {
              "decl": "Standard_Real &", 
              "type": "Standard_Real", 
              "name": "Reel2"
            }, 
            {
              "decl": "Standard_Real &", 
              "type": "Standard_Real", 
              "name": "Reel3"
            }
          ], 
          "name": "Color", 
          "parent": "Materials_Color", 
          "cls": "memfun", 
          "extern": "1", 
          "const": "1", 
          "throws": true
        }, 
        {
          "returnType": "void", 
          "arguments": [
            {
              "decl": "const Quantity_TypeOfColor", 
              "type": "Quantity_TypeOfColor", 
              "name": "aTypeOfColor"
            }, 
            {
              "decl": "Standard_Real &", 
              "type": "Standard_Real", 
              "name": "Reel1"
            }, 
            {
              "decl": "Standard_Real &", 
              "type": "Standard_Real", 
              "name": "Reel2"
            }, 
            {
              "decl": "Standard_Real &", 
              "type": "Standard_Real", 
              "name": "Reel3"
            }
          ], 
          "name": "Color255", 
          "parent": "Materials_Color", 
          "cls": "memfun", 
          "extern": "1", 
          "const": "1", 
          "throws": true
        }, 
        {
          "returnType": "void", 
          "arguments": [
            {
              "decl": "const Quantity_TypeOfColor", 
              "type": "Quantity_TypeOfColor", 
              "name": "aTypeOfColor"
            }, 
            {
              "decl": "const Standard_Real", 
              "type": "Standard_Real", 
              "name": "Reel1"
            }, 
            {
              "decl": "const Standard_Real", 
              "type": "Standard_Real", 
              "name": "Reel2"
            }, 
            {
              "decl": "const Standard_Real", 
              "type": "Standard_Real", 
              "name": "Reel3"
            }
          ], 
          "name": "SetColor", 
          "parent": "Materials_Color", 
          "cls": "memfun", 
          "extern": "1", 
          "throws": true
        }, 
        {
          "returnType": "void", 
          "arguments": [
            {
              "decl": "const Quantity_TypeOfColor", 
              "type": "Quantity_TypeOfColor", 
              "name": "aTypeOfColor"
            }, 
            {
              "decl": "const Standard_Real", 
              "type": "Standard_Real", 
              "name": "Reel1"
            }, 
            {
              "decl": "const Standard_Real", 
              "type": "Standard_Real", 
              "name": "Reel2"
            }, 
            {
              "decl": "const Standard_Real", 
              "type": "Standard_Real", 
              "name": "Reel3"
            }
          ], 
          "name": "SetColor255", 
          "parent": "Materials_Color", 
          "cls": "memfun", 
          "extern": "1", 
          "throws": true
        }, 
        {
          "returnType": "Handle_Standard_Type const &", 
          "arguments": [], 
          "name": "DynamicType", 
          "parent": "Materials_Color", 
          "cls": "memfun", 
          "extern": "1", 
          "const": "1", 
          "throws": true, 
          "virtuality": "virtual"
        }
      ], 
      "cls": "class"
    }
  ], 
  "headers": [
    "Materials_MaterialDefinition.hxx", 
    "Materials_MaterialsSequence.hxx", 
    "Materials_Color.hxx", 
    "Materials_FuzzyInstance.hxx", 
    "Materials_MaterialsDictionary.hxx", 
    "Materials_SequenceNodeOfMtsSequence.hxx", 
    "Materials_Material.hxx", 
    "Materials_MtsSequence.hxx"
  ], 
  "enums": [], 
  "typedefs": [], 
  "name": "Materials"
}