{
  "classes": [
    {
      "name": "SortTools_QuickSortOfReal", 
      "abstract": false, 
      "constructors": [
        {
          "returnType": "", 
          "arguments": [
            {
              "decl": "const SortTools_QuickSortOfReal &", 
              "type": "SortTools_QuickSortOfReal", 
              "name": "arg0"
            }
          ], 
          "name": "SortTools_QuickSortOfReal", 
          "parent": "SortTools_QuickSortOfReal", 
          "cls": "constructor", 
          "artificial": "1", 
          "copyConstructor": true
        }, 
        {
          "returnType": "", 
          "arguments": [], 
          "name": "SortTools_QuickSortOfReal", 
          "parent": "SortTools_QuickSortOfReal", 
          "cls": "constructor", 
          "artificial": "1"
        }
      ], 
      "artificial": "1", 
      "bases": [], 
      "location": [
        "/usr/local/include/oce/SortTools_QuickSortOfReal.hxx", 
        27
      ], 
      "members": [
        {
          "returnType": "void", 
          "arguments": [
            {
              "decl": "TColStd_Array1OfReal &", 
              "type": "TColStd_Array1OfReal", 
              "name": "TheArray"
            }, 
            {
              "decl": "const TCollection_CompareOfReal &", 
              "type": "TCollection_CompareOfReal", 
              "name": "Comp"
            }
          ], 
          "name": "Sort", 
          "parent": "SortTools_QuickSortOfReal", 
          "cls": "memfun", 
          "static": "1", 
          "extern": "1", 
          "throws": true
        }
      ], 
      "cls": "class"
    }, 
    {
      "name": "SortTools_QuickSortOfInteger", 
      "abstract": false, 
      "constructors": [
        {
          "returnType": "", 
          "arguments": [
            {
              "decl": "const SortTools_QuickSortOfInteger &", 
              "type": "SortTools_QuickSortOfInteger", 
              "name": "arg0"
            }
          ], 
          "name": "SortTools_QuickSortOfInteger", 
          "parent": "SortTools_QuickSortOfInteger", 
          "cls": "constructor", 
          "artificial": "1", 
          "copyConstructor": true
        }, 
        {
          "returnType": "", 
          "arguments": [], 
          "name": "SortTools_QuickSortOfInteger", 
          "parent": "SortTools_QuickSortOfInteger", 
          "cls": "constructor", 
          "artificial": "1"
        }
      ], 
      "artificial": "1", 
      "bases": [], 
      "location": [
        "/usr/local/include/oce/SortTools_QuickSortOfInteger.hxx", 
        27
      ], 
      "members": [
        {
          "returnType": "void", 
          "arguments": [
            {
              "decl": "TColStd_Array1OfInteger &", 
              "type": "TColStd_Array1OfInteger", 
              "name": "TheArray"
            }, 
            {
              "decl": "const TCollection_CompareOfInteger &", 
              "type": "TCollection_CompareOfInteger", 
              "name": "Comp"
            }
          ], 
          "name": "Sort", 
          "parent": "SortTools_QuickSortOfInteger", 
          "cls": "memfun", 
          "static": "1", 
          "extern": "1", 
          "throws": true
        }
      ], 
      "cls": "class"
    }, 
    {
      "name": "SortTools_HeapSortOfInteger", 
      "abstract": false, 
      "constructors": [
        {
          "returnType": "", 
          "arguments": [
            {
              "decl": "const SortTools_HeapSortOfInteger &", 
              "type": "SortTools_HeapSortOfInteger", 
              "name": "arg0"
            }
          ], 
          "name": "SortTools_HeapSortOfInteger", 
          "parent": "SortTools_HeapSortOfInteger", 
          "cls": "constructor", 
          "artificial": "1", 
          "copyConstructor": true
        }, 
        {
          "returnType": "", 
          "arguments": [], 
          "name": "SortTools_HeapSortOfInteger", 
          "parent": "SortTools_HeapSortOfInteger", 
          "cls": "constructor", 
          "artificial": "1"
        }
      ], 
      "artificial": "1", 
      "bases": [], 
      "location": [
        "/usr/local/include/oce/SortTools_HeapSortOfInteger.hxx", 
        27
      ], 
      "members": [
        {
          "returnType": "void", 
          "arguments": [
            {
              "decl": "TColStd_Array1OfInteger &", 
              "type": "TColStd_Array1OfInteger", 
              "name": "TheArray"
            }, 
            {
              "decl": "const TCollection_CompareOfInteger &", 
              "type": "TCollection_CompareOfInteger", 
              "name": "Comp"
            }
          ], 
          "name": "Sort", 
          "parent": "SortTools_HeapSortOfInteger", 
          "cls": "memfun", 
          "static": "1", 
          "extern": "1", 
          "throws": true
        }
      ], 
      "cls": "class"
    }, 
    {
      "name": "SortTools_StraightInsertionSortOfInteger", 
      "abstract": false, 
      "constructors": [
        {
          "returnType": "", 
          "arguments": [
            {
              "decl": "const SortTools_StraightInsertionSortOfInteger &", 
              "type": "SortTools_StraightInsertionSortOfInteger", 
              "name": "arg0"
            }
          ], 
          "name": "SortTools_StraightInsertionSortOfInteger", 
          "parent": "SortTools_StraightInsertionSortOfInteger", 
          "cls": "constructor", 
          "artificial": "1", 
          "copyConstructor": true
        }, 
        {
          "returnType": "", 
          "arguments": [], 
          "name": "SortTools_StraightInsertionSortOfInteger", 
          "parent": "SortTools_StraightInsertionSortOfInteger", 
          "cls": "constructor", 
          "artificial": "1"
        }
      ], 
      "artificial": "1", 
      "bases": [], 
      "location": [
        "/usr/local/include/oce/SortTools_StraightInsertionSortOfInteger.hxx", 
        27
      ], 
      "members": [
        {
          "returnType": "void", 
          "arguments": [
            {
              "decl": "TColStd_Array1OfInteger &", 
              "type": "TColStd_Array1OfInteger", 
              "name": "TheArray"
            }, 
            {
              "decl": "const TCollection_CompareOfInteger &", 
              "type": "TCollection_CompareOfInteger", 
              "name": "Comp"
            }
          ], 
          "name": "Sort", 
          "parent": "SortTools_StraightInsertionSortOfInteger", 
          "cls": "memfun", 
          "static": "1", 
          "extern": "1", 
          "throws": true
        }
      ], 
      "cls": "class"
    }, 
    {
      "name": "SortTools_HeapSortOfReal", 
      "abstract": false, 
      "constructors": [
        {
          "returnType": "", 
          "arguments": [
            {
              "decl": "const SortTools_HeapSortOfReal &", 
              "type": "SortTools_HeapSortOfReal", 
              "name": "arg0"
            }
          ], 
          "name": "SortTools_HeapSortOfReal", 
          "parent": "SortTools_HeapSortOfReal", 
          "cls": "constructor", 
          "artificial": "1", 
          "copyConstructor": true
        }, 
        {
          "returnType": "", 
          "arguments": [], 
          "name": "SortTools_HeapSortOfReal", 
          "parent": "SortTools_HeapSortOfReal", 
          "cls": "constructor", 
          "artificial": "1"
        }
      ], 
      "artificial": "1", 
      "bases": [], 
      "location": [
        "/usr/local/include/oce/SortTools_HeapSortOfReal.hxx", 
        27
      ], 
      "members": [
        {
          "returnType": "void", 
          "arguments": [
            {
              "decl": "TColStd_Array1OfReal &", 
              "type": "TColStd_Array1OfReal", 
              "name": "TheArray"
            }, 
            {
              "decl": "const TCollection_CompareOfReal &", 
              "type": "TCollection_CompareOfReal", 
              "name": "Comp"
            }
          ], 
          "name": "Sort", 
          "parent": "SortTools_HeapSortOfReal", 
          "cls": "memfun", 
          "static": "1", 
          "extern": "1", 
          "throws": true
        }
      ], 
      "cls": "class"
    }, 
    {
      "name": "SortTools_StraightInsertionSortOfReal", 
      "abstract": false, 
      "constructors": [
        {
          "returnType": "", 
          "arguments": [
            {
              "decl": "const SortTools_StraightInsertionSortOfReal &", 
              "type": "SortTools_StraightInsertionSortOfReal", 
              "name": "arg0"
            }
          ], 
          "name": "SortTools_StraightInsertionSortOfReal", 
          "parent": "SortTools_StraightInsertionSortOfReal", 
          "cls": "constructor", 
          "artificial": "1", 
          "copyConstructor": true
        }, 
        {
          "returnType": "", 
          "arguments": [], 
          "name": "SortTools_StraightInsertionSortOfReal", 
          "parent": "SortTools_StraightInsertionSortOfReal", 
          "cls": "constructor", 
          "artificial": "1"
        }
      ], 
      "artificial": "1", 
      "bases": [], 
      "location": [
        "/usr/local/include/oce/SortTools_StraightInsertionSortOfReal.hxx", 
        27
      ], 
      "members": [
        {
          "returnType": "void", 
          "arguments": [
            {
              "decl": "TColStd_Array1OfReal &", 
              "type": "TColStd_Array1OfReal", 
              "name": "TheArray"
            }, 
            {
              "decl": "const TCollection_CompareOfReal &", 
              "type": "TCollection_CompareOfReal", 
              "name": "Comp"
            }
          ], 
          "name": "Sort", 
          "parent": "SortTools_StraightInsertionSortOfReal", 
          "cls": "memfun", 
          "static": "1", 
          "extern": "1", 
          "throws": true
        }
      ], 
      "cls": "class"
    }, 
    {
      "name": "SortTools_ShellSortOfReal", 
      "abstract": false, 
      "constructors": [
        {
          "returnType": "", 
          "arguments": [
            {
              "decl": "const SortTools_ShellSortOfReal &", 
              "type": "SortTools_ShellSortOfReal", 
              "name": "arg0"
            }
          ], 
          "name": "SortTools_ShellSortOfReal", 
          "parent": "SortTools_ShellSortOfReal", 
          "cls": "constructor", 
          "artificial": "1", 
          "copyConstructor": true
        }, 
        {
          "returnType": "", 
          "arguments": [], 
          "name": "SortTools_ShellSortOfReal", 
          "parent": "SortTools_ShellSortOfReal", 
          "cls": "constructor", 
          "artificial": "1"
        }
      ], 
      "artificial": "1", 
      "bases": [], 
      "location": [
        "/usr/local/include/oce/SortTools_ShellSortOfReal.hxx", 
        27
      ], 
      "members": [
        {
          "returnType": "void", 
          "arguments": [
            {
              "decl": "TColStd_Array1OfReal &", 
              "type": "TColStd_Array1OfReal", 
              "name": "TheArray"
            }, 
            {
              "decl": "const TCollection_CompareOfReal &", 
              "type": "TCollection_CompareOfReal", 
              "name": "Comp"
            }
          ], 
          "name": "Sort", 
          "parent": "SortTools_ShellSortOfReal", 
          "cls": "memfun", 
          "static": "1", 
          "extern": "1", 
          "throws": true
        }
      ], 
      "cls": "class"
    }, 
    {
      "name": "SortTools_ShellSortOfInteger", 
      "abstract": false, 
      "constructors": [
        {
          "returnType": "", 
          "arguments": [
            {
              "decl": "const SortTools_ShellSortOfInteger &", 
              "type": "SortTools_ShellSortOfInteger", 
              "name": "arg0"
            }
          ], 
          "name": "SortTools_ShellSortOfInteger", 
          "parent": "SortTools_ShellSortOfInteger", 
          "cls": "constructor", 
          "artificial": "1", 
          "copyConstructor": true
        }, 
        {
          "returnType": "", 
          "arguments": [], 
          "name": "SortTools_ShellSortOfInteger", 
          "parent": "SortTools_ShellSortOfInteger", 
          "cls": "constructor", 
          "artificial": "1"
        }
      ], 
      "artificial": "1", 
      "bases": [], 
      "location": [
        "/usr/local/include/oce/SortTools_ShellSortOfInteger.hxx", 
        27
      ], 
      "members": [
        {
          "returnType": "void", 
          "arguments": [
            {
              "decl": "TColStd_Array1OfInteger &", 
              "type": "TColStd_Array1OfInteger", 
              "name": "TheArray"
            }, 
            {
              "decl": "const TCollection_CompareOfInteger &", 
              "type": "TCollection_CompareOfInteger", 
              "name": "Comp"
            }
          ], 
          "name": "Sort", 
          "parent": "SortTools_ShellSortOfInteger", 
          "cls": "memfun", 
          "static": "1", 
          "extern": "1", 
          "throws": true
        }
      ], 
      "cls": "class"
    }
  ], 
  "headers": [
    "SortTools_ShellSortOfInteger.hxx", 
    "SortTools_StraightInsertionSortOfInteger.hxx", 
    "SortTools_QuickSortOfReal.hxx", 
    "SortTools_QuickSortOfInteger.hxx", 
    "SortTools_ShellSortOfReal.hxx", 
    "SortTools_HeapSortOfInteger.hxx", 
    "SortTools_StraightInsertionSortOfReal.hxx", 
    "SortTools_HeapSortOfReal.hxx"
  ], 
  "enums": [], 
  "typedefs": [], 
  "name": "SortTools"
}