{
  "classes": [
    {
      "name": "TopClass_SolidExplorer", 
      "abstract": true, 
      "constructors": [], 
      "artificial": "1", 
      "bases": [], 
      "location": [
        "/usr/local/include/oce/TopClass_SolidExplorer.hxx", 
        32
      ], 
      "members": [
        {
          "returnType": "Standard_Boolean", 
          "arguments": [
            {
              "decl": "const gp_Pnt &", 
              "type": "gp_Pnt", 
              "name": "P"
            }
          ], 
          "name": "Reject", 
          "parent": "TopClass_SolidExplorer", 
          "cls": "memfun", 
          "extern": "1", 
          "const": "1", 
          "throws": true, 
          "virtuality": "pure virtual"
        }, 
        {
          "returnType": "void", 
          "arguments": [
            {
              "decl": "const gp_Pnt &", 
              "type": "gp_Pnt", 
              "name": "P"
            }, 
            {
              "decl": "gp_Lin &", 
              "type": "gp_Lin", 
              "name": "L"
            }, 
            {
              "decl": "Standard_Real &", 
              "type": "Standard_Real", 
              "name": "Par"
            }
          ], 
          "name": "Segment", 
          "parent": "TopClass_SolidExplorer", 
          "cls": "memfun", 
          "extern": "1", 
          "throws": true, 
          "virtuality": "pure virtual"
        }, 
        {
          "returnType": "void", 
          "arguments": [
            {
              "decl": "const gp_Pnt &", 
              "type": "gp_Pnt", 
              "name": "P"
            }, 
            {
              "decl": "gp_Lin &", 
              "type": "gp_Lin", 
              "name": "L"
            }, 
            {
              "decl": "Standard_Real &", 
              "type": "Standard_Real", 
              "name": "Par"
            }
          ], 
          "name": "OtherSegment", 
          "parent": "TopClass_SolidExplorer", 
          "cls": "memfun", 
          "extern": "1", 
          "throws": true, 
          "virtuality": "pure virtual"
        }, 
        {
          "returnType": "void", 
          "arguments": [], 
          "name": "InitShell", 
          "parent": "TopClass_SolidExplorer", 
          "cls": "memfun", 
          "extern": "1", 
          "throws": true, 
          "virtuality": "pure virtual"
        }, 
        {
          "returnType": "Standard_Boolean", 
          "arguments": [], 
          "name": "MoreShells", 
          "parent": "TopClass_SolidExplorer", 
          "cls": "memfun", 
          "extern": "1", 
          "const": "1", 
          "throws": true, 
          "virtuality": "pure virtual"
        }, 
        {
          "returnType": "void", 
          "arguments": [], 
          "name": "NextShell", 
          "parent": "TopClass_SolidExplorer", 
          "cls": "memfun", 
          "extern": "1", 
          "throws": true, 
          "virtuality": "pure virtual"
        }, 
        {
          "returnType": "Standard_Boolean", 
          "arguments": [
            {
              "decl": "const gp_Lin &", 
              "type": "gp_Lin", 
              "name": "L"
            }, 
            {
              "decl": "const Standard_Real", 
              "type": "Standard_Real", 
              "name": "Par"
            }
          ], 
          "name": "RejectShell", 
          "parent": "TopClass_SolidExplorer", 
          "cls": "memfun", 
          "extern": "1", 
          "const": "1", 
          "throws": true, 
          "virtuality": "pure virtual"
        }, 
        {
          "returnType": "void", 
          "arguments": [], 
          "name": "InitFace", 
          "parent": "TopClass_SolidExplorer", 
          "cls": "memfun", 
          "extern": "1", 
          "throws": true, 
          "virtuality": "pure virtual"
        }, 
        {
          "returnType": "Standard_Boolean", 
          "arguments": [], 
          "name": "MoreFaces", 
          "parent": "TopClass_SolidExplorer", 
          "cls": "memfun", 
          "extern": "1", 
          "const": "1", 
          "throws": true, 
          "virtuality": "pure virtual"
        }, 
        {
          "returnType": "void", 
          "arguments": [], 
          "name": "NextFace", 
          "parent": "TopClass_SolidExplorer", 
          "cls": "memfun", 
          "extern": "1", 
          "throws": true, 
          "virtuality": "pure virtual"
        }, 
        {
          "returnType": "TopoDS_Face", 
          "arguments": [], 
          "name": "CurrentFace", 
          "parent": "TopClass_SolidExplorer", 
          "cls": "memfun", 
          "extern": "1", 
          "const": "1", 
          "throws": true, 
          "virtuality": "pure virtual"
        }, 
        {
          "returnType": "Standard_Boolean", 
          "arguments": [
            {
              "decl": "const gp_Lin &", 
              "type": "gp_Lin", 
              "name": "L"
            }, 
            {
              "decl": "const Standard_Real", 
              "type": "Standard_Real", 
              "name": "Par"
            }
          ], 
          "name": "RejectFace", 
          "parent": "TopClass_SolidExplorer", 
          "cls": "memfun", 
          "extern": "1", 
          "const": "1", 
          "throws": true, 
          "virtuality": "pure virtual"
        }
      ], 
      "cls": "class"
    }, 
    {
      "name": "TopClass_Intersection3d", 
      "abstract": true, 
      "constructors": [], 
      "artificial": "1", 
      "bases": [], 
      "location": [
        "/usr/local/include/oce/TopClass_Intersection3d.hxx", 
        40
      ], 
      "members": [
        {
          "returnType": "void", 
          "arguments": [
            {
              "decl": "const gp_Lin &", 
              "type": "gp_Lin", 
              "name": "L"
            }, 
            {
              "decl": "const Standard_Real", 
              "type": "Standard_Real", 
              "name": "Prm"
            }, 
            {
              "decl": "const Standard_Real", 
              "type": "Standard_Real", 
              "name": "Tol"
            }, 
            {
              "decl": "const TopoDS_Face &", 
              "type": "TopoDS_Face", 
              "name": "Face"
            }
          ], 
          "name": "Perform", 
          "parent": "TopClass_Intersection3d", 
          "cls": "memfun", 
          "extern": "1", 
          "throws": true, 
          "virtuality": "pure virtual"
        }, 
        {
          "returnType": "Standard_Boolean", 
          "arguments": [], 
          "name": "IsDone", 
          "parent": "TopClass_Intersection3d", 
          "cls": "memfun", 
          "extern": "1", 
          "const": "1", 
          "throws": true, 
          "virtuality": "pure virtual"
        }, 
        {
          "returnType": "Standard_Boolean", 
          "arguments": [], 
          "name": "HasAPoint", 
          "parent": "TopClass_Intersection3d", 
          "cls": "memfun", 
          "extern": "1", 
          "const": "1", 
          "throws": true, 
          "virtuality": "pure virtual"
        }, 
        {
          "returnType": "IntCurveSurface_IntersectionPoint const &", 
          "arguments": [], 
          "name": "Point", 
          "parent": "TopClass_Intersection3d", 
          "cls": "memfun", 
          "extern": "1", 
          "const": "1", 
          "throws": true, 
          "virtuality": "pure virtual"
        }, 
        {
          "returnType": "TopAbs_State", 
          "arguments": [], 
          "name": "State", 
          "parent": "TopClass_Intersection3d", 
          "cls": "memfun", 
          "extern": "1", 
          "const": "1", 
          "throws": true, 
          "virtuality": "pure virtual"
        }
      ], 
      "cls": "class"
    }
  ], 
  "headers": [
    "TopClass_SolidExplorer.hxx", 
    "TopClass_Intersection3d.hxx"
  ], 
  "enums": [], 
  "typedefs": [], 
  "name": "TopClass"
}