{
  "classes": [
    {
      "name": "TopExp_StackNodeOfStackOfIterator", 
      "abstract": false, 
      "constructors": [
        {
          "returnType": "", 
          "arguments": [
            {
              "decl": "const TopExp_StackNodeOfStackOfIterator &", 
              "type": "TopExp_StackNodeOfStackOfIterator", 
              "name": "arg0"
            }
          ], 
          "name": "TopExp_StackNodeOfStackOfIterator", 
          "parent": "TopExp_StackNodeOfStackOfIterator", 
          "cls": "constructor", 
          "artificial": "1", 
          "throws": true, 
          "copyConstructor": true
        }, 
        {
          "returnType": "", 
          "arguments": [
            {
              "decl": "const TopoDS_Iterator &", 
              "type": "TopoDS_Iterator", 
              "name": "I"
            }, 
            {
              "decl": "const TCollection_MapNodePtr &", 
              "type": "TCollection_MapNodePtr", 
              "name": "n"
            }
          ], 
          "name": "TopExp_StackNodeOfStackOfIterator", 
          "parent": "TopExp_StackNodeOfStackOfIterator", 
          "cls": "constructor", 
          "throws": true
        }
      ], 
      "artificial": "1", 
      "bases": [
        {
          "access": "public", 
          "name": "TCollection_MapNode"
        }
      ], 
      "location": [
        "/usr/local/include/oce/TopExp_StackNodeOfStackOfIterator.hxx", 
        34
      ], 
      "members": [
        {
          "returnType": "TopoDS_Iterator &", 
          "arguments": [], 
          "name": "Value", 
          "parent": "TopExp_StackNodeOfStackOfIterator", 
          "cls": "memfun", 
          "const": "1", 
          "throws": true
        }, 
        {
          "returnType": "Handle_Standard_Type const &", 
          "arguments": [], 
          "name": "DynamicType", 
          "parent": "TopExp_StackNodeOfStackOfIterator", 
          "cls": "memfun", 
          "extern": "1", 
          "const": "1", 
          "throws": true, 
          "virtuality": "virtual"
        }
      ], 
      "cls": "class"
    }, 
    {
      "name": "Handle_TopExp_StackNodeOfStackOfIterator", 
      "abstract": false, 
      "constructors": [
        {
          "returnType": "", 
          "arguments": [], 
          "name": "Handle_TopExp_StackNodeOfStackOfIterator", 
          "parent": "Handle_TopExp_StackNodeOfStackOfIterator", 
          "cls": "constructor", 
          "throws": true
        }, 
        {
          "returnType": "", 
          "arguments": [
            {
              "decl": "const Handle_TopExp_StackNodeOfStackOfIterator &", 
              "type": "Handle_TopExp_StackNodeOfStackOfIterator", 
              "name": "aHandle"
            }
          ], 
          "name": "Handle_TopExp_StackNodeOfStackOfIterator", 
          "parent": "Handle_TopExp_StackNodeOfStackOfIterator", 
          "cls": "constructor", 
          "throws": true, 
          "copyConstructor": true
        }, 
        {
          "returnType": "", 
          "arguments": [
            {
              "decl": "const TopExp_StackNodeOfStackOfIterator *", 
              "type": "TopExp_StackNodeOfStackOfIterator", 
              "name": "anItem"
            }
          ], 
          "name": "Handle_TopExp_StackNodeOfStackOfIterator", 
          "parent": "Handle_TopExp_StackNodeOfStackOfIterator", 
          "cls": "constructor", 
          "throws": true
        }
      ], 
      "artificial": "1", 
      "bases": [
        {
          "access": "public", 
          "name": "Handle_TCollection_MapNode"
        }
      ], 
      "location": [
        "/usr/local/include/oce/Handle_TopExp_StackNodeOfStackOfIterator.hxx", 
        25
      ], 
      "members": [
        {
          "returnType": "Handle_TopExp_StackNodeOfStackOfIterator", 
          "arguments": [
            {
              "decl": "const Handle_Standard_Transient &", 
              "type": "Handle_Standard_Transient", 
              "name": "AnObject"
            }
          ], 
          "name": "DownCast", 
          "parent": "Handle_TopExp_StackNodeOfStackOfIterator", 
          "cls": "memfun", 
          "static": "1", 
          "extern": "1", 
          "throws": true
        }
      ], 
      "cls": "class"
    }, 
    {
      "name": "TopExp_Explorer", 
      "abstract": false, 
      "constructors": [
        {
          "returnType": "", 
          "arguments": [
            {
              "decl": "const TopExp_Explorer &", 
              "type": "TopExp_Explorer", 
              "name": "arg0"
            }
          ], 
          "name": "TopExp_Explorer", 
          "parent": "TopExp_Explorer", 
          "cls": "constructor", 
          "artificial": "1", 
          "throws": true, 
          "copyConstructor": true
        }, 
        {
          "returnType": "", 
          "arguments": [], 
          "name": "TopExp_Explorer", 
          "parent": "TopExp_Explorer", 
          "cls": "constructor", 
          "extern": "1", 
          "throws": true
        }, 
        {
          "returnType": "", 
          "arguments": [
            {
              "decl": "const TopoDS_Shape &", 
              "type": "TopoDS_Shape", 
              "name": "S"
            }, 
            {
              "decl": "const TopAbs_ShapeEnum", 
              "type": "TopAbs_ShapeEnum", 
              "name": "ToFind"
            }, 
            {
              "decl": "const TopAbs_ShapeEnum", 
              "type": "TopAbs_ShapeEnum", 
              "name": "ToAvoid", 
              "default": "::TopAbs_SHAPE"
            }
          ], 
          "name": "TopExp_Explorer", 
          "parent": "TopExp_Explorer", 
          "cls": "constructor", 
          "extern": "1", 
          "throws": true
        }
      ], 
      "artificial": "1", 
      "bases": [], 
      "location": [
        "/usr/local/include/oce/TopExp_Explorer.hxx", 
        100
      ], 
      "members": [
        {
          "returnType": "void", 
          "arguments": [
            {
              "decl": "const TopoDS_Shape &", 
              "type": "TopoDS_Shape", 
              "name": "S"
            }, 
            {
              "decl": "const TopAbs_ShapeEnum", 
              "type": "TopAbs_ShapeEnum", 
              "name": "ToFind"
            }, 
            {
              "decl": "const TopAbs_ShapeEnum", 
              "type": "TopAbs_ShapeEnum", 
              "name": "ToAvoid", 
              "default": "::TopAbs_SHAPE"
            }
          ], 
          "name": "Init", 
          "parent": "TopExp_Explorer", 
          "cls": "memfun", 
          "extern": "1", 
          "throws": true
        }, 
        {
          "returnType": "Standard_Boolean", 
          "arguments": [], 
          "name": "More", 
          "parent": "TopExp_Explorer", 
          "cls": "memfun", 
          "const": "1", 
          "throws": true
        }, 
        {
          "returnType": "void", 
          "arguments": [], 
          "name": "Next", 
          "parent": "TopExp_Explorer", 
          "cls": "memfun", 
          "extern": "1", 
          "throws": true
        }, 
        {
          "returnType": "TopoDS_Shape const &", 
          "arguments": [], 
          "name": "Current", 
          "parent": "TopExp_Explorer", 
          "cls": "memfun", 
          "extern": "1", 
          "const": "1", 
          "throws": true
        }, 
        {
          "returnType": "void", 
          "arguments": [], 
          "name": "ReInit", 
          "parent": "TopExp_Explorer", 
          "cls": "memfun", 
          "extern": "1", 
          "throws": true
        }, 
        {
          "returnType": "Standard_Integer", 
          "arguments": [], 
          "name": "Depth", 
          "parent": "TopExp_Explorer", 
          "cls": "memfun", 
          "const": "1", 
          "throws": true
        }, 
        {
          "returnType": "void", 
          "arguments": [], 
          "name": "Clear", 
          "parent": "TopExp_Explorer", 
          "cls": "memfun", 
          "throws": true
        }, 
        {
          "returnType": "void", 
          "arguments": [], 
          "name": "Destroy", 
          "parent": "TopExp_Explorer", 
          "cls": "memfun", 
          "extern": "1", 
          "throws": true
        }
      ], 
      "cls": "class"
    }, 
    {
      "name": "TopExp_StackOfIterator", 
      "abstract": false, 
      "constructors": [
        {
          "returnType": "", 
          "arguments": [], 
          "name": "TopExp_StackOfIterator", 
          "parent": "TopExp_StackOfIterator", 
          "cls": "constructor", 
          "extern": "1", 
          "throws": true
        }
      ], 
      "artificial": "1", 
      "bases": [], 
      "location": [
        "/usr/local/include/oce/TopExp_StackOfIterator.hxx", 
        38
      ], 
      "members": [
        {
          "returnType": "TopExp_StackOfIterator const &", 
          "arguments": [
            {
              "decl": "const TopExp_StackOfIterator &", 
              "type": "TopExp_StackOfIterator", 
              "name": "Other"
            }
          ], 
          "name": "Assign", 
          "parent": "TopExp_StackOfIterator", 
          "cls": "memfun", 
          "extern": "1", 
          "throws": true
        }, 
        {
          "returnType": "Standard_Boolean", 
          "arguments": [], 
          "name": "IsEmpty", 
          "parent": "TopExp_StackOfIterator", 
          "cls": "memfun", 
          "const": "1", 
          "throws": true
        }, 
        {
          "returnType": "Standard_Integer", 
          "arguments": [], 
          "name": "Depth", 
          "parent": "TopExp_StackOfIterator", 
          "cls": "memfun", 
          "const": "1", 
          "throws": true
        }, 
        {
          "returnType": "TopoDS_Iterator const &", 
          "arguments": [], 
          "name": "Top", 
          "parent": "TopExp_StackOfIterator", 
          "cls": "memfun", 
          "extern": "1", 
          "const": "1", 
          "throws": true
        }, 
        {
          "returnType": "void", 
          "arguments": [
            {
              "decl": "const TopoDS_Iterator &", 
              "type": "TopoDS_Iterator", 
              "name": "I"
            }
          ], 
          "name": "Push", 
          "parent": "TopExp_StackOfIterator", 
          "cls": "memfun", 
          "extern": "1", 
          "throws": true
        }, 
        {
          "returnType": "void", 
          "arguments": [], 
          "name": "Pop", 
          "parent": "TopExp_StackOfIterator", 
          "cls": "memfun", 
          "extern": "1", 
          "throws": true
        }, 
        {
          "returnType": "void", 
          "arguments": [], 
          "name": "Clear", 
          "parent": "TopExp_StackOfIterator", 
          "cls": "memfun", 
          "extern": "1", 
          "throws": true
        }, 
        {
          "returnType": "TopoDS_Iterator &", 
          "arguments": [], 
          "name": "ChangeTop", 
          "parent": "TopExp_StackOfIterator", 
          "cls": "memfun", 
          "extern": "1", 
          "throws": true
        }
      ], 
      "cls": "class"
    }, 
    {
      "name": "TopExp_StackIteratorOfStackOfIterator", 
      "abstract": false, 
      "constructors": [
        {
          "returnType": "", 
          "arguments": [
            {
              "decl": "const TopExp_StackIteratorOfStackOfIterator &", 
              "type": "TopExp_StackIteratorOfStackOfIterator", 
              "name": "arg0"
            }
          ], 
          "name": "TopExp_StackIteratorOfStackOfIterator", 
          "parent": "TopExp_StackIteratorOfStackOfIterator", 
          "cls": "constructor", 
          "artificial": "1", 
          "copyConstructor": true
        }, 
        {
          "returnType": "", 
          "arguments": [], 
          "name": "TopExp_StackIteratorOfStackOfIterator", 
          "parent": "TopExp_StackIteratorOfStackOfIterator", 
          "cls": "constructor", 
          "extern": "1", 
          "throws": true
        }, 
        {
          "returnType": "", 
          "arguments": [
            {
              "decl": "const TopExp_StackOfIterator &", 
              "type": "TopExp_StackOfIterator", 
              "name": "S"
            }
          ], 
          "name": "TopExp_StackIteratorOfStackOfIterator", 
          "parent": "TopExp_StackIteratorOfStackOfIterator", 
          "cls": "constructor", 
          "extern": "1", 
          "throws": true
        }
      ], 
      "artificial": "1", 
      "bases": [], 
      "location": [
        "/usr/local/include/oce/TopExp_StackIteratorOfStackOfIterator.hxx", 
        35
      ], 
      "members": [
        {
          "returnType": "void", 
          "arguments": [
            {
              "decl": "const TopExp_StackOfIterator &", 
              "type": "TopExp_StackOfIterator", 
              "name": "S"
            }
          ], 
          "name": "Initialize", 
          "parent": "TopExp_StackIteratorOfStackOfIterator", 
          "cls": "memfun", 
          "extern": "1", 
          "throws": true
        }, 
        {
          "returnType": "Standard_Boolean", 
          "arguments": [], 
          "name": "More", 
          "parent": "TopExp_StackIteratorOfStackOfIterator", 
          "cls": "memfun", 
          "const": "1", 
          "throws": true
        }, 
        {
          "returnType": "void", 
          "arguments": [], 
          "name": "Next", 
          "parent": "TopExp_StackIteratorOfStackOfIterator", 
          "cls": "memfun", 
          "extern": "1", 
          "throws": true
        }, 
        {
          "returnType": "TopoDS_Iterator const &", 
          "arguments": [], 
          "name": "Value", 
          "parent": "TopExp_StackIteratorOfStackOfIterator", 
          "cls": "memfun", 
          "extern": "1", 
          "const": "1", 
          "throws": true
        }
      ], 
      "cls": "class"
    }
  ], 
  "headers": [
    "TopExp_Stack.hxx", 
    "TopExp_StackIteratorOfStackOfIterator.hxx", 
    "TopExp_StackOfIterator.hxx", 
    "TopExp_StackNodeOfStackOfIterator.hxx", 
    "TopExp_Explorer.hxx"
  ], 
  "enums": [], 
  "typedefs": [
    {
      "type": "TopoDS_Iterator *", 
      "name": "TopExp_Stack", 
      "cls": "typedef"
    }
  ], 
  "name": "TopExp"
}