{
  "classes": [
    {
      "name": "TopLoc_MapOfLocation", 
      "abstract": false, 
      "constructors": [
        {
          "returnType": "", 
          "arguments": [
            {
              "decl": "const Standard_Integer", 
              "type": "Standard_Integer", 
              "name": "NbBuckets", 
              "default": "1"
            }
          ], 
          "name": "TopLoc_MapOfLocation", 
          "parent": "TopLoc_MapOfLocation", 
          "cls": "constructor", 
          "extern": "1", 
          "throws": true
        }
      ], 
      "artificial": "1", 
      "bases": [
        {
          "access": "public", 
          "name": "TCollection_BasicMap"
        }
      ], 
      "location": [
        "/usr/local/include/oce/TopLoc_MapOfLocation.hxx", 
        39
      ], 
      "members": [
        {
          "returnType": "TopLoc_MapOfLocation &", 
          "arguments": [
            {
              "decl": "const TopLoc_MapOfLocation &", 
              "type": "TopLoc_MapOfLocation", 
              "name": "Other"
            }
          ], 
          "name": "Assign", 
          "parent": "TopLoc_MapOfLocation", 
          "cls": "memfun", 
          "extern": "1", 
          "throws": true
        }, 
        {
          "returnType": "void", 
          "arguments": [
            {
              "decl": "const Standard_Integer", 
              "type": "Standard_Integer", 
              "name": "NbBuckets"
            }
          ], 
          "name": "ReSize", 
          "parent": "TopLoc_MapOfLocation", 
          "cls": "memfun", 
          "extern": "1", 
          "throws": true
        }, 
        {
          "returnType": "void", 
          "arguments": [], 
          "name": "Clear", 
          "parent": "TopLoc_MapOfLocation", 
          "cls": "memfun", 
          "extern": "1", 
          "throws": true
        }, 
        {
          "returnType": "Standard_Boolean", 
          "arguments": [
            {
              "decl": "const TopLoc_Location &", 
              "type": "TopLoc_Location", 
              "name": "aKey"
            }
          ], 
          "name": "Add", 
          "parent": "TopLoc_MapOfLocation", 
          "cls": "memfun", 
          "extern": "1", 
          "throws": true
        }, 
        {
          "returnType": "Standard_Boolean", 
          "arguments": [
            {
              "decl": "const TopLoc_Location &", 
              "type": "TopLoc_Location", 
              "name": "aKey"
            }
          ], 
          "name": "Contains", 
          "parent": "TopLoc_MapOfLocation", 
          "cls": "memfun", 
          "extern": "1", 
          "const": "1", 
          "throws": true
        }, 
        {
          "returnType": "Standard_Boolean", 
          "arguments": [
            {
              "decl": "const TopLoc_Location &", 
              "type": "TopLoc_Location", 
              "name": "aKey"
            }
          ], 
          "name": "Remove", 
          "parent": "TopLoc_MapOfLocation", 
          "cls": "memfun", 
          "extern": "1", 
          "throws": true
        }
      ], 
      "cls": "class"
    }, 
    {
      "name": "Handle_TopLoc_SListNodeOfSListOfItemLocation", 
      "abstract": false, 
      "constructors": [
        {
          "returnType": "", 
          "arguments": [], 
          "name": "Handle_TopLoc_SListNodeOfSListOfItemLocation", 
          "parent": "Handle_TopLoc_SListNodeOfSListOfItemLocation", 
          "cls": "constructor", 
          "throws": true
        }, 
        {
          "returnType": "", 
          "arguments": [
            {
              "decl": "const Handle_TopLoc_SListNodeOfSListOfItemLocation &", 
              "type": "Handle_TopLoc_SListNodeOfSListOfItemLocation", 
              "name": "aHandle"
            }
          ], 
          "name": "Handle_TopLoc_SListNodeOfSListOfItemLocation", 
          "parent": "Handle_TopLoc_SListNodeOfSListOfItemLocation", 
          "cls": "constructor", 
          "throws": true, 
          "copyConstructor": true
        }, 
        {
          "returnType": "", 
          "arguments": [
            {
              "decl": "const TopLoc_SListNodeOfSListOfItemLocation *", 
              "type": "TopLoc_SListNodeOfSListOfItemLocation", 
              "name": "anItem"
            }
          ], 
          "name": "Handle_TopLoc_SListNodeOfSListOfItemLocation", 
          "parent": "Handle_TopLoc_SListNodeOfSListOfItemLocation", 
          "cls": "constructor", 
          "throws": true
        }
      ], 
      "artificial": "1", 
      "bases": [
        {
          "access": "public", 
          "name": "Handle_MMgt_TShared"
        }
      ], 
      "location": [
        "/usr/local/include/oce/Handle_TopLoc_SListNodeOfSListOfItemLocation.hxx", 
        25
      ], 
      "members": [
        {
          "returnType": "Handle_TopLoc_SListNodeOfSListOfItemLocation", 
          "arguments": [
            {
              "decl": "const Handle_Standard_Transient &", 
              "type": "Handle_Standard_Transient", 
              "name": "AnObject"
            }
          ], 
          "name": "DownCast", 
          "parent": "Handle_TopLoc_SListNodeOfSListOfItemLocation", 
          "cls": "memfun", 
          "static": "1", 
          "extern": "1", 
          "throws": true
        }
      ], 
      "cls": "class"
    }, 
    {
      "name": "TopLoc_IndexedMapOfLocation", 
      "abstract": false, 
      "constructors": [
        {
          "returnType": "", 
          "arguments": [
            {
              "decl": "const Standard_Integer", 
              "type": "Standard_Integer", 
              "name": "NbBuckets", 
              "default": "1"
            }
          ], 
          "name": "TopLoc_IndexedMapOfLocation", 
          "parent": "TopLoc_IndexedMapOfLocation", 
          "cls": "constructor", 
          "extern": "1", 
          "throws": true
        }
      ], 
      "artificial": "1", 
      "bases": [
        {
          "access": "public", 
          "name": "TCollection_BasicMap"
        }
      ], 
      "location": [
        "/usr/local/include/oce/TopLoc_IndexedMapOfLocation.hxx", 
        39
      ], 
      "members": [
        {
          "returnType": "TopLoc_IndexedMapOfLocation &", 
          "arguments": [
            {
              "decl": "const TopLoc_IndexedMapOfLocation &", 
              "type": "TopLoc_IndexedMapOfLocation", 
              "name": "Other"
            }
          ], 
          "name": "Assign", 
          "parent": "TopLoc_IndexedMapOfLocation", 
          "cls": "memfun", 
          "extern": "1", 
          "throws": true
        }, 
        {
          "returnType": "void", 
          "arguments": [
            {
              "decl": "const Standard_Integer", 
              "type": "Standard_Integer", 
              "name": "NbBuckets"
            }
          ], 
          "name": "ReSize", 
          "parent": "TopLoc_IndexedMapOfLocation", 
          "cls": "memfun", 
          "extern": "1", 
          "throws": true
        }, 
        {
          "returnType": "void", 
          "arguments": [], 
          "name": "Clear", 
          "parent": "TopLoc_IndexedMapOfLocation", 
          "cls": "memfun", 
          "extern": "1", 
          "throws": true
        }, 
        {
          "returnType": "Standard_Integer", 
          "arguments": [
            {
              "decl": "const TopLoc_Location &", 
              "type": "TopLoc_Location", 
              "name": "K"
            }
          ], 
          "name": "Add", 
          "parent": "TopLoc_IndexedMapOfLocation", 
          "cls": "memfun", 
          "extern": "1", 
          "throws": true
        }, 
        {
          "returnType": "void", 
          "arguments": [
            {
              "decl": "const Standard_Integer", 
              "type": "Standard_Integer", 
              "name": "I"
            }, 
            {
              "decl": "const TopLoc_Location &", 
              "type": "TopLoc_Location", 
              "name": "K"
            }
          ], 
          "name": "Substitute", 
          "parent": "TopLoc_IndexedMapOfLocation", 
          "cls": "memfun", 
          "extern": "1", 
          "throws": true
        }, 
        {
          "returnType": "void", 
          "arguments": [], 
          "name": "RemoveLast", 
          "parent": "TopLoc_IndexedMapOfLocation", 
          "cls": "memfun", 
          "extern": "1", 
          "throws": true
        }, 
        {
          "returnType": "Standard_Boolean", 
          "arguments": [
            {
              "decl": "const TopLoc_Location &", 
              "type": "TopLoc_Location", 
              "name": "K"
            }
          ], 
          "name": "Contains", 
          "parent": "TopLoc_IndexedMapOfLocation", 
          "cls": "memfun", 
          "extern": "1", 
          "const": "1", 
          "throws": true
        }, 
        {
          "returnType": "TopLoc_Location const &", 
          "arguments": [
            {
              "decl": "const Standard_Integer", 
              "type": "Standard_Integer", 
              "name": "I"
            }
          ], 
          "name": "FindKey", 
          "parent": "TopLoc_IndexedMapOfLocation", 
          "cls": "memfun", 
          "extern": "1", 
          "const": "1", 
          "throws": true
        }, 
        {
          "returnType": "Standard_Integer", 
          "arguments": [
            {
              "decl": "const TopLoc_Location &", 
              "type": "TopLoc_Location", 
              "name": "K"
            }
          ], 
          "name": "FindIndex", 
          "parent": "TopLoc_IndexedMapOfLocation", 
          "cls": "memfun", 
          "extern": "1", 
          "const": "1", 
          "throws": true
        }
      ], 
      "cls": "class"
    }, 
    {
      "name": "Handle_TopLoc_StdMapNodeOfMapOfLocation", 
      "abstract": false, 
      "constructors": [
        {
          "returnType": "", 
          "arguments": [], 
          "name": "Handle_TopLoc_StdMapNodeOfMapOfLocation", 
          "parent": "Handle_TopLoc_StdMapNodeOfMapOfLocation", 
          "cls": "constructor", 
          "throws": true
        }, 
        {
          "returnType": "", 
          "arguments": [
            {
              "decl": "const Handle_TopLoc_StdMapNodeOfMapOfLocation &", 
              "type": "Handle_TopLoc_StdMapNodeOfMapOfLocation", 
              "name": "aHandle"
            }
          ], 
          "name": "Handle_TopLoc_StdMapNodeOfMapOfLocation", 
          "parent": "Handle_TopLoc_StdMapNodeOfMapOfLocation", 
          "cls": "constructor", 
          "throws": true, 
          "copyConstructor": true
        }, 
        {
          "returnType": "", 
          "arguments": [
            {
              "decl": "const TopLoc_StdMapNodeOfMapOfLocation *", 
              "type": "TopLoc_StdMapNodeOfMapOfLocation", 
              "name": "anItem"
            }
          ], 
          "name": "Handle_TopLoc_StdMapNodeOfMapOfLocation", 
          "parent": "Handle_TopLoc_StdMapNodeOfMapOfLocation", 
          "cls": "constructor", 
          "throws": true
        }
      ], 
      "artificial": "1", 
      "bases": [
        {
          "access": "public", 
          "name": "Handle_TCollection_MapNode"
        }
      ], 
      "location": [
        "/usr/local/include/oce/Handle_TopLoc_StdMapNodeOfMapOfLocation.hxx", 
        25
      ], 
      "members": [
        {
          "returnType": "Handle_TopLoc_StdMapNodeOfMapOfLocation", 
          "arguments": [
            {
              "decl": "const Handle_Standard_Transient &", 
              "type": "Handle_Standard_Transient", 
              "name": "AnObject"
            }
          ], 
          "name": "DownCast", 
          "parent": "Handle_TopLoc_StdMapNodeOfMapOfLocation", 
          "cls": "memfun", 
          "static": "1", 
          "extern": "1", 
          "throws": true
        }
      ], 
      "cls": "class"
    }, 
    {
      "name": "Handle_TopLoc_Datum3D", 
      "abstract": false, 
      "constructors": [
        {
          "returnType": "", 
          "arguments": [], 
          "name": "Handle_TopLoc_Datum3D", 
          "parent": "Handle_TopLoc_Datum3D", 
          "cls": "constructor", 
          "throws": true
        }, 
        {
          "returnType": "", 
          "arguments": [
            {
              "decl": "const Handle_TopLoc_Datum3D &", 
              "type": "Handle_TopLoc_Datum3D", 
              "name": "aHandle"
            }
          ], 
          "name": "Handle_TopLoc_Datum3D", 
          "parent": "Handle_TopLoc_Datum3D", 
          "cls": "constructor", 
          "throws": true, 
          "copyConstructor": true
        }, 
        {
          "returnType": "", 
          "arguments": [
            {
              "decl": "const TopLoc_Datum3D *", 
              "type": "TopLoc_Datum3D", 
              "name": "anItem"
            }
          ], 
          "name": "Handle_TopLoc_Datum3D", 
          "parent": "Handle_TopLoc_Datum3D", 
          "cls": "constructor", 
          "throws": true
        }
      ], 
      "artificial": "1", 
      "bases": [
        {
          "access": "public", 
          "name": "Handle_MMgt_TShared"
        }
      ], 
      "location": [
        "/usr/local/include/oce/Handle_TopLoc_Datum3D.hxx", 
        25
      ], 
      "members": [
        {
          "returnType": "Handle_TopLoc_Datum3D", 
          "arguments": [
            {
              "decl": "const Handle_Standard_Transient &", 
              "type": "Handle_Standard_Transient", 
              "name": "AnObject"
            }
          ], 
          "name": "DownCast", 
          "parent": "Handle_TopLoc_Datum3D", 
          "cls": "memfun", 
          "static": "1", 
          "extern": "1", 
          "throws": true
        }
      ], 
      "cls": "class"
    }, 
    {
      "name": "TopLoc_IndexedMapNodeOfIndexedMapOfLocation", 
      "abstract": false, 
      "constructors": [
        {
          "returnType": "", 
          "arguments": [
            {
              "decl": "const TopLoc_IndexedMapNodeOfIndexedMapOfLocation &", 
              "type": "TopLoc_IndexedMapNodeOfIndexedMapOfLocation", 
              "name": "arg0"
            }
          ], 
          "name": "TopLoc_IndexedMapNodeOfIndexedMapOfLocation", 
          "parent": "TopLoc_IndexedMapNodeOfIndexedMapOfLocation", 
          "cls": "constructor", 
          "artificial": "1", 
          "throws": true, 
          "copyConstructor": true
        }, 
        {
          "returnType": "", 
          "arguments": [
            {
              "decl": "const TopLoc_Location &", 
              "type": "TopLoc_Location", 
              "name": "K1"
            }, 
            {
              "decl": "const Standard_Integer", 
              "type": "Standard_Integer", 
              "name": "K2"
            }, 
            {
              "decl": "const TCollection_MapNodePtr &", 
              "type": "TCollection_MapNodePtr", 
              "name": "n1"
            }, 
            {
              "decl": "const TCollection_MapNodePtr &", 
              "type": "TCollection_MapNodePtr", 
              "name": "n2"
            }
          ], 
          "name": "TopLoc_IndexedMapNodeOfIndexedMapOfLocation", 
          "parent": "TopLoc_IndexedMapNodeOfIndexedMapOfLocation", 
          "cls": "constructor", 
          "throws": true
        }
      ], 
      "artificial": "1", 
      "bases": [
        {
          "access": "public", 
          "name": "TCollection_MapNode"
        }
      ], 
      "location": [
        "/usr/local/include/oce/TopLoc_IndexedMapNodeOfIndexedMapOfLocation.hxx", 
        37
      ], 
      "members": [
        {
          "returnType": "TopLoc_Location &", 
          "arguments": [], 
          "name": "Key1", 
          "parent": "TopLoc_IndexedMapNodeOfIndexedMapOfLocation", 
          "cls": "memfun", 
          "const": "1", 
          "throws": true
        }, 
        {
          "returnType": "Standard_Integer &", 
          "arguments": [], 
          "name": "Key2", 
          "parent": "TopLoc_IndexedMapNodeOfIndexedMapOfLocation", 
          "cls": "memfun", 
          "const": "1", 
          "throws": true
        }, 
        {
          "returnType": "TCollection_MapNodePtr &", 
          "arguments": [], 
          "name": "Next2", 
          "parent": "TopLoc_IndexedMapNodeOfIndexedMapOfLocation", 
          "cls": "memfun", 
          "const": "1", 
          "throws": true
        }, 
        {
          "returnType": "Handle_Standard_Type const &", 
          "arguments": [], 
          "name": "DynamicType", 
          "parent": "TopLoc_IndexedMapNodeOfIndexedMapOfLocation", 
          "cls": "memfun", 
          "extern": "1", 
          "const": "1", 
          "throws": true, 
          "virtuality": "virtual"
        }
      ], 
      "cls": "class"
    }, 
    {
      "name": "TopLoc_Datum3D", 
      "abstract": false, 
      "constructors": [
        {
          "returnType": "", 
          "arguments": [
            {
              "decl": "const TopLoc_Datum3D &", 
              "type": "TopLoc_Datum3D", 
              "name": "arg0"
            }
          ], 
          "name": "TopLoc_Datum3D", 
          "parent": "TopLoc_Datum3D", 
          "cls": "constructor", 
          "artificial": "1", 
          "throws": true, 
          "copyConstructor": true
        }, 
        {
          "returnType": "", 
          "arguments": [], 
          "name": "TopLoc_Datum3D", 
          "parent": "TopLoc_Datum3D", 
          "cls": "constructor", 
          "extern": "1", 
          "throws": true
        }, 
        {
          "returnType": "", 
          "arguments": [
            {
              "decl": "const gp_Trsf &", 
              "type": "gp_Trsf", 
              "name": "T"
            }
          ], 
          "name": "TopLoc_Datum3D", 
          "parent": "TopLoc_Datum3D", 
          "cls": "constructor", 
          "extern": "1", 
          "throws": true
        }
      ], 
      "artificial": "1", 
      "bases": [
        {
          "access": "public", 
          "name": "MMgt_TShared"
        }
      ], 
      "location": [
        "/usr/local/include/oce/TopLoc_Datum3D.hxx", 
        37
      ], 
      "members": [
        {
          "returnType": "gp_Trsf const &", 
          "arguments": [], 
          "name": "Transformation", 
          "parent": "TopLoc_Datum3D", 
          "cls": "memfun", 
          "const": "1", 
          "throws": true
        }, 
        {
          "returnType": "void", 
          "arguments": [
            {
              "decl": "Standard_OStream &", 
              "type": "Standard_OStream", 
              "name": "S"
            }
          ], 
          "name": "ShallowDump", 
          "parent": "TopLoc_Datum3D", 
          "cls": "memfun", 
          "extern": "1", 
          "const": "1", 
          "throws": true, 
          "virtuality": "virtual"
        }, 
        {
          "returnType": "Handle_Standard_Type const &", 
          "arguments": [], 
          "name": "DynamicType", 
          "parent": "TopLoc_Datum3D", 
          "cls": "memfun", 
          "extern": "1", 
          "const": "1", 
          "throws": true, 
          "virtuality": "virtual"
        }
      ], 
      "cls": "class"
    }, 
    {
      "name": "TopLoc_StdMapNodeOfMapOfLocation", 
      "abstract": false, 
      "constructors": [
        {
          "returnType": "", 
          "arguments": [
            {
              "decl": "const TopLoc_StdMapNodeOfMapOfLocation &", 
              "type": "TopLoc_StdMapNodeOfMapOfLocation", 
              "name": "arg0"
            }
          ], 
          "name": "TopLoc_StdMapNodeOfMapOfLocation", 
          "parent": "TopLoc_StdMapNodeOfMapOfLocation", 
          "cls": "constructor", 
          "artificial": "1", 
          "throws": true, 
          "copyConstructor": true
        }, 
        {
          "returnType": "", 
          "arguments": [
            {
              "decl": "const TopLoc_Location &", 
              "type": "TopLoc_Location", 
              "name": "K"
            }, 
            {
              "decl": "const TCollection_MapNodePtr &", 
              "type": "TCollection_MapNodePtr", 
              "name": "n"
            }
          ], 
          "name": "TopLoc_StdMapNodeOfMapOfLocation", 
          "parent": "TopLoc_StdMapNodeOfMapOfLocation", 
          "cls": "constructor", 
          "throws": true
        }
      ], 
      "artificial": "1", 
      "bases": [
        {
          "access": "public", 
          "name": "TCollection_MapNode"
        }
      ], 
      "location": [
        "/usr/local/include/oce/TopLoc_StdMapNodeOfMapOfLocation.hxx", 
        35
      ], 
      "members": [
        {
          "returnType": "TopLoc_Location &", 
          "arguments": [], 
          "name": "Key", 
          "parent": "TopLoc_StdMapNodeOfMapOfLocation", 
          "cls": "memfun", 
          "const": "1", 
          "throws": true
        }, 
        {
          "returnType": "Handle_Standard_Type const &", 
          "arguments": [], 
          "name": "DynamicType", 
          "parent": "TopLoc_StdMapNodeOfMapOfLocation", 
          "cls": "memfun", 
          "extern": "1", 
          "const": "1", 
          "throws": true, 
          "virtuality": "virtual"
        }
      ], 
      "cls": "class"
    }, 
    {
      "name": "Handle_TopLoc_IndexedMapNodeOfIndexedMapOfLocation", 
      "abstract": false, 
      "constructors": [
        {
          "returnType": "", 
          "arguments": [], 
          "name": "Handle_TopLoc_IndexedMapNodeOfIndexedMapOfLocation", 
          "parent": "Handle_TopLoc_IndexedMapNodeOfIndexedMapOfLocation", 
          "cls": "constructor", 
          "throws": true
        }, 
        {
          "returnType": "", 
          "arguments": [
            {
              "decl": "const Handle_TopLoc_IndexedMapNodeOfIndexedMapOfLocation &", 
              "type": "Handle_TopLoc_IndexedMapNodeOfIndexedMapOfLocation", 
              "name": "aHandle"
            }
          ], 
          "name": "Handle_TopLoc_IndexedMapNodeOfIndexedMapOfLocation", 
          "parent": "Handle_TopLoc_IndexedMapNodeOfIndexedMapOfLocation", 
          "cls": "constructor", 
          "throws": true, 
          "copyConstructor": true
        }, 
        {
          "returnType": "", 
          "arguments": [
            {
              "decl": "const TopLoc_IndexedMapNodeOfIndexedMapOfLocation *", 
              "type": "TopLoc_IndexedMapNodeOfIndexedMapOfLocation", 
              "name": "anItem"
            }
          ], 
          "name": "Handle_TopLoc_IndexedMapNodeOfIndexedMapOfLocation", 
          "parent": "Handle_TopLoc_IndexedMapNodeOfIndexedMapOfLocation", 
          "cls": "constructor", 
          "throws": true
        }
      ], 
      "artificial": "1", 
      "bases": [
        {
          "access": "public", 
          "name": "Handle_TCollection_MapNode"
        }
      ], 
      "location": [
        "/usr/local/include/oce/Handle_TopLoc_IndexedMapNodeOfIndexedMapOfLocation.hxx", 
        25
      ], 
      "members": [
        {
          "returnType": "Handle_TopLoc_IndexedMapNodeOfIndexedMapOfLocation", 
          "arguments": [
            {
              "decl": "const Handle_Standard_Transient &", 
              "type": "Handle_Standard_Transient", 
              "name": "AnObject"
            }
          ], 
          "name": "DownCast", 
          "parent": "Handle_TopLoc_IndexedMapNodeOfIndexedMapOfLocation", 
          "cls": "memfun", 
          "static": "1", 
          "extern": "1", 
          "throws": true
        }
      ], 
      "cls": "class"
    }, 
    {
      "name": "TopLoc_Location", 
      "abstract": false, 
      "constructors": [
        {
          "returnType": "", 
          "arguments": [
            {
              "decl": "const TopLoc_Location &", 
              "type": "TopLoc_Location", 
              "name": "arg0"
            }
          ], 
          "name": "TopLoc_Location", 
          "parent": "TopLoc_Location", 
          "cls": "constructor", 
          "artificial": "1", 
          "throws": true, 
          "copyConstructor": true
        }, 
        {
          "returnType": "", 
          "arguments": [], 
          "name": "TopLoc_Location", 
          "parent": "TopLoc_Location", 
          "cls": "constructor", 
          "extern": "1", 
          "throws": true
        }, 
        {
          "returnType": "", 
          "arguments": [
            {
              "decl": "const gp_Trsf &", 
              "type": "gp_Trsf", 
              "name": "T"
            }
          ], 
          "name": "TopLoc_Location", 
          "parent": "TopLoc_Location", 
          "cls": "constructor", 
          "extern": "1", 
          "throws": true
        }, 
        {
          "returnType": "", 
          "arguments": [
            {
              "decl": "const Handle_TopLoc_Datum3D &", 
              "type": "Handle_TopLoc_Datum3D", 
              "name": "D"
            }
          ], 
          "name": "TopLoc_Location", 
          "parent": "TopLoc_Location", 
          "cls": "constructor", 
          "extern": "1", 
          "throws": true
        }
      ], 
      "artificial": "1", 
      "bases": [], 
      "location": [
        "/usr/local/include/oce/TopLoc_Location.hxx", 
        44
      ], 
      "members": [
        {
          "returnType": "Standard_Boolean", 
          "arguments": [], 
          "name": "IsIdentity", 
          "parent": "TopLoc_Location", 
          "cls": "memfun", 
          "const": "1", 
          "throws": true
        }, 
        {
          "returnType": "void", 
          "arguments": [], 
          "name": "Identity", 
          "parent": "TopLoc_Location", 
          "cls": "memfun", 
          "throws": true
        }, 
        {
          "returnType": "Handle_TopLoc_Datum3D const &", 
          "arguments": [], 
          "name": "FirstDatum", 
          "parent": "TopLoc_Location", 
          "cls": "memfun", 
          "const": "1", 
          "throws": true
        }, 
        {
          "returnType": "Standard_Integer", 
          "arguments": [], 
          "name": "FirstPower", 
          "parent": "TopLoc_Location", 
          "cls": "memfun", 
          "const": "1", 
          "throws": true
        }, 
        {
          "returnType": "TopLoc_Location const &", 
          "arguments": [], 
          "name": "NextLocation", 
          "parent": "TopLoc_Location", 
          "cls": "memfun", 
          "const": "1", 
          "throws": true
        }, 
        {
          "returnType": "gp_Trsf const &", 
          "arguments": [], 
          "name": "Transformation", 
          "parent": "TopLoc_Location", 
          "cls": "memfun", 
          "extern": "1", 
          "const": "1", 
          "throws": true
        }, 
        {
          "returnType": "TopLoc_Location", 
          "arguments": [], 
          "name": "Inverted", 
          "parent": "TopLoc_Location", 
          "cls": "memfun", 
          "extern": "1", 
          "const": "1", 
          "throws": true
        }, 
        {
          "returnType": "TopLoc_Location", 
          "arguments": [
            {
              "decl": "const TopLoc_Location &", 
              "type": "TopLoc_Location", 
              "name": "Other"
            }
          ], 
          "name": "Multiplied", 
          "parent": "TopLoc_Location", 
          "cls": "memfun", 
          "extern": "1", 
          "const": "1", 
          "throws": true
        }, 
        {
          "returnType": "TopLoc_Location", 
          "arguments": [
            {
              "decl": "const TopLoc_Location &", 
              "type": "TopLoc_Location", 
              "name": "Other"
            }
          ], 
          "name": "Divided", 
          "parent": "TopLoc_Location", 
          "cls": "memfun", 
          "extern": "1", 
          "const": "1", 
          "throws": true
        }, 
        {
          "returnType": "TopLoc_Location", 
          "arguments": [
            {
              "decl": "const TopLoc_Location &", 
              "type": "TopLoc_Location", 
              "name": "Other"
            }
          ], 
          "name": "Predivided", 
          "parent": "TopLoc_Location", 
          "cls": "memfun", 
          "extern": "1", 
          "const": "1", 
          "throws": true
        }, 
        {
          "returnType": "TopLoc_Location", 
          "arguments": [
            {
              "decl": "const Standard_Integer", 
              "type": "Standard_Integer", 
              "name": "pwr"
            }
          ], 
          "name": "Powered", 
          "parent": "TopLoc_Location", 
          "cls": "memfun", 
          "extern": "1", 
          "const": "1", 
          "throws": true
        }, 
        {
          "returnType": "Standard_Integer", 
          "arguments": [
            {
              "decl": "const Standard_Integer", 
              "type": "Standard_Integer", 
              "name": "Upper"
            }
          ], 
          "name": "HashCode", 
          "parent": "TopLoc_Location", 
          "cls": "memfun", 
          "extern": "1", 
          "const": "1", 
          "throws": true
        }, 
        {
          "returnType": "Standard_Boolean", 
          "arguments": [
            {
              "decl": "const TopLoc_Location &", 
              "type": "TopLoc_Location", 
              "name": "Other"
            }
          ], 
          "name": "IsEqual", 
          "parent": "TopLoc_Location", 
          "cls": "memfun", 
          "extern": "1", 
          "const": "1", 
          "throws": true
        }, 
        {
          "returnType": "Standard_Boolean", 
          "arguments": [
            {
              "decl": "const TopLoc_Location &", 
              "type": "TopLoc_Location", 
              "name": "Other"
            }
          ], 
          "name": "IsDifferent", 
          "parent": "TopLoc_Location", 
          "cls": "memfun", 
          "extern": "1", 
          "const": "1", 
          "throws": true
        }, 
        {
          "returnType": "void", 
          "arguments": [
            {
              "decl": "Standard_OStream &", 
              "type": "Standard_OStream", 
              "name": "S"
            }
          ], 
          "name": "ShallowDump", 
          "parent": "TopLoc_Location", 
          "cls": "memfun", 
          "extern": "1", 
          "const": "1", 
          "throws": true
        }
      ], 
      "cls": "class"
    }, 
    {
      "name": "TopLoc_MapIteratorOfMapOfLocation", 
      "abstract": false, 
      "constructors": [
        {
          "returnType": "", 
          "arguments": [
            {
              "decl": "const TopLoc_MapIteratorOfMapOfLocation &", 
              "type": "TopLoc_MapIteratorOfMapOfLocation", 
              "name": "arg0"
            }
          ], 
          "name": "TopLoc_MapIteratorOfMapOfLocation", 
          "parent": "TopLoc_MapIteratorOfMapOfLocation", 
          "cls": "constructor", 
          "artificial": "1", 
          "copyConstructor": true
        }, 
        {
          "returnType": "", 
          "arguments": [], 
          "name": "TopLoc_MapIteratorOfMapOfLocation", 
          "parent": "TopLoc_MapIteratorOfMapOfLocation", 
          "cls": "constructor", 
          "extern": "1", 
          "throws": true
        }, 
        {
          "returnType": "", 
          "arguments": [
            {
              "decl": "const TopLoc_MapOfLocation &", 
              "type": "TopLoc_MapOfLocation", 
              "name": "aMap"
            }
          ], 
          "name": "TopLoc_MapIteratorOfMapOfLocation", 
          "parent": "TopLoc_MapIteratorOfMapOfLocation", 
          "cls": "constructor", 
          "extern": "1", 
          "throws": true
        }
      ], 
      "artificial": "1", 
      "bases": [
        {
          "access": "public", 
          "name": "TCollection_BasicMapIterator"
        }
      ], 
      "location": [
        "/usr/local/include/oce/TopLoc_MapIteratorOfMapOfLocation.hxx", 
        33
      ], 
      "members": [
        {
          "returnType": "void", 
          "arguments": [
            {
              "decl": "const TopLoc_MapOfLocation &", 
              "type": "TopLoc_MapOfLocation", 
              "name": "aMap"
            }
          ], 
          "name": "Initialize", 
          "parent": "TopLoc_MapIteratorOfMapOfLocation", 
          "cls": "memfun", 
          "extern": "1", 
          "throws": true
        }, 
        {
          "returnType": "TopLoc_Location const &", 
          "arguments": [], 
          "name": "Key", 
          "parent": "TopLoc_MapIteratorOfMapOfLocation", 
          "cls": "memfun", 
          "extern": "1", 
          "const": "1", 
          "throws": true
        }
      ], 
      "cls": "class"
    }, 
    {
      "name": "TopLoc_SListOfItemLocation", 
      "abstract": false, 
      "constructors": [
        {
          "returnType": "", 
          "arguments": [], 
          "name": "TopLoc_SListOfItemLocation", 
          "parent": "TopLoc_SListOfItemLocation", 
          "cls": "constructor", 
          "extern": "1", 
          "throws": true
        }, 
        {
          "returnType": "", 
          "arguments": [
            {
              "decl": "const TopLoc_ItemLocation &", 
              "type": "TopLoc_ItemLocation", 
              "name": "anItem"
            }, 
            {
              "decl": "const TopLoc_SListOfItemLocation &", 
              "type": "TopLoc_SListOfItemLocation", 
              "name": "aTail"
            }
          ], 
          "name": "TopLoc_SListOfItemLocation", 
          "parent": "TopLoc_SListOfItemLocation", 
          "cls": "constructor", 
          "extern": "1", 
          "throws": true
        }, 
        {
          "returnType": "", 
          "arguments": [
            {
              "decl": "const TopLoc_SListOfItemLocation &", 
              "type": "TopLoc_SListOfItemLocation", 
              "name": "Other"
            }
          ], 
          "name": "TopLoc_SListOfItemLocation", 
          "parent": "TopLoc_SListOfItemLocation", 
          "cls": "constructor", 
          "extern": "1", 
          "throws": true, 
          "copyConstructor": true
        }
      ], 
      "artificial": "1", 
      "bases": [], 
      "location": [
        "/usr/local/include/oce/TopLoc_SListOfItemLocation.hxx", 
        31
      ], 
      "members": [
        {
          "returnType": "TopLoc_SListOfItemLocation &", 
          "arguments": [
            {
              "decl": "const TopLoc_SListOfItemLocation &", 
              "type": "TopLoc_SListOfItemLocation", 
              "name": "Other"
            }
          ], 
          "name": "Assign", 
          "parent": "TopLoc_SListOfItemLocation", 
          "cls": "memfun", 
          "extern": "1", 
          "throws": true
        }, 
        {
          "returnType": "Standard_Boolean", 
          "arguments": [], 
          "name": "IsEmpty", 
          "parent": "TopLoc_SListOfItemLocation", 
          "cls": "memfun", 
          "const": "1", 
          "throws": true
        }, 
        {
          "returnType": "void", 
          "arguments": [], 
          "name": "Clear", 
          "parent": "TopLoc_SListOfItemLocation", 
          "cls": "memfun", 
          "extern": "1", 
          "throws": true
        }, 
        {
          "returnType": "TopLoc_ItemLocation const &", 
          "arguments": [], 
          "name": "Value", 
          "parent": "TopLoc_SListOfItemLocation", 
          "cls": "memfun", 
          "extern": "1", 
          "const": "1", 
          "throws": true
        }, 
        {
          "returnType": "TopLoc_ItemLocation &", 
          "arguments": [], 
          "name": "ChangeValue", 
          "parent": "TopLoc_SListOfItemLocation", 
          "cls": "memfun", 
          "extern": "1", 
          "throws": true
        }, 
        {
          "returnType": "void", 
          "arguments": [
            {
              "decl": "const TopLoc_ItemLocation &", 
              "type": "TopLoc_ItemLocation", 
              "name": "anItem"
            }
          ], 
          "name": "SetValue", 
          "parent": "TopLoc_SListOfItemLocation", 
          "cls": "memfun", 
          "extern": "1", 
          "throws": true
        }, 
        {
          "returnType": "TopLoc_SListOfItemLocation const &", 
          "arguments": [], 
          "name": "Tail", 
          "parent": "TopLoc_SListOfItemLocation", 
          "cls": "memfun", 
          "extern": "1", 
          "const": "1", 
          "throws": true
        }, 
        {
          "returnType": "TopLoc_SListOfItemLocation &", 
          "arguments": [], 
          "name": "ChangeTail", 
          "parent": "TopLoc_SListOfItemLocation", 
          "cls": "memfun", 
          "extern": "1", 
          "throws": true
        }, 
        {
          "returnType": "void", 
          "arguments": [
            {
              "decl": "const TopLoc_SListOfItemLocation &", 
              "type": "TopLoc_SListOfItemLocation", 
              "name": "aList"
            }
          ], 
          "name": "SetTail", 
          "parent": "TopLoc_SListOfItemLocation", 
          "cls": "memfun", 
          "extern": "1", 
          "throws": true
        }, 
        {
          "returnType": "void", 
          "arguments": [
            {
              "decl": "const TopLoc_ItemLocation &", 
              "type": "TopLoc_ItemLocation", 
              "name": "anItem"
            }
          ], 
          "name": "Construct", 
          "parent": "TopLoc_SListOfItemLocation", 
          "cls": "memfun", 
          "throws": true
        }, 
        {
          "returnType": "TopLoc_SListOfItemLocation", 
          "arguments": [
            {
              "decl": "const TopLoc_ItemLocation &", 
              "type": "TopLoc_ItemLocation", 
              "name": "anItem"
            }
          ], 
          "name": "Constructed", 
          "parent": "TopLoc_SListOfItemLocation", 
          "cls": "memfun", 
          "const": "1", 
          "throws": true
        }, 
        {
          "returnType": "void", 
          "arguments": [], 
          "name": "ToTail", 
          "parent": "TopLoc_SListOfItemLocation", 
          "cls": "memfun", 
          "throws": true
        }, 
        {
          "returnType": "void", 
          "arguments": [
            {
              "decl": "const TopLoc_SListOfItemLocation &", 
              "type": "TopLoc_SListOfItemLocation", 
              "name": "aList"
            }
          ], 
          "name": "Initialize", 
          "parent": "TopLoc_SListOfItemLocation", 
          "cls": "memfun", 
          "throws": true
        }, 
        {
          "returnType": "Standard_Boolean", 
          "arguments": [], 
          "name": "More", 
          "parent": "TopLoc_SListOfItemLocation", 
          "cls": "memfun", 
          "const": "1", 
          "throws": true
        }, 
        {
          "returnType": "void", 
          "arguments": [], 
          "name": "Next", 
          "parent": "TopLoc_SListOfItemLocation", 
          "cls": "memfun", 
          "throws": true
        }
      ], 
      "cls": "class"
    }, 
    {
      "name": "TopLoc_MapLocationHasher", 
      "abstract": false, 
      "constructors": [
        {
          "returnType": "", 
          "arguments": [
            {
              "decl": "const TopLoc_MapLocationHasher &", 
              "type": "TopLoc_MapLocationHasher", 
              "name": "arg0"
            }
          ], 
          "name": "TopLoc_MapLocationHasher", 
          "parent": "TopLoc_MapLocationHasher", 
          "cls": "constructor", 
          "artificial": "1", 
          "copyConstructor": true
        }, 
        {
          "returnType": "", 
          "arguments": [], 
          "name": "TopLoc_MapLocationHasher", 
          "parent": "TopLoc_MapLocationHasher", 
          "cls": "constructor", 
          "artificial": "1"
        }
      ], 
      "artificial": "1", 
      "bases": [], 
      "location": [
        "/usr/local/include/oce/TopLoc_MapLocationHasher.hxx", 
        29
      ], 
      "members": [
        {
          "returnType": "Standard_Integer", 
          "arguments": [
            {
              "decl": "const TopLoc_Location &", 
              "type": "TopLoc_Location", 
              "name": "K"
            }, 
            {
              "decl": "const Standard_Integer", 
              "type": "Standard_Integer", 
              "name": "Upper"
            }
          ], 
          "name": "HashCode", 
          "parent": "TopLoc_MapLocationHasher", 
          "cls": "memfun", 
          "static": "1", 
          "extern": "1", 
          "throws": true
        }, 
        {
          "returnType": "Standard_Boolean", 
          "arguments": [
            {
              "decl": "const TopLoc_Location &", 
              "type": "TopLoc_Location", 
              "name": "K1"
            }, 
            {
              "decl": "const TopLoc_Location &", 
              "type": "TopLoc_Location", 
              "name": "K2"
            }
          ], 
          "name": "IsEqual", 
          "parent": "TopLoc_MapLocationHasher", 
          "cls": "memfun", 
          "static": "1", 
          "extern": "1", 
          "throws": true
        }
      ], 
      "cls": "class"
    }, 
    {
      "name": "TopLoc_SListNodeOfSListOfItemLocation", 
      "abstract": false, 
      "constructors": [
        {
          "returnType": "", 
          "arguments": [
            {
              "decl": "const TopLoc_SListNodeOfSListOfItemLocation &", 
              "type": "TopLoc_SListNodeOfSListOfItemLocation", 
              "name": "arg0"
            }
          ], 
          "name": "TopLoc_SListNodeOfSListOfItemLocation", 
          "parent": "TopLoc_SListNodeOfSListOfItemLocation", 
          "cls": "constructor", 
          "artificial": "1", 
          "throws": true, 
          "copyConstructor": true
        }, 
        {
          "returnType": "", 
          "arguments": [
            {
              "decl": "const TopLoc_ItemLocation &", 
              "type": "TopLoc_ItemLocation", 
              "name": "I"
            }, 
            {
              "decl": "const TopLoc_SListOfItemLocation &", 
              "type": "TopLoc_SListOfItemLocation", 
              "name": "T"
            }
          ], 
          "name": "TopLoc_SListNodeOfSListOfItemLocation", 
          "parent": "TopLoc_SListNodeOfSListOfItemLocation", 
          "cls": "constructor", 
          "throws": true
        }
      ], 
      "artificial": "1", 
      "bases": [
        {
          "access": "public", 
          "name": "MMgt_TShared"
        }
      ], 
      "location": [
        "/usr/local/include/oce/TopLoc_SListNodeOfSListOfItemLocation.hxx", 
        36
      ], 
      "members": [
        {
          "returnType": "Standard_Integer &", 
          "arguments": [], 
          "name": "Count", 
          "parent": "TopLoc_SListNodeOfSListOfItemLocation", 
          "cls": "memfun", 
          "extern": "1", 
          "const": "1", 
          "throws": true
        }, 
        {
          "returnType": "TopLoc_SListOfItemLocation &", 
          "arguments": [], 
          "name": "Tail", 
          "parent": "TopLoc_SListNodeOfSListOfItemLocation", 
          "cls": "memfun", 
          "const": "1", 
          "throws": true
        }, 
        {
          "returnType": "TopLoc_ItemLocation &", 
          "arguments": [], 
          "name": "Value", 
          "parent": "TopLoc_SListNodeOfSListOfItemLocation", 
          "cls": "memfun", 
          "const": "1", 
          "throws": true
        }, 
        {
          "returnType": "Handle_Standard_Type const &", 
          "arguments": [], 
          "name": "DynamicType", 
          "parent": "TopLoc_SListNodeOfSListOfItemLocation", 
          "cls": "memfun", 
          "extern": "1", 
          "const": "1", 
          "throws": true, 
          "virtuality": "virtual"
        }
      ], 
      "cls": "class"
    }, 
    {
      "name": "TopLoc_ItemLocation", 
      "abstract": false, 
      "constructors": [
        {
          "returnType": "", 
          "arguments": [
            {
              "decl": "const Handle_TopLoc_Datum3D &", 
              "type": "Handle_TopLoc_Datum3D", 
              "name": "D"
            }, 
            {
              "decl": "const Standard_Integer", 
              "type": "Standard_Integer", 
              "name": "P"
            }, 
            {
              "decl": "const Standard_Boolean", 
              "type": "Standard_Boolean", 
              "name": "fromTrsf", 
              "default": "false"
            }
          ], 
          "name": "TopLoc_ItemLocation", 
          "parent": "TopLoc_ItemLocation", 
          "cls": "constructor", 
          "extern": "1", 
          "throws": true
        }, 
        {
          "returnType": "", 
          "arguments": [
            {
              "decl": "const TopLoc_ItemLocation &", 
              "type": "TopLoc_ItemLocation", 
              "name": "anOther"
            }
          ], 
          "name": "TopLoc_ItemLocation", 
          "parent": "TopLoc_ItemLocation", 
          "cls": "constructor", 
          "extern": "1", 
          "throws": true, 
          "copyConstructor": true
        }
      ], 
      "artificial": "1", 
      "bases": [], 
      "location": [
        "/usr/local/include/oce/TopLoc_ItemLocation.hxx", 
        46
      ], 
      "members": [
        {
          "returnType": "TopLoc_ItemLocation &", 
          "arguments": [
            {
              "decl": "const TopLoc_ItemLocation &", 
              "type": "TopLoc_ItemLocation", 
              "name": "anOther"
            }
          ], 
          "name": "Assign", 
          "parent": "TopLoc_ItemLocation", 
          "cls": "memfun", 
          "extern": "1", 
          "throws": true
        }, 
        {
          "returnType": "void", 
          "arguments": [], 
          "name": "Destroy", 
          "parent": "TopLoc_ItemLocation", 
          "cls": "memfun", 
          "extern": "1", 
          "throws": true
        }
      ], 
      "cls": "class"
    }
  ], 
  "headers": [
    "TopLoc_MapOfLocation.hxx", 
    "TopLoc_SListOfItemLocation.hxx", 
    "TopLoc_MapLocationHasher.hxx", 
    "TopLoc_MapIteratorOfMapOfLocation.hxx", 
    "TopLoc_ItemLocation.hxx", 
    "TopLoc_IndexedMapOfLocation.hxx", 
    "TopLoc_TrsfPtr.hxx", 
    "TopLoc_IndexedMapNodeOfIndexedMapOfLocation.hxx", 
    "TopLoc_Location.hxx", 
    "TopLoc_Datum3D.hxx", 
    "TopLoc_StdMapNodeOfMapOfLocation.hxx", 
    "TopLoc_SListNodeOfSListOfItemLocation.hxx"
  ], 
  "enums": [], 
  "typedefs": [
    {
      "type": "gp_Trsf *", 
      "name": "TopLoc_TrsfPtr", 
      "cls": "typedef"
    }
  ], 
  "name": "TopLoc"
}