{
  "classes": [
    {
      "name": "TopTrans_Array2OfOrientation", 
      "abstract": false, 
      "constructors": [
        {
          "returnType": "", 
          "arguments": [
            {
              "decl": "const Standard_Integer", 
              "type": "Standard_Integer", 
              "name": "R1"
            }, 
            {
              "decl": "const Standard_Integer", 
              "type": "Standard_Integer", 
              "name": "R2"
            }, 
            {
              "decl": "const Standard_Integer", 
              "type": "Standard_Integer", 
              "name": "C1"
            }, 
            {
              "decl": "const Standard_Integer", 
              "type": "Standard_Integer", 
              "name": "C2"
            }
          ], 
          "name": "TopTrans_Array2OfOrientation", 
          "parent": "TopTrans_Array2OfOrientation", 
          "cls": "constructor", 
          "extern": "1", 
          "throws": true
        }, 
        {
          "returnType": "", 
          "arguments": [
            {
              "decl": "const TopAbs_Orientation &", 
              "type": "TopAbs_Orientation", 
              "name": "Item"
            }, 
            {
              "decl": "const Standard_Integer", 
              "type": "Standard_Integer", 
              "name": "R1"
            }, 
            {
              "decl": "const Standard_Integer", 
              "type": "Standard_Integer", 
              "name": "R2"
            }, 
            {
              "decl": "const Standard_Integer", 
              "type": "Standard_Integer", 
              "name": "C1"
            }, 
            {
              "decl": "const Standard_Integer", 
              "type": "Standard_Integer", 
              "name": "C2"
            }
          ], 
          "name": "TopTrans_Array2OfOrientation", 
          "parent": "TopTrans_Array2OfOrientation", 
          "cls": "constructor", 
          "extern": "1", 
          "throws": true
        }
      ], 
      "artificial": "1", 
      "bases": [], 
      "location": [
        "/usr/local/include/oce/TopTrans_Array2OfOrientation.hxx", 
        38
      ], 
      "members": [
        {
          "returnType": "void", 
          "arguments": [
            {
              "decl": "const TopAbs_Orientation &", 
              "type": "TopAbs_Orientation", 
              "name": "V"
            }
          ], 
          "name": "Init", 
          "parent": "TopTrans_Array2OfOrientation", 
          "cls": "memfun", 
          "extern": "1", 
          "throws": true
        }, 
        {
          "returnType": "void", 
          "arguments": [], 
          "name": "Destroy", 
          "parent": "TopTrans_Array2OfOrientation", 
          "cls": "memfun", 
          "extern": "1", 
          "throws": true
        }, 
        {
          "returnType": "TopTrans_Array2OfOrientation const &", 
          "arguments": [
            {
              "decl": "const TopTrans_Array2OfOrientation &", 
              "type": "TopTrans_Array2OfOrientation", 
              "name": "Other"
            }
          ], 
          "name": "Assign", 
          "parent": "TopTrans_Array2OfOrientation", 
          "cls": "memfun", 
          "extern": "1", 
          "throws": true
        }, 
        {
          "returnType": "Standard_Integer", 
          "arguments": [], 
          "name": "ColLength", 
          "parent": "TopTrans_Array2OfOrientation", 
          "cls": "memfun", 
          "const": "1", 
          "throws": true
        }, 
        {
          "returnType": "Standard_Integer", 
          "arguments": [], 
          "name": "RowLength", 
          "parent": "TopTrans_Array2OfOrientation", 
          "cls": "memfun", 
          "const": "1", 
          "throws": true
        }, 
        {
          "returnType": "Standard_Integer", 
          "arguments": [], 
          "name": "LowerCol", 
          "parent": "TopTrans_Array2OfOrientation", 
          "cls": "memfun", 
          "const": "1", 
          "throws": true
        }, 
        {
          "returnType": "Standard_Integer", 
          "arguments": [], 
          "name": "LowerRow", 
          "parent": "TopTrans_Array2OfOrientation", 
          "cls": "memfun", 
          "const": "1", 
          "throws": true
        }, 
        {
          "returnType": "Standard_Integer", 
          "arguments": [], 
          "name": "UpperCol", 
          "parent": "TopTrans_Array2OfOrientation", 
          "cls": "memfun", 
          "const": "1", 
          "throws": true
        }, 
        {
          "returnType": "Standard_Integer", 
          "arguments": [], 
          "name": "UpperRow", 
          "parent": "TopTrans_Array2OfOrientation", 
          "cls": "memfun", 
          "const": "1", 
          "throws": true
        }, 
        {
          "returnType": "void", 
          "arguments": [
            {
              "decl": "const Standard_Integer", 
              "type": "Standard_Integer", 
              "name": "Row"
            }, 
            {
              "decl": "const Standard_Integer", 
              "type": "Standard_Integer", 
              "name": "Col"
            }, 
            {
              "decl": "const TopAbs_Orientation &", 
              "type": "TopAbs_Orientation", 
              "name": "Value"
            }
          ], 
          "name": "SetValue", 
          "parent": "TopTrans_Array2OfOrientation", 
          "cls": "memfun", 
          "throws": true
        }, 
        {
          "returnType": "TopAbs_Orientation const &", 
          "arguments": [
            {
              "decl": "const Standard_Integer", 
              "type": "Standard_Integer", 
              "name": "Row"
            }, 
            {
              "decl": "const Standard_Integer", 
              "type": "Standard_Integer", 
              "name": "Col"
            }
          ], 
          "name": "Value", 
          "parent": "TopTrans_Array2OfOrientation", 
          "cls": "memfun", 
          "const": "1", 
          "throws": true
        }, 
        {
          "returnType": "TopAbs_Orientation &", 
          "arguments": [
            {
              "decl": "const Standard_Integer", 
              "type": "Standard_Integer", 
              "name": "Row"
            }, 
            {
              "decl": "const Standard_Integer", 
              "type": "Standard_Integer", 
              "name": "Col"
            }
          ], 
          "name": "ChangeValue", 
          "parent": "TopTrans_Array2OfOrientation", 
          "cls": "memfun", 
          "throws": true
        }
      ], 
      "cls": "class"
    }, 
    {
      "name": "TopTrans_CurveTransition", 
      "abstract": false, 
      "constructors": [
        {
          "returnType": "", 
          "arguments": [
            {
              "decl": "const TopTrans_CurveTransition &", 
              "type": "TopTrans_CurveTransition", 
              "name": "arg0"
            }
          ], 
          "name": "TopTrans_CurveTransition", 
          "parent": "TopTrans_CurveTransition", 
          "cls": "constructor", 
          "artificial": "1", 
          "copyConstructor": true
        }, 
        {
          "returnType": "", 
          "arguments": [], 
          "name": "TopTrans_CurveTransition", 
          "parent": "TopTrans_CurveTransition", 
          "cls": "constructor", 
          "extern": "1", 
          "throws": true
        }
      ], 
      "artificial": "1", 
      "bases": [], 
      "location": [
        "/usr/local/include/oce/TopTrans_CurveTransition.hxx", 
        59
      ], 
      "members": [
        {
          "returnType": "void", 
          "arguments": [
            {
              "decl": "const gp_Dir &", 
              "type": "gp_Dir", 
              "name": "Tgt"
            }, 
            {
              "decl": "const gp_Dir &", 
              "type": "gp_Dir", 
              "name": "Norm"
            }, 
            {
              "decl": "const Standard_Real", 
              "type": "Standard_Real", 
              "name": "Curv"
            }
          ], 
          "name": "Reset", 
          "parent": "TopTrans_CurveTransition", 
          "cls": "memfun", 
          "extern": "1", 
          "throws": true
        }, 
        {
          "returnType": "void", 
          "arguments": [
            {
              "decl": "const gp_Dir &", 
              "type": "gp_Dir", 
              "name": "Tgt"
            }
          ], 
          "name": "Reset", 
          "parent": "TopTrans_CurveTransition", 
          "cls": "memfun", 
          "extern": "1", 
          "throws": true
        }, 
        {
          "returnType": "void", 
          "arguments": [
            {
              "decl": "const Standard_Real", 
              "type": "Standard_Real", 
              "name": "Tole"
            }, 
            {
              "decl": "const gp_Dir &", 
              "type": "gp_Dir", 
              "name": "Tang"
            }, 
            {
              "decl": "const gp_Dir &", 
              "type": "gp_Dir", 
              "name": "Norm"
            }, 
            {
              "decl": "const Standard_Real", 
              "type": "Standard_Real", 
              "name": "Curv"
            }, 
            {
              "decl": "const TopAbs_Orientation", 
              "type": "TopAbs_Orientation", 
              "name": "S"
            }, 
            {
              "decl": "const TopAbs_Orientation", 
              "type": "TopAbs_Orientation", 
              "name": "Or"
            }
          ], 
          "name": "Compare", 
          "parent": "TopTrans_CurveTransition", 
          "cls": "memfun", 
          "extern": "1", 
          "throws": true
        }, 
        {
          "returnType": "TopAbs_State", 
          "arguments": [], 
          "name": "StateBefore", 
          "parent": "TopTrans_CurveTransition", 
          "cls": "memfun", 
          "extern": "1", 
          "const": "1", 
          "throws": true
        }, 
        {
          "returnType": "TopAbs_State", 
          "arguments": [], 
          "name": "StateAfter", 
          "parent": "TopTrans_CurveTransition", 
          "cls": "memfun", 
          "extern": "1", 
          "const": "1", 
          "throws": true
        }
      ], 
      "cls": "class"
    }, 
    {
      "name": "TopTrans_SurfaceTransition", 
      "abstract": false, 
      "constructors": [
        {
          "returnType": "", 
          "arguments": [], 
          "name": "TopTrans_SurfaceTransition", 
          "parent": "TopTrans_SurfaceTransition", 
          "cls": "constructor", 
          "extern": "1", 
          "throws": true
        }
      ], 
      "artificial": "1", 
      "bases": [], 
      "location": [
        "/usr/local/include/oce/TopTrans_SurfaceTransition.hxx", 
        64
      ], 
      "members": [
        {
          "returnType": "void", 
          "arguments": [
            {
              "decl": "const gp_Dir &", 
              "type": "gp_Dir", 
              "name": "Tgt"
            }, 
            {
              "decl": "const gp_Dir &", 
              "type": "gp_Dir", 
              "name": "Norm"
            }, 
            {
              "decl": "const gp_Dir &", 
              "type": "gp_Dir", 
              "name": "MaxD"
            }, 
            {
              "decl": "const gp_Dir &", 
              "type": "gp_Dir", 
              "name": "MinD"
            }, 
            {
              "decl": "const Standard_Real", 
              "type": "Standard_Real", 
              "name": "MaxCurv"
            }, 
            {
              "decl": "const Standard_Real", 
              "type": "Standard_Real", 
              "name": "MinCurv"
            }
          ], 
          "name": "Reset", 
          "parent": "TopTrans_SurfaceTransition", 
          "cls": "memfun", 
          "extern": "1", 
          "throws": true
        }, 
        {
          "returnType": "void", 
          "arguments": [
            {
              "decl": "const gp_Dir &", 
              "type": "gp_Dir", 
              "name": "Tgt"
            }, 
            {
              "decl": "const gp_Dir &", 
              "type": "gp_Dir", 
              "name": "Norm"
            }
          ], 
          "name": "Reset", 
          "parent": "TopTrans_SurfaceTransition", 
          "cls": "memfun", 
          "extern": "1", 
          "throws": true
        }, 
        {
          "returnType": "void", 
          "arguments": [
            {
              "decl": "const Standard_Real", 
              "type": "Standard_Real", 
              "name": "Tole"
            }, 
            {
              "decl": "const gp_Dir &", 
              "type": "gp_Dir", 
              "name": "Norm"
            }, 
            {
              "decl": "const gp_Dir &", 
              "type": "gp_Dir", 
              "name": "MaxD"
            }, 
            {
              "decl": "const gp_Dir &", 
              "type": "gp_Dir", 
              "name": "MinD"
            }, 
            {
              "decl": "const Standard_Real", 
              "type": "Standard_Real", 
              "name": "MaxCurv"
            }, 
            {
              "decl": "const Standard_Real", 
              "type": "Standard_Real", 
              "name": "MinCurv"
            }, 
            {
              "decl": "const TopAbs_Orientation", 
              "type": "TopAbs_Orientation", 
              "name": "S"
            }, 
            {
              "decl": "const TopAbs_Orientation", 
              "type": "TopAbs_Orientation", 
              "name": "O"
            }
          ], 
          "name": "Compare", 
          "parent": "TopTrans_SurfaceTransition", 
          "cls": "memfun", 
          "extern": "1", 
          "throws": true
        }, 
        {
          "returnType": "void", 
          "arguments": [
            {
              "decl": "const Standard_Real", 
              "type": "Standard_Real", 
              "name": "Tole"
            }, 
            {
              "decl": "const gp_Dir &", 
              "type": "gp_Dir", 
              "name": "Norm"
            }, 
            {
              "decl": "const TopAbs_Orientation", 
              "type": "TopAbs_Orientation", 
              "name": "S"
            }, 
            {
              "decl": "const TopAbs_Orientation", 
              "type": "TopAbs_Orientation", 
              "name": "O"
            }
          ], 
          "name": "Compare", 
          "parent": "TopTrans_SurfaceTransition", 
          "cls": "memfun", 
          "extern": "1", 
          "throws": true
        }, 
        {
          "returnType": "TopAbs_State", 
          "arguments": [], 
          "name": "StateBefore", 
          "parent": "TopTrans_SurfaceTransition", 
          "cls": "memfun", 
          "extern": "1", 
          "const": "1", 
          "throws": true
        }, 
        {
          "returnType": "TopAbs_State", 
          "arguments": [], 
          "name": "StateAfter", 
          "parent": "TopTrans_SurfaceTransition", 
          "cls": "memfun", 
          "extern": "1", 
          "const": "1", 
          "throws": true
        }, 
        {
          "returnType": "TopAbs_State", 
          "arguments": [
            {
              "decl": "const TopAbs_Orientation", 
              "type": "TopAbs_Orientation", 
              "name": "Tran"
            }
          ], 
          "name": "GetBefore", 
          "parent": "TopTrans_SurfaceTransition", 
          "cls": "memfun", 
          "static": "1", 
          "extern": "1", 
          "throws": true
        }, 
        {
          "returnType": "TopAbs_State", 
          "arguments": [
            {
              "decl": "const TopAbs_Orientation", 
              "type": "TopAbs_Orientation", 
              "name": "Tran"
            }
          ], 
          "name": "GetAfter", 
          "parent": "TopTrans_SurfaceTransition", 
          "cls": "memfun", 
          "static": "1", 
          "extern": "1", 
          "throws": true
        }
      ], 
      "cls": "class"
    }
  ], 
  "headers": [
    "TopTrans_Array2OfOrientation.hxx", 
    "TopTrans_SurfaceTransition.hxx", 
    "TopTrans_CurveTransition.hxx"
  ], 
  "enums": [], 
  "typedefs": [], 
  "name": "TopTrans"
}